  0
SECTION
  2
HEADER
  9
$ACADVER
  1
AC1032
  9
$ACADMAINTVER
 90
       55
  9
$DWGCODEPAGE
  3
ISO8859-1
  9
$LASTSAVEDBY
  1
Gabriel
  9
$REQUIREDVERSIONS
160
                 0
  9
$INSBASE
 10
0.0
 20
0.0
 30
0.0
  9
$EXTMIN
 10
1.000000000000000E+20
 20
1.000000000000000E+20
 30
1.000000000000000E+20
  9
$EXTMAX
 10
-1.000000000000000E+20
 20
-1.000000000000000E+20
 30
-1.000000000000000E+20
  9
$LIMMIN
 10
0.0
 20
0.0
  9
$LIMMAX
 10
420.0
 20
297.0
  9
$ORTHOMODE
 70
     0
  9
$REGENMODE
 70
     1
  9
$FILLMODE
 70
     1
  9
$QTEXTMODE
 70
     0
  9
$MIRRTEXT
 70
     1
  9
$LTSCALE
 40
1.0
  9
$ATTMODE
 70
     1
  9
$TEXTSIZE
 40
2.5
  9
$TRACEWID
 40
1.0
  9
$TEXTSTYLE
  7
Standard
  9
$CLAYER
  8
0
  9
$CELTYPE
  6
ByLayer
  9
$CECOLOR
 62
   256
  9
$CELTSCALE
 40
1.0
  9
$DISPSILH
 70
     0
  9
$DIMSCALE
 40
1.0
  9
$DIMASZ
 40
2.5
  9
$DIMEXO
 40
0.625
  9
$DIMDLI
 40
3.75
  9
$DIMRND
 40
0.0
  9
$DIMDLE
 40
0.0
  9
$DIMEXE
 40
1.25
  9
$DIMTP
 40
0.0
  9
$DIMTM
 40
0.0
  9
$DIMTXT
 40
2.5
  9
$DIMCEN
 40
2.5
  9
$DIMTSZ
 40
0.0
  9
$DIMTOL
 70
     0
  9
$DIMLIM
 70
     0
  9
$DIMTIH
 70
     0
  9
$DIMTOH
 70
     0
  9
$DIMSE1
 70
     0
  9
$DIMSE2
 70
     0
  9
$DIMTAD
 70
     1
  9
$DIMZIN
 70
     8
  9
$DIMBLK
  1

  9
$DIMASO
 70
     1
  9
$DIMSHO
 70
     1
  9
$DIMPOST
  1

  9
$DIMAPOST
  1

  9
$DIMALT
 70
     0
  9
$DIMALTD
 70
     3
  9
$DIMALTF
 40
0.03937007874016
  9
$DIMLFAC
 40
1.0
  9
$DIMTOFL
 70
     1
  9
$DIMTVP
 40
0.0
  9
$DIMTIX
 70
     0
  9
$DIMSOXD
 70
     0
  9
$DIMSAH
 70
     0
  9
$DIMBLK1
  1

  9
$DIMBLK2
  1

  9
$DIMSTYLE
  2
ISO-25
  9
$DIMCLRD
 70
     0
  9
$DIMCLRE
 70
     0
  9
$DIMCLRT
 70
     0
  9
$DIMTFAC
 40
1.0
  9
$DIMGAP
 40
0.625
  9
$DIMJUST
 70
     0
  9
$DIMSD1
 70
     0
  9
$DIMSD2
 70
     0
  9
$DIMTOLJ
 70
     0
  9
$DIMTZIN
 70
     8
  9
$DIMALTZ
 70
     0
  9
$DIMALTTZ
 70
     0
  9
$DIMUPT
 70
     0
  9
$DIMDEC
 70
     2
  9
$DIMTDEC
 70
     2
  9
$DIMALTU
 70
     2
  9
$DIMALTTD
 70
     3
  9
$DIMTXSTY
  7
Standard
  9
$DIMAUNIT
 70
     0
  9
$DIMADEC
 70
     0
  9
$DIMALTRND
 40
0.0
  9
$DIMAZIN
 70
     0
  9
$DIMDSEP
 70
    44
  9
$DIMATFIT
 70
     3
  9
$DIMFRAC
 70
     0
  9
$DIMLDRBLK
  1

  9
$DIMLUNIT
 70
     2
  9
$DIMLWD
 70
    -2
  9
$DIMLWE
 70
    -2
  9
$DIMTMOVE
 70
     0
  9
$DIMFXL
 40
1.0
  9
$DIMFXLON
 70
     0
  9
$DIMJOGANG
 40
0.7853981633974483
  9
$DIMTFILL
 70
     0
  9
$DIMTFILLCLR
 70
     0
  9
$DIMARCSYM
 70
     0
  9
$DIMLTYPE
  6

  9
$DIMLTEX1
  6

  9
$DIMLTEX2
  6

  9
$DIMTXTDIRECTION
 70
     0
  9
$LUNITS
 70
     2
  9
$LUPREC
 70
     4
  9
$SKETCHINC
 40
1.0
  9
$FILLETRAD
 40
0.0
  9
$AUNITS
 70
     0
  9
$AUPREC
 70
     0
  9
$MENU
  1
.
  9
$ELEVATION
 40
0.0
  9
$PELEVATION
 40
0.0
  9
$THICKNESS
 40
0.0
  9
$LIMCHECK
 70
     0
  9
$CHAMFERA
 40
0.0
  9
$CHAMFERB
 40
0.0
  9
$CHAMFERC
 40
0.0
  9
$CHAMFERD
 40
0.0
  9
$SKPOLY
 70
     0
  9
$TDCREATE
 40
2461166.783435729
  9
$TDUCREATE
 40
2461166.700102396
  9
$TDUPDATE
 40
2461166.783435729
  9
$TDUUPDATE
 40
2461166.700102396
  9
$TDINDWG
 40
0.0000000116
  9
$TDUSRTIMER
 40
0.0000000116
  9
$USRTIMER
 70
     1
  9
$ANGBASE
 50
0.0
  9
$ANGDIR
 70
     0
  9
$PDMODE
 70
     0
  9
$PDSIZE
 40
0.0
  9
$PLINEWID
 40
0.0
  9
$SPLFRAME
 70
     0
  9
$SPLINETYPE
 70
     6
  9
$SPLINESEGS
 70
     8
  9
$HANDSEED
  5
79
  9
$SURFTAB1
 70
     6
  9
$SURFTAB2
 70
     6
  9
$SURFTYPE
 70
     6
  9
$SURFU
 70
     6
  9
$SURFV
 70
     6
  9
$UCSBASE
  2

  9
$UCSNAME
  2

  9
$UCSORG
 10
0.0
 20
0.0
 30
0.0
  9
$UCSXDIR
 10
1.0
 20
0.0
 30
0.0
  9
$UCSYDIR
 10
0.0
 20
1.0
 30
0.0
  9
$UCSORTHOREF
  2

  9
$UCSORTHOVIEW
 70
     0
  9
$UCSORGTOP
 10
0.0
 20
0.0
 30
0.0
  9
$UCSORGBOTTOM
 10
0.0
 20
0.0
 30
0.0
  9
$UCSORGLEFT
 10
0.0
 20
0.0
 30
0.0
  9
$UCSORGRIGHT
 10
0.0
 20
0.0
 30
0.0
  9
$UCSORGFRONT
 10
0.0
 20
0.0
 30
0.0
  9
$UCSORGBACK
 10
0.0
 20
0.0
 30
0.0
  9
$PUCSBASE
  2

  9
$PUCSNAME
  2

  9
$PUCSORG
 10
0.0
 20
0.0
 30
0.0
  9
$PUCSXDIR
 10
1.0
 20
0.0
 30
0.0
  9
$PUCSYDIR
 10
0.0
 20
1.0
 30
0.0
  9
$PUCSORTHOREF
  2

  9
$PUCSORTHOVIEW
 70
     0
  9
$PUCSORGTOP
 10
0.0
 20
0.0
 30
0.0
  9
$PUCSORGBOTTOM
 10
0.0
 20
0.0
 30
0.0
  9
$PUCSORGLEFT
 10
0.0
 20
0.0
 30
0.0
  9
$PUCSORGRIGHT
 10
0.0
 20
0.0
 30
0.0
  9
$PUCSORGFRONT
 10
0.0
 20
0.0
 30
0.0
  9
$PUCSORGBACK
 10
0.0
 20
0.0
 30
0.0
  9
$USERI1
 70
     0
  9
$USERI2
 70
     0
  9
$USERI3
 70
     0
  9
$USERI4
 70
     0
  9
$USERI5
 70
     0
  9
$USERR1
 40
0.0
  9
$USERR2
 40
0.0
  9
$USERR3
 40
0.0
  9
$USERR4
 40
0.0
  9
$USERR5
 40
0.0
  9
$WORLDVIEW
 70
     1
  9
$SHADEDGE
 70
     3
  9
$SHADEDIF
 70
    70
  9
$TILEMODE
 70
     1
  9
$MAXACTVP
 70
    64
  9
$PINSBASE
 10
0.0
 20
0.0
 30
0.0
  9
$PLIMCHECK
 70
     0
  9
$PEXTMIN
 10
210.0
 20
297.0
 30
0.0
  9
$PEXTMAX
 10
0.0
 20
0.0
 30
0.0
  9
$PLIMMIN
 10
-20.0
 20
-7.5
  9
$PLIMMAX
 10
277.0
 20
202.5
  9
$UNITMODE
 70
     0
  9
$VISRETAIN
 70
     1
  9
$PLINEGEN
 70
     0
  9
$PSLTSCALE
 70
     1
  9
$TREEDEPTH
 70
  3020
  9
$CMLSTYLE
  2
Standard
  9
$CMLJUST
 70
     0
  9
$CMLSCALE
 40
20.0
  9
$PROXYGRAPHICS
 70
     1
  9
$MEASUREMENT
 70
     1
  9
$CELWEIGHT
370
    -1
  9
$ENDCAPS
280
     0
  9
$JOINSTYLE
280
     0
  9
$LWDISPLAY
290
     0
  9
$INSUNITS
 70
     4
  9
$HYPERLINKBASE
  1

  9
$STYLESHEET
  1

  9
$XEDIT
290
     1
  9
$CEPSNTYPE
380
     0
  9
$PSTYLEMODE
290
     1
  9
$FINGERPRINTGUID
  2
{1859e612-3aeb-4e0f-a2fa-64b8026cd851}
  9
$VERSIONGUID
  2
{FAEB1C32-E019-11D5-929B-00C0DF256EC4}
  9
$EXTNAMES
290
     1
  9
$PSVPSCALE
 40
0.0
  9
$OLESTARTUP
290
     0
  9
$SORTENTS
280
   127
  9
$INDEXCTL
280
     0
  9
$HIDETEXT
280
     1
  9
$XCLIPFRAME
280
     2
  9
$HALOGAP
280
     0
  9
$OBSCOLOR
 70
   257
  9
$OBSLTYPE
280
     0
  9
$INTERSECTIONDISPLAY
280
     0
  9
$INTERSECTIONCOLOR
 70
   257
  9
$DIMASSOC
280
     2
  9
$PROJECTNAME
  1

  9
$CAMERADISPLAY
290
     0
  9
$LENSLENGTH
 40
50.0
  9
$CAMERAHEIGHT
 40
0.0
  9
$STEPSPERSEC
 40
2.0
  9
$STEPSIZE
 40
6.0
  9
$3DDWFPREC
 40
2.0
  9
$PSOLWIDTH
 40
5.0
  9
$PSOLHEIGHT
 40
80.0
  9
$LOFTANG1
 40
1.570796326794897
  9
$LOFTANG2
 40
1.570796326794897
  9
$LOFTMAG1
 40
0.0
  9
$LOFTMAG2
 40
0.0
  9
$LOFTPARAM
 70
     7
  9
$LOFTNORMALS
280
     1
  9
$LATITUDE
 40
37.795
  9
$LONGITUDE
 40
-122.394
  9
$NORTHDIRECTION
 40
0.0
  9
$TIMEZONE
 70
 -8000
  9
$LIGHTGLYPHDISPLAY
280
     1
  9
$TILEMODELIGHTSYNCH
280
     1
  9
$CMATERIAL
347
44
  9
$SOLIDHIST
280
     0
  9
$SHOWHIST
280
     1
  9
$DWFFRAME
280
     2
  9
$DGNFRAME
280
     2
  9
$REALWORLDSCALE
290
     1
  9
$INTERFERECOLOR
 62
   256
  9
$CSHADOW
280
     0
  9
$SHADOWPLANELOCATION
 40
0.0
  0
ENDSEC
  0
SECTION
  2
CLASSES
  0
CLASS
  1
ACDBDICTIONARYWDFLT
  2
AcDbDictionaryWithDefault
  3
ObjectDBX Classes
 90
        0
 91
        3
280
     0
281
     0
  0
CLASS
  1
VISUALSTYLE
  2
AcDbVisualStyle
  3
ObjectDBX Classes
 90
     4095
 91
        3
280
     0
281
     0
  0
CLASS
  1
MATERIAL
  2
AcDbMaterial
  3
ObjectDBX Classes
 90
     1153
 91
        3
280
     0
281
     0
  0
CLASS
  1
SCALE
  2
AcDbScale
  3
ObjectDBX Classes
 90
     1153
 91
        3
280
     0
281
     0
  0
CLASS
  1
TABLESTYLE
  2
AcDbTableStyle
  3
ObjectDBX Classes
 90
     4095
 91
        3
280
     0
281
     0
  0
CLASS
  1
MLEADERSTYLE
  2
AcDbMLeaderStyle
  3
ACDB_MLEADERSTYLE_CLASS
 90
     4095
 91
        3
280
     0
281
     0
  0
CLASS
  1
SUN
  2
AcDbSun
  3
SCENEOE
 90
     1153
 91
        3
280
     0
281
     0
  0
CLASS
  1
DICTIONARYVAR
  2
AcDbDictionaryVar
  3
ObjectDBX Classes
 90
        0
 91
        3
280
     0
281
     0
  0
CLASS
  1
CELLSTYLEMAP
  2
AcDbCellStyleMap
  3
ObjectDBX Classes
 90
     1152
 91
        3
280
     0
281
     0
  0
ENDSEC
  0
SECTION
  2
TABLES
  0
TABLE
  2
VPORT
  5
8
330
0
100
AcDbSymbolTable
 70
     1
  0
VPORT
  5
29
330
8
100
AcDbSymbolTableRecord
100
AcDbViewportTableRecord
  2
*Active
 70
     0
 10
0.0
 20
0.0
 11
1.0
 21
1.0
 12
148.5
 22
105.0
 13
0.0
 23
0.0
 14
10.0
 24
10.0
 15
10.0
 25
10.0
 16
0.0
 26
0.0
 36
1.0
 17
0.0
 27
0.0
 37
0.0
 40
210.0
 41
1.972972972850329
 42
50.0
 43
0.0
 44
0.0
 50
0.0
 51
0.0
 71
     0
 72
   100
 73
     1
 74
     3
 75
     0
 76
     0
 77
     0
 78
     0
281
     0
 65
     1
110
0.0
120
0.0
130
0.0
111
1.0
121
0.0
131
0.0
112
0.0
122
1.0
132
0.0
 79
     0
146
0.0
348
2F
 60
     3
 61
     5
292
     1
282
     1
141
0.0
142
0.0
 63
   250
361
5D
  0
ENDTAB
  0
TABLE
  2
LTYPE
  5
5
330
0
100
AcDbSymbolTable
 70
     1
  0
LTYPE
  5
14
330
5
100
AcDbSymbolTableRecord
100
AcDbLinetypeTableRecord
  2
ByBlock
 70
     0
  3

 72
    65
 73
     0
 40
0.0
  0
LTYPE
  5
15
330
5
100
AcDbSymbolTableRecord
100
AcDbLinetypeTableRecord
  2
ByLayer
 70
     0
  3

 72
    65
 73
     0
 40
0.0
  0
LTYPE
  5
16
330
5
100
AcDbSymbolTableRecord
100
AcDbLinetypeTableRecord
  2
Continuous
 70
     0
  3
Solid line
 72
    65
 73
     0
 40
0.0
  0
ENDTAB
  0
TABLE
  2
LAYER
  5
2
330
0
100
AcDbSymbolTable
 70
     1
  0
LAYER
  5
10
330
2
100
AcDbSymbolTableRecord
100
AcDbLayerTableRecord
  2
0
 70
     0
 62
     7
  6
Continuous
370
    -3
390
F
347
46
348
0
  0
ENDTAB
  0
TABLE
  2
STYLE
  5
3
330
0
100
AcDbSymbolTable
 70
     1
  0
STYLE
  5
11
330
3
100
AcDbSymbolTableRecord
100
AcDbTextStyleTableRecord
  2
Standard
 70
     0
 40
0.0
 41
1.0
 50
0.0
 71
     0
 42
2.5
  3
txt
  4

  0
ENDTAB
  0
TABLE
  2
VIEW
  5
6
330
0
100
AcDbSymbolTable
 70
     0
  0
ENDTAB
  0
TABLE
  2
UCS
  5
7
330
0
100
AcDbSymbolTable
 70
     0
  0
ENDTAB
  0
TABLE
  2
APPID
  5
9
330
0
100
AcDbSymbolTable
 70
     1
  0
APPID
  5
12
330
9
100
AcDbSymbolTableRecord
100
AcDbRegAppTableRecord
  2
ACAD
 70
     0
  0
ENDTAB
  0
TABLE
  2
DIMSTYLE
  5
A
330
0
100
AcDbSymbolTable
 70
     1
100
AcDbDimStyleTable
  0
DIMSTYLE
105
27
330
A
100
AcDbSymbolTableRecord
100
AcDbDimStyleTableRecord
  2
ISO-25
 70
     0
 41
2.5
 42
0.625
 43
3.75
 44
1.25
 73
     0
 74
     0
 77
     1
 78
     8
140
2.5
141
2.5
143
0.03937007874016
147
0.625
171
     3
172
     1
178
     0
271
     2
272
     2
274
     3
278
    44
283
     0
284
     8
340
11
  0
ENDTAB
  0
TABLE
  2
BLOCK_RECORD
  5
1
330
0
100
AcDbSymbolTable
 70
     0
  0
BLOCK_RECORD
  5
1F
330
1
100
AcDbSymbolTableRecord
100
AcDbBlockTableRecord
  2
*Model_Space
340
22
 70
     0
280
     1
281
     0
  0
BLOCK_RECORD
  5
66
330
1
100
AcDbSymbolTableRecord
100
AcDbBlockTableRecord
  2
*Paper_Space
340
67
 70
     0
280
     1
281
     0
  0
ENDTAB
  0
ENDSEC
  0
SECTION
  2
BLOCKS
  0
BLOCK
  5
20
330
1F
100
AcDbEntity
  8
0
100
AcDbBlockBegin
  2
*Model_Space
 70
     0
 10
0.0
 20
0.0
 30
0.0
  3
*Model_Space
  1

  0
ENDBLK
  5
21
330
1F
100
AcDbEntity
  8
0
100
AcDbBlockEnd
  0
BLOCK
  5
68
330
66
100
AcDbEntity
 67
     1
  8
0
100
AcDbBlockBegin
  2
*Paper_Space
 70
     0
 10
0.0
 20
0.0
 30
0.0
  3
*Paper_Space
  1

  0
ENDBLK
  5
69
330
66
100
AcDbEntity
 67
     1
  8
0
100
AcDbBlockEnd
  0
ENDSEC
  0
SECTION
  2
ENTITIES
  0
SPLINE
  5
5E
330
1F
100
AcDbEntity
  8
0
  6
Continuous
 62
    18
420
        0
370
     9
100
AcDbSpline
210
0.0
220
0.0
230
1.0
 70
    11
 71
     3
 72
   224
 73
   220
 74
     0
 42
0.000000001
 43
0.0
 40
0.0
 40
0.0
 40
0.0
 40
0.0
 40
1.0
 40
1.0
 40
1.0
 40
2.0
 40
2.0
 40
2.0
 40
3.0
 40
3.0
 40
3.0
 40
4.0
 40
4.0
 40
4.0
 40
5.0
 40
5.0
 40
5.0
 40
6.0
 40
6.0
 40
6.0
 40
7.0
 40
7.0
 40
7.0
 40
8.0
 40
8.0
 40
8.0
 40
9.0
 40
9.0
 40
9.0
 40
10.0
 40
10.0
 40
10.0
 40
11.0
 40
11.0
 40
11.0
 40
12.0
 40
12.0
 40
12.0
 40
13.0
 40
13.0
 40
13.0
 40
14.0
 40
14.0
 40
14.0
 40
15.0
 40
15.0
 40
15.0
 40
16.0
 40
16.0
 40
16.0
 40
17.0
 40
17.0
 40
17.0
 40
18.0
 40
18.0
 40
18.0
 40
19.0
 40
19.0
 40
19.0
 40
20.0
 40
20.0
 40
20.0
 40
21.0
 40
21.0
 40
21.0
 40
22.0
 40
22.0
 40
22.0
 40
23.0
 40
23.0
 40
23.0
 40
24.0
 40
24.0
 40
24.0
 40
25.0
 40
25.0
 40
25.0
 40
26.0
 40
26.0
 40
26.0
 40
27.0
 40
27.0
 40
27.0
 40
28.0
 40
28.0
 40
28.0
 40
29.0
 40
29.0
 40
29.0
 40
30.0
 40
30.0
 40
30.0
 40
31.0
 40
31.0
 40
31.0
 40
32.0
 40
32.0
 40
32.0
 40
33.0
 40
33.0
 40
33.0
 40
34.0
 40
34.0
 40
34.0
 40
35.0
 40
35.0
 40
35.0
 40
36.0
 40
36.0
 40
36.0
 40
37.0
 40
37.0
 40
37.0
 40
38.0
 40
38.0
 40
38.0
 40
39.0
 40
39.0
 40
39.0
 40
40.0
 40
40.0
 40
40.0
 40
41.0
 40
41.0
 40
41.0
 40
42.0
 40
42.0
 40
42.0
 40
43.0
 40
43.0
 40
43.0
 40
44.0
 40
44.0
 40
44.0
 40
45.0
 40
45.0
 40
45.0
 40
46.0
 40
46.0
 40
46.0
 40
47.0
 40
47.0
 40
47.0
 40
48.0
 40
48.0
 40
48.0
 40
49.0
 40
49.0
 40
49.0
 40
50.0
 40
50.0
 40
50.0
 40
51.0
 40
51.0
 40
51.0
 40
52.0
 40
52.0
 40
52.0
 40
53.0
 40
53.0
 40
53.0
 40
54.0
 40
54.0
 40
54.0
 40
55.0
 40
55.0
 40
55.0
 40
56.0
 40
56.0
 40
56.0
 40
57.0
 40
57.0
 40
57.0
 40
58.0
 40
58.0
 40
58.0
 40
59.0
 40
59.0
 40
59.0
 40
60.0
 40
60.0
 40
60.0
 40
61.0
 40
61.0
 40
61.0
 40
62.0
 40
62.0
 40
62.0
 40
63.0
 40
63.0
 40
63.0
 40
64.0
 40
64.0
 40
64.0
 40
65.0
 40
65.0
 40
65.0
 40
66.0
 40
66.0
 40
66.0
 40
67.0
 40
67.0
 40
67.0
 40
68.0
 40
68.0
 40
68.0
 40
69.0
 40
69.0
 40
69.0
 40
70.0
 40
70.0
 40
70.0
 40
71.0
 40
71.0
 40
71.0
 40
72.0
 40
72.0
 40
72.0
 40
73.0
 40
73.0
 40
73.0
 40
73.0
 10
95.39067461888492
 20
92.53943978889167
 30
0.0
 10
86.82094570428711
 20
92.86383598847954
 30
0.0
 10
76.05747109926853
 20
94.44005653515586
 30
0.0
 10
66.69036742966581
 20
96.75955320589928
 30
0.0
 10
66.84444939934772
 20
96.15291863709761
 30
0.0
 10
67.07817417109273
 20
95.58935567742812
 30
0.0
 10
67.37296077386331
 20
95.18193658669321
 30
0.0
 10
67.66391673674767
 20
94.25768569824542
 30
0.0
 10
68.0282093910166
 20
93.36861498665857
 30
0.0
 10
68.45777359553179
 20
92.52426050270405
 30
0.0
 10
68.5323013332436
 20
92.62213824066063
 30
0.0
 10
69.61327630463778
 20
90.97323185809483
 30
0.0
 10
69.50939158481748
 20
90.7359746591232
 30
0.0
 10
70.00739555088029
 20
89.99718168286661
 30
0.0
 10
70.55954977962202
 20
89.30560509974651
 30
0.0
 10
71.15882268923848
 20
88.6695589590092
 30
0.0
 10
71.32561776460888
 20
88.69343318699488
 30
0.0
 10
71.75074484810467
 20
88.32711589981768
 30
0.0
 10
71.8345351891776
 20
87.9947300437779
 30
0.0
 10
72.31970019900459
 20
87.53903928483993
 30
0.0
 10
72.83105331495192
 20
87.11777911752576
 30
0.0
 10
73.36542522592799
 20
86.7346968679792
 30
0.0
 10
73.06551893001664
 20
86.50952245607537
 30
0.0
 10
73.79559400712371
 20
86.0247545620552
 30
0.0
 10
73.98417167762376
 20
86.31487829911958
 30
0.0
 10
74.12302839072245
 20
86.22584891276688
 30
0.0
 10
74.26326851070668
 20
86.1393308735432
 30
0.0
 10
74.40484142486883
 20
86.05538402484986
 30
0.0
 10
74.51038211715476
 20
86.05110369207713
 30
0.0
 10
74.64589108698704
 20
85.97398694621603
 30
0.0
 10
74.769731819401
 20
85.84636434420239
 30
0.0
 10
75.63733675680203
 20
85.36661362192083
 30
0.0
 10
76.55188241257589
 20
84.98230552363631
 30
0.0
 10
77.50225467641305
 20
84.70658113838124
 30
0.0
 10
76.65353578027548
 20
84.7789251093528
 30
0.0
 10
75.82548487769562
 20
84.91390988286447
 30
0.0
 10
75.02231935650708
 20
85.10654889038932
 30
0.0
 10
74.87764292596555
 20
84.90757851734534
 30
0.0
 10
74.57369784401318
 20
85.20034460776026
 30
0.0
 10
74.54413217344363
 20
85.22882286352781
 30
0.0
 10
72.85513601285835
 20
85.68771146849232
 30
0.0
 10
71.2828336543138
 20
86.40358757401033
 30
0.0
 10
69.86796462814875
 20
87.32828162178414
 30
0.0
 10
70.00290150199179
 20
87.84648746777242
 30
0.0
 10
69.7342394469965
 20
88.04664239009291
 30
0.0
 10
69.42068784451924
 20
87.63121213949266
 30
0.0
 10
69.20722878653015
 20
87.7809598310782
 30
0.0
 10
68.99763582477023
 20
87.93557497697874
 30
0.0
 10
68.79205940560614
 20
88.09487964738747
 30
0.0
 10
68.51315207309007
 20
88.20127422262208
 30
0.0
 10
68.3824100071112
 20
88.40473213229986
 30
0.0
 10
68.35741230972695
 20
88.4436329957556
 30
0.0
 10
67.99915946205256
 20
88.7411977499825
 30
0.0
 10
67.65417181760176
 20
89.05343680195332
 30
0.0
 10
67.32331752057465
 20
89.37932368342776
 30
0.0
 10
66.93278704666513
 20
89.45031794935242
 30
0.0
 10
66.76708244544162
 20
89.9141439867065
 30
0.0
 10
66.7435051786294
 20
89.98013943979828
 30
0.0
 10
65.86130373460435
 20
90.94194651562478
 30
0.0
 10
65.09507789712526
 20
92.0068939952449
 30
0.0
 10
64.46415725605239
 20
93.15212697766395
 30
0.0
 10
64.32573995140575
 20
93.40337896135145
 30
0.0
 10
64.43475539227387
 20
93.17668626675261
 30
0.0
 10
64.13560498783987
 20
93.78048240588947
 30
0.0
 10
63.51079066872887
 20
95.04158875227867
 30
0.0
 10
63.04627218951969
 20
96.39064836230355
 30
0.0
 10
62.76603988264841
 20
97.79929557513236
 30
0.0
 10
59.19872864313812
 20
98.81075444921026
 30
0.0
 10
55.93868958944397
 20
99.93008134094802
 30
0.0
 10
53.21757373782381
 20
101.1244623581085
 30
0.0
 10
46.61940392912604
 20
104.0206010002105
 30
0.0
 10
46.13468391741429
 20
106.2579832998508
 30
0.0
 10
46.08473272919729
 20
107.1312716362285
 30
0.0
 10
46.00024266057677
 20
108.6083974884877
 30
0.0
 10
47.60605212016094
 20
109.1858077499152
 30
0.0
 10
47.92294567558866
 20
109.3262367670139
 30
0.0
 10
48.10358175129556
 20
109.4062842975793
 30
0.0
 10
50.29720875022584
 20
109.6745277246651
 30
0.0
 10
50.67171988996841
 20
109.5799502279649
 30
0.0
 10
49.23534477948439
 20
109.1522945012904
 30
0.0
 10
47.62359911134345
 20
108.8522027822135
 30
0.0
 10
47.3546709058193
 20
107.4414996454438
 30
0.0
 10
46.89441611767058
 20
105.0271642949024
 30
0.0
 10
53.09246333696135
 20
101.6660881801852
 30
0.0
 10
62.60943140973907
 20
98.72773688180968
 30
0.0
 10
62.59221471491203
 20
98.85184055504853
 30
0.0
 10
62.57641889523239
 20
98.97634467994324
 30
0.0
 10
62.56205952541372
 20
99.10123084139073
 30
0.0
 10
62.42864637489667
 20
99.24756038291088
 30
0.0
 10
62.46789229352989
 20
99.42269695486252
 30
0.0
 10
62.52023329303257
 20
99.5110720425264
 30
0.0
 10
62.22740135328052
 20
102.7950450252257
 30
0.0
 10
63.07518942014394
 20
105.4447565447363
 30
0.0
 10
63.23190252192234
 20
105.9345540864457
 30
0.0
 10
63.0520258902632
 20
106.3069638248179
 30
0.0
 10
63.19766207213591
 20
106.9940865974155
 30
0.0
 10
63.74720045257433
 20
107.3229286347639
 30
0.0
 10
65.1990896648387
 20
110.7463840541077
 30
0.0
 10
67.77815412690016
 20
113.5511233403837
 30
0.0
 10
70.98609075709501
 20
115.3222995073489
 30
0.0
 10
71.0441228008866
 20
115.4394787071133
 30
0.0
 10
71.42539218264872
 20
116.2093437356474
 30
0.0
 10
72.35132874053103
 20
115.9965366783463
 30
0.0
 10
72.95319179422413
 20
116.2602241473692
 30
0.0
 10
73.57289166960362
 20
116.489163184982
 30
0.0
 10
74.20759561653472
 20
116.6809954628473
 30
0.0
 10
74.80862568870812
 20
116.262992799153
 30
0.0
 10
75.12017076657767
 20
116.6559761548469
 30
0.0
 10
74.92036279304664
 20
116.8791360016236
 30
0.0
 10
76.67300206695867
 20
117.3243564293035
 30
0.0
 10
78.52851784904753
 20
117.489526185899
 30
0.0
 10
80.43019528465844
 20
117.327429055948
 30
0.0
 10
79.10252758985375
 20
117.1781599890635
 30
0.0
 10
77.80381301375722
 20
116.8236253761589
 30
0.0
 10
76.56658178931097
 20
116.2909072678833
 30
0.0
 10
75.63627024542444
 20
115.8903404247792
 30
0.0
 10
74.74072133028835
 20
115.3890288022709
 30
0.0
 10
73.89376496770787
 20
114.7984860804981
 30
0.0
 10
73.6870207779305
 20
114.1683571618437
 30
0.0
 10
73.33675474932674
 20
113.8574590725348
 30
0.0
 10
72.70233199544221
 20
113.8818402428642
 30
0.0
 10
72.59358656285515
 20
113.7898492840202
 30
0.0
 10
72.4858706154485
 20
113.6962998554382
 30
0.0
 10
72.3792192808692
 20
113.6012211529758
 30
0.0
 10
72.172800134512
 20
113.079967575518
 30
0.0
 10
71.69860904179131
 20
112.910690233173
 30
0.0
 10
71.62353025228839
 20
112.8838885109378
 30
0.0
 10
71.54492089642288
 20
112.8044825963406
 30
0.0
 10
71.46700409733216
 20
112.7241983019719
 30
0.0
 10
71.38979628236055
 20
112.6430493072451
 30
0.0
 10
71.65901093244554
 20
112.2067742629954
 30
0.0
 10
71.10929010021948
 20
111.5803299530244
 30
0.0
 10
70.63361726199113
 20
111.7932238382126
 30
0.0
 10
69.97578828247458
 20
111.0025830012426
 30
0.0
 10
69.38134506226362
 20
110.1440645064425
 30
0.0
 10
68.86269729427522
 20
109.2279996652693
 30
0.0
 10
68.79739285155769
 20
109.3460122171595
 30
0.0
 10
68.7076191994702
 20
109.2010471822381
 30
0.0
 10
68.64098158872817
 20
109.0748806935359
 30
0.0
 10
68.56066372592524
 20
108.9228130756086
 30
0.0
 10
68.73135445977083
 20
108.4160709928064
 30
0.0
 10
68.38079011745782
 20
108.3155939577056
 30
0.0
 10
68.18454803675495
 20
107.9162151635317
 30
0.0
 10
68.00234372879841
 20
107.5073090502472
 30
0.0
 10
67.83509205210113
 20
107.0896373269764
 30
0.0
 10
68.25780976420405
 20
106.7805380523375
 30
0.0
 10
68.19621960773763
 20
105.8579932352741
 30
0.0
 10
67.31142930041176
 20
105.5905639580968
 30
0.0
 10
67.02586406032712
 20
104.638072671352
 30
0.0
 10
66.81637294428371
 20
103.6481882077669
 30
0.0
 10
66.69242263574185
 20
102.6287917429451
 30
0.0
 10
67.1799984371936
 20
101.9174807205575
 30
0.0
 10
66.67084789796475
 20
101.9792445821068
 30
0.0
 10
66.62635257330557
 20
101.9899497061482
 30
0.0
 10
66.5513869740715
 20
101.1115019907972
 30
0.0
 10
66.5425229403349
 20
100.2426128770273
 30
0.0
 10
66.59483706799111
 20
99.38910369277728
 30
0.0
 10
66.46400760906461
 20
98.88451898488051
 30
0.0
 10
66.45034511132755
 20
98.24268517031935
 30
0.0
 10
66.53267521158043
 20
97.59245636529991
 30
0.0
 10
69.91830038858537
 20
96.67393023698475
 30
0.0
 10
73.61304575540127
 20
95.82014059507766
 30
0.0
 10
77.49944370268823
 20
95.07926039237967
 30
0.0
 10
84.05519620189244
 20
93.82951003064973
 30
0.0
 10
90.22205566026062
 20
93.07913376156701
 30
0.0
 10
95.39067461888489
 20
92.82055626874761
 30
0.0
 10
95.39067461888489
 20
92.82055626874761
 30
0.0
 10
95.39067461888492
 20
104.021134055023
 30
0.0
 10
95.39067461888492
 20
104.021134055023
 30
0.0
 10
91.58514627907108
 20
105.2195274934683
 30
0.0
 10
87.22266286944323
 20
106.3528909500769
 30
0.0
 10
82.52602388684929
 20
107.3298552625486
 30
0.0
 10
85.54702369986386
 20
106.7029957578971
 30
0.0
 10
90.13289395467913
 20
105.6583564006745
 30
0.0
 10
95.05723607395707
 20
104.1333689285961
 30
0.0
 10
95.10236814317219
 20
104.1193922717199
 30
0.0
 10
95.21685252315942
 20
104.0852032055079
 30
0.0
 10
95.39067461888489
 20
104.0323149219678
 30
0.0
 10
95.39067461888489
 20
104.0323149219678
 30
0.0
 10
95.39067461888489
 20
115.6832915136023
 30
0.0
 10
95.39067461888489
 20
115.6832915136023
 30
0.0
 10
95.39067461888489
 20
116.1198540136023
 30
0.0
 10
95.4142489938849
 20
116.4687402115189
 30
0.0
 10
95.46139774388483
 20
116.7299501073523
 30
0.0
 10
95.50941961888489
 20
116.9911600031856
 30
0.0
 10
95.65392180638487
 20
117.1959805761023
 30
0.0
 10
95.89490430638487
 20
117.3444118261023
 30
0.0
 10
96.13588680638487
 20
117.4935706802689
 30
0.0
 10
96.5213714938849
 20
117.5681501073523
 30
0.0
 10
97.05135836888489
 20
117.5681501073523
 30
0.0
 10
97.05135836888489
 20
117.5681501073523
 30
0.0
 10
99.78074711888489
 20
117.5681501073523
 30
0.0
 10
99.78074711888489
 20
117.5681501073523
 30
0.0
 10
99.78074711888489
 20
117.5681501073523
 30
0.0
 10
99.78074711888489
 20
102.5614747031361
 30
0.0
 10
99.78074711888489
 20
102.5614747031361
 30
0.0
 10
103.4331735048125
 20
101.2224244034783
 30
0.0
 10
108.1167226954549
 20
99.18851930802064
 30
0.0
 10
109.7038998327534
 20
97.08341840743574
 30
0.0
 10
111.0773644416151
 20
95.26176818510508
 30
0.0
 10
110.1304685641789
 20
93.25168655261409
 30
0.0
 10
103.1317988684371
 20
92.6541776745476
 30
0.0
 10
102.0921781616948
 20
92.56542043508566
 30
0.0
 10
100.9706826901867
 20
92.51094408510062
 30
0.0
 10
99.78074711888489
 20
92.48884557360256
 30
0.0
 10
99.78074711888489
 20
92.48884557360256
 30
0.0
 10
99.78074711888489
 20
87.71164073235217
 30
0.0
 10
99.78074711888489
 20
87.71164073235217
 30
0.0
 10
99.78074711888489
 20
87.71164073235217
 30
0.0
 10
125.7845924313849
 20
87.71164073235217
 30
0.0
 10
125.7845924313849
 20
87.71164073235217
 30
0.0
 10
125.7845924313849
 20
87.71164073235217
 30
0.0
 10
125.7845924313849
 20
85.43715010735227
 30
0.0
 10
125.7845924313849
 20
85.43715010735227
 30
0.0
 10
125.7845924313849
 20
85.43715010735227
 30
0.0
 10
95.39067461888489
 20
85.43715010735227
 30
0.0
 10
95.39067461888489
 20
85.43715010735227
 30
0.0
 10
95.39067461888489
 20
85.43715010735227
 30
0.0
 10
95.39067461888492
 20
92.53943978889167
 30
0.0
 10
95.39067461888492
 20
92.53943978889167
 30
0.0
  0
SPLINE
  5
5F
330
1F
100
AcDbEntity
  8
0
  6
Continuous
 62
    18
420
        0
370
     9
100
AcDbSpline
210
0.0
220
0.0
230
1.0
 70
    11
 71
     3
 72
    14
 73
    10
 74
     0
 42
0.000000001
 43
0.0
 40
0.0
 40
0.0
 40
0.0
 40
0.0
 40
1.0
 40
1.0
 40
1.0
 40
2.0
 40
2.0
 40
2.0
 40
3.0
 40
3.0
 40
3.0
 40
3.0
 10
99.78074711888489
 20
102.5185587488017
 30
0.0
 10
99.78074711888489
 20
102.5185587488017
 30
0.0
 10
99.78074711888489
 20
92.72061521533038
 30
0.0
 10
99.78074711888489
 20
92.72061521533038
 30
0.0
 10
105.818094785462
 20
92.77091105496828
 30
0.0
 10
109.7376015173838
 20
93.69818544433434
 30
0.0
 10
110.078090864667
 20
95.48427325655486
 30
0.0
 10
110.4524958474351
 20
97.4482706088733
 30
0.0
 10
106.4208440368263
 20
100.0387635060727
 30
0.0
 10
99.78074711888489
 20
102.5185587488017
 30
0.0
  0
SPLINE
  5
60
330
1F
100
AcDbEntity
  8
0
  6
Continuous
 62
    18
420
        0
370
     9
100
AcDbSpline
210
0.0
220
0.0
230
1.0
 70
    11
 71
     3
 72
    26
 73
    22
 74
     0
 42
0.000000001
 43
0.0
 40
0.0
 40
0.0
 40
0.0
 40
0.0
 40
1.0
 40
1.0
 40
1.0
 40
2.0
 40
2.0
 40
2.0
 40
3.0
 40
3.0
 40
3.0
 40
4.0
 40
4.0
 40
4.0
 40
5.0
 40
5.0
 40
5.0
 40
6.0
 40
6.0
 40
6.0
 40
7.0
 40
7.0
 40
7.0
 40
7.0
 10
136.2948346188848
 20
85.43715010735227
 30
0.0
 10
136.2948346188848
 20
85.43715010735227
 30
0.0
 10
136.2948346188848
 20
115.7225821386023
 30
0.0
 10
136.2948346188848
 20
115.7225821386023
 30
0.0
 10
136.2948346188848
 20
116.1394993261023
 30
0.0
 10
136.3205918063849
 20
116.4767438573523
 30
0.0
 10
136.3721061813849
 20
116.7343157323523
 30
0.0
 10
136.4236205563849
 20
116.9926152115189
 30
0.0
 10
136.5698689938849
 20
117.1959805761023
 30
0.0
 10
136.8108514938849
 20
117.3444118261023
 30
0.0
 10
137.0518339938849
 20
117.4935706802689
 30
0.0
 10
137.4333896188849
 20
117.5681501073523
 30
0.0
 10
137.9555183688849
 20
117.5681501073523
 30
0.0
 10
137.9555183688849
 20
117.5681501073523
 30
0.0
 10
140.6966943063849
 20
117.5681501073523
 30
0.0
 10
140.6966943063849
 20
117.5681501073523
 30
0.0
 10
140.6966943063849
 20
117.5681501073523
 30
0.0
 10
140.6966943063849
 20
85.43715010735227
 30
0.0
 10
140.6966943063849
 20
85.43715010735227
 30
0.0
 10
140.6966943063849
 20
85.43715010735227
 30
0.0
 10
136.2948346188848
 20
85.43715010735227
 30
0.0
 10
136.2948346188848
 20
85.43715010735227
 30
0.0
  0
SPLINE
  5
61
330
1F
100
AcDbEntity
  8
0
  6
Continuous
 62
    18
420
        0
370
     9
100
AcDbSpline
210
0.0
220
0.0
230
1.0
 70
    11
 71
     3
 72
   155
 73
   151
 74
     0
 42
0.000000001
 43
0.0
 40
0.0
 40
0.0
 40
0.0
 40
0.0
 40
1.0
 40
1.0
 40
1.0
 40
2.0
 40
2.0
 40
2.0
 40
3.0
 40
3.0
 40
3.0
 40
4.0
 40
4.0
 40
4.0
 40
5.0
 40
5.0
 40
5.0
 40
6.0
 40
6.0
 40
6.0
 40
7.0
 40
7.0
 40
7.0
 40
8.0
 40
8.0
 40
8.0
 40
9.0
 40
9.0
 40
9.0
 40
10.0
 40
10.0
 40
10.0
 40
11.0
 40
11.0
 40
11.0
 40
12.0
 40
12.0
 40
12.0
 40
13.0
 40
13.0
 40
13.0
 40
14.0
 40
14.0
 40
14.0
 40
15.0
 40
15.0
 40
15.0
 40
16.0
 40
16.0
 40
16.0
 40
17.0
 40
17.0
 40
17.0
 40
18.0
 40
18.0
 40
18.0
 40
19.0
 40
19.0
 40
19.0
 40
20.0
 40
20.0
 40
20.0
 40
21.0
 40
21.0
 40
21.0
 40
22.0
 40
22.0
 40
22.0
 40
23.0
 40
23.0
 40
23.0
 40
24.0
 40
24.0
 40
24.0
 40
25.0
 40
25.0
 40
25.0
 40
26.0
 40
26.0
 40
26.0
 40
27.0
 40
27.0
 40
27.0
 40
28.0
 40
28.0
 40
28.0
 40
29.0
 40
29.0
 40
29.0
 40
30.0
 40
30.0
 40
30.0
 40
31.0
 40
31.0
 40
31.0
 40
32.0
 40
32.0
 40
32.0
 40
33.0
 40
33.0
 40
33.0
 40
34.0
 40
34.0
 40
34.0
 40
35.0
 40
35.0
 40
35.0
 40
36.0
 40
36.0
 40
36.0
 40
37.0
 40
37.0
 40
37.0
 40
38.0
 40
38.0
 40
38.0
 40
39.0
 40
39.0
 40
39.0
 40
40.0
 40
40.0
 40
40.0
 40
41.0
 40
41.0
 40
41.0
 40
42.0
 40
42.0
 40
42.0
 40
43.0
 40
43.0
 40
43.0
 40
44.0
 40
44.0
 40
44.0
 40
45.0
 40
45.0
 40
45.0
 40
46.0
 40
46.0
 40
46.0
 40
47.0
 40
47.0
 40
47.0
 40
48.0
 40
48.0
 40
48.0
 40
49.0
 40
49.0
 40
49.0
 40
50.0
 40
50.0
 40
50.0
 40
50.0
 10
202.3502333688849
 20
89.54847745110223
 30
0.0
 10
203.4818033688848
 20
88.88271963860224
 30
0.0
 10
204.9464705563849
 20
88.39486104485225
 30
0.0
 10
206.7442349313849
 20
88.08490166985227
 30
0.0
 10
208.5428724313849
 20
87.77494229485225
 30
0.0
 10
210.4148524313849
 20
87.57667015943562
 30
0.0
 10
212.3601749313849
 20
87.49008526360228
 30
0.0
 10
214.3054974313849
 20
87.40350036776893
 30
0.0
 10
215.9958674313849
 20
87.36020791985226
 30
0.0
 10
217.4312849313849
 20
87.36020791985226
 30
0.0
 10
217.9726224313848
 20
87.36020791985226
 30
0.0
 10
218.559362431385
 20
87.3616631281856
 30
0.0
 10
219.1915049313849
 20
87.36457354485228
 30
0.0
 10
219.8245205563849
 20
87.36821156568546
 30
0.0
 10
220.408204618885
 20
87.39003969068561
 30
0.0
 10
220.9425571188849
 20
87.43005791985227
 30
0.0
 10
223.3899264938849
 20
87.51009437818561
 30
0.0
 10
225.5439258688849
 20
87.76184541985226
 30
0.0
 10
227.4045552438849
 20
88.18531104485227
 30
0.0
 10
229.2651846188849
 20
88.60877666985226
 30
0.0
 10
230.7176280563849
 20
89.35056911776891
 30
0.0
 10
231.7618855563849
 20
90.41068838860228
 30
0.0
 10
232.8070161813849
 20
91.4715352636023
 30
0.0
 10
233.3295814938849
 20
92.99259177401895
 30
0.0
 10
233.3295814938849
 20
94.97385791985225
 30
0.0
 10
233.3295814938849
 20
97.4091490656856
 30
0.0
 10
232.5874252438849
 20
98.97495323235229
 30
0.0
 10
231.1031127438849
 20
99.67127041985228
 30
0.0
 10
229.6188002438849
 20
100.3683152115189
 30
0.0
 10
227.476588056385
 20
100.7168376073523
 30
0.0
 10
224.6764761813849
 20
100.7168376073523
 30
0.0
 10
224.6764761813849
 20
100.7168376073523
 30
0.0
 10
215.5086636813849
 20
100.7168376073523
 30
0.0
 10
215.5086636813849
 20
100.7168376073523
 30
0.0
 10
213.9772024313849
 20
100.7168376073523
 30
0.0
 10
212.4278421188849
 20
100.776501149019
 30
0.0
 10
210.8605827438849
 20
100.8958282323523
 30
0.0
 10
209.2933233688849
 20
101.0158829198523
 30
0.0
 10
207.8613983688849
 20
101.3069245865189
 30
0.0
 10
206.5648077438849
 20
101.7689532323523
 30
0.0
 10
205.2690902438849
 20
102.2309818781856
 30
0.0
 10
204.2322543063849
 20
102.9804141698523
 30
0.0
 10
203.4542999313848
 20
104.0172501073523
 30
0.0
 10
202.6763455563848
 20
105.0540860448523
 30
0.0
 10
202.2873683688848
 20
106.5100219823523
 30
0.0
 10
202.2873683688848
 20
108.3850579198523
 30
0.0
 10
202.2873683688848
 20
110.5984297948523
 30
0.0
 10
202.7802474313849
 20
112.3414055761023
 30
0.0
 10
203.7660055563849
 20
113.6139852636023
 30
0.0
 10
204.7517636813849
 20
114.8872925552689
 30
0.0
 10
206.1142752438849
 20
115.8262657323523
 30
0.0
 10
207.8535402438849
 20
116.4309047948523
 30
0.0
 10
209.5928052438849
 20
117.036271461519
 30
0.0
 10
211.5830936813849
 20
117.4237206802689
 30
0.0
 10
213.8244055563849
 20
117.5932524511023
 30
0.0
 10
216.0657174313849
 20
117.7627842219356
 30
0.0
 10
218.4419271188848
 20
117.8475501073523
 30
0.0
 10
220.9530346188849
 20
117.8475501073523
 30
0.0
 10
222.4513171188849
 20
117.8475501073523
 30
0.0
 10
224.1473624313849
 20
117.8158993261023
 30
0.0
 10
226.0411705563849
 20
117.7525977636023
 30
0.0
 10
227.935851806385
 20
117.6892962011023
 30
0.0
 10
229.7488958688849
 20
117.5539618261023
 30
0.0
 10
231.4803027438849
 20
117.3465946386023
 30
0.0
 10
233.2117096188849
 20
117.1399550552689
 30
0.0
 10
234.5598146188849
 20
116.7932516698522
 30
0.0
 10
235.5246177438849
 20
116.3064844823523
 30
0.0
 10
236.1323127438849
 20
116.1733329198523
 30
0.0
 10
236.6077293063849
 20
115.9750607844356
 30
0.0
 10
236.9508674313849
 20
115.7116680761022
 30
0.0
 10
237.2948786813849
 20
115.4482753677689
 30
0.0
 10
237.4668843063849
 20
115.1088480240189
 30
0.0
 10
237.4668843063849
 20
114.6933860448523
 30
0.0
 10
237.4668843063849
 20
114.6933860448523
 30
0.0
 10
237.4668843063849
 20
113.0944758886023
 30
0.0
 10
237.4668843063849
 20
113.0944758886023
 30
0.0
 10
236.9386436813849
 20
113.6081644302689
 30
0.0
 10
236.0838543063849
 20
114.0247178156856
 30
0.0
 10
234.9025161813849
 20
114.3441360448523
 30
0.0
 10
233.7220511813849
 20
114.6642818781856
 30
0.0
 10
232.4136733688849
 20
114.9091206802689
 30
0.0
 10
230.9773827438848
 20
115.0786524511023
 30
0.0
 10
229.5410921188849
 20
115.2489118261023
 30
0.0
 10
228.1528233688849
 20
115.3656922948523
 30
0.0
 10
226.8125764938849
 20
115.4289938573523
 30
0.0
 10
225.4732027438848
 20
115.4930230240189
 30
0.0
 10
224.3769943063849
 20
115.5250376073523
 30
0.0
 10
223.523951181385
 20
115.5250376073523
 30
0.0
 10
223.523951181385
 20
115.5250376073523
 30
0.0
 10
219.3159252438849
 20
115.5250376073523
 30
0.0
 10
219.3159252438849
 20
115.5250376073523
 30
0.0
 10
217.1331127438849
 20
115.5250376073523
 30
0.0
 10
215.0812689938849
 20
115.3831547948522
 30
0.0
 10
213.1603939938849
 20
115.0993891698523
 30
0.0
 10
211.2395189938849
 20
114.8163511490189
 30
0.0
 10
209.6823005563848
 20
114.1862459406856
 30
0.0
 10
208.4887386813849
 20
113.2090735448523
 30
0.0
 10
207.2960499313849
 20
112.2319011490189
 30
0.0
 10
206.6997055563849
 20
110.7024771906856
 30
0.0
 10
206.6997055563849
 20
108.6208016698523
 30
0.0
 10
206.6997055563849
 20
106.9858751073523
 30
0.0
 10
207.1000333688849
 20
105.7813264094356
 30
0.0
 10
207.900688993885
 20
105.0071555761023
 30
0.0
 10
208.701344618885
 20
104.2337123469356
 30
0.0
 10
209.8342243063849
 20
103.7353034927689
 30
0.0
 10
211.2993280563848
 20
103.5119290136023
 30
0.0
 10
212.7644318063849
 20
103.2892821386023
 30
0.0
 10
214.4609136813849
 20
103.1779587011023
 30
0.0
 10
216.3887736813849
 20
103.1779587011023
 30
0.0
 10
216.3887736813849
 20
103.1779587011023
 30
0.0
 10
225.6770774313849
 20
103.1779587011023
 30
0.0
 10
225.6770774313849
 20
103.1779587011023
 30
0.0
 10
228.0537236813849
 20
103.1779587011023
 30
0.0
 10
230.1697421188849
 20
103.008426930269
 30
0.0
 10
232.0251327438849
 20
102.6693633886023
 30
0.0
 10
233.8805233688849
 20
102.3302998469356
 30
0.0
 10
235.3325302438849
 20
101.584141774019
 30
0.0
 10
236.3811533688849
 20
100.4308891698523
 30
0.0
 10
237.4306496188849
 20
99.2776365656856
 30
0.0
 10
237.9553977438849
 20
97.46117276360228
 30
0.0
 10
237.9553977438849
 20
94.98149776360225
 30
0.0
 10
237.9553977438849
 20
92.53383734693561
 30
0.0
 10
237.2865839938849
 20
90.60823291985226
 30
0.0
 10
235.9489564938849
 20
89.20468448235225
 30
0.0
 10
234.6113289938849
 20
87.80186364901893
 30
0.0
 10
232.7982849313849
 20
86.80795635735228
 30
0.0
 10
230.5098243063849
 20
86.22296260735212
 30
0.0
 10
228.2222368063849
 20
85.63869646151893
 30
0.0
 10
225.6094102438849
 20
85.27671338860227
 30
0.0
 10
222.6713446188849
 20
85.13701338860218
 30
0.0
 10
221.6829671188849
 20
85.07080140943562
 30
0.0
 10
220.6998283688849
 20
85.03624021151894
 30
0.0
 10
219.7219283688849
 20
85.03332979485226
 30
0.0
 10
218.744028368885
 20
85.02969177401889
 30
0.0
 10
217.7368786813849
 20
85.03114698235227
 30
0.0
 10
216.7004793063849
 20
85.0376954198521
 30
0.0
 10
215.629154931385
 20
85.04424385735226
 30
0.0
 10
214.2897811813849
 20
85.08753630526878
 30
0.0
 10
212.6823580563849
 20
85.16757276360227
 30
0.0
 10
211.075808056385
 20
85.24688161776895
 30
0.0
 10
209.485847431385
 20
85.39094724276879
 30
0.0
 10
207.912476181385
 20
85.59976963860228
 30
0.0
 10
206.339104931385
 20
85.80859203443559
 30
0.0
 10
205.0185033688849
 20
86.11564099276882
 30
0.0
 10
203.9506714938848
 20
86.52091651360227
 30
0.0
 10
202.8837127438849
 20
86.92619203443562
 30
0.0
 10
202.3502333688849
 20
87.47735219068558
 30
0.0
 10
202.3502333688849
 20
88.17439698235228
 30
0.0
 10
202.3502333688849
 20
88.17439698235228
 30
0.0
 10
202.3502333688849
 20
89.54847745110223
 30
0.0
 10
202.3502333688849
 20
89.54847745110223
 30
0.0
  0
SPLINE
  5
62
330
1F
100
AcDbEntity
  8
0
  6
Continuous
 62
    18
420
        0
370
     9
100
AcDbSpline
210
0.0
220
0.0
230
1.0
 70
    11
 71
     3
 72
    98
 73
    94
 74
     0
 42
0.000000001
 43
0.0
 40
0.0
 40
0.0
 40
0.0
 40
0.0
 40
1.0
 40
1.0
 40
1.0
 40
2.0
 40
2.0
 40
2.0
 40
3.0
 40
3.0
 40
3.0
 40
4.0
 40
4.0
 40
4.0
 40
5.0
 40
5.0
 40
5.0
 40
6.0
 40
6.0
 40
6.0
 40
7.0
 40
7.0
 40
7.0
 40
8.0
 40
8.0
 40
8.0
 40
9.0
 40
9.0
 40
9.0
 40
10.0
 40
10.0
 40
10.0
 40
11.0
 40
11.0
 40
11.0
 40
12.0
 40
12.0
 40
12.0
 40
13.0
 40
13.0
 40
13.0
 40
14.0
 40
14.0
 40
14.0
 40
15.0
 40
15.0
 40
15.0
 40
16.0
 40
16.0
 40
16.0
 40
17.0
 40
17.0
 40
17.0
 40
18.0
 40
18.0
 40
18.0
 40
19.0
 40
19.0
 40
19.0
 40
20.0
 40
20.0
 40
20.0
 40
21.0
 40
21.0
 40
21.0
 40
22.0
 40
22.0
 40
22.0
 40
23.0
 40
23.0
 40
23.0
 40
24.0
 40
24.0
 40
24.0
 40
25.0
 40
25.0
 40
25.0
 40
26.0
 40
26.0
 40
26.0
 40
27.0
 40
27.0
 40
27.0
 40
28.0
 40
28.0
 40
28.0
 40
29.0
 40
29.0
 40
29.0
 40
30.0
 40
30.0
 40
30.0
 40
31.0
 40
31.0
 40
31.0
 40
31.0
 10
157.4292618063849
 20
85.43715010735227
 30
0.0
 10
157.4292618063849
 20
90.21532666985225
 30
0.0
 10
157.4270789938849
 20
94.9731303156856
 30
0.0
 10
157.4227133688849
 20
99.71056104485226
 30
0.0
 10
157.4192208688849
 20
104.4487193781856
 30
0.0
 10
157.4174746188849
 20
109.1865139094356
 30
0.0
 10
157.4174746188849
 20
113.9239446386023
 30
0.0
 10
157.4174746188849
 20
115.3987982844356
 30
0.0
 10
157.7684708688849
 20
116.3646928156856
 30
0.0
 10
158.4704633688848
 20
116.8216282323523
 30
0.0
 10
159.1733289938849
 20
117.2792912531856
 30
0.0
 10
160.2450899313849
 20
117.5281318781856
 30
0.0
 10
161.6857461813849
 20
117.5681501073523
 30
0.0
 10
163.6520236813849
 20
117.6081683365189
 30
0.0
 10
165.9068689938849
 20
117.6380001073523
 30
0.0
 10
168.4502821188848
 20
117.6576454198523
 30
0.0
 10
170.9936952438848
 20
117.6780183365189
 30
0.0
 10
173.5248846188849
 20
117.6780183365189
 30
0.0
 10
176.0438502438849
 20
117.6576454198523
 30
0.0
 10
178.5636889938849
 20
117.6380001073523
 30
0.0
 10
180.7107033688849
 20
117.5881592219356
 30
0.0
 10
182.4848933688849
 20
117.5081227636023
 30
0.0
 10
184.7427946188849
 20
117.3880680761023
 30
0.0
 10
186.6086627438849
 20
116.9853391698523
 30
0.0
 10
188.0824977438849
 20
116.2999360448523
 30
0.0
 10
189.5563327438849
 20
115.6145329198523
 30
0.0
 10
190.6451196188849
 20
114.6300844823522
 30
0.0
 10
191.3488583688849
 20
113.3465907323523
 30
0.0
 10
192.0525971188849
 20
112.0638245865189
 30
0.0
 10
192.4044664938849
 20
110.4765560969356
 30
0.0
 10
192.4044664938849
 20
108.5847852636022
 30
0.0
 10
192.4044664938849
 20
106.3459472427689
 30
0.0
 10
191.9377811813848
 20
104.4887376073523
 30
0.0
 10
191.0044105563849
 20
103.0131563573523
 30
0.0
 10
190.0719130563849
 20
101.5375751073523
 30
0.0
 10
188.7517480563849
 20
100.4472602636022
 30
0.0
 10
187.0439155563849
 20
99.74221182610228
 30
0.0
 10
185.3369561813849
 20
99.03716338860227
 30
0.0
 10
183.2829296188849
 20
98.68463916985225
 30
0.0
 10
180.8818358688849
 20
98.68463916985225
 30
0.0
 10
178.1629246188848
 20
98.69118760735229
 30
0.0
 10
175.4265508688849
 20
98.69446182610227
 30
0.0
 10
172.6727146188849
 20
98.69446182610227
 30
0.0
 10
169.9197514938849
 20
98.69446182610227
 30
0.0
 10
167.1598033688848
 20
98.69773604485226
 30
0.0
 10
164.3928702438849
 20
98.70428448235226
 30
0.0
 10
164.3928702438849
 20
99.2361631281856
 30
0.0
 10
164.4046574313849
 20
99.65853734693559
 30
0.0
 10
164.4282318063849
 20
99.97140713860226
 30
0.0
 10
164.4526793063849
 20
100.2850045344356
 30
0.0
 10
164.5583274313849
 20
100.5229310969356
 30
0.0
 10
164.7451761813849
 20
100.6851868261023
 30
0.0
 10
164.9328980563849
 20
100.8481701594356
 30
0.0
 10
165.2572639938849
 20
100.9296618261023
 30
0.0
 10
165.7182739938849
 20
100.9296618261023
 30
0.0
 10
165.7182739938849
 20
100.9296618261023
 30
0.0
 10
179.5053543063849
 20
100.9296618261023
 30
0.0
 10
179.5053543063849
 20
100.9296618261023
 30
0.0
 10
180.9931593063849
 20
100.9296618261023
 30
0.0
 10
182.3670214938849
 20
101.1508534927689
 30
0.0
 10
183.6269408688849
 20
101.5932368261023
 30
0.0
 10
184.8877333688849
 20
102.0363477636023
 30
0.0
 10
185.9062336813849
 20
102.8210688573523
 30
0.0
 10
186.6824418063849
 20
103.9474001073523
 30
0.0
 10
187.4586499313849
 20
105.0737313573523
 30
0.0
 10
187.8467539938849
 20
106.6566342219356
 30
0.0
 10
187.8467539938849
 20
108.6961087011023
 30
0.0
 10
187.8467539938849
 20
110.6278977636023
 30
0.0
 10
187.3586771188849
 20
112.1504094823523
 30
0.0
 10
186.3825233688849
 20
113.2636438573523
 30
0.0
 10
185.407242743885
 20
114.3768782323523
 30
0.0
 10
183.812043368885
 20
115.0135318781856
 30
0.0
 10
181.5969252438849
 20
115.1736047948523
 30
0.0
 10
179.7424077438849
 20
115.3336777115189
 30
0.0
 10
177.6770305563848
 20
115.4235368261023
 30
0.0
 10
175.4007936813849
 20
115.4431821386023
 30
0.0
 10
173.1254299313849
 20
115.463555055269
 30
0.0
 10
170.9679380563849
 20
115.4537323990189
 30
0.0
 10
168.9283180563849
 20
115.4137141698523
 30
0.0
 10
166.8895711813849
 20
115.3736959406856
 30
0.0
 10
165.2315068063849
 20
115.3336777115189
 30
0.0
 10
163.9541249313849
 20
115.2936594823523
 30
0.0
 10
163.7070305563849
 20
115.2936594823523
 30
0.0
 10
163.2892402438849
 20
115.1954329198523
 30
0.0
 10
162.7007539938849
 20
114.9989797948523
 30
0.0
 10
162.1131408688849
 20
114.8032542740189
 30
0.0
 10
161.8193343063849
 20
114.3153956802689
 30
0.0
 10
161.8193343063849
 20
113.5354040136023
 30
0.0
 10
161.8193343063849
 20
113.5354040136023
 30
0.0
 10
161.8193343063849
 20
85.43715010735227
 30
0.0
 10
161.8193343063849
 20
85.43715010735227
 30
0.0
 10
161.8193343063849
 20
85.43715010735227
 30
0.0
 10
157.4292618063849
 20
85.43715010735227
 30
0.0
 10
157.4292618063849
 20
85.43715010735227
 30
0.0
  0
SPLINE
  5
63
330
1F
100
AcDbEntity
  8
0
  6
Continuous
 62
    18
420
        0
370
     9
100
AcDbSpline
210
0.0
220
0.0
230
1.0
 70
    11
 71
     3
 72
    47
 73
    43
 74
     0
 42
0.000000001
 43
0.0
 40
0.0
 40
0.0
 40
0.0
 40
0.0
 40
1.0
 40
1.0
 40
1.0
 40
2.0
 40
2.0
 40
2.0
 40
3.0
 40
3.0
 40
3.0
 40
4.0
 40
4.0
 40
4.0
 40
5.0
 40
5.0
 40
5.0
 40
6.0
 40
6.0
 40
6.0
 40
7.0
 40
7.0
 40
7.0
 40
8.0
 40
8.0
 40
8.0
 40
9.0
 40
9.0
 40
9.0
 40
10.0
 40
10.0
 40
10.0
 40
11.0
 40
11.0
 40
11.0
 40
12.0
 40
12.0
 40
12.0
 40
13.0
 40
13.0
 40
13.0
 40
14.0
 40
14.0
 40
14.0
 40
14.0
 10
251.798794618885
 20
85.43715010735227
 30
0.0
 10
251.798794618885
 20
85.43715010735227
 30
0.0
 10
251.798794618885
 20
115.7127594823523
 30
0.0
 10
251.798794618885
 20
115.7127594823523
 30
0.0
 10
251.798794618885
 20
116.3865209406856
 30
0.0
 10
251.8935286813849
 20
116.8641930761023
 30
0.0
 10
252.0829968063849
 20
117.1457758886023
 30
0.0
 10
252.2724649313849
 20
117.4273587011023
 30
0.0
 10
252.731292118885
 20
117.5681501073523
 30
0.0
 10
253.459478368885
 20
117.5681501073523
 30
0.0
 10
253.459478368885
 20
117.5681501073523
 30
0.0
 10
285.1630836813849
 20
117.5681501073523
 30
0.0
 10
285.1630836813849
 20
117.5681501073523
 30
0.0
 10
285.1630836813849
 20
117.5681501073523
 30
0.0
 10
285.1630836813849
 20
115.2936594823523
 30
0.0
 10
285.1630836813849
 20
115.2936594823523
 30
0.0
 10
285.1630836813849
 20
115.2936594823523
 30
0.0
 10
256.200654306385
 20
115.2936594823523
 30
0.0
 10
256.200654306385
 20
115.2936594823523
 30
0.0
 10
256.200654306385
 20
115.2936594823523
 30
0.0
 10
256.200654306385
 20
103.5206602636023
 30
0.0
 10
256.200654306385
 20
103.5206602636023
 30
0.0
 10
256.200654306385
 20
103.5206602636023
 30
0.0
 10
282.878988681385
 20
103.5206602636023
 30
0.0
 10
282.878988681385
 20
103.5206602636023
 30
0.0
 10
282.878988681385
 20
103.5206602636023
 30
0.0
 10
282.878988681385
 20
101.2559922948523
 30
0.0
 10
282.878988681385
 20
101.2559922948523
 30
0.0
 10
282.878988681385
 20
101.2559922948523
 30
0.0
 10
256.200654306385
 20
101.2559922948523
 30
0.0
 10
256.200654306385
 20
101.2559922948523
 30
0.0
 10
256.200654306385
 20
101.2559922948523
 30
0.0
 10
256.200654306385
 20
87.71164073235217
 30
0.0
 10
256.200654306385
 20
87.71164073235217
 30
0.0
 10
256.200654306385
 20
87.71164073235217
 30
0.0
 10
285.1630836813849
 20
87.71164073235217
 30
0.0
 10
285.1630836813849
 20
87.71164073235217
 30
0.0
 10
285.1630836813849
 20
87.71164073235217
 30
0.0
 10
285.1630836813849
 20
85.43715010735227
 30
0.0
 10
285.1630836813849
 20
85.43715010735227
 30
0.0
 10
285.1630836813849
 20
85.43715010735227
 30
0.0
 10
251.798794618885
 20
85.43715010735227
 30
0.0
 10
251.798794618885
 20
85.43715010735227
 30
0.0
  0
LWPOLYLINE
  5
64
330
1F
100
AcDbEntity
  8
0
  6
Continuous
 62
    18
420
        0
370
     9
100
AcDbPolyline
 90
       25
 70
     1
 43
0.0
 10
51.74333676887649
 20
112.8830196592787
 10
51.14306519355608
 20
112.4593908930406
 10
49.39949600299759
 20
114.9299856876076
 10
51.0438407037482
 20
116.0904466281032
 10
52.78740989430665
 20
113.6198518335362
 10
52.18713831898624
 20
113.1962230672982
 10
53.1157577670941
 20
112.9407014759306
 10
53.85726030389689
 20
113.4640009586031
 10
54.48109305558124
 20
113.3563776234186
 10
56.54593068312003
 20
110.4305533304409
 10
56.43830734793556
 20
109.8067205787566
 10
55.69680481113284
 20
109.2834210960841
 10
55.63006734830709
 20
108.3728139000499
 10
56.20436410357223
 20
108.7781114951553
 10
57.94793329413072
 20
106.3075167005883
 10
56.30358859338008
 20
105.1470557600926
 10
54.56001940282159
 20
107.6176505546596
 10
55.13431615808673
 20
108.0229481497651
 10
54.2539855917606
 20
108.2651824338902
 10
53.51248305495789
 20
107.7418829512177
 10
52.88865030327346
 20
107.8495062864022
 10
50.82381267573471
 20
110.77533057938
 10
50.93143601091921
 20
111.3991633310643
 10
51.67293854772196
 20
111.9224628137368
 10
51.74333676887649
 20
112.8830196592787
  0
SPLINE
  5
65
330
1F
100
AcDbEntity
  8
0
  6
Continuous
 62
    18
420
        0
370
     9
100
AcDbSpline
210
0.0
220
0.0
230
1.0
 70
    11
 71
     3
 72
    47
 73
    43
 74
     0
 42
0.000000001
 43
0.0
 40
0.0
 40
0.0
 40
0.0
 40
0.0
 40
1.0
 40
1.0
 40
1.0
 40
2.0
 40
2.0
 40
2.0
 40
3.0
 40
3.0
 40
3.0
 40
4.0
 40
4.0
 40
4.0
 40
5.0
 40
5.0
 40
5.0
 40
6.0
 40
6.0
 40
6.0
 40
7.0
 40
7.0
 40
7.0
 40
8.0
 40
8.0
 40
8.0
 40
9.0
 40
9.0
 40
9.0
 40
10.0
 40
10.0
 40
10.0
 40
11.0
 40
11.0
 40
11.0
 40
12.0
 40
12.0
 40
12.0
 40
13.0
 40
13.0
 40
13.0
 40
14.0
 40
14.0
 40
14.0
 40
14.0
 10
13.55777481846483
 20
85.12711692792188
 30
0.0
 10
13.55777481846483
 20
85.12711692792188
 30
0.0
 10
13.55777481846483
 20
115.4027263029219
 30
0.0
 10
13.55777481846483
 20
115.4027263029219
 30
0.0
 10
13.55777481846483
 20
116.0764877612553
 30
0.0
 10
13.65250888096483
 20
116.5541598966719
 30
0.0
 10
13.84197700596485
 20
116.8357427091719
 30
0.0
 10
14.03144513096482
 20
117.1173255216719
 30
0.0
 10
14.49027231846482
 20
117.2581169279219
 30
0.0
 10
15.21845856846484
 20
117.2581169279219
 30
0.0
 10
15.21845856846484
 20
117.2581169279219
 30
0.0
 10
46.92206388096483
 20
117.2581169279219
 30
0.0
 10
46.92206388096483
 20
117.2581169279219
 30
0.0
 10
46.92206388096483
 20
117.2581169279219
 30
0.0
 10
46.92206388096483
 20
114.9836263029219
 30
0.0
 10
46.92206388096483
 20
114.9836263029219
 30
0.0
 10
46.92206388096483
 20
114.9836263029219
 30
0.0
 10
17.95963450596481
 20
114.9836263029219
 30
0.0
 10
17.95963450596481
 20
114.9836263029219
 30
0.0
 10
17.95963450596481
 20
114.9836263029219
 30
0.0
 10
17.95963450596481
 20
103.2106270841719
 30
0.0
 10
17.95963450596481
 20
103.2106270841719
 30
0.0
 10
17.95963450596481
 20
103.2106270841719
 30
0.0
 10
44.63796888096483
 20
103.2106270841719
 30
0.0
 10
44.63796888096483
 20
103.2106270841719
 30
0.0
 10
44.63796888096483
 20
103.2106270841719
 30
0.0
 10
44.63796888096483
 20
100.9459591154219
 30
0.0
 10
44.63796888096483
 20
100.9459591154219
 30
0.0
 10
44.63796888096483
 20
100.9459591154219
 30
0.0
 10
17.95963450596481
 20
100.9459591154219
 30
0.0
 10
17.95963450596481
 20
100.9459591154219
 30
0.0
 10
17.95963450596481
 20
100.9459591154219
 30
0.0
 10
17.95963450596481
 20
87.4016075529219
 30
0.0
 10
17.95963450596481
 20
87.4016075529219
 30
0.0
 10
17.95963450596481
 20
87.4016075529219
 30
0.0
 10
46.92206388096483
 20
87.4016075529219
 30
0.0
 10
46.92206388096483
 20
87.4016075529219
 30
0.0
 10
46.92206388096483
 20
87.4016075529219
 30
0.0
 10
46.92206388096483
 20
85.12711692792188
 30
0.0
 10
46.92206388096483
 20
85.12711692792188
 30
0.0
 10
46.92206388096483
 20
85.12711692792188
 30
0.0
 10
13.55777481846483
 20
85.12711692792188
 30
0.0
 10
13.55777481846483
 20
85.12711692792188
 30
0.0
  0
VIEWPORT
  5
6A
330
66
100
AcDbEntity
 67
     1
  8
0
100
AcDbViewport
 10
128.5
 20
97.5
 30
0.0
 40
314.226
 41
222.18
 68
     1
 69
     1
 12
105.0
 22
148.5
 13
0.0
 23
0.0
 14
10.0
 24
10.0
 15
10.0
 25
10.0
 16
0.0
 26
0.0
 36
1.0
 17
0.0
 27
0.0
 37
0.0
 42
50.0
 43
0.0
 44
0.0
 45
222.18
 50
0.0
 51
0.0
 72
   100
 90
   557152
  1

281
     0
 71
     1
 74
     0
110
0.0
120
0.0
130
0.0
111
1.0
121
0.0
131
0.0
112
0.0
122
1.0
132
0.0
 79
     0
146
0.0
170
     0
 61
     5
348
2F
292
     1
282
     1
141
0.0
142
0.0
 63
   256
361
6B
  0
VIEWPORT
  5
6C
330
66
100
AcDbEntity
 67
     1
  8
0
100
AcDbViewport
 10
148.5
 20
105.0
 30
0.0
 40
297.0
 41
210.0
 68
     2
 69
     2
 12
148.5
 22
105.0
 13
0.0
 23
0.0
 14
10.0
 24
10.0
 15
10.0
 25
10.0
 16
0.0
 26
0.0
 36
1.0
 17
0.0
 27
0.0
 37
0.0
 42
50.0
 43
0.0
 44
0.0
 45
210.0
 50
0.0
 51
0.0
 72
   100
 90
   557152
  1

281
     0
 71
     1
 74
     0
110
0.0
120
0.0
130
0.0
111
1.0
121
0.0
131
0.0
112
0.0
122
1.0
132
0.0
 79
     0
146
0.0
170
     0
 61
     5
348
2F
292
     1
282
     1
141
0.0
142
0.0
 63
   256
361
6D
  0
ENDSEC
  0
SECTION
  2
OBJECTS
  0
DICTIONARY
  5
C
330
0
100
AcDbDictionary
281
     1
  3
ACAD_DETAILVIEWSTYLE
350
75
  3
ACAD_GROUP
350
D
  3
ACAD_LAYOUT
350
1A
  3
ACAD_MATERIAL
350
43
  3
ACAD_MLEADERSTYLE
350
5B
  3
ACAD_MLINESTYLE
350
17
  3
ACAD_PLOTSETTINGS
350
19
  3
ACAD_PLOTSTYLENAME
350
E
  3
ACAD_SCALELIST
350
47
  3
ACAD_SECTIONVIEWSTYLE
350
76
  3
ACAD_TABLESTYLE
350
59
  3
ACAD_VISUALSTYLE
350
2A
  3
ACDB_RECOMPOSE_DATA
350
72
  3
AcDbVariableDictionary
350
6E
  0
SUN
  5
5D
330
29
100
AcDbSun
 90
        1
290
     0
 63
     7
421
 16777215
 40
1.0
291
     1
 91
  2455826
 92
 54000000
292
     0
 70
     2
 71
   256
280
     1
  0
SUN
  5
6B
330
6A
100
AcDbSun
 90
        1
290
     0
 63
     7
421
 16777215
 40
1.0
291
     1
 91
  2455826
 92
 54000000
292
     0
 70
     2
 71
   256
280
     1
  0
SUN
  5
6D
330
6C
100
AcDbSun
 90
        1
290
     0
 63
     7
421
 16777215
 40
1.0
291
     1
 91
  2455826
 92
 54000000
292
     0
 70
     2
 71
   256
280
     1
  0
DICTIONARY
  5
75
102
{ACAD_REACTORS
330
C
102
}
330
C
100
AcDbDictionary
281
     1
  0
DICTIONARY
  5
D
102
{ACAD_REACTORS
330
C
102
}
330
C
100
AcDbDictionary
281
     1
  0
DICTIONARY
  5
1A
102
{ACAD_REACTORS
330
C
102
}
330
C
100
AcDbDictionary
281
     1
  3
Layout1
350
67
  3
Model
350
22
  0
DICTIONARY
  5
43
102
{ACAD_REACTORS
330
C
102
}
330
C
100
AcDbDictionary
281
     1
  3
ByBlock
350
45
  3
ByLayer
350
44
  3
Global
350
46
  0
DICTIONARY
  5
5B
102
{ACAD_REACTORS
330
C
102
}
330
C
100
AcDbDictionary
281
     1
  3
Standard
350
5C
  0
DICTIONARY
  5
17
102
{ACAD_REACTORS
330
C
102
}
330
C
100
AcDbDictionary
281
     1
  3
Standard
350
18
  0
DICTIONARY
  5
19
102
{ACAD_REACTORS
330
C
102
}
330
C
100
AcDbDictionary
281
     1
  0
ACDBDICTIONARYWDFLT
  5
E
102
{ACAD_REACTORS
330
C
102
}
330
C
100
AcDbDictionary
281
     1
  3
Normal
350
F
100
AcDbDictionaryWithDefault
340
F
  0
DICTIONARY
  5
47
102
{ACAD_REACTORS
330
C
102
}
330
C
100
AcDbDictionary
281
     1
  3
A0
350
48
  3
A1
350
49
  3
A2
350
4A
  3
A3
350
4B
  3
A4
350
4C
  3
A5
350
4D
  3
A6
350
4E
  3
A7
350
4F
  3
A8
350
50
  3
A9
350
51
  3
B0
350
52
  3
B1
350
53
  3
B2
350
54
  3
B3
350
55
  3
B4
350
56
  3
B5
350
57
  3
B6
350
58
  0
DICTIONARY
  5
76
102
{ACAD_REACTORS
330
C
102
}
330
C
100
AcDbDictionary
281
     1
  0
DICTIONARY
  5
59
102
{ACAD_REACTORS
330
C
102
}
330
C
100
AcDbDictionary
281
     1
  3
Standard
350
5A
  0
DICTIONARY
  5
2A
102
{ACAD_REACTORS
330
C
102
}
330
C
100
AcDbDictionary
281
     1
  3
2dWireframe
350
2F
  3
Basic
350
32
  3
Brighten
350
36
  3
ColorChange
350
3A
  3
Conceptual
350
34
  3
Dim
350
35
  3
EdgeColorOff
350
3D
  3
Facepattern
350
39
  3
Flat
350
2B
  3
FlatWithEdges
350
2C
  3
Gouraud
350
2D
  3
GouraudWithEdges
350
2E
  3
Hidden
350
31
  3
JitterOff
350
3B
  3
Linepattern
350
38
  3
OverhangOff
350
3C
  3
Realistic
350
33
  3
Shaded
350
42
  3
Shaded with edges
350
41
  3
Shades of Gray
350
3E
  3
Sketchy
350
3F
  3
Thicken
350
37
  3
Wireframe
350
30
  3
X-Ray
350
40
  0
XRECORD
  5
72
102
{ACAD_REACTORS
330
C
102
}
330
C
100
AcDbXrecord
280
     1
 90
        1
330
5A
  0
DICTIONARY
  5
6E
102
{ACAD_REACTORS
330
C
102
}
330
C
100
AcDbDictionary
281
     1
  3
CANNOSCALE
350
6F
  3
CENTEREXE
350
77
  3
CENTERLTYPEFILE
350
78
  3
CMLEADERSTYLE
350
74
  3
CTABLESTYLE
350
73
  0
LAYOUT
  5
67
102
{ACAD_REACTORS
330
1A
102
}
330
1A
100
AcDbPlotSettings
  1

  2
none_device
  4
ISO_A4_(210.00_x_297.00_MM)
  6

 40
0.0
 41
0.0
 42
0.0
 43
0.0
 44
210.0
 45
297.0
 46
0.0
 47
0.0
 48
0.0
 49
0.0
140
0.0
141
0.0
142
1.0
143
1.0
 70
   688
 72
     1
 73
     3
 74
     5
  7

 75
    16
 76
     0
 77
     2
 78
   300
147
1.0
148
0.0
149
0.0
100
AcDbLayout
  1
Layout1
 70
     1
 71
     1
 10
-20.0
 20
-7.5
 11
277.0
 21
202.5
 12
0.0
 22
0.0
 32
0.0
 14
210.0
 24
297.0
 34
0.0
 15
0.0
 25
0.0
 35
0.0
146
0.0
 13
0.0
 23
0.0
 33
0.0
 16
1.0
 26
0.0
 36
0.0
 17
0.0
 27
1.0
 37
0.0
 76
     0
330
66
331
6A
  0
LAYOUT
  5
22
102
{ACAD_REACTORS
330
1A
102
}
330
1A
100
AcDbPlotSettings
  1

  2
none_device
  4
Letter_(8.50_x_11.00_Inches)
  6

 40
6.35
 41
6.35
 42
6.35000508
 43
6.35000508
 44
215.9
 45
279.4
 46
0.0
 47
0.0
 48
0.0
 49
0.0
140
0.0
141
0.0
142
1.0
143
1.0
 70
  1712
 72
     1
 73
     0
 74
     0
  7

 75
     0
 76
     0
 77
     2
 78
   300
147
1.0
148
0.0
149
0.0
100
AcDbLayout
  1
Model
 70
     1
 71
     0
 10
0.0
 20
0.0
 11
420.0
 21
297.0
 12
0.0
 22
0.0
 32
0.0
 14
1.000000000000000E+20
 24
1.000000000000000E+20
 34
1.000000000000000E+20
 15
-1.000000000000000E+20
 25
-1.000000000000000E+20
 35
-1.000000000000000E+20
146
0.0
 13
0.0
 23
0.0
 33
0.0
 16
1.0
 26
0.0
 36
0.0
 17
0.0
 27
1.0
 37
0.0
 76
     0
330
1F
331
29
  0
MATERIAL
  5
45
102
{ACAD_REACTORS
330
43
102
}
330
43
100
AcDbMaterial
  1
ByBlock
 72
     1
 94
      127
  0
MATERIAL
  5
44
102
{ACAD_REACTORS
330
43
102
}
330
43
100
AcDbMaterial
  1
ByLayer
 72
     1
 94
      127
  0
MATERIAL
  5
46
102
{ACAD_REACTORS
330
43
102
}
330
43
100
AcDbMaterial
  1
Global
 72
     1
 94
      127
  0
MLEADERSTYLE
  5
5C
102
{ACAD_REACTORS
330
5B
102
}
330
5B
100
AcDbMLeaderStyle
179
     2
170
     2
171
     1
172
     0
 90
        2
 40
0.0
 41
0.0
173
     1
 91
-1056964608
340
14
 92
       -2
290
     1
 42
2.0
291
     1
 43
8.0
  3
Standard
341
0
 44
4.0
300

342
11
174
     1
178
     6
175
     1
176
     0
 93
-1056964608
 45
4.0
292
     0
297
     0
 46
4.0
343
0
 94
-1056964608
 47
1.0
 49
1.0
140
1.0
293
     1
141
0.0
294
     1
177
     0
142
1.0
295
     0
296
     0
143
3.75
271
     0
272
     9
273
     9
298
     0
  0
MLINESTYLE
  5
18
102
{ACAD_REACTORS
330
17
102
}
330
17
100
AcDbMlineStyle
  2
Standard
 70
     0
  3

 62
   256
 51
90.0
 52
90.0
 71
     2
 49
0.5
 62
   256
  6
BYLAYER
 49
-0.5
 62
   256
  6
BYLAYER
  0
ACDBPLACEHOLDER
  5
F
102
{ACAD_REACTORS
330
E
102
}
330
E
  0
SCALE
  5
48
102
{ACAD_REACTORS
330
47
102
}
330
47
100
AcDbScale
 70
     0
300
1:1
140
1.0
141
1.0
290
     1
  0
SCALE
  5
49
102
{ACAD_REACTORS
330
47
102
}
330
47
100
AcDbScale
 70
     0
300
1:2
140
1.0
141
2.0
290
     0
  0
SCALE
  5
4A
102
{ACAD_REACTORS
330
47
102
}
330
47
100
AcDbScale
 70
     0
300
1:4
140
1.0
141
4.0
290
     0
  0
SCALE
  5
4B
102
{ACAD_REACTORS
330
47
102
}
330
47
100
AcDbScale
 70
     0
300
1:5
140
1.0
141
5.0
290
     0
  0
SCALE
  5
4C
102
{ACAD_REACTORS
330
47
102
}
330
47
100
AcDbScale
 70
     0
300
1:8
140
1.0
141
8.0
290
     0
  0
SCALE
  5
4D
102
{ACAD_REACTORS
330
47
102
}
330
47
100
AcDbScale
 70
     0
300
1:10
140
1.0
141
10.0
290
     0
  0
SCALE
  5
4E
102
{ACAD_REACTORS
330
47
102
}
330
47
100
AcDbScale
 70
     0
300
1:16
140
1.0
141
16.0
290
     0
  0
SCALE
  5
4F
102
{ACAD_REACTORS
330
47
102
}
330
47
100
AcDbScale
 70
     0
300
1:20
140
1.0
141
20.0
290
     0
  0
SCALE
  5
50
102
{ACAD_REACTORS
330
47
102
}
330
47
100
AcDbScale
 70
     0
300
1:30
140
1.0
141
30.0
290
     0
  0
SCALE
  5
51
102
{ACAD_REACTORS
330
47
102
}
330
47
100
AcDbScale
 70
     0
300
1:40
140
1.0
141
40.0
290
     0
  0
SCALE
  5
52
102
{ACAD_REACTORS
330
47
102
}
330
47
100
AcDbScale
 70
     0
300
1:50
140
1.0
141
50.0
290
     0
  0
SCALE
  5
53
102
{ACAD_REACTORS
330
47
102
}
330
47
100
AcDbScale
 70
     0
300
1:100
140
1.0
141
100.0
290
     0
  0
SCALE
  5
54
102
{ACAD_REACTORS
330
47
102
}
330
47
100
AcDbScale
 70
     0
300
2:1
140
2.0
141
1.0
290
     0
  0
SCALE
  5
55
102
{ACAD_REACTORS
330
47
102
}
330
47
100
AcDbScale
 70
     0
300
4:1
140
4.0
141
1.0
290
     0
  0
SCALE
  5
56
102
{ACAD_REACTORS
330
47
102
}
330
47
100
AcDbScale
 70
     0
300
8:1
140
8.0
141
1.0
290
     0
  0
SCALE
  5
57
102
{ACAD_REACTORS
330
47
102
}
330
47
100
AcDbScale
 70
     0
300
10:1
140
10.0
141
1.0
290
     0
  0
SCALE
  5
58
102
{ACAD_REACTORS
330
47
102
}
330
47
100
AcDbScale
 70
     0
300
100:1
140
100.0
141
1.0
290
     0
  0
TABLESTYLE
  5
5A
102
{ACAD_REACTORS
330
59
102
}
102
{ACAD_XDICTIONARY
360
70
102
}
330
59
100
AcDbTableStyle
  3
Standard
 70
     0
 71
     0
 40
0.06
 41
0.06
280
     0
281
     0
  7
Standard
140
4.5
170
     2
 62
     0
 63
   257
283
     0
 90
        4
 91
        0
  1

274
    -2
284
     1
 64
     0
275
    -2
285
     1
 65
     0
276
    -2
286
     1
 66
     0
277
    -2
287
     1
 67
     0
278
    -2
288
     1
 68
     0
279
    -2
289
     1
 69
     0
  7
Standard
140
6.0
170
     5
 62
     0
 63
   257
283
     0
 90
        4
 91
        0
  1

274
    -2
284
     1
 64
     0
275
    -2
285
     1
 65
     0
276
    -2
286
     1
 66
     0
277
    -2
287
     1
 67
     0
278
    -2
288
     1
 68
     0
279
    -2
289
     1
 69
     0
  7
Standard
140
4.5
170
     5
 62
     0
 63
   257
283
     0
 90
        4
 91
        0
  1

274
    -2
284
     1
 64
     0
275
    -2
285
     1
 65
     0
276
    -2
286
     1
 66
     0
277
    -2
287
     1
 67
     0
278
    -2
288
     1
 68
     0
279
    -2
289
     1
 69
     0
  0
VISUALSTYLE
  5
2F
102
{ACAD_REACTORS
330
2A
102
}
330
2A
100
AcDbVisualStyle
  2
2dWireframe
 70
     4
177
     3
291
     0
 70
    58
 90
        0
176
     1
 90
        2
176
     1
 90
        0
176
     1
 90
        0
176
     1
 40
0.6
176
     1
 40
30.0
176
     1
 62
     7
420
 16777215
176
     1
 90
        1
176
     1
 90
        4
176
     1
 62
     7
176
     1
 62
   257
176
     1
 90
        1
176
     1
 90
        1
176
     1
 40
1.0
176
     1
 90
        0
176
     1
 62
   257
176
     1
 40
1.0
176
     1
 90
        1
176
     1
 90
        6
176
     1
 90
        2
176
     1
 62
     7
176
     1
 90
        5
176
     1
 90
        0
176
     1
 90
        0
176
     1
290
     0
176
     1
 90
        1
176
     1
 40
0.0
176
     1
 90
        0
176
     1
290
     1
176
     1
290
     1
176
     1
290
     0
176
     1
290
     0
176
     1
290
     0
176
     1
290
     0
176
     1
290
     0
176
     1
290
     0
176
     1
290
     0
176
     1
 90
       50
176
     1
 40
0.0
176
     1
 40
1.0
176
     1
 90
        0
176
     1
 62
    18
420
        0
176
     1
 90
       50
176
     1
 90
        3
176
     1
 62
     5
420
      255
176
     1
290
     0
176
     1
 90
       50
176
     1
 90
       50
176
     1
 90
       50
176
     1
290
     0
176
     1
 90
       50
176
     1
 62
   256
176
     0
 40
1.0
176
     0
 90
        2
176
     1
  1
strokes_ogs.tif
176
     1
290
     0
176
     1
 40
1.0
176
     1
 40
1.0
176
     1
  0
VISUALSTYLE
  5
32
102
{ACAD_REACTORS
330
2A
102
}
330
2A
100
AcDbVisualStyle
  2
Basic
 70
     7
177
     3
291
     1
 70
    58
 90
        1
176
     1
 90
        0
176
     1
 90
        1
176
     1
 90
        0
176
     1
 40
0.6
176
     1
 40
30.0
176
     1
 62
     7
420
 16777215
176
     1
 90
        0
176
     1
 90
        4
176
     1
 62
     7
176
     1
 62
   257
176
     1
 90
        1
176
     1
 90
        1
176
     1
 40
1.0
176
     1
 90
        8
176
     1
 62
     7
176
     1
 40
1.0
176
     1
 90
        1
176
     1
 90
        6
176
     1
 90
        2
176
     1
 62
     7
176
     1
 90
        5
176
     1
 90
        0
176
     1
 90
        0
176
     1
290
     0
176
     1
 90
        1
176
     1
 40
0.0
176
     1
 90
        0
176
     1
290
     0
176
     1
290
     1
176
     1
290
     1
176
     1
290
     0
176
     1
290
     0
176
     1
290
     0
176
     1
290
     0
176
     1
290
     0
176
     1
290
     0
176
     1
 90
       50
176
     1
 40
0.0
176
     1
 40
1.0
176
     1
 90
        0
176
     1
 62
    18
420
        0
176
     1
 90
       50
176
     1
 90
        3
176
     1
 62
     5
420
      255
176
     1
290
     0
176
     1
 90
       50
176
     1
 90
       50
176
     1
 90
       50
176
     1
290
     0
176
     1
 90
       50
176
     1
 62
   256
176
     0
 40
1.0
176
     0
 90
        2
176
     1
  1
strokes_ogs.tif
176
     1
290
     0
176
     1
 40
1.0
176
     1
 40
1.0
176
     1
  0
VISUALSTYLE
  5
36
102
{ACAD_REACTORS
330
2A
102
}
330
2A
100
AcDbVisualStyle
  2
Brighten
 70
    12
177
     3
291
     1
 70
    58
 90
        2
176
     1
 90
        2
176
     1
 90
        0
176
     1
 90
        0
176
     1
 40
0.6
176
     1
 40
30.0
176
     1
 62
     7
420
 16777215
176
     1
 90
        1
176
     1
 90
        4
176
     1
 62
     7
176
     1
 62
   257
176
     1
 90
        1
176
     1
 90
        1
176
     1
 40
1.0
176
     1
 90
        8
176
     1
 62
     7
176
     1
 40
1.0
176
     1
 90
        1
176
     1
 90
        6
176
     1
 90
        2
176
     1
 62
     7
176
     1
 90
        5
176
     1
 90
        0
176
     1
 90
        0
176
     1
290
     0
176
     1
 90
        1
176
     1
 40
50.0
176
     1
 90
        0
176
     1
290
     0
176
     1
290
     1
176
     1
290
     1
176
     1
290
     0
176
     1
290
     0
176
     1
290
     0
176
     1
290
     0
176
     1
290
     0
176
     1
290
     0
176
     1
 90
       50
176
     1
 40
0.0
176
     1
 40
1.0
176
     1
 90
        0
176
     1
 62
    18
420
        0
176
     1
 90
       50
176
     1
 90
        3
176
     1
 62
     5
420
      255
176
     1
290
     0
176
     1
 90
       50
176
     1
 90
       50
176
     1
 90
       50
176
     1
290
     0
176
     1
 90
       50
176
     1
 62
   256
176
     0
 40
1.0
176
     0
 90
        2
176
     1
  1
strokes_ogs.tif
176
     1
290
     0
176
     1
 40
1.0
176
     1
 40
1.0
176
     1
  0
VISUALSTYLE
  5
3A
102
{ACAD_REACTORS
330
2A
102
}
330
2A
100
AcDbVisualStyle
  2
ColorChange
 70
    16
177
     3
291
     1
 70
    58
 90
        2
176
     1
 90
        2
176
     1
 90
        3
176
     1
 90
        0
176
     1
 40
0.6
176
     1
 40
30.0
176
     1
 62
     8
420
  8421504
176
     1
 90
        1
176
     1
 90
        4
176
     1
 62
     7
176
     1
 62
   257
176
     1
 90
        1
176
     1
 90
        1
176
     1
 40
1.0
176
     1
 90
        8
176
     1
 62
     8
420
  8421504
176
     1
 40
1.0
176
     1
 90
        1
176
     1
 90
        6
176
     1
 90
        2
176
     1
 62
     7
176
     1
 90
        5
176
     1
 90
        0
176
     1
 90
        0
176
     1
290
     0
176
     1
 90
        1
176
     1
 40
0.0
176
     1
 90
        0
176
     1
290
     0
176
     1
290
     1
176
     1
290
     1
176
     1
290
     0
176
     1
290
     0
176
     1
290
     0
176
     1
290
     0
176
     1
290
     0
176
     1
290
     0
176
     1
 90
       50
176
     1
 40
0.0
176
     1
 40
1.0
176
     1
 90
        0
176
     1
 62
    18
420
        0
176
     1
 90
       50
176
     1
 90
        3
176
     1
 62
     5
420
      255
176
     1
290
     0
176
     1
 90
       50
176
     1
 90
       50
176
     1
 90
       50
176
     1
290
     0
176
     1
 90
       50
176
     1
 62
   256
176
     0
 40
1.0
176
     0
 90
        2
176
     1
  1
strokes_ogs.tif
176
     1
290
     0
176
     1
 40
1.0
176
     1
 40
1.0
176
     1
  0
VISUALSTYLE
  5
34
102
{ACAD_REACTORS
330
2A
102
}
330
2A
100
AcDbVisualStyle
  2
Conceptual
 70
     9
177
     3
291
     0
 70
    58
 90
        3
176
     1
 90
        2
176
     1
 90
        0
176
     1
 90
        0
176
     1
 40
0.6
176
     1
 40
30.0
176
     1
 62
     7
420
 16777215
176
     1
 90
        2
176
     1
 90
        2
176
     1
 62
     7
176
     1
 62
   257
176
     1
 90
        1
176
     1
 90
        1
176
     1
 40
179.0
176
     1
 90
        8
176
     1
 62
     7
176
     1
 40
1.0
176
     1
 90
        1
176
     1
 90
        6
176
     1
 90
        2
176
     1
 62
     7
176
     1
 90
        3
176
     1
 90
        0
176
     1
 90
        0
176
     1
290
     0
176
     1
 90
        1
176
     1
 40
0.0
176
     1
 90
        0
176
     1
290
     0
176
     1
290
     1
176
     1
290
     1
176
     1
290
     0
176
     1
290
     0
176
     1
290
     0
176
     1
290
     0
176
     1
290
     0
176
     1
290
     0
176
     1
 90
       50
176
     1
 40
0.0
176
     1
 40
1.0
176
     1
 90
        0
176
     1
 62
    18
420
        0
176
     1
 90
       50
176
     1
 90
        3
176
     1
 62
     5
420
      255
176
     1
290
     0
176
     1
 90
       50
176
     1
 90
       50
176
     1
 90
       50
176
     1
290
     0
176
     1
 90
       50
176
     1
 62
   256
176
     0
 40
1.0
176
     0
 90
        2
176
     1
  1
strokes_ogs.tif
176
     1
290
     0
176
     1
 40
1.0
176
     1
 40
1.0
176
     1
  0
VISUALSTYLE
  5
35
102
{ACAD_REACTORS
330
2A
102
}
330
2A
100
AcDbVisualStyle
  2
Dim
 70
    11
177
     3
291
     1
 70
    58
 90
        2
176
     1
 90
        2
176
     1
 90
        0
176
     1
 90
        0
176
     1
 40
0.6
176
     1
 40
30.0
176
     1
 62
     7
420
 16777215
176
     1
 90
        1
176
     1
 90
        4
176
     1
 62
     7
176
     1
 62
   257
176
     1
 90
        1
176
     1
 90
        1
176
     1
 40
1.0
176
     1
 90
        8
176
     1
 62
     7
176
     1
 40
1.0
176
     1
 90
        1
176
     1
 90
        6
176
     1
 90
        2
176
     1
 62
     7
176
     1
 90
        5
176
     1
 90
        0
176
     1
 90
        0
176
     1
290
     0
176
     1
 90
        1
176
     1
 40
-50.0
176
     1
 90
        0
176
     1
290
     0
176
     1
290
     1
176
     1
290
     1
176
     1
290
     0
176
     1
290
     0
176
     1
290
     0
176
     1
290
     0
176
     1
290
     0
176
     1
290
     0
176
     1
 90
       50
176
     1
 40
0.0
176
     1
 40
1.0
176
     1
 90
        0
176
     1
 62
    18
420
        0
176
     1
 90
       50
176
     1
 90
        3
176
     1
 62
     5
420
      255
176
     1
290
     0
176
     1
 90
       50
176
     1
 90
       50
176
     1
 90
       50
176
     1
290
     0
176
     1
 90
       50
176
     1
 62
   256
176
     0
 40
1.0
176
     0
 90
        2
176
     1
  1
strokes_ogs.tif
176
     1
290
     0
176
     1
 40
1.0
176
     1
 40
1.0
176
     1
  0
VISUALSTYLE
  5
3D
102
{ACAD_REACTORS
330
2A
102
}
330
2A
100
AcDbVisualStyle
  2
EdgeColorOff
 70
    22
177
     3
291
     1
 70
    58
 90
        2
176
     0
 90
        2
176
     0
 90
        0
176
     0
 90
        0
176
     0
 40
0.6
176
     0
 40
30.0
176
     0
 62
     7
420
 16777215
176
     0
 90
        1
176
     0
 90
        4
176
     0
 62
     7
176
     0
 62
   257
176
     0
 90
        1
176
     0
 90
        1
176
     0
 40
1.0
176
     0
 90
        8
176
     2
 62
     7
176
     0
 40
1.0
176
     0
 90
        1
176
     0
 90
        6
176
     0
 90
        2
176
     0
 62
     7
176
     0
 90
        5
176
     0
 90
        0
176
     0
 90
        0
176
     0
290
     0
176
     0
 90
        1
176
     0
 40
0.0
176
     0
 90
        0
176
     0
290
     0
176
     0
290
     1
176
     0
290
     1
176
     0
290
     0
176
     0
290
     0
176
     0
290
     0
176
     0
290
     0
176
     0
290
     0
176
     0
290
     0
176
     0
 90
       50
176
     0
 40
0.0
176
     0
 40
1.0
176
     0
 90
        0
176
     0
 62
    18
420
        0
176
     0
 90
       50
176
     0
 90
        3
176
     0
 62
     5
420
      255
176
     0
290
     0
176
     0
 90
       50
176
     0
 90
       50
176
     0
 90
       50
176
     0
290
     0
176
     0
 90
       50
176
     0
 62
   256
176
     0
 40
1.0
176
     0
 90
        2
176
     0
  1
strokes_ogs.tif
176
     0
290
     0
176
     0
 40
1.0
176
     0
 40
1.0
176
     0
  0
VISUALSTYLE
  5
39
102
{ACAD_REACTORS
330
2A
102
}
330
2A
100
AcDbVisualStyle
  2
Facepattern
 70
    15
177
     3
291
     1
 70
    58
 90
        2
176
     1
 90
        2
176
     1
 90
        0
176
     1
 90
        0
176
     1
 40
0.6
176
     1
 40
30.0
176
     1
 62
     7
420
 16777215
176
     1
 90
        1
176
     1
 90
        4
176
     1
 62
     7
176
     1
 62
   257
176
     1
 90
        1
176
     1
 90
        1
176
     1
 40
1.0
176
     1
 90
        8
176
     1
 62
     7
176
     1
 40
1.0
176
     1
 90
        1
176
     1
 90
        6
176
     1
 90
        2
176
     1
 62
     7
176
     1
 90
        5
176
     1
 90
        0
176
     1
 90
        0
176
     1
290
     0
176
     1
 90
        1
176
     1
 40
0.0
176
     1
 90
        0
176
     1
290
     0
176
     1
290
     1
176
     1
290
     1
176
     1
290
     0
176
     1
290
     0
176
     1
290
     0
176
     1
290
     0
176
     1
290
     0
176
     1
290
     0
176
     1
 90
       50
176
     1
 40
0.0
176
     1
 40
1.0
176
     1
 90
        0
176
     1
 62
    18
420
        0
176
     1
 90
       50
176
     1
 90
        3
176
     1
 62
     5
420
      255
176
     1
290
     0
176
     1
 90
       50
176
     1
 90
       50
176
     1
 90
       50
176
     1
290
     0
176
     1
 90
       50
176
     1
 62
   256
176
     0
 40
1.0
176
     0
 90
        2
176
     1
  1
strokes_ogs.tif
176
     1
290
     0
176
     1
 40
1.0
176
     1
 40
1.0
176
     1
  0
VISUALSTYLE
  5
2B
102
{ACAD_REACTORS
330
2A
102
}
330
2A
100
AcDbVisualStyle
  2
Flat
 70
     0
177
     3
291
     1
 70
    58
 90
        2
176
     1
 90
        1
176
     1
 90
        1
176
     1
 90
        2
176
     1
 40
0.6
176
     1
 40
30.0
176
     1
 62
     7
420
 16777215
176
     1
 90
        0
176
     1
 90
        0
176
     1
 62
     7
176
     1
 62
   257
176
     1
 90
        1
176
     1
 90
        1
176
     1
 40
1.0
176
     1
 90
        8
176
     1
 62
     7
176
     1
 40
1.0
176
     1
 90
        1
176
     1
 90
        6
176
     1
 90
        2
176
     1
 62
     7
176
     1
 90
        5
176
     1
 90
        0
176
     1
 90
        0
176
     1
290
     0
176
     1
 90
       13
176
     1
 40
0.0
176
     1
 90
        0
176
     1
290
     0
176
     1
290
     1
176
     1
290
     1
176
     1
290
     0
176
     1
290
     0
176
     1
290
     0
176
     1
290
     0
176
     1
290
     0
176
     1
290
     0
176
     1
 90
       50
176
     1
 40
0.0
176
     1
 40
1.0
176
     1
 90
        0
176
     1
 62
    18
420
        0
176
     1
 90
       50
176
     1
 90
        3
176
     1
 62
     5
420
      255
176
     1
290
     0
176
     1
 90
       50
176
     1
 90
       50
176
     1
 90
       50
176
     1
290
     0
176
     1
 90
       50
176
     1
 62
   256
176
     0
 40
1.0
176
     0
 90
        2
176
     1
  1
strokes_ogs.tif
176
     1
290
     0
176
     1
 40
1.0
176
     1
 40
1.0
176
     1
  0
VISUALSTYLE
  5
2C
102
{ACAD_REACTORS
330
2A
102
}
330
2A
100
AcDbVisualStyle
  2
FlatWithEdges
 70
     1
177
     3
291
     1
 70
    58
 90
        2
176
     1
 90
        1
176
     1
 90
        1
176
     1
 90
        2
176
     1
 40
0.6
176
     1
 40
30.0
176
     1
 62
     7
420
 16777215
176
     1
 90
        1
176
     1
 90
        0
176
     1
 62
     7
176
     1
 62
   257
176
     1
 90
        1
176
     1
 90
        1
176
     1
 40
1.0
176
     1
 90
        0
176
     1
 62
   257
176
     1
 40
1.0
176
     1
 90
        1
176
     1
 90
        6
176
     1
 90
        2
176
     1
 62
     7
176
     1
 90
        5
176
     1
 90
        0
176
     1
 90
        0
176
     1
290
     0
176
     1
 90
       13
176
     1
 40
0.0
176
     1
 90
        0
176
     1
290
     0
176
     1
290
     1
176
     1
290
     1
176
     1
290
     0
176
     1
290
     0
176
     1
290
     0
176
     1
290
     0
176
     1
290
     0
176
     1
290
     0
176
     1
 90
       50
176
     1
 40
0.0
176
     1
 40
1.0
176
     1
 90
        0
176
     1
 62
    18
420
        0
176
     1
 90
       50
176
     1
 90
        3
176
     1
 62
     5
420
      255
176
     1
290
     0
176
     1
 90
       50
176
     1
 90
       50
176
     1
 90
       50
176
     1
290
     0
176
     1
 90
       50
176
     1
 62
   256
176
     0
 40
1.0
176
     0
 90
        2
176
     1
  1
strokes_ogs.tif
176
     1
290
     0
176
     1
 40
1.0
176
     1
 40
1.0
176
     1
  0
VISUALSTYLE
  5
2D
102
{ACAD_REACTORS
330
2A
102
}
330
2A
100
AcDbVisualStyle
  2
Gouraud
 70
     2
177
     3
291
     1
 70
    58
 90
        2
176
     1
 90
        2
176
     1
 90
        1
176
     1
 90
        2
176
     1
 40
0.6
176
     1
 40
30.0
176
     1
 62
     7
420
 16777215
176
     1
 90
        0
176
     1
 90
        0
176
     1
 62
     7
176
     1
 62
   257
176
     1
 90
        1
176
     1
 90
        1
176
     1
 40
1.0
176
     1
 90
        0
176
     1
 62
     7
176
     1
 40
1.0
176
     1
 90
        1
176
     1
 90
        6
176
     1
 90
        2
176
     1
 62
     7
176
     1
 90
        5
176
     1
 90
        0
176
     1
 90
        0
176
     1
290
     0
176
     1
 90
       13
176
     1
 40
0.0
176
     1
 90
        0
176
     1
290
     0
176
     1
290
     1
176
     1
290
     1
176
     1
290
     0
176
     1
290
     0
176
     1
290
     0
176
     1
290
     0
176
     1
290
     0
176
     1
290
     0
176
     1
 90
       50
176
     1
 40
0.0
176
     1
 40
1.0
176
     1
 90
        0
176
     1
 62
    18
420
        0
176
     1
 90
       50
176
     1
 90
        3
176
     1
 62
     5
420
      255
176
     1
290
     0
176
     1
 90
       50
176
     1
 90
       50
176
     1
 90
       50
176
     1
290
     0
176
     1
 90
       50
176
     1
 62
   256
176
     0
 40
1.0
176
     0
 90
        2
176
     1
  1
strokes_ogs.tif
176
     1
290
     0
176
     1
 40
1.0
176
     1
 40
1.0
176
     1
  0
VISUALSTYLE
  5
2E
102
{ACAD_REACTORS
330
2A
102
}
330
2A
100
AcDbVisualStyle
  2
GouraudWithEdges
 70
     3
177
     3
291
     1
 70
    58
 90
        2
176
     1
 90
        2
176
     1
 90
        1
176
     1
 90
        2
176
     1
 40
0.6
176
     1
 40
30.0
176
     1
 62
     7
420
 16777215
176
     1
 90
        1
176
     1
 90
        0
176
     1
 62
     7
176
     1
 62
   257
176
     1
 90
        1
176
     1
 90
        1
176
     1
 40
1.0
176
     1
 90
        0
176
     1
 62
   257
176
     1
 40
1.0
176
     1
 90
        1
176
     1
 90
        6
176
     1
 90
        2
176
     1
 62
     7
176
     1
 90
        5
176
     1
 90
        0
176
     1
 90
        0
176
     1
290
     0
176
     1
 90
       13
176
     1
 40
0.0
176
     1
 90
        0
176
     1
290
     0
176
     1
290
     1
176
     1
290
     1
176
     1
290
     0
176
     1
290
     0
176
     1
290
     0
176
     1
290
     0
176
     1
290
     0
176
     1
290
     0
176
     1
 90
       50
176
     1
 40
0.0
176
     1
 40
1.0
176
     1
 90
        0
176
     1
 62
    18
420
        0
176
     1
 90
       50
176
     1
 90
        3
176
     1
 62
     5
420
      255
176
     1
290
     0
176
     1
 90
       50
176
     1
 90
       50
176
     1
 90
       50
176
     1
290
     0
176
     1
 90
       50
176
     1
 62
   256
176
     0
 40
1.0
176
     0
 90
        2
176
     1
  1
strokes_ogs.tif
176
     1
290
     0
176
     1
 40
1.0
176
     1
 40
1.0
176
     1
  0
VISUALSTYLE
  5
31
102
{ACAD_REACTORS
330
2A
102
}
330
2A
100
AcDbVisualStyle
  2
Hidden
 70
     6
177
     3
291
     0
 70
    58
 90
        1
176
     1
 90
        2
176
     1
 90
        2
176
     1
 90
        0
176
     1
 40
0.6
176
     1
 40
30.0
176
     1
 62
     7
420
 16777215
176
     1
 90
        2
176
     1
 90
        2
176
     1
 62
     7
176
     1
 62
   257
176
     1
 90
        2
176
     1
 90
        1
176
     1
 40
40.0
176
     1
 90
        0
176
     1
 62
   257
176
     1
 40
1.0
176
     1
 90
        1
176
     1
 90
        6
176
     1
 90
        2
176
     1
 62
     7
176
     1
 90
        3
176
     1
 90
        0
176
     1
 90
        0
176
     1
290
     0
176
     1
 90
        1
176
     1
 40
0.0
176
     1
 90
        0
176
     1
290
     0
176
     1
290
     1
176
     1
290
     1
176
     1
290
     0
176
     1
290
     0
176
     1
290
     0
176
     1
290
     0
176
     1
290
     0
176
     1
290
     0
176
     1
 90
       50
176
     1
 40
0.0
176
     1
 40
1.0
176
     1
 90
        0
176
     1
 62
    18
420
        0
176
     1
 90
       50
176
     1
 90
        3
176
     1
 62
     5
420
      255
176
     1
290
     0
176
     1
 90
       50
176
     1
 90
       50
176
     1
 90
       50
176
     1
290
     0
176
     1
 90
       50
176
     1
 62
   256
176
     0
 40
1.0
176
     0
 90
        2
176
     1
  1
strokes_ogs.tif
176
     1
290
     0
176
     1
 40
1.0
176
     1
 40
1.0
176
     1
  0
VISUALSTYLE
  5
3B
102
{ACAD_REACTORS
330
2A
102
}
330
2A
100
AcDbVisualStyle
  2
JitterOff
 70
    20
177
     3
291
     1
 70
    58
 90
        2
176
     0
 90
        2
176
     0
 90
        0
176
     0
 90
        0
176
     0
 40
0.6
176
     0
 40
30.0
176
     0
 62
     7
420
 16777215
176
     0
 90
        1
176
     0
 90
        4
176
     0
 62
     7
176
     0
 62
   257
176
     0
 90
        1
176
     0
 90
        1
176
     0
 40
1.0
176
     0
 90
       10
176
     2
 62
     7
176
     0
 40
1.0
176
     0
 90
        1
176
     0
 90
        6
176
     0
 90
        2
176
     0
 62
     7
176
     0
 90
        5
176
     0
 90
        0
176
     0
 90
        0
176
     0
290
     0
176
     0
 90
        1
176
     0
 40
0.0
176
     0
 90
        0
176
     0
290
     0
176
     0
290
     1
176
     0
290
     1
176
     0
290
     0
176
     0
290
     0
176
     0
290
     0
176
     0
290
     0
176
     0
290
     0
176
     0
290
     0
176
     0
 90
       50
176
     0
 40
0.0
176
     0
 40
1.0
176
     0
 90
        0
176
     0
 62
    18
420
        0
176
     0
 90
       50
176
     0
 90
        3
176
     0
 62
     5
420
      255
176
     0
290
     0
176
     0
 90
       50
176
     0
 90
       50
176
     0
 90
       50
176
     0
290
     0
176
     0
 90
       50
176
     0
 62
   256
176
     0
 40
1.0
176
     0
 90
        2
176
     0
  1
strokes_ogs.tif
176
     0
290
     0
176
     0
 40
1.0
176
     0
 40
1.0
176
     0
  0
VISUALSTYLE
  5
38
102
{ACAD_REACTORS
330
2A
102
}
330
2A
100
AcDbVisualStyle
  2
Linepattern
 70
    14
177
     3
291
     1
 70
    58
 90
        2
176
     1
 90
        2
176
     1
 90
        0
176
     1
 90
        0
176
     1
 40
0.6
176
     1
 40
30.0
176
     1
 62
     7
420
 16777215
176
     1
 90
        1
176
     1
 90
        4
176
     1
 62
     7
176
     1
 62
   257
176
     1
 90
        7
176
     1
 90
        7
176
     1
 40
1.0
176
     1
 90
        8
176
     1
 62
     7
176
     1
 40
1.0
176
     1
 90
        1
176
     1
 90
        6
176
     1
 90
        2
176
     1
 62
     7
176
     1
 90
        5
176
     1
 90
        0
176
     1
 90
        0
176
     1
290
     0
176
     1
 90
        1
176
     1
 40
0.0
176
     1
 90
        0
176
     1
290
     0
176
     1
290
     1
176
     1
290
     1
176
     1
290
     0
176
     1
290
     0
176
     1
290
     0
176
     1
290
     0
176
     1
290
     0
176
     1
290
     0
176
     1
 90
       50
176
     1
 40
0.0
176
     1
 40
1.0
176
     1
 90
        0
176
     1
 62
    18
420
        0
176
     1
 90
       50
176
     1
 90
        3
176
     1
 62
     5
420
      255
176
     1
290
     0
176
     1
 90
       50
176
     1
 90
       50
176
     1
 90
       50
176
     1
290
     0
176
     1
 90
       50
176
     1
 62
   256
176
     0
 40
1.0
176
     0
 90
        2
176
     1
  1
strokes_ogs.tif
176
     1
290
     0
176
     1
 40
1.0
176
     1
 40
1.0
176
     1
  0
VISUALSTYLE
  5
3C
102
{ACAD_REACTORS
330
2A
102
}
330
2A
100
AcDbVisualStyle
  2
OverhangOff
 70
    21
177
     3
291
     1
 70
    58
 90
        2
176
     0
 90
        2
176
     0
 90
        0
176
     0
 90
        0
176
     0
 40
0.6
176
     0
 40
30.0
176
     0
 62
     7
420
 16777215
176
     0
 90
        1
176
     0
 90
        4
176
     0
 62
     7
176
     0
 62
   257
176
     0
 90
        1
176
     0
 90
        1
176
     0
 40
1.0
176
     0
 90
        9
176
     2
 62
     7
176
     0
 40
1.0
176
     0
 90
        1
176
     0
 90
        6
176
     0
 90
        2
176
     0
 62
     7
176
     0
 90
        5
176
     0
 90
        0
176
     0
 90
        0
176
     0
290
     0
176
     0
 90
        1
176
     0
 40
0.0
176
     0
 90
        0
176
     0
290
     0
176
     0
290
     1
176
     0
290
     1
176
     0
290
     0
176
     0
290
     0
176
     0
290
     0
176
     0
290
     0
176
     0
290
     0
176
     0
290
     0
176
     0
 90
       50
176
     0
 40
0.0
176
     0
 40
1.0
176
     0
 90
        0
176
     0
 62
    18
420
        0
176
     0
 90
       50
176
     0
 90
        3
176
     0
 62
     5
420
      255
176
     0
290
     0
176
     0
 90
       50
176
     0
 90
       50
176
     0
 90
       50
176
     0
290
     0
176
     0
 90
       50
176
     0
 62
   256
176
     0
 40
1.0
176
     0
 90
        2
176
     0
  1
strokes_ogs.tif
176
     0
290
     0
176
     0
 40
1.0
176
     0
 40
1.0
176
     0
  0
VISUALSTYLE
  5
33
102
{ACAD_REACTORS
330
2A
102
}
330
2A
100
AcDbVisualStyle
  2
Realistic
 70
     8
177
     3
291
     0
 70
    58
 90
        2
176
     1
 90
        3
176
     1
 90
        0
176
     1
 90
        2
176
     1
 40
0.6
176
     1
 40
30.0
176
     1
 62
     7
420
 16777215
176
     1
 90
        0
176
     1
 90
        0
176
     1
 62
     7
176
     1
 62
   257
176
     1
 90
        1
176
     1
 90
        1
176
     1
 40
1.0
176
     1
 90
        8
176
     1
 62
   257
176
     1
 40
1.0
176
     1
 90
        1
176
     1
 90
        6
176
     1
 90
        2
176
     1
 62
     7
176
     1
 90
        3
176
     1
 90
        0
176
     1
 90
        0
176
     1
290
     0
176
     1
 90
       13
176
     1
 40
0.0
176
     1
 90
        0
176
     1
290
     0
176
     1
290
     1
176
     1
290
     1
176
     1
290
     0
176
     1
290
     0
176
     1
290
     0
176
     1
290
     0
176
     1
290
     0
176
     1
290
     0
176
     1
 90
       50
176
     1
 40
0.0
176
     1
 40
1.0
176
     1
 90
        0
176
     1
 62
    18
420
        0
176
     1
 90
       50
176
     1
 90
        3
176
     1
 62
     5
420
      255
176
     1
290
     0
176
     1
 90
       50
176
     1
 90
       50
176
     1
 90
       50
176
     1
290
     0
176
     1
 90
       50
176
     1
 62
   256
176
     0
 40
1.0
176
     0
 90
        2
176
     1
  1
strokes_ogs.tif
176
     1
290
     0
176
     1
 40
1.0
176
     1
 40
1.0
176
     1
  0
VISUALSTYLE
  5
42
102
{ACAD_REACTORS
330
2A
102
}
330
2A
100
AcDbVisualStyle
  2
Shaded
 70
    27
177
     3
291
     0
 70
    58
 90
        2
176
     1
 90
        2
176
     1
 90
        1
176
     1
 90
        2
176
     1
 40
0.6
176
     1
 40
30.0
176
     1
 62
     7
420
 16777215
176
     1
 90
        0
176
     1
 90
        4
176
     1
 62
     7
176
     1
 62
   257
176
     1
 90
        1
176
     1
 90
        1
176
     1
 40
1.0
176
     1
 90
        8
176
     1
 62
   257
176
     1
 40
1.0
176
     1
 90
        1
176
     1
 90
        6
176
     1
 90
        2
176
     1
 62
     8
420
  7895160
176
     1
 90
        3
176
     1
 90
        0
176
     1
 90
        0
176
     1
290
     0
176
     1
 90
        5
176
     1
 40
0.0
176
     1
 90
        0
176
     1
290
     0
176
     1
290
     1
176
     1
290
     1
176
     1
290
     0
176
     1
290
     0
176
     1
290
     0
176
     1
290
     0
176
     1
290
     0
176
     1
290
     0
176
     1
 90
       50
176
     1
 40
0.0
176
     1
 40
1.0
176
     1
 90
        0
176
     1
 62
    18
420
        0
176
     1
 90
       50
176
     1
 90
        3
176
     1
 62
     5
420
      255
176
     1
290
     0
176
     1
 90
       50
176
     1
 90
       50
176
     1
 90
       50
176
     1
290
     0
176
     1
 90
       50
176
     1
 62
   256
176
     0
 40
1.0
176
     0
 90
        2
176
     1
  1
strokes_ogs.tif
176
     1
290
     0
176
     1
 40
1.0
176
     1
 40
1.0
176
     1
  0
VISUALSTYLE
  5
41
102
{ACAD_REACTORS
330
2A
102
}
330
2A
100
AcDbVisualStyle
  2
Shaded with edges
 70
    26
177
     3
291
     0
 70
    58
 90
        2
176
     1
 90
        2
176
     1
 90
        1
176
     1
 90
        2
176
     1
 40
0.6
176
     1
 40
30.0
176
     1
 62
     7
420
 16777215
176
     1
 90
        1
176
     1
 90
       10
176
     1
 62
     7
176
     1
 62
   257
176
     1
 90
        2
176
     1
 90
        1
176
     1
 40
1.0
176
     1
 90
        8
176
     1
 62
   257
176
     1
 40
1.0
176
     1
 90
        1
176
     1
 90
        6
176
     1
 90
        2
176
     1
 62
     7
176
     1
 90
        3
176
     1
 90
        0
176
     1
 90
        0
176
     1
290
     0
176
     1
 90
        5
176
     1
 40
0.0
176
     1
 90
        0
176
     1
290
     0
176
     1
290
     1
176
     1
290
     1
176
     1
290
     0
176
     1
290
     0
176
     1
290
     0
176
     1
290
     0
176
     1
290
     0
176
     1
290
     0
176
     1
 90
       50
176
     1
 40
0.0
176
     1
 40
1.0
176
     1
 90
        0
176
     1
 62
    18
420
        0
176
     1
 90
       50
176
     1
 90
        3
176
     1
 62
     5
420
      255
176
     1
290
     0
176
     1
 90
       50
176
     1
 90
       50
176
     1
 90
       50
176
     1
290
     0
176
     1
 90
       50
176
     1
 62
   256
176
     0
 40
1.0
176
     0
 90
        2
176
     1
  1
strokes_ogs.tif
176
     1
290
     0
176
     1
 40
1.0
176
     1
 40
1.0
176
     1
  0
VISUALSTYLE
  5
3E
102
{ACAD_REACTORS
330
2A
102
}
330
2A
100
AcDbVisualStyle
  2
Shades of Gray
 70
    23
177
     3
291
     0
 70
    58
 90
        2
176
     1
 90
        2
176
     1
 90
        3
176
     1
 90
        0
176
     1
 40
0.6
176
     1
 40
30.0
176
     1
 62
     7
420
 16777215
176
     1
 90
        2
176
     1
 90
        2
176
     1
 62
     7
176
     1
 62
     7
176
     1
 90
        1
176
     1
 90
        1
176
     1
 40
40.0
176
     1
 90
        8
176
     1
 62
     7
176
     1
 40
1.0
176
     1
 90
        1
176
     1
 90
        6
176
     1
 90
        2
176
     1
 62
     7
176
     1
 90
        3
176
     1
 90
        0
176
     1
 90
        0
176
     1
290
     0
176
     1
 90
        1
176
     1
 40
0.0
176
     1
 90
        0
176
     1
290
     0
176
     1
290
     1
176
     1
290
     1
176
     1
290
     0
176
     1
290
     0
176
     1
290
     0
176
     1
290
     0
176
     1
290
     0
176
     1
290
     0
176
     1
 90
       50
176
     1
 40
0.0
176
     1
 40
1.0
176
     1
 90
        0
176
     1
 62
    18
420
        0
176
     1
 90
       50
176
     1
 90
        3
176
     1
 62
     5
420
      255
176
     1
290
     0
176
     1
 90
       50
176
     1
 90
       50
176
     1
 90
       50
176
     1
290
     0
176
     1
 90
       50
176
     1
 62
   256
176
     0
 40
1.0
176
     0
 90
        2
176
     1
  1
strokes_ogs.tif
176
     1
290
     0
176
     1
 40
1.0
176
     1
 40
1.0
176
     1
  0
VISUALSTYLE
  5
3F
102
{ACAD_REACTORS
330
2A
102
}
330
2A
100
AcDbVisualStyle
  2
Sketchy
 70
    24
177
     3
291
     0
 70
    58
 90
        1
176
     1
 90
        2
176
     1
 90
        2
176
     1
 90
        0
176
     1
 40
0.6
176
     1
 40
30.0
176
     1
 62
     7
420
 16777215
176
     1
 90
        2
176
     1
 90
        2
176
     1
 62
     7
176
     1
 62
     7
176
     1
 90
        1
176
     1
 90
        1
176
     1
 40
40.0
176
     1
 90
       11
176
     1
 62
     7
176
     1
 40
1.0
176
     1
 90
        1
176
     1
 90
        6
176
     1
 90
        2
176
     1
 62
     7
176
     1
 90
        6
176
     1
 90
        0
176
     1
 90
        0
176
     1
290
     0
176
     1
 90
        1
176
     1
 40
0.0
176
     1
 90
        0
176
     1
290
     0
176
     1
290
     1
176
     1
290
     1
176
     1
290
     0
176
     1
290
     0
176
     1
290
     0
176
     1
290
     0
176
     1
290
     0
176
     1
290
     0
176
     1
 90
       50
176
     1
 40
0.0
176
     1
 40
1.0
176
     1
 90
        0
176
     1
 62
    18
420
        0
176
     1
 90
       50
176
     1
 90
        3
176
     1
 62
     5
420
      255
176
     1
290
     0
176
     1
 90
       50
176
     1
 90
       50
176
     1
 90
       50
176
     1
290
     0
176
     1
 90
       50
176
     1
 62
   256
176
     0
 40
1.0
176
     0
 90
        2
176
     1
  1
strokes_ogs.tif
176
     1
290
     0
176
     1
 40
1.0
176
     1
 40
1.0
176
     1
  0
VISUALSTYLE
  5
37
102
{ACAD_REACTORS
330
2A
102
}
330
2A
100
AcDbVisualStyle
  2
Thicken
 70
    13
177
     3
291
     1
 70
    58
 90
        2
176
     1
 90
        2
176
     1
 90
        0
176
     1
 90
        0
176
     1
 40
0.6
176
     1
 40
30.0
176
     1
 62
     7
420
 16777215
176
     1
 90
        1
176
     1
 90
        4
176
     1
 62
     7
176
     1
 62
   257
176
     1
 90
        1
176
     1
 90
        1
176
     1
 40
1.0
176
     1
 90
       12
176
     1
 62
     7
176
     1
 40
1.0
176
     1
 90
        1
176
     1
 90
        6
176
     1
 90
        2
176
     1
 62
     7
176
     1
 90
        5
176
     1
 90
        0
176
     1
 90
        0
176
     1
290
     0
176
     1
 90
        1
176
     1
 40
0.0
176
     1
 90
        0
176
     1
290
     0
176
     1
290
     1
176
     1
290
     1
176
     1
290
     0
176
     1
290
     0
176
     1
290
     0
176
     1
290
     0
176
     1
290
     0
176
     1
290
     0
176
     1
 90
       50
176
     1
 40
0.0
176
     1
 40
1.0
176
     1
 90
        0
176
     1
 62
    18
420
        0
176
     1
 90
       50
176
     1
 90
        3
176
     1
 62
     5
420
      255
176
     1
290
     0
176
     1
 90
       50
176
     1
 90
       50
176
     1
 90
       50
176
     1
290
     0
176
     1
 90
       50
176
     1
 62
   256
176
     0
 40
1.0
176
     0
 90
        2
176
     1
  1
strokes_ogs.tif
176
     1
290
     0
176
     1
 40
1.0
176
     1
 40
1.0
176
     1
  0
VISUALSTYLE
  5
30
102
{ACAD_REACTORS
330
2A
102
}
330
2A
100
AcDbVisualStyle
  2
Wireframe
 70
     5
177
     3
291
     0
 70
    58
 90
        0
176
     1
 90
        2
176
     1
 90
        0
176
     1
 90
        0
176
     1
 40
0.6
176
     1
 40
30.0
176
     1
 62
     7
420
 16777215
176
     1
 90
        1
176
     1
 90
        4
176
     1
 62
     7
176
     1
 62
   257
176
     1
 90
        1
176
     1
 90
        1
176
     1
 40
1.0
176
     1
 90
        0
176
     1
 62
   257
176
     1
 40
1.0
176
     1
 90
        1
176
     1
 90
        6
176
     1
 90
        2
176
     1
 62
     7
176
     1
 90
        3
176
     1
 90
        0
176
     1
 90
        0
176
     1
290
     0
176
     1
 90
        1
176
     1
 40
0.0
176
     1
 90
        0
176
     1
290
     0
176
     1
290
     1
176
     1
290
     1
176
     1
290
     0
176
     1
290
     0
176
     1
290
     0
176
     1
290
     0
176
     1
290
     0
176
     1
290
     0
176
     1
 90
       50
176
     1
 40
0.0
176
     1
 40
1.0
176
     1
 90
        0
176
     1
 62
    18
420
        0
176
     1
 90
       50
176
     1
 90
        3
176
     1
 62
     5
420
      255
176
     1
290
     0
176
     1
 90
       50
176
     1
 90
       50
176
     1
 90
       50
176
     1
290
     0
176
     1
 90
       50
176
     1
 62
   256
176
     0
 40
1.0
176
     0
 90
        2
176
     1
  1
strokes_ogs.tif
176
     1
290
     0
176
     1
 40
1.0
176
     1
 40
1.0
176
     1
  0
VISUALSTYLE
  5
40
102
{ACAD_REACTORS
330
2A
102
}
330
2A
100
AcDbVisualStyle
  2
X-Ray
 70
    25
177
     3
291
     0
 70
    58
 90
        2
176
     1
 90
        2
176
     1
 90
        1
176
     1
 90
        1
176
     1
 40
0.5
176
     1
 40
30.0
176
     1
 62
     7
420
 16777215
176
     1
 90
        1
176
     1
 90
        0
176
     1
 62
     7
176
     1
 62
   257
176
     1
 90
        1
176
     1
 90
        1
176
     1
 40
1.0
176
     1
 90
        8
176
     1
 62
     7
176
     1
 40
1.0
176
     1
 90
        1
176
     1
 90
        6
176
     1
 90
        2
176
     1
 62
     7
176
     1
 90
        3
176
     1
 90
        0
176
     1
 90
        0
176
     1
290
     0
176
     1
 90
       13
176
     1
 40
0.0
176
     1
 90
        0
176
     1
290
     0
176
     1
290
     1
176
     1
290
     1
176
     1
290
     0
176
     1
290
     0
176
     1
290
     0
176
     1
290
     0
176
     1
290
     0
176
     1
290
     0
176
     1
 90
       50
176
     1
 40
0.0
176
     1
 40
1.0
176
     1
 90
        0
176
     1
 62
    18
420
        0
176
     1
 90
       50
176
     1
 90
        3
176
     1
 62
     5
420
      255
176
     1
290
     0
176
     1
 90
       50
176
     1
 90
       50
176
     1
 90
       50
176
     1
290
     0
176
     1
 90
       50
176
     1
 62
   256
176
     0
 40
1.0
176
     0
 90
        2
176
     1
  1
strokes_ogs.tif
176
     1
290
     0
176
     1
 40
1.0
176
     1
 40
1.0
176
     1
  0
DICTIONARYVAR
  5
6F
102
{ACAD_REACTORS
330
6E
102
}
330
6E
100
DictionaryVariables
280
     0
  1
1:1
  0
DICTIONARYVAR
  5
77
102
{ACAD_REACTORS
330
6E
102
}
330
6E
100
DictionaryVariables
280
     0
  1
3.500000
  0
DICTIONARYVAR
  5
78
102
{ACAD_REACTORS
330
6E
102
}
330
6E
100
DictionaryVariables
280
     0
  1
acadiso.lin
  0
DICTIONARYVAR
  5
74
102
{ACAD_REACTORS
330
6E
102
}
330
6E
100
DictionaryVariables
280
     0
  1
Standard
  0
DICTIONARYVAR
  5
73
102
{ACAD_REACTORS
330
6E
102
}
330
6E
100
DictionaryVariables
280
     0
  1
Standard
  0
DICTIONARY
  5
70
330
5A
100
AcDbDictionary
280
     1
281
     1
  3
ACAD_ROUNDTRIP_2008_TABLESTYLE_CELLSTYLEMAP
360
71
  0
CELLSTYLEMAP
  5
71
102
{ACAD_REACTORS
330
70
102
}
330
70
100
AcDbCellStyleMap
 90
        3
300
CELLSTYLE
  1
TABLEFORMAT_BEGIN
 90
        5
170
     1
 91
        0
 92
    32768
 62
   257
 93
        1
300
CONTENTFORMAT
  1
CONTENTFORMAT_BEGIN
 90
        0
 91
        0
 92
        4
 93
        0
300

 40
0.0
140
1.0
 94
        5
 62
     0
340
11
144
6.0
309
CONTENTFORMAT_END
171
     1
301
MARGIN
  1
CELLMARGIN_BEGIN
 40
1.5
 40
1.5
 40
1.5
 40
1.5
 40
1.5
 40
1.5
309
CELLMARGIN_END
 94
        6
 95
        1
302
GRIDFORMAT
  1
GRIDFORMAT_BEGIN
 90
        0
 91
        1
 62
     0
 92
       -2
340
14
 93
        0
 40
0.045
309
GRIDFORMAT_END
 95
        2
302
GRIDFORMAT
  1
GRIDFORMAT_BEGIN
 90
        0
 91
        1
 62
     0
 92
       -2
340
14
 93
        0
 40
0.045
309
GRIDFORMAT_END
 95
        4
302
GRIDFORMAT
  1
GRIDFORMAT_BEGIN
 90
        0
 91
        1
 62
     0
 92
       -2
340
14
 93
        0
 40
0.045
309
GRIDFORMAT_END
 95
        8
302
GRIDFORMAT
  1
GRIDFORMAT_BEGIN
 90
        0
 91
        1
 62
     0
 92
       -2
340
14
 93
        0
 40
0.045
309
GRIDFORMAT_END
 95
       16
302
GRIDFORMAT
  1
GRIDFORMAT_BEGIN
 90
        0
 91
        1
 62
     0
 92
       -2
340
14
 93
        0
 40
0.045
309
GRIDFORMAT_END
 95
       32
302
GRIDFORMAT
  1
GRIDFORMAT_BEGIN
 90
        0
 91
        1
 62
     0
 92
       -2
340
14
 93
        0
 40
0.045
309
GRIDFORMAT_END
309
TABLEFORMAT_END
  1
CELLSTYLE_BEGIN
 90
        1
 91
        1
300
_TITLE
309
CELLSTYLE_END
300
CELLSTYLE
  1
TABLEFORMAT_BEGIN
 90
        5
170
     1
 91
        0
 92
        0
 62
   257
 93
        1
300
CONTENTFORMAT
  1
CONTENTFORMAT_BEGIN
 90
        0
 91
        0
 92
        4
 93
        0
300

 40
0.0
140
1.0
 94
        5
 62
     0
340
11
144
4.5
309
CONTENTFORMAT_END
171
     1
301
MARGIN
  1
CELLMARGIN_BEGIN
 40
1.5
 40
1.5
 40
1.5
 40
1.5
 40
1.5
 40
1.5
309
CELLMARGIN_END
 94
        6
 95
        1
302
GRIDFORMAT
  1
GRIDFORMAT_BEGIN
 90
        0
 91
        1
 62
     0
 92
       -2
340
14
 93
        0
 40
0.045
309
GRIDFORMAT_END
 95
        2
302
GRIDFORMAT
  1
GRIDFORMAT_BEGIN
 90
        0
 91
        1
 62
     0
 92
       -2
340
14
 93
        0
 40
0.045
309
GRIDFORMAT_END
 95
        4
302
GRIDFORMAT
  1
GRIDFORMAT_BEGIN
 90
        0
 91
        1
 62
     0
 92
       -2
340
14
 93
        0
 40
0.045
309
GRIDFORMAT_END
 95
        8
302
GRIDFORMAT
  1
GRIDFORMAT_BEGIN
 90
        0
 91
        1
 62
     0
 92
       -2
340
14
 93
        0
 40
0.045
309
GRIDFORMAT_END
 95
       16
302
GRIDFORMAT
  1
GRIDFORMAT_BEGIN
 90
        0
 91
        1
 62
     0
 92
       -2
340
14
 93
        0
 40
0.045
309
GRIDFORMAT_END
 95
       32
302
GRIDFORMAT
  1
GRIDFORMAT_BEGIN
 90
        0
 91
        1
 62
     0
 92
       -2
340
14
 93
        0
 40
0.045
309
GRIDFORMAT_END
309
TABLEFORMAT_END
  1
CELLSTYLE_BEGIN
 90
        2
 91
        1
300
_HEADER
309
CELLSTYLE_END
300
CELLSTYLE
  1
TABLEFORMAT_BEGIN
 90
        5
170
     1
 91
        0
 92
        0
 62
   257
 93
        1
300
CONTENTFORMAT
  1
CONTENTFORMAT_BEGIN
 90
        0
 91
        0
 92
        4
 93
        0
300

 40
0.0
140
1.0
 94
        2
 62
     0
340
11
144
4.5
309
CONTENTFORMAT_END
171
     1
301
MARGIN
  1
CELLMARGIN_BEGIN
 40
1.5
 40
1.5
 40
1.5
 40
1.5
 40
1.5
 40
1.5
309
CELLMARGIN_END
 94
        6
 95
        1
302
GRIDFORMAT
  1
GRIDFORMAT_BEGIN
 90
        0
 91
        1
 62
     0
 92
       -2
340
14
 93
        0
 40
0.045
309
GRIDFORMAT_END
 95
        2
302
GRIDFORMAT
  1
GRIDFORMAT_BEGIN
 90
        0
 91
        1
 62
     0
 92
       -2
340
14
 93
        0
 40
0.045
309
GRIDFORMAT_END
 95
        4
302
GRIDFORMAT
  1
GRIDFORMAT_BEGIN
 90
        0
 91
        1
 62
     0
 92
       -2
340
14
 93
        0
 40
0.045
309
GRIDFORMAT_END
 95
        8
302
GRIDFORMAT
  1
GRIDFORMAT_BEGIN
 90
        0
 91
        1
 62
     0
 92
       -2
340
14
 93
        0
 40
0.045
309
GRIDFORMAT_END
 95
       16
302
GRIDFORMAT
  1
GRIDFORMAT_BEGIN
 90
        0
 91
        1
 62
     0
 92
       -2
340
14
 93
        0
 40
0.045
309
GRIDFORMAT_END
 95
       32
302
GRIDFORMAT
  1
GRIDFORMAT_BEGIN
 90
        0
 91
        1
 62
     0
 92
       -2
340
14
 93
        0
 40
0.045
309
GRIDFORMAT_END
309
TABLEFORMAT_END
  1
CELLSTYLE_BEGIN
 90
        3
 91
        2
300
_DATA
309
CELLSTYLE_END
  0
ENDSEC
  0
EOF
