  0
SECTION
  2
HEADER
  9
$ACADVER
  1
AC1032
  9
$ACADMAINTVER
 90
       55
  9
$DWGCODEPAGE
  3
ISO8859-1
  9
$LASTSAVEDBY
  1
Gabriel
  9
$REQUIREDVERSIONS
160
                 0
  9
$INSBASE
 10
0.0
 20
0.0
 30
0.0
  9
$EXTMIN
 10
1.000000000000000E+20
 20
1.000000000000000E+20
 30
1.000000000000000E+20
  9
$EXTMAX
 10
-1.000000000000000E+20
 20
-1.000000000000000E+20
 30
-1.000000000000000E+20
  9
$LIMMIN
 10
0.0
 20
0.0
  9
$LIMMAX
 10
420.0
 20
297.0
  9
$ORTHOMODE
 70
     0
  9
$REGENMODE
 70
     1
  9
$FILLMODE
 70
     1
  9
$QTEXTMODE
 70
     0
  9
$MIRRTEXT
 70
     1
  9
$LTSCALE
 40
1.0
  9
$ATTMODE
 70
     1
  9
$TEXTSIZE
 40
2.5
  9
$TRACEWID
 40
1.0
  9
$TEXTSTYLE
  7
Standard
  9
$CLAYER
  8
0
  9
$CELTYPE
  6
ByLayer
  9
$CECOLOR
 62
   256
  9
$CELTSCALE
 40
1.0
  9
$DISPSILH
 70
     0
  9
$DIMSCALE
 40
1.0
  9
$DIMASZ
 40
2.5
  9
$DIMEXO
 40
0.625
  9
$DIMDLI
 40
3.75
  9
$DIMRND
 40
0.0
  9
$DIMDLE
 40
0.0
  9
$DIMEXE
 40
1.25
  9
$DIMTP
 40
0.0
  9
$DIMTM
 40
0.0
  9
$DIMTXT
 40
2.5
  9
$DIMCEN
 40
2.5
  9
$DIMTSZ
 40
0.0
  9
$DIMTOL
 70
     0
  9
$DIMLIM
 70
     0
  9
$DIMTIH
 70
     0
  9
$DIMTOH
 70
     0
  9
$DIMSE1
 70
     0
  9
$DIMSE2
 70
     0
  9
$DIMTAD
 70
     1
  9
$DIMZIN
 70
     8
  9
$DIMBLK
  1

  9
$DIMASO
 70
     1
  9
$DIMSHO
 70
     1
  9
$DIMPOST
  1

  9
$DIMAPOST
  1

  9
$DIMALT
 70
     0
  9
$DIMALTD
 70
     3
  9
$DIMALTF
 40
0.03937007874016
  9
$DIMLFAC
 40
1.0
  9
$DIMTOFL
 70
     1
  9
$DIMTVP
 40
0.0
  9
$DIMTIX
 70
     0
  9
$DIMSOXD
 70
     0
  9
$DIMSAH
 70
     0
  9
$DIMBLK1
  1

  9
$DIMBLK2
  1

  9
$DIMSTYLE
  2
ISO-25
  9
$DIMCLRD
 70
     0
  9
$DIMCLRE
 70
     0
  9
$DIMCLRT
 70
     0
  9
$DIMTFAC
 40
1.0
  9
$DIMGAP
 40
0.625
  9
$DIMJUST
 70
     0
  9
$DIMSD1
 70
     0
  9
$DIMSD2
 70
     0
  9
$DIMTOLJ
 70
     0
  9
$DIMTZIN
 70
     8
  9
$DIMALTZ
 70
     0
  9
$DIMALTTZ
 70
     0
  9
$DIMUPT
 70
     0
  9
$DIMDEC
 70
     2
  9
$DIMTDEC
 70
     2
  9
$DIMALTU
 70
     2
  9
$DIMALTTD
 70
     3
  9
$DIMTXSTY
  7
Standard
  9
$DIMAUNIT
 70
     0
  9
$DIMADEC
 70
     0
  9
$DIMALTRND
 40
0.0
  9
$DIMAZIN
 70
     0
  9
$DIMDSEP
 70
    44
  9
$DIMATFIT
 70
     3
  9
$DIMFRAC
 70
     0
  9
$DIMLDRBLK
  1

  9
$DIMLUNIT
 70
     2
  9
$DIMLWD
 70
    -2
  9
$DIMLWE
 70
    -2
  9
$DIMTMOVE
 70
     0
  9
$DIMFXL
 40
1.0
  9
$DIMFXLON
 70
     0
  9
$DIMJOGANG
 40
0.7853981633974483
  9
$DIMTFILL
 70
     0
  9
$DIMTFILLCLR
 70
     0
  9
$DIMARCSYM
 70
     0
  9
$DIMLTYPE
  6

  9
$DIMLTEX1
  6

  9
$DIMLTEX2
  6

  9
$DIMTXTDIRECTION
 70
     0
  9
$LUNITS
 70
     2
  9
$LUPREC
 70
     4
  9
$SKETCHINC
 40
1.0
  9
$FILLETRAD
 40
0.0
  9
$AUNITS
 70
     0
  9
$AUPREC
 70
     0
  9
$MENU
  1
.
  9
$ELEVATION
 40
0.0
  9
$PELEVATION
 40
0.0
  9
$THICKNESS
 40
0.0
  9
$LIMCHECK
 70
     0
  9
$CHAMFERA
 40
0.0
  9
$CHAMFERB
 40
0.0
  9
$CHAMFERC
 40
0.0
  9
$CHAMFERD
 40
0.0
  9
$SKPOLY
 70
     0
  9
$TDCREATE
 40
2461166.795899965
  9
$TDUCREATE
 40
2461166.712566632
  9
$TDUPDATE
 40
2461166.795900764
  9
$TDUUPDATE
 40
2461166.71256743
  9
$TDINDWG
 40
0.0000000116
  9
$TDUSRTIMER
 40
0.0000000116
  9
$USRTIMER
 70
     1
  9
$ANGBASE
 50
0.0
  9
$ANGDIR
 70
     0
  9
$PDMODE
 70
     0
  9
$PDSIZE
 40
0.0
  9
$PLINEWID
 40
0.0
  9
$SPLFRAME
 70
     0
  9
$SPLINETYPE
 70
     6
  9
$SPLINESEGS
 70
     8
  9
$HANDSEED
  5
1C2
  9
$SURFTAB1
 70
     6
  9
$SURFTAB2
 70
     6
  9
$SURFTYPE
 70
     6
  9
$SURFU
 70
     6
  9
$SURFV
 70
     6
  9
$UCSBASE
  2

  9
$UCSNAME
  2

  9
$UCSORG
 10
0.0
 20
0.0
 30
0.0
  9
$UCSXDIR
 10
1.0
 20
0.0
 30
0.0
  9
$UCSYDIR
 10
0.0
 20
1.0
 30
0.0
  9
$UCSORTHOREF
  2

  9
$UCSORTHOVIEW
 70
     0
  9
$UCSORGTOP
 10
0.0
 20
0.0
 30
0.0
  9
$UCSORGBOTTOM
 10
0.0
 20
0.0
 30
0.0
  9
$UCSORGLEFT
 10
0.0
 20
0.0
 30
0.0
  9
$UCSORGRIGHT
 10
0.0
 20
0.0
 30
0.0
  9
$UCSORGFRONT
 10
0.0
 20
0.0
 30
0.0
  9
$UCSORGBACK
 10
0.0
 20
0.0
 30
0.0
  9
$PUCSBASE
  2

  9
$PUCSNAME
  2

  9
$PUCSORG
 10
0.0
 20
0.0
 30
0.0
  9
$PUCSXDIR
 10
1.0
 20
0.0
 30
0.0
  9
$PUCSYDIR
 10
0.0
 20
1.0
 30
0.0
  9
$PUCSORTHOREF
  2

  9
$PUCSORTHOVIEW
 70
     0
  9
$PUCSORGTOP
 10
0.0
 20
0.0
 30
0.0
  9
$PUCSORGBOTTOM
 10
0.0
 20
0.0
 30
0.0
  9
$PUCSORGLEFT
 10
0.0
 20
0.0
 30
0.0
  9
$PUCSORGRIGHT
 10
0.0
 20
0.0
 30
0.0
  9
$PUCSORGFRONT
 10
0.0
 20
0.0
 30
0.0
  9
$PUCSORGBACK
 10
0.0
 20
0.0
 30
0.0
  9
$USERI1
 70
     0
  9
$USERI2
 70
     0
  9
$USERI3
 70
     0
  9
$USERI4
 70
     0
  9
$USERI5
 70
     0
  9
$USERR1
 40
0.0
  9
$USERR2
 40
0.0
  9
$USERR3
 40
0.0
  9
$USERR4
 40
0.0
  9
$USERR5
 40
0.0
  9
$WORLDVIEW
 70
     1
  9
$SHADEDGE
 70
     3
  9
$SHADEDIF
 70
    70
  9
$TILEMODE
 70
     1
  9
$MAXACTVP
 70
    64
  9
$PINSBASE
 10
0.0
 20
0.0
 30
0.0
  9
$PLIMCHECK
 70
     0
  9
$PEXTMIN
 10
50.29237700473979
 20
64.87477951782273
 30
0.0
  9
$PEXTMAX
 10
0.0
 20
0.0
 30
0.0
  9
$PLIMMIN
 10
-20.0
 20
-7.5
  9
$PLIMMAX
 10
277.0
 20
202.5
  9
$UNITMODE
 70
     0
  9
$VISRETAIN
 70
     1
  9
$PLINEGEN
 70
     0
  9
$PSLTSCALE
 70
     1
  9
$TREEDEPTH
 70
  3020
  9
$CMLSTYLE
  2
Standard
  9
$CMLJUST
 70
     0
  9
$CMLSCALE
 40
20.0
  9
$PROXYGRAPHICS
 70
     1
  9
$MEASUREMENT
 70
     1
  9
$CELWEIGHT
370
    -1
  9
$ENDCAPS
280
     0
  9
$JOINSTYLE
280
     0
  9
$LWDISPLAY
290
     0
  9
$INSUNITS
 70
     4
  9
$HYPERLINKBASE
  1

  9
$STYLESHEET
  1

  9
$XEDIT
290
     1
  9
$CEPSNTYPE
380
     0
  9
$PSTYLEMODE
290
     1
  9
$FINGERPRINTGUID
  2
{1e3f8671-ca98-49e5-b413-8ee6268173c8}
  9
$VERSIONGUID
  2
{FAEB1C32-E019-11D5-929B-00C0DF256EC4}
  9
$EXTNAMES
290
     1
  9
$PSVPSCALE
 40
0.0
  9
$OLESTARTUP
290
     0
  9
$SORTENTS
280
   127
  9
$INDEXCTL
280
     0
  9
$HIDETEXT
280
     1
  9
$XCLIPFRAME
280
     2
  9
$HALOGAP
280
     0
  9
$OBSCOLOR
 70
   257
  9
$OBSLTYPE
280
     0
  9
$INTERSECTIONDISPLAY
280
     0
  9
$INTERSECTIONCOLOR
 70
   257
  9
$DIMASSOC
280
     2
  9
$PROJECTNAME
  1

  9
$CAMERADISPLAY
290
     0
  9
$LENSLENGTH
 40
50.0
  9
$CAMERAHEIGHT
 40
0.0
  9
$STEPSPERSEC
 40
2.0
  9
$STEPSIZE
 40
6.0
  9
$3DDWFPREC
 40
2.0
  9
$PSOLWIDTH
 40
5.0
  9
$PSOLHEIGHT
 40
80.0
  9
$LOFTANG1
 40
1.570796326794897
  9
$LOFTANG2
 40
1.570796326794897
  9
$LOFTMAG1
 40
0.0
  9
$LOFTMAG2
 40
0.0
  9
$LOFTPARAM
 70
     7
  9
$LOFTNORMALS
280
     1
  9
$LATITUDE
 40
37.795
  9
$LONGITUDE
 40
-122.394
  9
$NORTHDIRECTION
 40
0.0
  9
$TIMEZONE
 70
 -8000
  9
$LIGHTGLYPHDISPLAY
280
     1
  9
$TILEMODELIGHTSYNCH
280
     1
  9
$CMATERIAL
347
44
  9
$SOLIDHIST
280
     0
  9
$SHOWHIST
280
     1
  9
$DWFFRAME
280
     2
  9
$DGNFRAME
280
     2
  9
$REALWORLDSCALE
290
     1
  9
$INTERFERECOLOR
 62
   256
  9
$CSHADOW
280
     0
  9
$SHADOWPLANELOCATION
 40
0.0
  0
ENDSEC
  0
SECTION
  2
CLASSES
  0
CLASS
  1
ACDBDICTIONARYWDFLT
  2
AcDbDictionaryWithDefault
  3
ObjectDBX Classes
 90
        0
 91
        3
280
     0
281
     0
  0
CLASS
  1
VISUALSTYLE
  2
AcDbVisualStyle
  3
ObjectDBX Classes
 90
     4095
 91
        3
280
     0
281
     0
  0
CLASS
  1
MATERIAL
  2
AcDbMaterial
  3
ObjectDBX Classes
 90
     1153
 91
        3
280
     0
281
     0
  0
CLASS
  1
SCALE
  2
AcDbScale
  3
ObjectDBX Classes
 90
     1153
 91
        3
280
     0
281
     0
  0
CLASS
  1
TABLESTYLE
  2
AcDbTableStyle
  3
ObjectDBX Classes
 90
     4095
 91
        3
280
     0
281
     0
  0
CLASS
  1
MLEADERSTYLE
  2
AcDbMLeaderStyle
  3
ACDB_MLEADERSTYLE_CLASS
 90
     4095
 91
        3
280
     0
281
     0
  0
CLASS
  1
SUN
  2
AcDbSun
  3
SCENEOE
 90
     1153
 91
        3
280
     0
281
     0
  0
CLASS
  1
DICTIONARYVAR
  2
AcDbDictionaryVar
  3
ObjectDBX Classes
 90
        0
 91
        3
280
     0
281
     0
  0
CLASS
  1
CELLSTYLEMAP
  2
AcDbCellStyleMap
  3
ObjectDBX Classes
 90
     1152
 91
        3
280
     0
281
     0
  0
ENDSEC
  0
SECTION
  2
TABLES
  0
TABLE
  2
VPORT
  5
8
330
0
100
AcDbSymbolTable
 70
     1
  0
VPORT
  5
29
330
8
100
AcDbSymbolTableRecord
100
AcDbViewportTableRecord
  2
*Active
 70
     0
 10
0.0
 20
0.0
 11
1.0
 21
1.0
 12
29.0900033159144
 22
32.43738975891134
 13
0.0
 23
0.0
 14
10.0
 24
10.0
 15
10.0
 25
10.0
 16
0.0
 26
0.0
 36
1.0
 17
0.0
 27
0.0
 37
0.0
 40
64.87477951782273
 41
1.972972972850329
 42
50.0
 43
0.0
 44
0.0
 50
0.0
 51
0.0
 71
     0
 72
   100
 73
     1
 74
     3
 75
     0
 76
     0
 77
     0
 78
     0
281
     0
 65
     1
110
0.0
120
0.0
130
0.0
111
1.0
121
0.0
131
0.0
112
0.0
122
1.0
132
0.0
 79
     0
146
0.0
348
2F
 60
     3
 61
     5
292
     1
282
     1
141
0.0
142
0.0
 63
   250
361
5D
  0
ENDTAB
  0
TABLE
  2
LTYPE
  5
5
330
0
100
AcDbSymbolTable
 70
     1
  0
LTYPE
  5
14
330
5
100
AcDbSymbolTableRecord
100
AcDbLinetypeTableRecord
  2
ByBlock
 70
     0
  3

 72
    65
 73
     0
 40
0.0
  0
LTYPE
  5
15
330
5
100
AcDbSymbolTableRecord
100
AcDbLinetypeTableRecord
  2
ByLayer
 70
     0
  3

 72
    65
 73
     0
 40
0.0
  0
LTYPE
  5
16
330
5
100
AcDbSymbolTableRecord
100
AcDbLinetypeTableRecord
  2
Continuous
 70
     0
  3
Solid line
 72
    65
 73
     0
 40
0.0
  0
ENDTAB
  0
TABLE
  2
LAYER
  5
2
330
0
100
AcDbSymbolTable
 70
     1
  0
LAYER
  5
10
330
2
100
AcDbSymbolTableRecord
100
AcDbLayerTableRecord
  2
0
 70
     0
 62
     7
  6
Continuous
370
    -3
390
F
347
46
348
0
  0
ENDTAB
  0
TABLE
  2
STYLE
  5
3
330
0
100
AcDbSymbolTable
 70
     1
  0
STYLE
  5
11
330
3
100
AcDbSymbolTableRecord
100
AcDbTextStyleTableRecord
  2
Standard
 70
     0
 40
0.0
 41
1.0
 50
0.0
 71
     0
 42
2.5
  3
txt
  4

  0
ENDTAB
  0
TABLE
  2
VIEW
  5
6
330
0
100
AcDbSymbolTable
 70
     0
  0
ENDTAB
  0
TABLE
  2
UCS
  5
7
330
0
100
AcDbSymbolTable
 70
     0
  0
ENDTAB
  0
TABLE
  2
APPID
  5
9
330
0
100
AcDbSymbolTable
 70
     1
  0
APPID
  5
12
330
9
100
AcDbSymbolTableRecord
100
AcDbRegAppTableRecord
  2
ACAD
 70
     0
  0
ENDTAB
  0
TABLE
  2
DIMSTYLE
  5
A
330
0
100
AcDbSymbolTable
 70
     1
100
AcDbDimStyleTable
  0
DIMSTYLE
105
27
330
A
100
AcDbSymbolTableRecord
100
AcDbDimStyleTableRecord
  2
ISO-25
 70
     0
 41
2.5
 42
0.625
 43
3.75
 44
1.25
 73
     0
 74
     0
 77
     1
 78
     8
140
2.5
141
2.5
143
0.03937007874016
147
0.625
171
     3
172
     1
178
     0
271
     2
272
     2
274
     3
278
    44
283
     0
284
     8
340
11
  0
ENDTAB
  0
TABLE
  2
BLOCK_RECORD
  5
1
330
0
100
AcDbSymbolTable
 70
     0
  0
BLOCK_RECORD
  5
1F
330
1
100
AcDbSymbolTableRecord
100
AcDbBlockTableRecord
  2
*Model_Space
340
22
 70
     0
280
     1
281
     0
  0
BLOCK_RECORD
  5
1AF
330
1
100
AcDbSymbolTableRecord
100
AcDbBlockTableRecord
  2
*Paper_Space
340
1B0
 70
     0
280
     1
281
     0
  0
ENDTAB
  0
ENDSEC
  0
SECTION
  2
BLOCKS
  0
BLOCK
  5
20
330
1F
100
AcDbEntity
  8
0
100
AcDbBlockBegin
  2
*Model_Space
 70
     0
 10
0.0
 20
0.0
 30
0.0
  3
*Model_Space
  1

  0
ENDBLK
  5
21
330
1F
100
AcDbEntity
  8
0
100
AcDbBlockEnd
  0
BLOCK
  5
1B1
330
1AF
100
AcDbEntity
 67
     1
  8
0
100
AcDbBlockBegin
  2
*Paper_Space
 70
     0
 10
0.0
 20
0.0
 30
0.0
  3
*Paper_Space
  1

  0
ENDBLK
  5
1B2
330
1AF
100
AcDbEntity
 67
     1
  8
0
100
AcDbBlockEnd
  0
ENDSEC
  0
SECTION
  2
ENTITIES
  0
SPLINE
  5
5E
330
1F
100
AcDbEntity
  8
0
  6
Continuous
 62
    18
420
        0
370
     9
100
AcDbSpline
210
0.0
220
0.0
230
1.0
 70
    11
 71
     3
 72
    56
 73
    52
 74
     0
 42
0.000000001
 43
0.0
 40
0.0
 40
0.0
 40
0.0
 40
0.0
 40
1.0
 40
1.0
 40
1.0
 40
2.0
 40
2.0
 40
2.0
 40
3.0
 40
3.0
 40
3.0
 40
4.0
 40
4.0
 40
4.0
 40
5.0
 40
5.0
 40
5.0
 40
6.0
 40
6.0
 40
6.0
 40
7.0
 40
7.0
 40
7.0
 40
8.0
 40
8.0
 40
8.0
 40
9.0
 40
9.0
 40
9.0
 40
10.0
 40
10.0
 40
10.0
 40
11.0
 40
11.0
 40
11.0
 40
12.0
 40
12.0
 40
12.0
 40
13.0
 40
13.0
 40
13.0
 40
14.0
 40
14.0
 40
14.0
 40
15.0
 40
15.0
 40
15.0
 40
16.0
 40
16.0
 40
16.0
 40
17.0
 40
17.0
 40
17.0
 40
17.0
 10
54.1721123711299
 20
47.92777312883807
 30
0.0
 10
54.14703900513199
 20
39.23130175753791
 30
0.0
 10
54.16412783638621
 20
37.1899002626329
 30
0.0
 10
53.84667394925803
 20
24.97013094206959
 30
0.0
 10
53.78284099934284
 20
22.51300581416064
 30
0.0
 10
52.48071754247489
 20
19.76130650223098
 30
0.0
 10
50.48204479452831
 20
17.01053541437889
 30
0.0
 10
47.52782353497037
 20
12.94464396903896
 30
0.0
 10
43.05645563903771
 20
8.868483829808866
 30
0.0
 10
38.94449080764141
 20
5.734704396827908
 30
0.0
 10
35.7412320722073
 20
3.293461157835651
 30
0.0
 10
32.75547169441599
 20
1.42405172055777
 30
0.0
 10
30.87495834581786
 20
0.5707541901408035
 30
0.0
 10
30.00464311505603
 20
0.1758418978951681
 30
0.0
 10
29.34765228482034
 20
0.0029429963035739
 30
0.0
 10
28.99063290741373
 20
0.0498334329967349
 30
0.0
 10
28.50146418452132
 20
0.1140801839704864
 30
0.0
 10
27.59385506335615
 20
0.4410063241264766
 30
0.0
 10
26.40734371877893
 20
1.007974981458631
 30
0.0
 10
23.71450538368905
 20
2.294734642237529
 30
0.0
 10
19.53272641435832
 20
4.820971451884674
 30
0.0
 10
15.53318572801638
 20
8.16352274380273
 30
0.0
 10
9.786962840572677
 20
12.96583536976613
 30
0.0
 10
4.435922551257788
 20
19.45581781959342
 30
0.0
 10
4.333435192629254
 20
26.36164021392234
 30
0.0
 10
4.162935576027854
 20
37.8502773132366
 30
0.0
 10
4.150553952418109
 20
44.64368976077445
 30
0.0
 10
3.98637349986216
 20
53.77978070599158
 30
0.0
 10
3.978959421685845
 20
54.19241794644658
 30
0.0
 10
4.154473429967639
 20
54.68567612572373
 30
0.0
 10
4.514903674761641
 20
55.22644108740636
 30
0.0
 10
5.008565737239027
 20
55.96709798331233
 30
0.0
 10
5.855358227986343
 20
56.81684673587802
 30
0.0
 10
6.993478195252862
 20
57.69565272599672
 30
0.0
 10
11.33672253510534
 20
61.04931424867321
 30
0.0
 10
19.96587628689483
 20
64.87355925559719
 30
0.0
 10
29.02942536082183
 20
64.83211222447119
 30
0.0
 10
37.42880039251869
 20
64.79370241882684
 30
0.0
 10
46.36002186217495
 20
61.01015130511522
 30
0.0
 10
50.9579018682299
 20
57.68386146697578
 30
0.0
 10
52.1613154979739
 20
56.81326403458857
 30
0.0
 10
53.07071454810193
 20
55.97087429070771
 30
0.0
 10
53.60663631804643
 20
55.23454610037653
 30
0.0
 10
53.99990600616997
 20
54.69421433180872
 30
0.0
 10
54.19577262076172
 20
54.19896371322966
 30
0.0
 10
54.19384438663583
 20
53.78361611823991
 30
0.0
 10
54.18373673067583
 20
51.60639576019123
 30
0.0
 10
54.17747929408395
 20
49.76179833973153
 30
0.0
 10
54.17274617907481
 20
48.14588877705285
 30
0.0
 10
54.20139176378026
 20
48.07539983291171
 30
0.0
 10
54.20049061236077
 20
47.99679502769978
 30
0.0
 10
54.1721123711299
 20
47.92777312883807
 30
0.0
  0
SPLINE
  5
5F
330
1F
100
AcDbEntity
  8
0
  6
Continuous
 62
    18
420
        0
370
     9
100
AcDbSpline
210
0.0
220
0.0
230
1.0
 70
    11
 71
     3
 72
    86
 73
    82
 74
     0
 42
0.000000001
 43
0.0
 40
0.0
 40
0.0
 40
0.0
 40
0.0
 40
1.0
 40
1.0
 40
1.0
 40
2.0
 40
2.0
 40
2.0
 40
3.0
 40
3.0
 40
3.0
 40
4.0
 40
4.0
 40
4.0
 40
5.0
 40
5.0
 40
5.0
 40
6.0
 40
6.0
 40
6.0
 40
7.0
 40
7.0
 40
7.0
 40
8.0
 40
8.0
 40
8.0
 40
9.0
 40
9.0
 40
9.0
 40
10.0
 40
10.0
 40
10.0
 40
11.0
 40
11.0
 40
11.0
 40
12.0
 40
12.0
 40
12.0
 40
13.0
 40
13.0
 40
13.0
 40
14.0
 40
14.0
 40
14.0
 40
15.0
 40
15.0
 40
15.0
 40
16.0
 40
16.0
 40
16.0
 40
17.0
 40
17.0
 40
17.0
 40
18.0
 40
18.0
 40
18.0
 40
19.0
 40
19.0
 40
19.0
 40
20.0
 40
20.0
 40
20.0
 40
21.0
 40
21.0
 40
21.0
 40
22.0
 40
22.0
 40
22.0
 40
23.0
 40
23.0
 40
23.0
 40
24.0
 40
24.0
 40
24.0
 40
25.0
 40
25.0
 40
25.0
 40
26.0
 40
26.0
 40
26.0
 40
27.0
 40
27.0
 40
27.0
 40
27.0
 10
53.60622019455818
 20
50.89769280730302
 30
0.0
 10
53.60953237716762
 20
51.79290313520265
 30
0.0
 10
53.6134643924973
 20
52.75205151809615
 30
0.0
 10
53.61826579383781
 20
53.78628821818259
 30
0.0
 10
53.6197536029065
 20
54.10676689356191
 30
0.0
 10
53.44470707391387
 20
54.47891840314975
 30
0.0
 10
53.14126352389218
 20
54.89583380495972
 30
0.0
 10
52.63217407553997
 20
55.59529580341646
 30
0.0
 10
51.7636909064137
 20
56.39050780812418
 30
0.0
 10
50.62052931965948
 20
57.21751650873499
 30
0.0
 10
46.09284353493418
 20
60.49302504662353
 30
0.0
 10
37.29793799502833
 20
64.21871003068244
 30
0.0
 10
29.02679327582969
 20
64.25653344729638
 30
0.0
 10
20.10964483102637
 20
64.29731099769441
 30
0.0
 10
11.61834435171695
 20
60.53956607889377
 30
0.0
 10
7.345255058039684
 20
57.24007518549099
 30
0.0
 10
6.267745208823691
 20
56.40806965256182
 30
0.0
 10
5.461224051598675
 20
55.60842649058405
 30
0.0
 10
4.993851762382814
 20
54.90721297778964
 30
0.0
 10
4.713567315856134
 20
54.48669330671466
 30
0.0
 10
4.556100054002345
 20
54.11100470977172
 30
0.0
 10
4.561865386209506
 20
53.7901221446559
 30
0.0
 10
4.582606273392309
 20
52.63596141094089
 30
0.0
 10
4.600924835750521
 20
51.51918556063734
 30
0.0
 10
4.617445791253486
 20
50.42560715190864
 30
0.0
 10
4.815110621371925
 20
50.65179467465764
 30
0.0
 10
5.068322626937293
 20
50.93106148025238
 30
0.0
 10
5.35679302406386
 20
51.22553759562483
 30
0.0
 10
7.032904444726443
 20
52.93654428818311
 30
0.0
 10
8.01519360162024
 20
53.32815891859003
 30
0.0
 10
8.324986204639854
 20
53.44209458872157
 30
0.0
 10
8.332452014618728
 20
53.44484036784839
 30
0.0
 10
8.339831852268388
 20
53.45244159900612
 30
0.0
 10
8.347449510192263
 20
53.45015054915748
 30
0.0
 10
8.408457640983976
 20
53.43180203965328
 30
0.0
 10
8.403028697996472
 20
53.41862290695549
 30
0.0
 10
8.464026527733802
 20
53.40027749554646
 30
0.0
 10
8.440511431762669
 20
53.36518294442816
 30
0.0
 10
8.437756834059806
 20
53.31882694796673
 30
0.0
 10
8.414241738088672
 20
53.28373239684842
 30
0.0
 10
8.398226405990451
 20
53.25983069167627
 30
0.0
 10
7.675870844062985
 20
53.04528048686363
 30
0.0
 10
6.335677191448687
 20
51.61528705949829
 30
0.0
 10
5.460829569403937
 20
50.68182020787556
 30
0.0
 10
4.714322317141227
 20
49.66071197523993
 30
0.0
 10
4.6303533024061
 20
49.55109737730541
 30
0.0
 10
4.635971030110976
 20
49.16145632721862
 30
0.0
 10
4.641377418696607
 20
48.77432969918588
 30
0.0
 10
4.64660162896856
 20
48.3890552470736
 30
0.0
 10
6.726504184554136
 20
50.79368426029845
 30
0.0
 10
15.15699069433366
 20
59.41776662689554
 30
0.0
 10
29.08991993394135
 20
59.42159140002431
 30
0.0
 10
42.97608249241551
 20
59.42540333508138
 30
0.0
 10
51.46579242543559
 20
51.17701952819482
 30
0.0
 10
53.59922547378559
 20
48.8314193587058
 30
0.0
 10
53.59922547378559
 20
48.8314193587058
 30
0.0
 10
53.60322224106265
 20
50.05742396749494
 30
0.0
 10
53.60322224106265
 20
50.05742396749494
 30
0.0
 10
53.58793470952646
 20
50.05938420314023
 30
0.0
 10
53.5704467905163
 20
50.05518637984862
 30
0.0
 10
53.55745556057143
 20
50.06343096313556
 30
0.0
 10
53.52972632574257
 20
50.08102867997989
 30
0.0
 10
51.7251204044352
 20
52.63550454717088
 30
0.0
 10
50.15941147450098
 20
53.59435663411504
 30
0.0
 10
49.90003054856238
 20
53.75320349089331
 30
0.0
 10
49.76833671558707
 20
53.8018922116643
 30
0.0
 10
49.76575613541824
 20
53.80574353775538
 30
0.0
 10
49.74224103944699
 20
53.84083808887347
 30
0.0
 10
49.73948644174358
 20
53.88719408533458
 30
0.0
 10
49.71597134577232
 20
53.92228863645271
 30
0.0
 10
49.7565063846954
 20
53.9344797581491
 30
0.0
 10
49.79225890282162
 20
53.95987598930786
 30
0.0
 10
49.8327939417447
 20
53.97206711100426
 30
0.0
 10
49.83342126977203
 20
53.972255783139
 30
0.0
 10
50.04175990494103
 20
53.90024886686368
 30
0.0
 10
50.28865949279744
 20
53.77246429995364
 30
0.0
 10
50.65075440814207
 20
53.58505960503557
 30
0.0
 10
51.73764159829267
 20
52.97767752979848
 30
0.0
 10
53.41109286684301
 20
51.11947289281942
 30
0.0
 10
53.47442544242195
 20
51.04914823633001
 30
0.0
 10
53.54117553603479
 20
50.97303020255556
 30
0.0
 10
53.60622019455818
 20
50.89769280730302
 30
0.0
  0
SPLINE
  5
60
330
1F
100
AcDbEntity
  8
0
  6
Continuous
 62
    18
420
        0
370
     9
100
AcDbSpline
210
0.0
220
0.0
230
1.0
 70
    11
 71
     3
 72
   122
 73
   118
 74
     0
 42
0.000000001
 43
0.0
 40
0.0
 40
0.0
 40
0.0
 40
0.0
 40
1.0
 40
1.0
 40
1.0
 40
2.0
 40
2.0
 40
2.0
 40
3.0
 40
3.0
 40
3.0
 40
4.0
 40
4.0
 40
4.0
 40
5.0
 40
5.0
 40
5.0
 40
6.0
 40
6.0
 40
6.0
 40
7.0
 40
7.0
 40
7.0
 40
8.0
 40
8.0
 40
8.0
 40
9.0
 40
9.0
 40
9.0
 40
10.0
 40
10.0
 40
10.0
 40
11.0
 40
11.0
 40
11.0
 40
12.0
 40
12.0
 40
12.0
 40
13.0
 40
13.0
 40
13.0
 40
14.0
 40
14.0
 40
14.0
 40
15.0
 40
15.0
 40
15.0
 40
16.0
 40
16.0
 40
16.0
 40
17.0
 40
17.0
 40
17.0
 40
18.0
 40
18.0
 40
18.0
 40
19.0
 40
19.0
 40
19.0
 40
20.0
 40
20.0
 40
20.0
 40
21.0
 40
21.0
 40
21.0
 40
22.0
 40
22.0
 40
22.0
 40
23.0
 40
23.0
 40
23.0
 40
24.0
 40
24.0
 40
24.0
 40
25.0
 40
25.0
 40
25.0
 40
26.0
 40
26.0
 40
26.0
 40
27.0
 40
27.0
 40
27.0
 40
28.0
 40
28.0
 40
28.0
 40
29.0
 40
29.0
 40
29.0
 40
30.0
 40
30.0
 40
30.0
 40
31.0
 40
31.0
 40
31.0
 40
32.0
 40
32.0
 40
32.0
 40
33.0
 40
33.0
 40
33.0
 40
34.0
 40
34.0
 40
34.0
 40
35.0
 40
35.0
 40
35.0
 40
36.0
 40
36.0
 40
36.0
 40
37.0
 40
37.0
 40
37.0
 40
38.0
 40
38.0
 40
38.0
 40
39.0
 40
39.0
 40
39.0
 40
39.0
 10
38.17423829096296
 20
62.25838652208701
 30
0.0
 10
38.17423829096296
 20
62.25838652208701
 30
0.0
 10
41.11502392664347
 20
61.37137131957441
 30
0.0
 10
41.11502392664347
 20
61.37137131957441
 30
0.0
 10
41.11502392664347
 20
61.37137131957441
 30
0.0
 10
40.79209308912036
 20
60.30073536472706
 30
0.0
 10
40.79209308912036
 20
60.30073536472706
 30
0.0
 10
40.79209308912036
 20
60.30073536472706
 30
0.0
 10
40.7327232579828
 20
60.31864280488546
 30
0.0
 10
40.7327232579828
 20
60.31864280488546
 30
0.0
 10
40.73513866744619
 20
60.52230327306386
 30
0.0
 10
40.72893476128008
 20
60.67710645049023
 30
0.0
 10
40.71411153948441
 20
60.78305233716459
 30
0.0
 10
40.69928831768879
 20
60.88899822383894
 30
0.0
 10
40.67010934580015
 20
60.99387656995282
 30
0.0
 10
40.6265746238185
 20
61.09768737550621
 30
0.0
 10
40.57330259382324
 20
61.22170751029057
 30
0.0
 10
40.50421847416883
 20
61.31955074621744
 30
0.0
 10
40.41932226485525
 20
61.39121708328686
 30
0.0
 10
40.27733982525877
 20
61.50744989500906
 30
0.0
 10
40.09024760234708
 20
61.60058529495768
 30
0.0
 10
39.85804559612017
 20
61.67062328313273
 30
0.0
 10
39.85804559612017
 20
61.67062328313273
 30
0.0
 10
39.31382214402586
 20
61.83477481791805
 30
0.0
 10
39.31382214402586
 20
61.83477481791805
 30
0.0
 10
39.31382214402586
 20
61.83477481791805
 30
0.0
 10
38.91747080185333
 20
60.52072255540669
 30
0.0
 10
38.91747080185333
 20
60.52072255540669
 30
0.0
 10
38.91747080185333
 20
60.52072255540669
 30
0.0
 10
39.06391638532598
 20
60.47655086968264
 30
0.0
 10
39.06391638532598
 20
60.47655086968264
 30
0.0
 10
39.2816057661637
 20
60.41089025576852
 30
0.0
 10
39.48269190239186
 20
60.45243210799114
 30
0.0
 10
39.66717479401044
 20
60.60117642635045
 30
0.0
 10
39.76219112042022
 20
60.67759033001983
 30
0.0
 10
39.84562736588402
 20
60.7776481083111
 30
0.0
 10
39.91748353040178
 20
60.90134976122425
 30
0.0
 10
39.95042703930094
 20
60.95330561582456
 30
0.0
 10
39.99020905246919
 20
61.03270566994664
 30
0.0
 10
40.03682956990654
 20
61.13954992359044
 30
0.0
 10
40.03682956990654
 20
61.13954992359044
 30
0.0
 10
40.10609437290039
 20
61.1186579100723
 30
0.0
 10
40.10609437290039
 20
61.1186579100723
 30
0.0
 10
40.10609437290039
 20
61.1186579100723
 30
0.0
 10
39.55932053339729
 20
59.30589906600545
 30
0.0
 10
39.55932053339729
 20
59.30589906600545
 30
0.0
 10
39.55932053339729
 20
59.30589906600545
 30
0.0
 10
39.49005573040347
 20
59.32679107952357
 30
0.0
 10
39.49005573040347
 20
59.32679107952357
 30
0.0
 10
39.50367156591616
 20
59.42919678588092
 30
0.0
 10
39.51262765163478
 20
59.52689071352764
 30
0.0
 10
39.51692398755934
 20
59.61987286246371
 30
0.0
 10
39.52122032348388
 20
59.7128550113998
 30
0.0
 10
39.51800319709257
 20
59.79047125919992
 30
0.0
 10
39.50727260838533
 20
59.85272160586409
 30
0.0
 10
39.4965420196781
 20
59.91497195252822
 30
0.0
 10
39.47822528588105
 20
59.97951047210152
 30
0.0
 10
39.45232240699421
 20
60.04633716458393
 30
0.0
 10
39.37775443044314
 20
60.22859762837336
 30
0.0
 10
39.23096608695833
 20
60.35275713878248
 30
0.0
 10
39.01195737653975
 20
60.41881569581125
 30
0.0
 10
39.01195737653975
 20
60.41881569581125
 30
0.0
 10
38.89717570300714
 20
60.45343674678413
 30
0.0
 10
38.89717570300714
 20
60.45343674678413
 30
0.0
 10
38.89717570300714
 20
60.45343674678413
 30
0.0
 10
38.52410403304052
 20
59.21656526475162
 30
0.0
 10
38.52410403304052
 20
59.21656526475162
 30
0.0
 10
38.52410403304052
 20
59.21656526475162
 30
0.0
 10
38.97927273842849
 20
59.07927489020389
 30
0.0
 10
38.97927273842849
 20
59.07927489020389
 30
0.0
 10
39.11384435567363
 20
59.03868469251154
 30
0.0
 10
39.23777793229629
 20
59.0117385512052
 30
0.0
 10
39.35107346829648
 20
58.99843646628487
 30
0.0
 10
39.46436900429663
 20
58.98513438136453
 30
0.0
 10
39.56996361617198
 20
58.98566996378656
 30
0.0
 10
39.66785730392249
 20
59.00004321355104
 30
0.0
 10
39.76575099167299
 20
59.01441646331547
 30
0.0
 10
39.86204833491048
 20
59.04258528416115
 30
0.0
 10
39.956749333635
 20
59.08454967608807
 30
0.0
 10
40.11907291107116
 20
59.15505560606351
 30
0.0
 10
40.26052907157892
 20
59.26136254096794
 30
0.0
 10
40.38111781515825
 20
59.40347048080137
 30
0.0
 10
40.45027099330293
 20
59.48480664448707
 30
0.0
 10
40.53135174368462
 20
59.59852913302167
 30
0.0
 10
40.62436006630337
 20
59.74463794640523
 30
0.0
 10
40.62436006630337
 20
59.74463794640523
 30
0.0
 10
40.69758285803968
 20
59.72255210354322
 30
0.0
 10
40.69758285803968
 20
59.72255210354322
 30
0.0
 10
40.69758285803968
 20
59.72255210354322
 30
0.0
 10
40.35435692167042
 20
58.58463034007329
 30
0.0
 10
40.35435692167042
 20
58.58463034007329
 30
0.0
 10
40.35435692167042
 20
58.58463034007329
 30
0.0
 10
37.34430648299607
 20
59.49253755610407
 30
0.0
 10
37.34430648299607
 20
59.49253755610407
 30
0.0
 10
37.34430648299607
 20
59.49253755610407
 30
0.0
 10
37.36243433711557
 20
59.56695417718427
 30
0.0
 10
37.36243433711557
 20
59.56695417718427
 30
0.0
 10
37.36243433711557
 20
59.56695417718427
 30
0.0
 10
37.43763612322316
 20
59.5442714196503
 30
0.0
 10
37.43763612322316
 20
59.5442714196503
 30
0.0
 10
37.77274583675518
 20
59.443193868534
 30
0.0
 10
37.99123741219395
 20
59.56152927932271
 30
0.0
 10
38.0931108495395
 20
59.89927765201639
 30
0.0
 10
38.0931108495395
 20
59.89927765201639
 30
0.0
 10
38.57840247783207
 20
61.50820007584429
 30
0.0
 10
38.57840247783207
 20
61.50820007584429
 30
0.0
 10
38.63013508273413
 20
61.67971292135279
 30
0.0
 10
38.62743840473281
 20
61.81870479766647
 30
0.0
 10
38.5703124438282
 20
61.92517570478536
 30
0.0
 10
38.51318648292359
 20
62.03164661190425
 30
0.0
 10
38.39886707971701
 20
62.11074836791471
 30
0.0
 10
38.22735423420848
 20
62.16248097281674
 30
0.0
 10
38.22735423420848
 20
62.16248097281674
 30
0.0
 10
38.15215244810092
 20
62.18516373035071
 30
0.0
 10
38.15215244810092
 20
62.18516373035071
 30
0.0
 10
38.15215244810092
 20
62.18516373035071
 30
0.0
 10
38.17423829096296
 20
62.25838652208701
 30
0.0
 10
38.17423829096296
 20
62.25838652208701
 30
0.0
  0
SPLINE
  5
61
330
1F
100
AcDbEntity
  8
0
  6
Continuous
 62
    18
420
        0
370
     9
100
AcDbSpline
210
0.0
220
0.0
230
1.0
 70
    11
 71
     3
 72
    71
 73
    67
 74
     0
 42
0.000000001
 43
0.0
 40
0.0
 40
0.0
 40
0.0
 40
0.0
 40
1.0
 40
1.0
 40
1.0
 40
2.0
 40
2.0
 40
2.0
 40
3.0
 40
3.0
 40
3.0
 40
4.0
 40
4.0
 40
4.0
 40
5.0
 40
5.0
 40
5.0
 40
6.0
 40
6.0
 40
6.0
 40
7.0
 40
7.0
 40
7.0
 40
8.0
 40
8.0
 40
8.0
 40
9.0
 40
9.0
 40
9.0
 40
10.0
 40
10.0
 40
10.0
 40
11.0
 40
11.0
 40
11.0
 40
12.0
 40
12.0
 40
12.0
 40
13.0
 40
13.0
 40
13.0
 40
14.0
 40
14.0
 40
14.0
 40
15.0
 40
15.0
 40
15.0
 40
16.0
 40
16.0
 40
16.0
 40
17.0
 40
17.0
 40
17.0
 40
18.0
 40
18.0
 40
18.0
 40
19.0
 40
19.0
 40
19.0
 40
20.0
 40
20.0
 40
20.0
 40
21.0
 40
21.0
 40
21.0
 40
22.0
 40
22.0
 40
22.0
 40
22.0
 10
24.54751703080812
 20
63.05795196202946
 30
0.0
 10
24.54751703080812
 20
63.05795196202946
 30
0.0
 10
26.51003177245106
 20
63.22843350836672
 30
0.0
 10
26.51003177245106
 20
63.22843350836672
 30
0.0
 10
26.51003177245106
 20
63.22843350836672
 30
0.0
 10
26.51665067823749
 20
63.15223933686536
 30
0.0
 10
26.51665067823749
 20
63.15223933686536
 30
0.0
 10
26.51665067823749
 20
63.15223933686536
 30
0.0
 10
26.30866118305814
 20
63.13417151296184
 30
0.0
 10
26.30866118305814
 20
63.13417151296184
 30
0.0
 10
26.13156121686579
 20
63.11878702924201
 30
0.0
 10
26.00414937364058
 20
63.06483883430242
 30
0.0
 10
25.92642565338248
 20
62.97232692814308
 30
0.0
 10
25.84870193312437
 20
62.87981502198376
 30
0.0
 10
25.81759194463712
 20
62.74432265183042
 30
0.0
 10
25.83309568792068
 20
62.5658498176831
 30
0.0
 10
25.83309568792068
 20
62.5658498176831
 30
0.0
 10
26.02432839834512
 20
60.36445605187379
 30
0.0
 10
26.02432839834512
 20
60.36445605187379
 30
0.0
 10
26.02432839834512
 20
60.36445605187379
 30
0.0
 10
26.76979569789891
 20
60.42921399497354
 30
0.0
 10
26.76979569789891
 20
60.42921399497354
 30
0.0
 10
26.91669256908169
 20
60.44197476829153
 30
0.0
 10
27.05251981789625
 20
60.486625598158
 30
0.0
 10
27.1772774443426
 20
60.56316648457287
 30
0.0
 10
27.30203507078897
 20
60.63970737098776
 30
0.0
 10
27.40739573097833
 20
60.74049878701202
 30
0.0
 10
27.49335942491071
 20
60.86554073264563
 30
0.0
 10
27.54469912214268
 20
60.94331163593574
 30
0.0
 10
27.58923410938165
 20
61.01979980742979
 30
0.0
 10
27.62696438662757
 20
61.09500524712776
 30
0.0
 10
27.66469466387348
 20
61.17021068682571
 30
0.0
 10
27.699053783986
 20
61.26033878468284
 30
0.0
 10
27.73004174696515
 20
61.36538954069917
 30
0.0
 10
27.7610297099443
 20
61.47044029671554
 30
0.0
 10
27.79001938374504
 20
61.59053297045479
 30
0.0
 10
27.81701076836737
 20
61.72566756191692
 30
0.0
 10
27.81701076836737
 20
61.72566756191692
 30
0.0
 10
27.89320493986873
 20
61.73228646770337
 30
0.0
 10
27.89320493986873
 20
61.73228646770337
 30
0.0
 10
27.89320493986873
 20
61.73228646770337
 30
0.0
 10
28.00375855543685
 20
60.45963787343757
 30
0.0
 10
28.00375855543685
 20
60.45963787343757
 30
0.0
 10
28.00375855543685
 20
60.45963787343757
 30
0.0
 10
24.79742544658265
 20
60.1811071623703
 30
0.0
 10
24.79742544658265
 20
60.1811071623703
 30
0.0
 10
24.79742544658265
 20
60.1811071623703
 30
0.0
 10
24.78668793693127
 20
60.25694355518051
 30
0.0
 10
24.78668793693127
 20
60.25694355518051
 30
0.0
 10
24.78668793693127
 20
60.25694355518051
 30
0.0
 10
24.89377163741965
 20
60.26624580115062
 30
0.0
 10
24.89377163741965
 20
60.26624580115062
 30
0.0
 10
25.2424800979844
 20
60.29653773033543
 30
0.0
 10
25.40156910411065
 20
60.48741079316518
 30
0.0
 10
25.37103865579843
 20
60.83886498963989
 30
0.0
 10
25.37103865579843
 20
60.83886498963989
 30
0.0
 10
25.22560161784231
 20
62.51307746073716
 30
0.0
 10
25.22560161784231
 20
62.51307746073716
 30
0.0
 10
25.19530968865752
 20
62.86178592130192
 30
0.0
 10
25.00580949378276
 20
63.0209941869919
 30
0.0
 10
24.65710103321801
 20
62.99070225780709
 30
0.0
 10
24.65710103321801
 20
62.99070225780709
 30
0.0
 10
24.55413593659456
 20
62.98175779052812
 30
0.0
 10
24.55413593659456
 20
62.98175779052812
 30
0.0
 10
24.55413593659456
 20
62.98175779052812
 30
0.0
 10
24.54751703080812
 20
63.05795196202946
 30
0.0
 10
24.54751703080812
 20
63.05795196202946
 30
0.0
  0
SPLINE
  5
62
330
1F
100
AcDbEntity
  8
0
  6
Continuous
 62
    18
420
        0
370
     9
100
AcDbSpline
210
0.0
220
0.0
230
1.0
 70
    11
 71
     3
 72
    74
 73
    70
 74
     0
 42
0.000000001
 43
0.0
 40
0.0
 40
0.0
 40
0.0
 40
0.0
 40
1.0
 40
1.0
 40
1.0
 40
2.0
 40
2.0
 40
2.0
 40
3.0
 40
3.0
 40
3.0
 40
4.0
 40
4.0
 40
4.0
 40
5.0
 40
5.0
 40
5.0
 40
6.0
 40
6.0
 40
6.0
 40
7.0
 40
7.0
 40
7.0
 40
8.0
 40
8.0
 40
8.0
 40
9.0
 40
9.0
 40
9.0
 40
10.0
 40
10.0
 40
10.0
 40
11.0
 40
11.0
 40
11.0
 40
12.0
 40
12.0
 40
12.0
 40
13.0
 40
13.0
 40
13.0
 40
14.0
 40
14.0
 40
14.0
 40
15.0
 40
15.0
 40
15.0
 40
16.0
 40
16.0
 40
16.0
 40
17.0
 40
17.0
 40
17.0
 40
18.0
 40
18.0
 40
18.0
 40
19.0
 40
19.0
 40
19.0
 40
20.0
 40
20.0
 40
20.0
 40
21.0
 40
21.0
 40
21.0
 40
22.0
 40
22.0
 40
22.0
 40
23.0
 40
23.0
 40
23.0
 40
23.0
 10
30.7367523661021
 20
63.33810719388708
 30
0.0
 10
30.7367523661021
 20
63.33810719388708
 30
0.0
 10
32.45440272087509
 20
63.1911467978388
 30
0.0
 10
32.45440272087509
 20
63.1911467978388
 30
0.0
 10
32.55600633898317
 20
63.18245369687354
 30
0.0
 10
32.66692742431209
 20
63.16950572088085
 30
0.0
 10
32.78716597686189
 20
63.15230286986079
 30
0.0
 10
32.90740452941167
 20
63.13510001884072
 30
0.0
 10
33.0151390422428
 20
63.11723815952405
 30
0.0
 10
33.11036951535533
 20
63.0987172919108
 30
0.0
 10
33.20559998846782
 20
63.08019642429754
 30
0.0
 10
33.28420735626272
 20
63.06136897139983
 30
0.0
 10
33.34619161873998
 20
63.04223493321761
 30
0.0
 10
33.56862862487576
 20
62.97479590223038
 30
0.0
 10
33.73460112082945
 20
62.87380764502568
 30
0.0
 10
33.84410910660105
 20
62.73927016160344
 30
0.0
 10
33.95361709237265
 20
62.60473267818126
 30
0.0
 10
34.00050030465474
 20
62.44547147142636
 30
0.0
 10
33.98475874344735
 20
62.26148654133877
 30
0.0
 10
33.97395110440942
 20
62.13516852963683
 30
0.0
 10
33.93548474955237
 20
62.02504769768288
 30
0.0
 10
33.86935967887616
 20
61.93112404547698
 30
0.0
 10
33.80323460819992
 20
61.83720039327102
 30
0.0
 10
33.7113139419592
 20
61.7610433552243
 30
0.0
 10
33.59359768015393
 20
61.70265293133671
 30
0.0
 10
33.47588141834867
 20
61.64426250744917
 30
0.0
 10
33.33448783094705
 20
61.60414899714793
 30
0.0
 10
33.16941691794907
 20
61.58231240043298
 30
0.0
 10
33.00434600495111
 20
61.56047580371802
 30
0.0
 10
32.82020693034402
 20
61.55825060632583
 30
0.0
 10
32.61699969412788
 20
61.57563680825639
 30
0.0
 10
32.61699969412788
 20
61.57563680825639
 30
0.0
 10
31.82819863192398
 20
61.64312581507471
 30
0.0
 10
31.82819863192398
 20
61.64312581507471
 30
0.0
 10
31.82819863192398
 20
61.64312581507471
 30
0.0
 10
31.76969641191437
 20
60.95936092564472
 30
0.0
 10
31.76969641191437
 20
60.95936092564472
 30
0.0
 10
31.73962298154797
 20
60.60786732786542
 30
0.0
 10
31.8989600433881
 20
60.41720128812997
 30
0.0
 10
32.24770759743474
 20
60.38736280643832
 30
0.0
 10
32.24770759743474
 20
60.38736280643832
 30
0.0
 10
32.39187489339888
 20
60.37502800101458
 30
0.0
 10
32.39187489339888
 20
60.37502800101458
 30
0.0
 10
32.39187489339888
 20
60.37502800101458
 30
0.0
 10
32.38535506767493
 20
60.29882528743354
 30
0.0
 10
32.38535506767493
 20
60.29882528743354
 30
0.0
 10
32.38535506767493
 20
60.29882528743354
 30
0.0
 10
30.48646582654702
 20
60.46129229601446
 30
0.0
 10
30.48646582654702
 20
60.46129229601446
 30
0.0
 10
30.48646582654702
 20
60.46129229601446
 30
0.0
 10
30.49298565227097
 20
60.53749500959552
 30
0.0
 10
30.49298565227097
 20
60.53749500959552
 30
0.0
 10
30.49298565227097
 20
60.53749500959552
 30
0.0
 10
30.59390275944588
 20
60.5288606457989
 30
0.0
 10
30.59390275944588
 20
60.5288606457989
 30
0.0
 10
30.94265031349251
 20
60.49902216410726
 30
0.0
 10
31.13206080569903
 20
60.65984972215108
 30
0.0
 10
31.16213423606541
 20
61.01134331993033
 30
0.0
 10
31.16213423606541
 20
61.01134331993033
 30
0.0
 10
31.30539419048654
 20
62.68574348591412
 30
0.0
 10
31.30539419048654
 20
62.68574348591412
 30
0.0
 10
31.33523267217821
 20
63.03449103996073
 30
0.0
 10
31.1757781360007
 20
63.22378405782987
 30
0.0
 10
30.82703058195408
 20
63.25362253952153
 30
0.0
 10
30.82703058195408
 20
63.25362253952153
 30
0.0
 10
30.73023254037815
 20
63.26190448030603
 30
0.0
 10
30.73023254037815
 20
63.26190448030603
 30
0.0
 10
30.73023254037815
 20
63.26190448030603
 30
0.0
 10
30.7367523661021
 20
63.33810719388708
 30
0.0
 10
30.7367523661021
 20
63.33810719388708
 30
0.0
  0
SPLINE
  5
63
330
1F
100
AcDbEntity
  8
0
  6
Continuous
 62
    18
420
        0
370
     9
100
AcDbSpline
210
0.0
220
0.0
230
1.0
 70
    11
 71
     3
 72
    29
 73
    25
 74
     0
 42
0.000000001
 43
0.0
 40
0.0
 40
0.0
 40
0.0
 40
0.0
 40
1.0
 40
1.0
 40
1.0
 40
2.0
 40
2.0
 40
2.0
 40
3.0
 40
3.0
 40
3.0
 40
4.0
 40
4.0
 40
4.0
 40
5.0
 40
5.0
 40
5.0
 40
6.0
 40
6.0
 40
6.0
 40
7.0
 40
7.0
 40
7.0
 40
8.0
 40
8.0
 40
8.0
 40
8.0
 10
31.95771408887298
 20
63.15688242269837
 30
0.0
 10
31.95771408887298
 20
63.15688242269837
 30
0.0
 10
31.83507088066005
 20
61.72344759425475
 30
0.0
 10
31.83507088066005
 20
61.72344759425475
 30
0.0
 10
31.83507088066005
 20
61.72344759425475
 30
0.0
 10
32.4096805317172
 20
61.67428458406594
 30
0.0
 10
32.4096805317172
 20
61.67428458406594
 30
0.0
 10
32.69389605804654
 20
61.64996739623064
 30
0.0
 10
32.90899043151683
 20
61.69069050739863
 30
0.0
 10
33.05496365212806
 20
61.79645391756995
 30
0.0
 10
33.20093687273929
 20
61.90221732774123
 30
0.0
 10
33.28443743623941
 20
62.07798448986303
 30
0.0
 10
33.3054653426284
 20
62.32375540393527
 30
0.0
 10
33.33001747913845
 20
62.61071697399726
 30
0.0
 10
33.25305799738233
 20
62.81853864765733
 30
0.0
 10
33.07458689735999
 20
62.94722042491553
 30
0.0
 10
33.01071558169375
 20
62.99279430157004
 30
0.0
 10
32.93423378546477
 20
63.02838253516155
 30
0.0
 10
32.84514150867311
 20
63.05398512569013
 30
0.0
 10
32.75604923188142
 20
63.0795877162187
 30
0.0
 10
32.64422502203563
 20
63.09814525401403
 30
0.0
 10
32.50966887913577
 20
63.10965773907618
 30
0.0
 10
32.50966887913577
 20
63.10965773907618
 30
0.0
 10
31.95771408887298
 20
63.15688242269837
 30
0.0
 10
31.95771408887298
 20
63.15688242269837
 30
0.0
  0
SPLINE
  5
64
330
1F
100
AcDbEntity
  8
0
  6
Continuous
 62
    18
420
        0
370
     9
100
AcDbSpline
210
0.0
220
0.0
230
1.0
 70
    11
 71
     3
 72
   122
 73
   118
 74
     0
 42
0.000000001
 43
0.0
 40
0.0
 40
0.0
 40
0.0
 40
0.0
 40
1.0
 40
1.0
 40
1.0
 40
2.0
 40
2.0
 40
2.0
 40
3.0
 40
3.0
 40
3.0
 40
4.0
 40
4.0
 40
4.0
 40
5.0
 40
5.0
 40
5.0
 40
6.0
 40
6.0
 40
6.0
 40
7.0
 40
7.0
 40
7.0
 40
8.0
 40
8.0
 40
8.0
 40
9.0
 40
9.0
 40
9.0
 40
10.0
 40
10.0
 40
10.0
 40
11.0
 40
11.0
 40
11.0
 40
12.0
 40
12.0
 40
12.0
 40
13.0
 40
13.0
 40
13.0
 40
14.0
 40
14.0
 40
14.0
 40
15.0
 40
15.0
 40
15.0
 40
16.0
 40
16.0
 40
16.0
 40
17.0
 40
17.0
 40
17.0
 40
18.0
 40
18.0
 40
18.0
 40
19.0
 40
19.0
 40
19.0
 40
20.0
 40
20.0
 40
20.0
 40
21.0
 40
21.0
 40
21.0
 40
22.0
 40
22.0
 40
22.0
 40
23.0
 40
23.0
 40
23.0
 40
24.0
 40
24.0
 40
24.0
 40
25.0
 40
25.0
 40
25.0
 40
26.0
 40
26.0
 40
26.0
 40
27.0
 40
27.0
 40
27.0
 40
28.0
 40
28.0
 40
28.0
 40
29.0
 40
29.0
 40
29.0
 40
30.0
 40
30.0
 40
30.0
 40
31.0
 40
31.0
 40
31.0
 40
32.0
 40
32.0
 40
32.0
 40
33.0
 40
33.0
 40
33.0
 40
34.0
 40
34.0
 40
34.0
 40
35.0
 40
35.0
 40
35.0
 40
36.0
 40
36.0
 40
36.0
 40
37.0
 40
37.0
 40
37.0
 40
38.0
 40
38.0
 40
38.0
 40
39.0
 40
39.0
 40
39.0
 40
39.0
 10
17.04859126464358
 20
61.1851888763795
 30
0.0
 10
17.04859126464358
 20
61.1851888763795
 30
0.0
 10
19.97270964628112
 20
62.1256928979992
 30
0.0
 10
19.97270964628112
 20
62.1256928979992
 30
0.0
 10
19.97270964628112
 20
62.1256928979992
 30
0.0
 10
20.3151138694953
 20
61.06112490037746
 30
0.0
 10
20.3151138694953
 20
61.06112490037746
 30
0.0
 10
20.3151138694953
 20
61.06112490037746
 30
0.0
 10
20.25608052397099
 20
61.04213760518998
 30
0.0
 10
20.25608052397099
 20
61.04213760518998
 30
0.0
 10
20.14237912212392
 20
61.21112107100699
 30
0.0
 10
20.04933744297528
 20
61.33499906798073
 30
0.0
 10
19.97695548652514
 20
61.41377159611119
 30
0.0
 10
19.90457353007497
 20
61.49254412424168
 30
0.0
 10
19.82098329002682
 20
61.56228329295448
 30
0.0
 10
19.72618476638072
 20
61.62298910224966
 30
0.0
 10
19.61189259066755
 20
61.69479579819436
 30
0.0
 10
19.49945693597989
 20
61.73607700408789
 30
0.0
 10
19.38887780231769
 20
61.74683271993023
 30
0.0
 10
19.2060010566721
 20
61.76183857134534
 30
0.0
 10
18.9991196970462
 20
61.73221078646405
 30
0.0
 10
18.76823372344
 20
61.65794936528637
 30
0.0
 10
18.76823372344
 20
61.65794936528637
 30
0.0
 10
18.22709472280049
 20
61.48389915940113
 30
0.0
 10
18.22709472280049
 20
61.48389915940113
 30
0.0
 10
18.22709472280049
 20
61.48389915940113
 30
0.0
 10
18.64734685628332
 20
60.17729444512975
 30
0.0
 10
18.64734685628332
 20
60.17729444512975
 30
0.0
 10
18.64734685628332
 20
60.17729444512975
 30
0.0
 10
18.79296244190996
 20
60.22412977325884
 30
0.0
 10
18.79296244190996
 20
60.22412977325884
 30
0.0
 10
19.00941804216576
 20
60.29374985561293
 30
0.0
 10
19.15131293784074
 20
60.44216548231928
 30
0.0
 10
19.21864712893488
 20
60.66937665337788
 30
0.0
 10
19.25343812287998
 20
60.7862388529923
 30
0.0
 10
19.2652678807264
 20
60.91598176371566
 30
0.0
 10
19.25413640247414
 20
61.05860538554799
 30
0.0
 10
19.25173521254592
 20
61.12007830554344
 30
0.0
 10
19.23937240268732
 20
61.20802225416246
 30
0.0
 10
19.21704797289832
 20
61.32243723140505
 30
0.0
 10
19.21704797289832
 20
61.32243723140505
 30
0.0
 10
19.28592020934335
 20
61.34458907579047
 30
0.0
 10
19.28592020934335
 20
61.34458907579047
 30
0.0
 10
19.28592020934335
 20
61.34458907579047
 30
0.0
 10
19.86566562240099
 20
59.54210425911482
 30
0.0
 10
19.86566562240099
 20
59.54210425911482
 30
0.0
 10
19.86566562240099
 20
59.54210425911482
 30
0.0
 10
19.79679338595595
 20
59.51995241472945
 30
0.0
 10
19.79679338595595
 20
59.51995241472945
 30
0.0
 10
19.74982760839674
 20
59.6119661930972
 30
0.0
 10
19.70170340810678
 20
59.69745523518385
 30
0.0
 10
19.6524207850861
 20
59.77641954098938
 30
0.0
 10
19.60313816206542
 20
59.85538384679491
 30
0.0
 10
19.55640059848912
 20
59.91743408431049
 30
0.0
 10
19.51220809435723
 20
59.9625702535361
 30
0.0
 10
19.46801559022533
 20
60.00770642276177
 30
0.0
 10
19.41627993638758
 20
60.05041643760232
 30
0.0
 10
19.35700113284392
 20
60.09070029805783
 30
0.0
 10
19.19209911366619
 20
60.19834129330951
 30
0.0
 10
19.00076437788804
 20
60.21714077981176
 30
0.0
 10
18.78299692550947
 20
60.14709875756463
 30
0.0
 10
18.78299692550947
 20
60.14709875756463
 30
0.0
 10
18.66886579082914
 20
60.11038998686884
 30
0.0
 10
18.66886579082914
 20
60.11038998686884
 30
0.0
 10
18.66886579082914
 20
60.11038998686884
 30
0.0
 10
19.06443444056822
 20
58.88052862177901
 30
0.0
 10
19.06443444056822
 20
58.88052862177901
 30
0.0
 10
19.06443444056822
 20
58.88052862177901
 30
0.0
 10
19.51702342292129
 20
59.02609788488301
 30
0.0
 10
19.51702342292129
 20
59.02609788488301
 30
0.0
 10
19.65083233944305
 20
59.06913575397463
 30
0.0
 10
19.76813570748187
 20
59.11735966705244
 30
0.0
 10
19.86893352703772
 20
59.17076962411649
 30
0.0
 10
19.96973134659354
 20
59.22417958118052
 30
0.0
 10
20.05633086699217
 20
59.28460335110898
 30
0.0
 10
20.12873208823354
 20
59.35204093390182
 30
0.0
 10
20.20113330947493
 20
59.41947851669465
 30
0.0
 10
20.2643841782145
 20
59.49736297205081
 30
0.0
 10
20.31848469445226
 20
59.58569429997031
 30
0.0
 10
20.41202519135941
 20
59.735928135679
 30
0.0
 10
20.46805517375816
 20
59.90377226225709
 30
0.0
 10
20.48657464164852
 20
60.08922667970462
 30
0.0
 10
20.49728432504724
 20
60.19544831710547
 30
0.0
 10
20.49941328930375
 20
60.33509916741494
 30
0.0
 10
20.492961534418
 20
60.50817923063306
 30
0.0
 10
20.492961534418
 20
60.50817923063306
 30
0.0
 10
20.56576932723132
 20
60.53159689469764
 30
0.0
 10
20.56576932723132
 20
60.53159689469764
 30
0.0
 10
20.56576932723132
 20
60.53159689469764
 30
0.0
 10
20.92969248499129
 20
59.40012443881501
 30
0.0
 10
20.92969248499129
 20
59.40012443881501
 30
0.0
 10
20.92969248499129
 20
59.40012443881501
 30
0.0
 10
17.93670186690872
 20
58.43746857280991
 30
0.0
 10
17.93670186690872
 20
58.43746857280991
 30
0.0
 10
17.93670186690872
 20
58.43746857280991
 30
0.0
 10
17.90934864647589
 20
58.50901054594404
 30
0.0
 10
17.90934864647589
 20
58.50901054594404
 30
0.0
 10
17.90934864647589
 20
58.50901054594404
 30
0.0
 10
17.98412421747334
 20
58.5330611198482
 30
0.0
 10
17.98412421747334
 20
58.5330611198482
 30
0.0
 10
18.317334656655
 20
58.64023385268416
 30
0.0
 10
18.42993156993479
 20
58.86173729081577
 30
0.0
 10
18.32191495731269
 20
59.19757143424297
 30
0.0
 10
18.32191495731269
 20
59.19757143424297
 30
0.0
 10
17.80735925773207
 20
60.7973750979518
 30
0.0
 10
17.80735925773207
 20
60.7973750979518
 30
0.0
 10
17.75250707163492
 20
60.96791587391091
 30
0.0
 10
17.67133342609599
 20
61.0807735410114
 30
0.0
 10
17.56383832111532
 20
61.13594809925326
 30
0.0
 10
17.45634321613463
 20
61.19112265749513
 30
0.0
 10
17.31732527566473
 20
61.19128384356748
 30
0.0
 10
17.14678449970559
 20
61.13643165747033
 30
0.0
 10
17.14678449970559
 20
61.13643165747033
 30
0.0
 10
17.07200892870813
 20
61.11238108356619
 30
0.0
 10
17.07200892870813
 20
61.11238108356619
 30
0.0
 10
17.07200892870813
 20
61.11238108356619
 30
0.0
 10
17.04859126464358
 20
61.1851888763795
 30
0.0
 10
17.04859126464358
 20
61.1851888763795
 30
0.0
  0
LWPOLYLINE
  5
65
330
1F
100
AcDbEntity
  8
0
  6
Continuous
 62
    18
420
        0
370
     9
100
AcDbPolyline
 90
       25
 70
     1
 43
0.0
 10
14.81176989404906
 20
58.80782528596272
 10
14.56648137084599
 20
59.13431276857095
 10
14.8929688534542
 20
58.88902424536789
 10
14.88818347428839
 20
58.89680048651233
 10
15.02288718850246
 20
59.84533914076978
 10
15.15759090271653
 20
58.89680048651233
 10
15.1528055235507
 20
58.88902424536785
 10
15.47929300615894
 20
59.13431276857095
 10
15.23400448295587
 20
58.80782528596272
 10
15.24178072410033
 20
58.81261066512857
 10
16.19031937835776
 20
58.6779069509145
 10
15.24178072410033
 20
58.54320323670041
 10
15.2340044829559
 20
58.54798861586623
 10
15.47929300615894
 20
58.22150113325804
 10
15.15280552355072
 20
58.46678965646106
 10
15.15759090271654
 20
58.4590134153166
 10
15.02288718850246
 20
57.51047476105919
 10
14.88818347428839
 20
58.4590134153166
 10
14.89296885345419
 20
58.46678965646106
 10
14.566481370846
 20
58.221501133258
 10
14.81176989404907
 20
58.54798861586623
 10
14.80399365290459
 20
58.54320323670041
 10
13.85545499864716
 20
58.67790695091449
 10
14.80399365290459
 20
58.81261066512857
 10
14.81176989404906
 20
58.80782528596272
  0
LWPOLYLINE
  5
66
330
1F
100
AcDbEntity
  8
0
  6
Continuous
 62
    18
420
        0
370
     9
100
AcDbPolyline
 90
       25
 70
     1
 43
0.0
 10
43.96492231419873
 20
58.48776830765257
 10
43.72329645863748
 20
58.80938065333069
 10
44.04490880431556
 20
58.56775479776942
 10
44.04019488081018
 20
58.57541492346567
 10
44.17288718850249
 20
59.50978992346568
 10
44.30557949619478
 20
58.57541492346567
 10
44.30086557268941
 20
58.56775479776942
 10
44.62247791836749
 20
58.80938065333069
 10
44.38085206280618
 20
58.48776830765254
 10
44.38851218850249
 20
58.49248223115796
 10
45.3228871885025
 20
58.35978992346567
 10
44.38851218850249
 20
58.22709761577336
 10
44.38085206280626
 20
58.23181153927871
 10
44.62247791836749
 20
57.91019919360065
 10
44.30086557268941
 20
58.15182504916193
 10
44.3055794961948
 20
58.14416492346567
 10
44.17288718850249
 20
57.20978992346566
 10
44.04019488081018
 20
58.14416492346567
 10
44.04490880431558
 20
58.15182504916193
 10
43.72329645863748
 20
57.91019919360065
 10
43.96492231419876
 20
58.23181153927874
 10
43.95726218850249
 20
58.22709761577336
 10
43.02288718850247
 20
58.35978992346567
 10
43.95726218850249
 20
58.49248223115796
 10
43.96492231419873
 20
58.48776830765257
  0
LWPOLYLINE
  5
67
330
1F
100
AcDbEntity
  8
0
  6
Continuous
 62
    18
420
        0
370
     9
100
AcDbPolyline
 90
       25
 70
     1
 43
0.0
 10
48.08779646102866
 20
55.9893255200832
 10
47.81465418952464
 20
56.35288730215406
 10
48.17821597159549
 20
56.07974503065007
 10
48.17288718850246
 20
56.08840430317625
 10
48.32288718850246
 20
57.14465430317627
 10
48.47288718850245
 20
56.08840430317625
 10
48.46755840540947
 20
56.07974503065016
 10
48.83112018748029
 20
56.35288730215413
 10
48.55797791597621
 20
55.9893255200832
 10
48.56663718850248
 20
55.99465430317626
 10
49.62288718850245
 20
55.84465430317626
 10
48.56663718850246
 20
55.69465430317626
 10
48.55797791597626
 20
55.69998308626931
 10
48.83112018748029
 20
55.33642130419847
 10
48.46755840540943
 20
55.60956357570247
 10
48.47288718850247
 20
55.60090430317626
 10
48.32288718850246
 20
54.54465430317626
 10
48.17288718850246
 20
55.60090430317626
 10
48.17821597159549
 20
55.60956357570244
 10
47.81465418952465
 20
55.33642130419842
 10
48.08779646102867
 20
55.69998308626931
 10
48.07913718850247
 20
55.69465430317626
 10
47.02288718850248
 20
55.84465430317626
 10
48.07913718850247
 20
55.99465430317626
 10
48.08779646102866
 20
55.9893255200832
  0
SPLINE
  5
68
330
1F
100
AcDbEntity
  8
0
  6
Continuous
 62
    18
420
        0
370
     9
100
AcDbSpline
210
0.0
220
0.0
230
1.0
 70
    11
 71
     3
 72
   116
 73
   112
 74
     0
 42
0.000000001
 43
0.0
 40
0.0
 40
0.0
 40
0.0
 40
0.0
 40
1.0
 40
1.0
 40
1.0
 40
2.0
 40
2.0
 40
2.0
 40
3.0
 40
3.0
 40
3.0
 40
4.0
 40
4.0
 40
4.0
 40
5.0
 40
5.0
 40
5.0
 40
6.0
 40
6.0
 40
6.0
 40
7.0
 40
7.0
 40
7.0
 40
8.0
 40
8.0
 40
8.0
 40
9.0
 40
9.0
 40
9.0
 40
10.0
 40
10.0
 40
10.0
 40
11.0
 40
11.0
 40
11.0
 40
12.0
 40
12.0
 40
12.0
 40
13.0
 40
13.0
 40
13.0
 40
14.0
 40
14.0
 40
14.0
 40
15.0
 40
15.0
 40
15.0
 40
16.0
 40
16.0
 40
16.0
 40
17.0
 40
17.0
 40
17.0
 40
18.0
 40
18.0
 40
18.0
 40
19.0
 40
19.0
 40
19.0
 40
20.0
 40
20.0
 40
20.0
 40
21.0
 40
21.0
 40
21.0
 40
22.0
 40
22.0
 40
22.0
 40
23.0
 40
23.0
 40
23.0
 40
24.0
 40
24.0
 40
24.0
 40
25.0
 40
25.0
 40
25.0
 40
26.0
 40
26.0
 40
26.0
 40
27.0
 40
27.0
 40
27.0
 40
28.0
 40
28.0
 40
28.0
 40
29.0
 40
29.0
 40
29.0
 40
30.0
 40
30.0
 40
30.0
 40
31.0
 40
31.0
 40
31.0
 40
32.0
 40
32.0
 40
32.0
 40
33.0
 40
33.0
 40
33.0
 40
34.0
 40
34.0
 40
34.0
 40
35.0
 40
35.0
 40
35.0
 40
36.0
 40
36.0
 40
36.0
 40
37.0
 40
37.0
 40
37.0
 40
37.0
 10
24.14769895648205
 20
61.10633365073907
 30
0.0
 10
24.14769895648205
 20
61.10633365073907
 30
0.0
 10
24.21864691381941
 20
61.12049262359274
 30
0.0
 10
24.21864691381941
 20
61.12049262359274
 30
0.0
 10
24.21021639206469
 20
60.99374627023059
 30
0.0
 10
24.19436197533575
 20
60.88659652501941
 30
0.0
 10
24.17108366363254
 20
60.79904338795922
 30
0.0
 10
24.14780535192934
 20
60.71149025089902
 30
0.0
 10
24.11033599072942
 20
60.61759199774868
 30
0.0
 10
24.0586755800328
 20
60.51734862850815
 30
0.0
 10
23.85176715858382
 20
60.12475318424849
 30
0.0
 10
23.51857670505261
 20
59.88260735954496
 30
0.0
 10
23.05910421943922
 20
59.79091115439753
 30
0.0
 10
22.76990683143549
 20
59.73319648409885
 30
0.0
 10
22.48688728118267
 20
59.74662402301752
 30
0.0
 10
22.21004556868076
 20
59.83119377115358
 30
0.0
 10
21.93320385617886
 20
59.91576351928964
 30
0.0
 10
21.69841048301732
 20
60.05720461021765
 30
0.0
 10
21.50566544919612
 20
60.2555170439376
 30
0.0
 10
21.31292041537494
 20
60.45382947765755
 30
0.0
 10
21.19025266316471
 20
60.6847461867155
 30
0.0
 10
21.13766219256545
 20
60.94826717111141
 30
0.0
 10
21.1063776049269
 20
61.1050283720854
 30
0.0
 10
21.10435016609588
 20
61.26657446731366
 30
0.0
 10
21.13157987607233
 20
61.43290545679626
 30
0.0
 10
21.15880958604877
 20
61.59923644627882
 30
0.0
 10
21.21475195228839
 20
61.76075848402482
 30
0.0
 10
21.29940697479114
 20
61.91747157003421
 30
0.0
 10
21.38406199729389
 20
62.07418465604361
 30
0.0
 10
21.49046608261349
 20
62.2152138944007
 30
0.0
 10
21.61861923074994
 20
62.34055928510546
 30
0.0
 10
21.81247149536842
 20
62.53100899773952
 30
0.0
 10
22.05534771134312
 20
62.65536088392687
 30
0.0
 10
22.34724787867398
 20
62.71361494366761
 30
0.0
 10
22.44454793445092
 20
62.73303296358119
 30
0.0
 10
22.53846587099589
 20
62.74299344289362
 30
0.0
 10
22.62900168830885
 20
62.74349638160491
 30
0.0
 10
22.71953750562181
 20
62.74399932031621
 30
0.0
 10
22.80736616951994
 20
62.73342290502717
 30
0.0
 10
22.89248768000325
 20
62.71176713573779
 30
0.0
 10
22.97760919048655
 20
62.69011136644842
 30
0.0
 10
23.06745546169005
 20
62.65710290336457
 30
0.0
 10
23.16202649361374
 20
62.61274174648632
 30
0.0
 10
23.26659664262445
 20
62.56756567332809
 30
0.0
 10
23.3405039517469
 20
62.54929275228531
 30
0.0
 10
23.3837484209811
 20
62.55792298335801
 30
0.0
 10
23.47969708709448
 20
62.57707130855057
 30
0.0
 10
23.5800133577965
 20
62.70107697382559
 30
0.0
 10
23.68469723308711
 20
62.92993997918312
 30
0.0
 10
23.68469723308711
 20
62.92993997918312
 30
0.0
 10
23.75564519042447
 20
62.94409895203678
 30
0.0
 10
23.75564519042447
 20
62.94409895203678
 30
0.0
 10
23.75564519042447
 20
62.94409895203678
 30
0.0
 10
24.08628291957977
 20
61.59362989152386
 30
0.0
 10
24.08628291957977
 20
61.59362989152386
 30
0.0
 10
24.08628291957977
 20
61.59362989152386
 30
0.0
 10
24.01938913123312
 20
61.58028000283328
 30
0.0
 10
24.01938913123312
 20
61.58028000283328
 30
0.0
 10
23.97672779231785
 20
61.67434663801642
 30
0.0
 10
23.93872087438404
 20
61.75037178378216
 30
0.0
 10
23.90536837743173
 20
61.8083554401305
 30
0.0
 10
23.87201588047941
 20
61.86633909647881
 30
0.0
 10
23.83102919835131
 20
61.92560963486891
 30
0.0
 10
23.78240833104742
 20
61.98616705530077
 30
0.0
 10
23.65113548859709
 20
62.15810406211349
 30
0.0
 10
23.50836416977259
 20
62.29964209164204
 30
0.0
 10
23.35409437457391
 20
62.4107811438864
 30
0.0
 10
23.19982457937523
 20
62.52192019613081
 30
0.0
 10
23.04054064534076
 20
62.59833349132087
 30
0.0
 10
22.87624257247045
 20
62.64002102945659
 30
0.0
 10
22.71194449960014
 20
62.68170856759231
 30
0.0
 10
22.55073916784623
 20
62.68677519548037
 30
0.0
 10
22.39262657720867
 20
62.65522091312083
 30
0.0
 10
22.20343202430904
 20
62.61746365217779
 30
0.0
 10
22.05941973102025
 20
62.53637918901333
 30
0.0
 10
21.96058969734233
 20
62.41196752362755
 30
0.0
 10
21.86175966366441
 20
62.28755585824175
 30
0.0
 10
21.80486607575508
 20
62.11319707672108
 30
0.0
 10
21.78990893361435
 20
61.88889117906557
 30
0.0
 10
21.77495179147363
 20
61.66458528141003
 30
0.0
 10
21.8002411290074
 20
61.38823848845868
 30
0.0
 10
21.86577694621571
 20
61.05985080021146
 30
0.0
 10
21.90353420715878
 20
60.87065624731183
 30
0.0
 10
21.94711177504226
 20
60.70510663943695
 30
0.0
 10
21.99650964986615
 20
60.56320197658683
 30
0.0
 10
22.04590752469006
 20
60.42129731373673
 30
0.0
 10
22.10193697766126
 20
60.30425340919982
 30
0.0
 10
22.16459800877982
 20
60.21207026297616
 30
0.0
 10
22.22725903989836
 20
60.11988711675248
 30
0.0
 10
22.29776527540883
 20
60.04648347535593
 30
0.0
 10
22.37611671531124
 20
59.99185933878654
 30
0.0
 10
22.47203038872311
 20
59.9266879475127
 30
0.0
 10
22.58133113057092
 20
59.88421246663772
 30
0.0
 10
22.70401894085467
 20
59.86443289616167
 30
0.0
 10
22.82670675113843
 20
59.8446533256856
 30
0.0
 10
22.95562013945874
 20
59.84824827649865
 30
0.0
 10
23.09075910581562
 20
59.87521774860085
 30
0.0
 10
23.21643834452752
 20
59.90029935765587
 30
0.0
 10
23.33381353534878
 20
59.94058628746991
 30
0.0
 10
23.44288467827939
 20
59.99607853804294
 30
0.0
 10
23.55195582121
 20
60.05157078861593
 30
0.0
 10
23.65042540801897
 20
60.1214585467703
 30
0.0
 10
23.7382934387063
 20
60.20574181250593
 30
0.0
 10
23.82616146939364
 20
60.29002507824156
 30
0.0
 10
23.90254924907217
 20
60.387825885686
 30
0.0
 10
23.96745677774193
 20
60.49914423483916
 30
0.0
 10
24.0193839671011
 20
60.59100957137726
 30
0.0
 10
24.05840553097612
 20
60.68065065548151
 30
0.0
 10
24.08452146936695
 20
60.76806748715195
 30
0.0
 10
24.11063740775781
 20
60.85548431882243
 30
0.0
 10
24.13169657012951
 20
60.96823970668478
 30
0.0
 10
24.14769895648205
 20
61.10633365073907
 30
0.0
  0
SPLINE
  5
69
330
1F
100
AcDbEntity
  8
0
  6
Continuous
 62
    18
420
        0
370
     9
100
AcDbSpline
210
0.0
220
0.0
230
1.0
 70
    11
 71
     3
 72
   176
 73
   172
 74
     0
 42
0.000000001
 43
0.0
 40
0.0
 40
0.0
 40
0.0
 40
0.0
 40
1.0
 40
1.0
 40
1.0
 40
2.0
 40
2.0
 40
2.0
 40
3.0
 40
3.0
 40
3.0
 40
4.0
 40
4.0
 40
4.0
 40
5.0
 40
5.0
 40
5.0
 40
6.0
 40
6.0
 40
6.0
 40
7.0
 40
7.0
 40
7.0
 40
8.0
 40
8.0
 40
8.0
 40
9.0
 40
9.0
 40
9.0
 40
10.0
 40
10.0
 40
10.0
 40
11.0
 40
11.0
 40
11.0
 40
12.0
 40
12.0
 40
12.0
 40
13.0
 40
13.0
 40
13.0
 40
14.0
 40
14.0
 40
14.0
 40
15.0
 40
15.0
 40
15.0
 40
16.0
 40
16.0
 40
16.0
 40
17.0
 40
17.0
 40
17.0
 40
18.0
 40
18.0
 40
18.0
 40
19.0
 40
19.0
 40
19.0
 40
20.0
 40
20.0
 40
20.0
 40
21.0
 40
21.0
 40
21.0
 40
22.0
 40
22.0
 40
22.0
 40
23.0
 40
23.0
 40
23.0
 40
24.0
 40
24.0
 40
24.0
 40
25.0
 40
25.0
 40
25.0
 40
26.0
 40
26.0
 40
26.0
 40
27.0
 40
27.0
 40
27.0
 40
28.0
 40
28.0
 40
28.0
 40
29.0
 40
29.0
 40
29.0
 40
30.0
 40
30.0
 40
30.0
 40
31.0
 40
31.0
 40
31.0
 40
32.0
 40
32.0
 40
32.0
 40
33.0
 40
33.0
 40
33.0
 40
34.0
 40
34.0
 40
34.0
 40
35.0
 40
35.0
 40
35.0
 40
36.0
 40
36.0
 40
36.0
 40
37.0
 40
37.0
 40
37.0
 40
38.0
 40
38.0
 40
38.0
 40
39.0
 40
39.0
 40
39.0
 40
40.0
 40
40.0
 40
40.0
 40
41.0
 40
41.0
 40
41.0
 40
42.0
 40
42.0
 40
42.0
 40
43.0
 40
43.0
 40
43.0
 40
44.0
 40
44.0
 40
44.0
 40
45.0
 40
45.0
 40
45.0
 40
46.0
 40
46.0
 40
46.0
 40
47.0
 40
47.0
 40
47.0
 40
48.0
 40
48.0
 40
48.0
 40
49.0
 40
49.0
 40
49.0
 40
50.0
 40
50.0
 40
50.0
 40
51.0
 40
51.0
 40
51.0
 40
52.0
 40
52.0
 40
52.0
 40
53.0
 40
53.0
 40
53.0
 40
54.0
 40
54.0
 40
54.0
 40
55.0
 40
55.0
 40
55.0
 40
56.0
 40
56.0
 40
56.0
 40
57.0
 40
57.0
 40
57.0
 40
57.0
 10
37.31158575769585
 20
62.39170080235253
 30
0.0
 10
37.31158575769585
 20
62.39170080235253
 30
0.0
 10
37.38259564580466
 20
62.3778557688245
 30
0.0
 10
37.38259564580466
 20
62.3778557688245
 30
0.0
 10
37.38259564580466
 20
62.3778557688245
 30
0.0
 10
37.19311647266402
 20
61.40603472870711
 30
0.0
 10
37.19311647266402
 20
61.40603472870711
 30
0.0
 10
37.19311647266402
 20
61.40603472870711
 30
0.0
 10
37.12210658455525
 20
61.4198797622351
 30
0.0
 10
37.12210658455525
 20
61.4198797622351
 30
0.0
 10
37.08251740073609
 20
61.67048829090344
 30
0.0
 10
37.02141021076474
 20
61.87194076313084
 30
0.0
 10
36.93878501464122
 20
62.02423717891737
 30
0.0
 10
36.87826861025257
 20
62.1315073567464
 30
0.0
 10
36.79562616060274
 20
62.23150863300667
 30
0.0
 10
36.69085766569177
 20
62.32424100769818
 30
0.0
 10
36.5860891707808
 20
62.41697338238968
 30
0.0
 10
36.46421783408029
 20
62.49759650151638
 30
0.0
 10
36.32524365559026
 20
62.56611036507829
 30
0.0
 10
36.18626947710023
 20
62.63462422864016
 30
0.0
 10
36.04171479185448
 20
62.68351733872217
 30
0.0
 10
35.89157959985305
 20
62.71278969532423
 30
0.0
 10
35.77931634817629
 20
62.73467803404473
 30
0.0
 10
35.67619349854539
 20
62.73863839152709
 30
0.0
 10
35.58221105096033
 20
62.72467076777126
 30
0.0
 10
35.48822860337527
 20
62.71070314401543
 30
0.0
 10
35.40487098459553
 20
62.67922010874575
 30
0.0
 10
35.33213819462112
 20
62.63022166196224
 30
0.0
 10
35.28041709952823
 20
62.5953783220273
 30
0.0
 10
35.23643284517046
 20
62.55341055789488
 30
0.0
 10
35.20018543154782
 20
62.50431836956497
 30
0.0
 10
35.1639380179252
 20
62.45522618123508
 30
0.0
 10
35.14093558501354
 20
62.40565755506992
 30
0.0
 10
35.13117813281285
 20
62.35561249106944
 30
0.0
 10
35.11271808810881
 20
62.26093264025771
 30
0.0
 10
35.13328270621344
 20
62.1719818948132
 30
0.0
 10
35.19287198712667
 20
62.08876025473583
 30
0.0
 10
35.22009334645086
 20
62.04835314919447
 30
0.0
 10
35.26211854064544
 20
62.00646367751379
 30
0.0
 10
35.31894756971047
 20
61.96309183969369
 30
0.0
 10
35.37577659877552
 20
61.91972000187357
 30
0.0
 10
35.45099717081641
 20
61.87346429722352
 30
0.0
 10
35.54460928583316
 20
61.82432472574347
 30
0.0
 10
35.63822140084991
 20
61.77518515426341
 30
0.0
 10
35.77007759319127
 20
61.71156907475977
 30
0.0
 10
35.94017786285725
 20
61.63347648723253
 30
0.0
 10
35.98596949339264
 20
61.60910448768574
 30
0.0
 10
36.01739329416851
 20
61.59385177160684
 30
0.0
 10
36.03444926518485
 20
61.58771833899576
 30
0.0
 10
36.03444926518485
 20
61.58771833899576
 30
0.0
 10
36.12911623989898
 20
61.54398904470492
 30
0.0
 10
36.12911623989898
 20
61.54398904470492
 30
0.0
 10
36.12911623989898
 20
61.54398904470492
 30
0.0
 10
36.27945539995397
 20
61.47255731963747
 30
0.0
 10
36.27945539995397
 20
61.47255731963747
 30
0.0
 10
36.5338146596799
 20
61.3513607304547
 30
0.0
 10
36.71739375154579
 20
61.25238830550812
 30
0.0
 10
36.83019267555162
 20
61.17564004479777
 30
0.0
 10
36.94299159955749
 20
61.09889178408747
 30
0.0
 10
37.03423440149535
 20
61.00879655863939
 30
0.0
 10
37.10392108136524
 20
60.90535436845356
 30
0.0
 10
37.15915494478661
 20
60.82859786526282
 30
0.0
 10
37.19706268421853
 20
60.74398760059245
 30
0.0
 10
37.21764429966093
 20
60.65152357444246
 30
0.0
 10
37.23822591510334
 20
60.5590595482925
 30
0.0
 10
37.23889112808601
 20
60.46345875586566
 30
0.0
 10
37.21963993860896
 20
60.36472119716201
 30
0.0
 10
37.20065246405625
 20
60.26733620775569
 30
0.0
 10
37.16063423666414
 20
60.17370065735234
 30
0.0
 10
37.09958525643262
 20
60.08381454595198
 30
0.0
 10
37.03853627620114
 20
59.99392843455161
 30
0.0
 10
36.9622114006926
 20
59.9193055985192
 30
0.0
 10
36.87061062990703
 20
59.85994603785471
 30
0.0
 10
36.750478167656
 20
59.77666567566052
 30
0.0
 10
36.61202446858887
 20
59.72363321256015
 30
0.0
 10
36.45524953270566
 20
59.7008486485536
 30
0.0
 10
36.29847459682247
 20
59.67806408454706
 30
0.0
 10
36.12608356271779
 20
59.68499998978565
 30
0.0
 10
35.93807643039167
 20
59.72165636426935
 30
0.0
 10
35.80687720855259
 20
59.74723671193064
 30
0.0
 10
35.68602648068536
 20
59.78448824942573
 30
0.0
 10
35.57552424679004
 20
59.83341097675461
 30
0.0
 10
35.46502201289469
 20
59.88233370408352
 30
0.0
 10
35.33344447219537
 20
59.95818033732516
 30
0.0
 10
35.18079162469206
 20
60.06095087647951
 30
0.0
 10
35.08102495848623
 20
60.12533028794087
 30
0.0
 10
35.00425403095478
 20
60.17083528054233
 30
0.0
 10
34.95047884209769
 20
60.19746585428382
 30
0.0
 10
34.89670365324059
 20
60.22409642802529
 30
0.0
 10
34.84479352681182
 20
60.24229044099636
 30
0.0
 10
34.79474846281133
 20
60.25204789319707
 30
0.0
 10
34.69871604270231
 20
60.27077165282545
 30
0.0
 10
34.61227908770793
 20
60.26129980269256
 30
0.0
 10
34.5354375978282
 20
60.22363234279842
 30
0.0
 10
34.45859610794846
 20
60.18596488290427
 30
0.0
 10
34.40025664374028
 20
60.12257723159473
 30
0.0
 10
34.36041920520363
 20
60.03346938886983
 30
0.0
 10
34.36041920520363
 20
60.03346938886983
 30
0.0
 10
34.28940931709484
 20
60.04731442239785
 30
0.0
 10
34.28940931709484
 20
60.04731442239785
 30
0.0
 10
34.28940931709484
 20
60.04731442239785
 30
0.0
 10
34.54494907878343
 20
61.35795407149149
 30
0.0
 10
34.54494907878343
 20
61.35795407149149
 30
0.0
 10
34.54494907878343
 20
61.35795407149149
 30
0.0
 10
34.61595896689222
 20
61.34410903796345
 30
0.0
 10
34.61595896689222
 20
61.34410903796345
 30
0.0
 10
34.5990039551487
 20
61.10592910541487
 30
0.0
 10
34.65186799311422
 20
60.87660010779263
 30
0.0
 10
34.77455108078879
 20
60.65612204509669
 30
0.0
 10
34.84895887710167
 20
60.5264876030889
 30
0.0
 10
34.95159627785141
 20
60.39942206478484
 30
0.0
 10
35.082463283038
 20
60.27492543018452
 30
0.0
 10
35.21333028822455
 20
60.15042879558423
 30
0.0
 10
35.35545179228045
 20
60.04585062406376
 30
0.0
 10
35.50882779520558
 20
59.96119091562315
 30
0.0
 10
35.66220379813075
 20
59.87653120718252
 30
0.0
 10
35.81260682629673
 20
59.81982888958549
 30
0.0
 10
35.96003687970355
 20
59.79108396283206
 30
0.0
 10
36.09123610154263
 20
59.76550361517079
 30
0.0
 10
36.21549606546844
 20
59.76374002439229
 30
0.0
 10
36.33281677148088
 20
59.78579319049659
 30
0.0
 10
36.45013747749334
 20
59.80784635660089
 30
0.0
 10
36.54674651503284
 20
59.85148757882865
 30
0.0
 10
36.62264388409935
 20
59.91671685717991
 30
0.0
 10
36.69854125316589
 20
59.98194613553115
 30
0.0
 10
36.74598367497551
 20
60.06325326940991
 30
0.0
 10
36.76497114952822
 20
60.16063825881623
 30
0.0
 10
36.7850134837783
 20
60.26343352541184
 30
0.0
 10
36.76182459252785
 20
60.36412782747006
 30
0.0
 10
36.69540447577685
 20
60.46272116499092
 30
0.0
 10
36.66465283840946
 20
60.50662455389991
 30
0.0
 10
36.62221507449054
 20
60.54999845234008
 30
0.0
 10
36.5680911840201
 20
60.59284286031151
 30
0.0
 10
36.51396729354971
 20
60.63568726828292
 30
0.0
 10
36.44239185967644
 20
60.68263625491946
 30
0.0
 10
36.3533648824003
 20
60.7336898202211
 30
0.0
 10
36.26433790512417
 20
60.78474338552272
 30
0.0
 10
36.14099270095318
 20
60.84880602942627
 30
0.0
 10
35.98332926988734
 20
60.92587775193174
 30
0.0
 10
35.98332926988734
 20
60.92587775193174
 30
0.0
 10
35.7911243297267
 20
61.02021404712427
 30
0.0
 10
35.7911243297267
 20
61.02021404712427
 30
0.0
 10
35.49123715438972
 20
61.16713520515117
 30
0.0
 10
35.28504295951828
 20
61.27613291846296
 30
0.0
 10
35.17254174511236
 20
61.34720718705971
 30
0.0
 10
35.04568969828475
 20
61.42388745841886
 30
0.0
 10
34.94825603367359
 20
61.49483193017353
 30
0.0
 10
34.88024075127896
 20
61.56004060232374
 30
0.0
 10
34.81222546888432
 20
61.62524927447397
 30
0.0
 10
34.75732974778725
 20
61.70193984893363
 30
0.0
 10
34.71555358798781
 20
61.79011232570272
 30
0.0
 10
34.65279148550202
 20
61.91466819479683
 30
0.0
 10
34.63406875062761
 20
62.04186945561476
 30
0.0
 10
34.65938538336456
 20
62.17171610815656
 30
0.0
 10
34.68997631458838
 20
62.32861414664454
 30
0.0
 10
34.76413223620836
 20
62.4605213309993
 30
0.0
 10
34.88185314822451
 20
62.56743766122081
 30
0.0
 10
34.99957406024068
 20
62.67435399144232
 30
0.0
 10
35.14915040071491
 20
62.74662863297385
 30
0.0
 10
35.33058216964724
 20
62.78426158581544
 30
0.0
 10
35.51201393857955
 20
62.82189453865702
 30
0.0
 10
35.70484880499264
 20
62.82080053828989
 30
0.0
 10
35.90908676888647
 20
62.78097958471406
 30
0.0
 10
36.21747256867322
 20
62.72085258196378
 30
0.0
 10
36.5206093097913
 20
62.57259585197743
 30
0.0
 10
36.81849699224072
 20
62.33620939475493
 30
0.0
 10
36.92347821006263
 20
62.25536943147706
 30
0.0
 10
36.9969336430819
 20
62.21086186851083
 30
0.0
 10
37.03886329129852
 20
62.20268670585618
 30
0.0
 10
37.14436369648872
 20
62.18211694175741
 30
0.0
 10
37.23527118528784
 20
62.24512164058953
 30
0.0
 10
37.31158575769585
 20
62.39170080235253
 30
0.0
  0
LWPOLYLINE
  5
6A
330
1F
100
AcDbEntity
  8
0
  6
Continuous
 62
    18
420
        0
370
     9
100
AcDbPolyline
 90
       25
 70
     1
 43
0.0
 10
10.78985679267509
 20
56.39945080439108
 10
10.51910833598459
 20
56.75982633639978
 10
10.87948386799327
 20
56.48907787970936
 10
10.8742017862762
 20
56.49766126249956
 10
11.02288718850247
 20
57.54465430317622
 10
11.17157259072873
 20
56.49766126249956
 10
11.16629050901166
 20
56.48907787970936
 10
11.52666604102034
 20
56.75982633639978
 10
11.25591758432985
 20
56.39945080439108
 10
11.26450096712015
 20
56.40473288610818
 10
12.31149400779679
 20
56.25604748388191
 10
11.26450096712015
 20
56.10736208165565
 10
11.25591758432985
 20
56.11264416337278
 10
11.52666604102034
 20
55.75226863136405
 10
11.16629050901165
 20
56.02301708805453
 10
11.17157259072874
 20
56.01443370526421
 10
11.02288718850247
 20
54.96744066458761
 10
10.8742017862762
 20
56.01443370526421
 10
10.87948386799332
 20
56.02301708805456
 10
10.5191083359846
 20
55.75226863136406
 10
10.78985679267506
 20
56.11264416337274
 10
10.78127340988478
 20
56.10736208165565
 10
9.734280369208147
 20
56.25604748388191
 10
10.78127340988478
 20
56.40473288610818
 10
10.78985679267509
 20
56.39945080439108
  0
SPLINE
  5
6B
330
1F
100
AcDbEntity
  8
0
  6
Continuous
 62
    18
420
        0
370
     9
100
AcDbSpline
210
0.0
220
0.0
230
1.0
 70
    11
 71
     3
 72
    68
 73
    64
 74
     0
 42
0.000000001
 43
0.0
 40
0.0
 40
0.0
 40
0.0
 40
0.0
 40
1.0
 40
1.0
 40
1.0
 40
2.0
 40
2.0
 40
2.0
 40
3.0
 40
3.0
 40
3.0
 40
4.0
 40
4.0
 40
4.0
 40
5.0
 40
5.0
 40
5.0
 40
6.0
 40
6.0
 40
6.0
 40
7.0
 40
7.0
 40
7.0
 40
8.0
 40
8.0
 40
8.0
 40
9.0
 40
9.0
 40
9.0
 40
10.0
 40
10.0
 40
10.0
 40
11.0
 40
11.0
 40
11.0
 40
12.0
 40
12.0
 40
12.0
 40
13.0
 40
13.0
 40
13.0
 40
14.0
 40
14.0
 40
14.0
 40
15.0
 40
15.0
 40
15.0
 40
16.0
 40
16.0
 40
16.0
 40
17.0
 40
17.0
 40
17.0
 40
18.0
 40
18.0
 40
18.0
 40
19.0
 40
19.0
 40
19.0
 40
20.0
 40
20.0
 40
20.0
 40
21.0
 40
21.0
 40
21.0
 40
21.0
 10
28.38650589049312
 20
60.52465398024329
 30
0.0
 10
28.38650589049312
 20
60.52465398024329
 30
0.0
 10
28.46712102140107
 20
60.52452482131027
 30
0.0
 10
28.46712102140107
 20
60.52452482131027
 30
0.0
 10
28.64488772032631
 20
60.52424000930414
 30
0.0
 10
28.77690370325096
 20
60.5670922464501
 30
0.0
 10
28.86316897017505
 20
60.65308153274813
 30
0.0
 10
28.94943423709916
 20
60.73907081904615
 30
0.0
 10
28.99270927656427
 20
60.87094881165777
 30
0.0
 10
28.99299408857038
 20
61.04871551058301
 30
0.0
 10
28.99299408857038
 20
61.04871551058301
 30
0.0
 10
28.99578922035131
 20
62.7933096256166
 30
0.0
 10
28.99578922035131
 20
62.7933096256166
 30
0.0
 10
28.98491064671567
 20
62.88427769247798
 30
0.0
 10
28.96814561236284
 20
62.95665165093263
 30
0.0
 10
28.94549411729286
 20
63.01043150098057
 30
0.0
 10
28.92284262222288
 20
63.06421135102849
 30
0.0
 10
28.88880797564768
 20
63.10905217903023
 30
0.0
 10
28.84339017756726
 20
63.1449539849857
 30
0.0
 10
28.76082500780611
 20
63.21812238625239
 30
0.0
 10
28.63686023737891
 20
63.25483905758625
 30
0.0
 10
28.47149586628567
 20
63.25510399898729
 30
0.0
 10
28.47149586628567
 20
63.25510399898729
 30
0.0
 10
28.39088073537773
 20
63.2552331579203
 30
0.0
 10
28.39088073537773
 20
63.2552331579203
 30
0.0
 10
28.39088073537773
 20
63.2552331579203
 30
0.0
 10
28.3910032707757
 20
63.33171417955093
 30
0.0
 10
28.3910032707757
 20
63.33171417955093
 30
0.0
 10
28.3910032707757
 20
63.33171417955093
 30
0.0
 10
30.21001135280128
 20
63.32879982413954
 30
0.0
 10
30.21001135280128
 20
63.32879982413954
 30
0.0
 10
30.21001135280128
 20
63.32879982413954
 30
0.0
 10
30.2098888174033
 20
63.25231880250891
 30
0.0
 10
30.2098888174033
 20
63.25231880250891
 30
0.0
 10
30.2098888174033
 20
63.25231880250891
 30
0.0
 10
30.12927368649535
 20
63.25244796144192
 30
0.0
 10
30.12927368649535
 20
63.25244796144192
 30
0.0
 10
29.95150698757012
 20
63.25273277344803
 30
0.0
 10
29.81983606571315
 20
63.21022449344726
 30
0.0
 10
29.73426092092446
 20
63.12492312143964
 30
0.0
 10
29.64868577613574
 20
63.039621749432
 30
0.0
 10
29.60575469381584
 20
62.90739869575268
 30
0.0
 10
29.60546767396471
 20
62.72825396040166
 30
0.0
 10
29.60546767396471
 20
62.72825396040166
 30
0.0
 10
29.60277520697669
 20
61.04773853916667
 30
0.0
 10
29.60277520697669
 20
61.04773853916667
 30
0.0
 10
29.60249039497058
 20
60.86997184024146
 30
0.0
 10
29.64534263211653
 20
60.73795585731679
 30
0.0
 10
29.73133191841454
 20
60.6516905903927
 30
0.0
 10
29.81732120471256
 20
60.56542532346857
 30
0.0
 10
29.94851017911129
 20
60.52215138792597
 30
0.0
 10
30.12489884161075
 20
60.52186878376489
 30
0.0
 10
30.12489884161075
 20
60.52186878376489
 30
0.0
 10
30.20551397251869
 20
60.52173962483188
 30
0.0
 10
30.20551397251869
 20
60.52173962483188
 30
0.0
 10
30.20551397251869
 20
60.52173962483188
 30
0.0
 10
30.2053848135857
 20
60.44112449392392
 30
0.0
 10
30.2053848135857
 20
60.44112449392392
 30
0.0
 10
30.2053848135857
 20
60.44112449392392
 30
0.0
 10
28.38637673156012
 20
60.44403884933533
 30
0.0
 10
28.38637673156012
 20
60.44403884933533
 30
0.0
 10
28.38637673156012
 20
60.44403884933533
 30
0.0
 10
28.38650589049312
 20
60.52465398024329
 30
0.0
 10
28.38650589049312
 20
60.52465398024329
 30
0.0
  0
SPLINE
  5
6C
330
1F
100
AcDbEntity
  8
0
  6
Continuous
 62
    18
420
        0
370
     9
100
AcDbSpline
210
0.0
220
0.0
230
1.0
 70
    11
 71
     3
 72
   182
 73
   178
 74
     0
 42
0.000000001
 43
0.0
 40
0.0
 40
0.0
 40
0.0
 40
0.0
 40
1.0
 40
1.0
 40
1.0
 40
2.0
 40
2.0
 40
2.0
 40
3.0
 40
3.0
 40
3.0
 40
4.0
 40
4.0
 40
4.0
 40
5.0
 40
5.0
 40
5.0
 40
6.0
 40
6.0
 40
6.0
 40
7.0
 40
7.0
 40
7.0
 40
8.0
 40
8.0
 40
8.0
 40
9.0
 40
9.0
 40
9.0
 40
10.0
 40
10.0
 40
10.0
 40
11.0
 40
11.0
 40
11.0
 40
12.0
 40
12.0
 40
12.0
 40
13.0
 40
13.0
 40
13.0
 40
14.0
 40
14.0
 40
14.0
 40
15.0
 40
15.0
 40
15.0
 40
16.0
 40
16.0
 40
16.0
 40
17.0
 40
17.0
 40
17.0
 40
18.0
 40
18.0
 40
18.0
 40
19.0
 40
19.0
 40
19.0
 40
20.0
 40
20.0
 40
20.0
 40
21.0
 40
21.0
 40
21.0
 40
22.0
 40
22.0
 40
22.0
 40
23.0
 40
23.0
 40
23.0
 40
24.0
 40
24.0
 40
24.0
 40
25.0
 40
25.0
 40
25.0
 40
26.0
 40
26.0
 40
26.0
 40
27.0
 40
27.0
 40
27.0
 40
28.0
 40
28.0
 40
28.0
 40
29.0
 40
29.0
 40
29.0
 40
30.0
 40
30.0
 40
30.0
 40
31.0
 40
31.0
 40
31.0
 40
32.0
 40
32.0
 40
32.0
 40
33.0
 40
33.0
 40
33.0
 40
34.0
 40
34.0
 40
34.0
 40
35.0
 40
35.0
 40
35.0
 40
36.0
 40
36.0
 40
36.0
 40
37.0
 40
37.0
 40
37.0
 40
38.0
 40
38.0
 40
38.0
 40
39.0
 40
39.0
 40
39.0
 40
40.0
 40
40.0
 40
40.0
 40
41.0
 40
41.0
 40
41.0
 40
42.0
 40
42.0
 40
42.0
 40
43.0
 40
43.0
 40
43.0
 40
44.0
 40
44.0
 40
44.0
 40
45.0
 40
45.0
 40
45.0
 40
46.0
 40
46.0
 40
46.0
 40
47.0
 40
47.0
 40
47.0
 40
48.0
 40
48.0
 40
48.0
 40
49.0
 40
49.0
 40
49.0
 40
50.0
 40
50.0
 40
50.0
 40
51.0
 40
51.0
 40
51.0
 40
52.0
 40
52.0
 40
52.0
 40
53.0
 40
53.0
 40
53.0
 40
54.0
 40
54.0
 40
54.0
 40
55.0
 40
55.0
 40
55.0
 40
56.0
 40
56.0
 40
56.0
 40
57.0
 40
57.0
 40
57.0
 40
58.0
 40
58.0
 40
58.0
 40
59.0
 40
59.0
 40
59.0
 40
59.0
 10
53.37478258457242
 20
29.09851718735028
 30
0.0
 10
53.58526081457884
 20
37.82003632510052
 30
0.0
 10
53.57457861166233
 20
40.32625471692629
 30
0.0
 10
53.59662713808395
 20
47.96112936108879
 30
0.0
 10
52.67039644351172
 20
49.07055769972573
 30
0.0
 10
44.08047857421068
 20
58.85012168938583
 30
0.0
 10
29.09007793956512
 20
58.84600662639001
 30
0.0
 10
13.96358121358723
 20
58.84185420321931
 30
0.0
 10
5.440764621986365
 20
48.49517574035654
 30
0.0
 10
4.658345106788971
 20
47.50312421126061
 30
0.0
 10
4.714951776312652
 20
43.1352679259239
 30
0.0
 10
4.750761680988959
 20
38.94222887430772
 30
0.0
 10
4.809089274445308
 20
33.94033588100918
 30
0.0
 10
4.812259573450955
 20
33.94056586320879
 30
0.0
 10
4.815453362698106
 20
33.94068241324811
 30
0.0
 10
4.818668210976324
 20
33.94068241324811
 30
0.0
 10
4.910996209285901
 20
33.94068241324811
 30
0.0
 10
4.985954829771011
 20
33.84455255513082
 30
0.0
 10
4.985954829771011
 20
33.72614752952715
 30
0.0
 10
4.985954829771011
 20
33.60774250392352
 30
0.0
 10
4.910996209285901
 20
33.51161264580624
 30
0.0
 10
4.818668210976324
 20
33.51161264580624
 30
0.0
 10
4.818668210976324
 20
33.51161264580624
 30
0.0
 10
4.814120221187936
 20
33.51169056028974
 30
0.0
 10
4.814120221187936
 20
33.51169056028974
 30
0.0
 10
4.825016974143784
 20
32.58929955345344
 30
0.0
 10
4.83670645475278
 20
31.63897617121748
 30
0.0
 10
4.849452802777403
 20
30.65472170024499
 30
0.0
 10
4.892168631112799
 20
30.76683385557989
 30
0.0
 10
4.974687779187504
 20
30.84286043207949
 30
0.0
 10
5.069389609192972
 20
30.84286043207949
 30
0.0
 10
5.207881606657363
 20
30.84286043207949
 30
0.0
 10
5.320319537385
 20
30.68026885256184
 30
0.0
 10
5.320319537385
 20
30.48000162536754
 30
0.0
 10
5.320319537385
 20
30.27973439817322
 30
0.0
 10
5.207881606657363
 20
30.11714281865554
 30
0.0
 10
5.069389609192972
 20
30.11714281865554
 30
0.0
 10
4.978055064352231
 20
30.11714281865554
 30
0.0
 10
4.898052251666614
 20
30.18785900466951
 30
0.0
 10
4.854159053660774
 20
30.29346114167703
 30
0.0
 10
4.870525484003749
 20
29.04455627497153
 30
0.0
 10
4.88861595842174
 20
27.74077916369961
 30
0.0
 10
4.908956613037823
 20
26.37018136468524
 30
0.0
 10
5.009156258591308
 20
19.61851008125316
 30
0.0
 10
10.284335194801
 20
13.30029325298082
 30
0.0
 10
15.90229144128855
 20
8.605177392861606
 30
0.0
 10
16.2701139532687
 20
8.297775691257641
 30
0.0
 10
16.63948746075306
 20
7.997343819380319
 30
0.0
 10
17.00908442066892
 20
7.704220126343131
 30
0.0
 10
16.98613265062881
 20
7.758990339594362
 30
0.0
 10
16.97291620581748
 20
7.823222884244217
 30
0.0
 10
16.97291620581748
 20
7.891883988856279
 30
0.0
 10
16.97291620581748
 20
8.09215121605061
 30
0.0
 10
17.08535413654515
 20
8.254742795568234
 30
0.0
 10
17.22384613400951
 20
8.254742795568234
 30
0.0
 10
17.3623381314739
 20
8.254742795568234
 30
0.0
 10
17.47477606220154
 20
8.09215121605061
 30
0.0
 10
17.47477606220154
 20
7.891883988856279
 30
0.0
 10
17.47477606220154
 20
7.695044185656656
 30
0.0
 10
17.36615378105507
 20
7.534601484109714
 30
0.0
 10
17.23093336871683
 20
7.529167424052702
 30
0.0
 10
20.76219702964782
 20
4.756901017679155
 30
0.0
 10
24.28959932815922
 20
2.657851271101833
 30
0.0
 10
26.65550720772112
 20
1.527313733490075
 30
0.0
 10
27.76440632992566
 20
0.9974316979692333
 30
0.0
 10
28.60841456951441
 20
0.6805614077954942
 30
0.0
 10
29.06558572923779
 20
0.6205171730017014
 30
0.0
 10
29.36536719727798
 20
0.5811442850340711
 30
0.0
 10
29.90633696341836
 20
0.763303382196284
 30
0.0
 10
30.63712188447985
 20
1.094902713236706
 30
0.0
 10
32.26487051336696
 20
1.833506289863521
 30
0.0
 10
34.73039879330733
 20
3.346411524601592
 30
0.0
 10
37.44500004333835
 20
5.333036567089238
 30
0.0
 10
37.43609637300722
 20
5.35198049545636
 30
0.0
 10
37.43113408236142
 20
5.373032834325272
 30
0.0
 10
37.43113408236142
 20
5.395202000671929
 30
0.0
 10
37.43113408236142
 20
5.477989254346056
 30
0.0
 10
37.50033477241088
 20
5.545202000671935
 30
0.0
 10
37.58557061523408
 20
5.545202000671935
 30
0.0
 10
37.62358450928647
 20
5.545202000671935
 30
0.0
 10
37.65840897166979
 20
5.531833218676297
 30
0.0
 10
37.68532789012258
 20
5.509676296387767
 30
0.0
 10
37.98619808169513
 20
5.731765987706268
 30
0.0
 10
38.28988562691217
 20
5.959507182574583
 30
0.0
 10
38.59560140483915
 20
6.192496971273727
 30
0.0
 10
39.47127940462006
 20
6.859862043239929
 30
0.0
 10
40.36355109403284
 20
7.570285682668271
 30
0.0
 10
41.25385844131313
 20
8.314428288997902
 30
0.0
 10
41.23252110935635
 20
8.340153784429049
 30
0.0
 10
41.21974321557956
 20
8.37285238060619
 30
0.0
 10
41.21974321557956
 20
8.408426806495157
 30
0.0
 10
41.21974321557956
 20
8.491214060169256
 30
0.0
 10
41.28894390562905
 20
8.558426806495191
 30
0.0
 10
41.37417974845223
 20
8.558426806495191
 30
0.0
 10
41.41887714522843
 20
8.558426806495191
 30
0.0
 10
41.4591650044831
 20
8.53994384402938
 30
0.0
 10
41.48737659703012
 20
8.510424404272612
 30
0.0
 10
44.65486655444379
 20
11.18008054868176
 30
0.0
 10
47.77690085047114
 20
14.26665348253619
 30
0.0
 10
50.01639661895025
 20
17.3488690266409
 30
0.0
 10
51.93630262595497
 20
19.99123353623258
 30
0.0
 10
53.20996596114867
 20
22.62478785427859
 30
0.0
 10
53.27128328491413
 20
24.98507885133215
 30
0.0
 10
53.31048032968628
 20
26.49389277544735
 30
0.0
 10
53.34457445640012
 20
27.84746494106791
 30
0.0
 10
53.37427547812446
 20
29.07751007531415
 30
0.0
 10
53.37427547812446
 20
29.07751007531415
 30
0.0
 10
52.44831945828041
 20
28.72211910331846
 30
0.0
 10
52.44831945828041
 20
28.72211910331846
 30
0.0
 10
52.44831945828041
 20
28.72211910331846
 30
0.0
 10
52.43868825005715
 20
28.72537774691625
 30
0.0
 10
52.43868825005715
 20
28.72537774691625
 30
0.0
 10
52.43868825005715
 20
28.72537774691625
 30
0.0
 10
52.78617699568323
 20
28.4320597598643
 30
0.0
 10
52.78617699568323
 20
28.4320597598643
 30
0.0
 10
52.78617699568323
 20
28.4320597598643
 30
0.0
 10
52.37076470006909
 20
28.61703677064544
 30
0.0
 10
52.37076470006909
 20
28.61703677064544
 30
0.0
 10
52.37076470006909
 20
28.61703677064544
 30
0.0
 10
52.37789402939381
 20
28.60978752286958
 30
0.0
 10
52.37789402939381
 20
28.60978752286958
 30
0.0
 10
52.37789402939381
 20
28.60978752286958
 30
0.0
 10
52.46775974239289
 20
27.54673144903002
 30
0.0
 10
52.46775974239289
 20
27.54673144903002
 30
0.0
 10
52.46775974239289
 20
27.54673144903002
 30
0.0
 10
52.08548281445711
 20
28.54273768036994
 30
0.0
 10
52.08548281445711
 20
28.54273768036994
 30
0.0
 10
52.08548281445711
 20
28.54273768036994
 30
0.0
 10
52.0887414580549
 20
28.55236888859318
 30
0.0
 10
52.0887414580549
 20
28.55236888859318
 30
0.0
 10
52.0887414580549
 20
28.55236888859318
 30
0.0
 10
51.79542347100291
 20
28.20488014296713
 30
0.0
 10
51.79542347100291
 20
28.20488014296713
 30
0.0
 10
51.79542347100291
 20
28.20488014296713
 30
0.0
 10
51.98040048178408
 20
28.62029243858129
 30
0.0
 10
51.98040048178408
 20
28.62029243858129
 30
0.0
 10
51.98040048178408
 20
28.62029243858129
 30
0.0
 10
51.97315123400822
 20
28.61316310925653
 30
0.0
 10
51.97315123400822
 20
28.61316310925653
 30
0.0
 10
51.97315123400822
 20
28.61316310925653
 30
0.0
 10
50.91009516016868
 20
28.52329739625742
 30
0.0
 10
50.91009516016868
 20
28.52329739625742
 30
0.0
 10
50.91009516016868
 20
28.52329739625742
 30
0.0
 10
51.90610139150859
 20
28.90557432419324
 30
0.0
 10
51.90610139150859
 20
28.90557432419324
 30
0.0
 10
51.90610139150859
 20
28.90557432419324
 30
0.0
 10
51.91573259973179
 20
28.90231568059549
 30
0.0
 10
51.91573259973179
 20
28.90231568059549
 30
0.0
 10
51.91573259973179
 20
28.90231568059549
 30
0.0
 10
51.56824385410577
 20
29.19563366764744
 30
0.0
 10
51.56824385410577
 20
29.19563366764744
 30
0.0
 10
51.56824385410577
 20
29.19563366764744
 30
0.0
 10
51.98365614971994
 20
29.01065665686625
 30
0.0
 10
51.98365614971994
 20
29.01065665686625
 30
0.0
 10
51.98365614971994
 20
29.01065665686625
 30
0.0
 10
51.97652682039519
 20
29.01790590464213
 30
0.0
 10
51.97652682039519
 20
29.01790590464213
 30
0.0
 10
51.97652682039519
 20
29.01790590464213
 30
0.0
 10
51.88666110739607
 20
30.08096197848171
 30
0.0
 10
51.88666110739607
 20
30.08096197848171
 30
0.0
 10
51.88666110739607
 20
30.08096197848171
 30
0.0
 10
52.26893803533189
 20
29.08495574714176
 30
0.0
 10
52.26893803533189
 20
29.08495574714176
 30
0.0
 10
52.26893803533189
 20
29.08495574714176
 30
0.0
 10
52.2656793917341
 20
29.07532453891854
 30
0.0
 10
52.2656793917341
 20
29.07532453891854
 30
0.0
 10
52.2656793917341
 20
29.07532453891854
 30
0.0
 10
52.55899737878605
 20
29.42281328454459
 30
0.0
 10
52.55899737878605
 20
29.42281328454459
 30
0.0
 10
52.55899737878605
 20
29.42281328454459
 30
0.0
 10
52.37402036800493
 20
29.00740098893046
 30
0.0
 10
52.37402036800493
 20
29.00740098893046
 30
0.0
 10
52.37402036800493
 20
29.00740098893046
 30
0.0
 10
52.38126961578077
 20
29.01453031825517
 30
0.0
 10
52.38126961578077
 20
29.01453031825517
 30
0.0
 10
52.38126961578077
 20
29.01453031825517
 30
0.0
 10
53.37478258457242
 20
29.09851718735028
 30
0.0
 10
53.37478258457242
 20
29.09851718735028
 30
0.0
  0
SPLINE
  5
6D
330
1F
100
AcDbEntity
  8
0
  6
Continuous
 62
    18
420
        0
370
     9
100
AcDbSpline
210
0.0
220
0.0
230
1.0
 70
    11
 71
     3
 72
    17
 73
    13
 74
     0
 42
0.000000001
 43
0.0
 40
0.0
 40
0.0
 40
0.0
 40
0.0
 40
1.0
 40
1.0
 40
1.0
 40
2.0
 40
2.0
 40
2.0
 40
3.0
 40
3.0
 40
3.0
 40
4.0
 40
4.0
 40
4.0
 40
4.0
 10
41.37417974845223
 20
46.94024442837367
 30
0.0
 10
41.4594155912754
 20
46.94024442837367
 30
0.0
 10
41.52861628132489
 20
46.87303168204774
 30
0.0
 10
41.52861628132489
 20
46.79024442837364
 30
0.0
 10
41.52861628132489
 20
46.70745717469957
 30
0.0
 10
41.4594155912754
 20
46.64024442837362
 30
0.0
 10
41.37417974845223
 20
46.64024442837362
 30
0.0
 10
41.28894390562905
 20
46.64024442837362
 30
0.0
 10
41.21974321557956
 20
46.70745717469957
 30
0.0
 10
41.21974321557956
 20
46.79024442837364
 30
0.0
 10
41.21974321557956
 20
46.87303168204774
 30
0.0
 10
41.28894390562905
 20
46.94024442837367
 30
0.0
 10
41.37417974845223
 20
46.94024442837367
 30
0.0
  0
SPLINE
  5
6E
330
1F
100
AcDbEntity
  8
0
  6
Continuous
 62
    18
420
        0
370
     9
100
AcDbSpline
210
0.0
220
0.0
230
1.0
 70
    11
 71
     3
 72
    17
 73
    13
 74
     0
 42
0.000000001
 43
0.0
 40
0.0
 40
0.0
 40
0.0
 40
0.0
 40
1.0
 40
1.0
 40
1.0
 40
2.0
 40
2.0
 40
2.0
 40
3.0
 40
3.0
 40
3.0
 40
4.0
 40
4.0
 40
4.0
 40
4.0
 10
23.93501448698813
 20
15.15561001481285
 30
0.0
 10
23.99445225575542
 20
15.2262613482456
 30
0.0
 10
24.11626877962804
 20
15.22173598436353
 30
0.0
 10
24.20687480485547
 20
15.14551067176532
 30
0.0
 10
24.29748083008288
 20
15.06928535916714
 30
0.0
 10
24.32278549984671
 20
14.95004015760824
 30
0.0
 10
24.26334773107942
 20
14.87938882417552
 30
0.0
 10
24.20390996231216
 20
14.80873749074277
 30
0.0
 10
24.08209343843952
 20
14.81326285462481
 30
0.0
 10
23.99148741321208
 20
14.88948816722305
 30
0.0
 10
23.90088138798468
 20
14.96571347982126
 30
0.0
 10
23.87557671822085
 20
15.08495868138016
 30
0.0
 10
23.93501448698813
 20
15.15561001481285
 30
0.0
  0
SPLINE
  5
6F
330
1F
100
AcDbEntity
  8
0
  6
Continuous
 62
    18
420
        0
370
     9
100
AcDbSpline
210
0.0
220
0.0
230
1.0
 70
    11
 71
     3
 72
    17
 73
    13
 74
     0
 42
0.000000001
 43
0.0
 40
0.0
 40
0.0
 40
0.0
 40
0.0
 40
1.0
 40
1.0
 40
1.0
 40
2.0
 40
2.0
 40
2.0
 40
3.0
 40
3.0
 40
3.0
 40
4.0
 40
4.0
 40
4.0
 40
4.0
 10
47.90265691540681
 20
51.11624414095972
 30
0.0
 10
48.03051067964162
 20
51.11624414095972
 30
0.0
 10
48.13431171471584
 20
51.00256222357338
 30
0.0
 10
48.13431171471584
 20
50.86253798342128
 30
0.0
 10
48.13431171471584
 20
50.72251374326915
 30
0.0
 10
48.03051067964162
 20
50.60883182588283
 30
0.0
 10
47.90265691540681
 20
50.60883182588283
 30
0.0
 10
47.77480315117207
 20
50.60883182588283
 30
0.0
 10
47.67100211609786
 20
50.72251374326915
 30
0.0
 10
47.67100211609786
 20
50.86253798342128
 30
0.0
 10
47.67100211609786
 20
51.00256222357338
 30
0.0
 10
47.77480315117207
 20
51.11624414095972
 30
0.0
 10
47.90265691540681
 20
51.11624414095972
 30
0.0
  0
LWPOLYLINE
  5
70
330
1F
100
AcDbEntity
  8
0
  6
Continuous
 62
    18
420
        0
370
     9
100
AcDbPolyline
 90
       25
 70
     1
 43
0.0
 10
37.7615738243458
 20
7.269035154144774
 10
37.57774796188468
 20
7.313960366156408
 10
37.78437389722083
 20
7.319882018307368
 10
37.78050479221908
 20
7.321246902511348
 10
37.65471410158907
 20
7.688168368891326
 10
37.91031446781294
 20
7.396409713277052
 10
37.90957205545062
 20
7.3923746536382
 10
38.01757170004085
 20
7.568628504336942
 10
37.96502083146918
 20
7.386835686557447
 10
37.96780563005383
 20
7.390666725280653
 10
38.45192488466247
 20
7.608532268674594
 10
38.02196767363071
 20
7.297126352926426
 10
38.01725875649873
 20
7.296618356567961
 10
38.20108461895981
 20
7.251693144556327
 10
37.99445868362369
 20
7.245771492405396
 10
37.99832778862539
 20
7.244406608201444
 10
38.12411847925542
 20
6.877485141821381
 10
37.86851811303148
 20
7.169243797435712
 10
37.86926052539386
 20
7.17327885707445
 10
37.76126088080369
 20
6.997025006375821
 10
37.81381174937535
 20
7.178817824155345
 10
37.81102695079066
 20
7.174986785432083
 10
37.32690769618204
 20
6.957121242038113
 10
37.75686490721377
 20
7.268527157786309
 10
37.7615738243458
 20
7.269035154144774
  0
SPLINE
  5
71
330
1F
100
AcDbEntity
  8
0
  6
Continuous
 62
    18
420
        0
370
     9
100
AcDbSpline
210
0.0
220
0.0
230
1.0
 70
    11
 71
     3
 72
    17
 73
    13
 74
     0
 42
0.000000001
 43
0.0
 40
0.0
 40
0.0
 40
0.0
 40
0.0
 40
1.0
 40
1.0
 40
1.0
 40
2.0
 40
2.0
 40
2.0
 40
3.0
 40
3.0
 40
3.0
 40
4.0
 40
4.0
 40
4.0
 40
4.0
 10
24.05709344827949
 20
4.420202000671964
 30
0.0
 10
24.14232929110268
 20
4.420202000671964
 30
0.0
 10
24.21152998115216
 20
4.352989254346056
 30
0.0
 10
24.21152998115216
 20
4.270202000671958
 30
0.0
 10
24.21152998115216
 20
4.187414746997831
 30
0.0
 10
24.14232929110268
 20
4.120202000671924
 30
0.0
 10
24.05709344827949
 20
4.120202000671924
 30
0.0
 10
23.97185760545632
 20
4.120202000671924
 30
0.0
 10
23.90265691540684
 20
4.187414746997831
 30
0.0
 10
23.90265691540684
 20
4.270202000671958
 30
0.0
 10
23.90265691540684
 20
4.352989254346056
 30
0.0
 10
23.97185760545632
 20
4.420202000671964
 30
0.0
 10
24.05709344827949
 20
4.420202000671964
 30
0.0
  0
SPLINE
  5
72
330
1F
100
AcDbEntity
  8
0
  6
Continuous
 62
    18
420
        0
370
     9
100
AcDbSpline
210
0.0
220
0.0
230
1.0
 70
    11
 71
     3
 72
    17
 73
    13
 74
     0
 42
0.000000001
 43
0.0
 40
0.0
 40
0.0
 40
0.0
 40
0.0
 40
1.0
 40
1.0
 40
1.0
 40
2.0
 40
2.0
 40
2.0
 40
3.0
 40
3.0
 40
3.0
 40
4.0
 40
4.0
 40
4.0
 40
4.0
 10
53.37417974845222
 20
43.94024442837367
 30
0.0
 10
53.45941559127544
 20
43.94024442837367
 30
0.0
 10
53.52861628132486
 20
43.87303168204777
 30
0.0
 10
53.52861628132486
 20
43.79024442837367
 30
0.0
 10
53.52861628132486
 20
43.70745717469956
 30
0.0
 10
53.45941559127544
 20
43.64024442837365
 30
0.0
 10
53.37417974845222
 20
43.64024442837365
 30
0.0
 10
53.28894390562907
 20
43.64024442837365
 30
0.0
 10
53.21974321557956
 20
43.70745717469956
 30
0.0
 10
53.21974321557956
 20
43.79024442837367
 30
0.0
 10
53.21974321557956
 20
43.87303168204777
 30
0.0
 10
53.28894390562907
 20
43.94024442837367
 30
0.0
 10
53.37417974845222
 20
43.94024442837367
 30
0.0
  0
SPLINE
  5
73
330
1F
100
AcDbEntity
  8
0
  6
Continuous
 62
    18
420
        0
370
     9
100
AcDbSpline
210
0.0
220
0.0
230
1.0
 70
    11
 71
     3
 72
    17
 73
    13
 74
     0
 42
0.000000001
 43
0.0
 40
0.0
 40
0.0
 40
0.0
 40
0.0
 40
1.0
 40
1.0
 40
1.0
 40
2.0
 40
2.0
 40
2.0
 40
3.0
 40
3.0
 40
3.0
 40
4.0
 40
4.0
 40
4.0
 40
4.0
 10
21.74000714810674
 20
47.72701962255049
 30
0.0
 10
21.82524299092993
 20
47.72701962255049
 30
0.0
 10
21.89444368097942
 20
47.65980687622456
 30
0.0
 10
21.89444368097942
 20
47.57701962255047
 30
0.0
 10
21.89444368097942
 20
47.49423236887637
 30
0.0
 10
21.82524299092993
 20
47.42701962255045
 30
0.0
 10
21.74000714810674
 20
47.42701962255045
 30
0.0
 10
21.65477130528355
 20
47.42701962255045
 30
0.0
 10
21.58557061523407
 20
47.49423236887637
 30
0.0
 10
21.58557061523407
 20
47.57701962255047
 30
0.0
 10
21.58557061523407
 20
47.65980687622456
 30
0.0
 10
21.65477130528355
 20
47.72701962255049
 30
0.0
 10
21.74000714810674
 20
47.72701962255049
 30
0.0
  0
SPLINE
  5
74
330
1F
100
AcDbEntity
  8
0
  6
Continuous
 62
    18
420
        0
370
     9
100
AcDbSpline
210
0.0
220
0.0
230
1.0
 70
    11
 71
     3
 72
    17
 73
    13
 74
     0
 42
0.000000001
 43
0.0
 40
0.0
 40
0.0
 40
0.0
 40
0.0
 40
1.0
 40
1.0
 40
1.0
 40
2.0
 40
2.0
 40
2.0
 40
3.0
 40
3.0
 40
3.0
 40
4.0
 40
4.0
 40
4.0
 40
4.0
 10
8.834213178474252
 20
18.92899627837068
 30
0.0
 10
8.972705175938644
 20
18.92899627837068
 30
0.0
 10
9.08514310666628
 20
18.76640469885299
 30
0.0
 10
9.08514310666628
 20
18.56613747165869
 30
0.0
 10
9.08514310666628
 20
18.36587024446439
 30
0.0
 10
8.972705175938644
 20
18.20327866494671
 30
0.0
 10
8.834213178474252
 20
18.20327866494671
 30
0.0
 10
8.695721181009889
 20
18.20327866494671
 30
0.0
 10
8.583283250282225
 20
18.36587024446439
 30
0.0
 10
8.583283250282225
 20
18.56613747165869
 30
0.0
 10
8.583283250282225
 20
18.76640469885299
 30
0.0
 10
8.695721181009889
 20
18.92899627837068
 30
0.0
 10
8.834213178474252
 20
18.92899627837068
 30
0.0
  0
SPLINE
  5
75
330
1F
100
AcDbEntity
  8
0
  6
Continuous
 62
    18
420
        0
370
     9
100
AcDbSpline
210
0.0
220
0.0
230
1.0
 70
    11
 71
     3
 72
    17
 73
    13
 74
     0
 42
0.000000001
 43
0.0
 40
0.0
 40
0.0
 40
0.0
 40
0.0
 40
1.0
 40
1.0
 40
1.0
 40
2.0
 40
2.0
 40
2.0
 40
3.0
 40
3.0
 40
3.0
 40
4.0
 40
4.0
 40
4.0
 40
4.0
 10
15.13303009430251
 20
27.5784731109225
 30
0.0
 10
15.22535809261208
 20
27.5784731109225
 30
0.0
 10
15.30031671309719
 20
27.48234325280524
 30
0.0
 10
15.30031671309719
 20
27.36393822720153
 30
0.0
 10
15.30031671309719
 20
27.24553320159791
 30
0.0
 10
15.22535809261208
 20
27.14940334348063
 30
0.0
 10
15.13303009430251
 20
27.14940334348063
 30
0.0
 10
15.04070209599293
 20
27.14940334348063
 30
0.0
 10
14.96574347550782
 20
27.24553320159791
 30
0.0
 10
14.96574347550782
 20
27.36393822720153
 30
0.0
 10
14.96574347550782
 20
27.48234325280524
 30
0.0
 10
15.04070209599293
 20
27.5784731109225
 30
0.0
 10
15.13303009430251
 20
27.5784731109225
 30
0.0
  0
SPLINE
  5
76
330
1F
100
AcDbEntity
  8
0
  6
Continuous
 62
    18
420
        0
370
     9
100
AcDbSpline
210
0.0
220
0.0
230
1.0
 70
    11
 71
     3
 72
    17
 73
    13
 74
     0
 42
0.000000001
 43
0.0
 40
0.0
 40
0.0
 40
0.0
 40
0.0
 40
1.0
 40
1.0
 40
1.0
 40
2.0
 40
2.0
 40
2.0
 40
3.0
 40
3.0
 40
3.0
 40
4.0
 40
4.0
 40
4.0
 40
4.0
 10
42.69126604862497
 20
43.55201962255045
 30
0.0
 10
42.77650189144817
 20
43.55201962255045
 30
0.0
 10
42.84570258149765
 20
43.48480687622452
 30
0.0
 10
42.84570258149765
 20
43.40201962255043
 30
0.0
 10
42.84570258149765
 20
43.31923236887631
 30
0.0
 10
42.77650189144817
 20
43.25201962255041
 30
0.0
 10
42.69126604862497
 20
43.25201962255041
 30
0.0
 10
42.60603020580181
 20
43.25201962255041
 30
0.0
 10
42.53682951575233
 20
43.31923236887631
 30
0.0
 10
42.53682951575233
 20
43.40201962255043
 30
0.0
 10
42.53682951575233
 20
43.48480687622452
 30
0.0
 10
42.60603020580181
 20
43.55201962255045
 30
0.0
 10
42.69126604862497
 20
43.55201962255045
 30
0.0
  0
SPLINE
  5
77
330
1F
100
AcDbEntity
  8
0
  6
Continuous
 62
    18
420
        0
370
     9
100
AcDbSpline
210
0.0
220
0.0
230
1.0
 70
    11
 71
     3
 72
    17
 73
    13
 74
     0
 42
0.000000001
 43
0.0
 40
0.0
 40
0.0
 40
0.0
 40
0.0
 40
1.0
 40
1.0
 40
1.0
 40
2.0
 40
2.0
 40
2.0
 40
3.0
 40
3.0
 40
3.0
 40
4.0
 40
4.0
 40
4.0
 40
4.0
 10
31.9513980148886
 20
46.97701962255051
 30
0.0
 10
32.03663385771174
 20
46.97701962255051
 30
0.0
 10
32.10583454776123
 20
46.90980687622454
 30
0.0
 10
32.10583454776123
 20
46.82701962255048
 30
0.0
 10
32.10583454776123
 20
46.74423236887633
 30
0.0
 10
32.03663385771174
 20
46.67701962255046
 30
0.0
 10
31.9513980148886
 20
46.67701962255046
 30
0.0
 10
31.86616217206541
 20
46.67701962255046
 30
0.0
 10
31.7969614820159
 20
46.74423236887633
 30
0.0
 10
31.7969614820159
 20
46.82701962255048
 30
0.0
 10
31.7969614820159
 20
46.90980687622454
 30
0.0
 10
31.86616217206541
 20
46.97701962255051
 30
0.0
 10
31.9513980148886
 20
46.97701962255051
 30
0.0
  0
LWPOLYLINE
  5
78
330
1F
100
AcDbEntity
  8
0
  6
Continuous
 62
    18
420
        0
370
     9
100
AcDbPolyline
 90
       25
 70
     1
 43
0.0
 10
28.41630728741483
 20
18.23987321757889
 10
28.14316501591073
 20
18.60343499964981
 10
28.50672679798157
 20
18.33029272814579
 10
28.50139801488857
 20
18.33895200067195
 10
28.65139801488854
 20
19.39520200067193
 10
28.80139801488857
 20
18.33895200067195
 10
28.79606923179551
 20
18.33029272814574
 10
29.1596310138664
 20
18.60343499964975
 10
28.88648874236244
 20
18.23987321757895
 10
28.89514801488855
 20
18.24520200067195
 10
29.95139801488857
 20
18.09520200067195
 10
28.89514801488855
 20
17.94520200067197
 10
28.88648874236238
 20
17.95053078376495
 10
29.1596310138664
 20
17.58696900169411
 10
28.79606923179553
 20
17.86011127319816
 10
28.80139801488859
 20
17.85145200067194
 10
28.6513980148886
 20
16.79520200067199
 10
28.50139801488859
 20
17.85145200067194
 10
28.50672679798162
 20
17.86011127319816
 10
28.14316501591076
 20
17.58696900169414
 10
28.41630728741475
 20
17.95053078376495
 10
28.40764801488858
 20
17.94520200067194
 10
27.35139801488859
 20
18.09520200067195
 10
28.40764801488858
 20
18.2452020006719
 10
28.41630728741483
 20
18.23987321757889
  0
LWPOLYLINE
  5
79
330
1F
100
AcDbEntity
  8
0
  6
Continuous
 62
    18
420
        0
370
     9
100
AcDbPolyline
 90
       25
 70
     1
 43
0.0
 10
13.9999173767626
 20
13.07843910256003
 10
13.9179612007919
 20
13.26820877436776
 10
14.03636475360292
 20
13.12059163083225
 10
14.03483510102867
 20
13.1250740547143
 10
14.13535935057179
 20
13.6463529847843
 10
14.14250129338275
 20
13.1155179441794
 10
14.1402060807203
 20
13.11137500323233
 10
14.28275794631631
 20
13.23583056959623
 10
14.16865953332838
 20
13.06346208271026
 10
14.17200279328342
 20
13.06584021123447
 10
14.54444681586091
 20
12.95748842128177
 10
14.15874140061142
 20
12.91642757634571
 10
14.15586925455676
 20
12.91935736463938
 10
14.23782543052749
 20
12.72958769283167
 10
14.1194218777165
 20
12.87720483636718
 10
14.12095153029074
 20
12.87272241248519
 10
14.0204272807476
 20
12.35144348241514
 10
14.01328533793662
 20
12.88227852302006
 10
14.01558055059906
 20
12.88642146396711
 10
13.87302868500307
 20
12.7619658976032
 10
13.98712709799098
 20
12.93433438448915
 10
13.98378383803597
 20
12.93195625596496
 10
13.61133981545845
 20
13.04030804591767
 10
13.997045230708
 20
13.0813688908537
 10
13.9999173767626
 20
13.07843910256003
  0
SPLINE
  5
7A
330
1F
100
AcDbEntity
  8
0
  6
Continuous
 62
    18
420
        0
370
     9
100
AcDbSpline
210
0.0
220
0.0
230
1.0
 70
    11
 71
     3
 72
    17
 73
    13
 74
     0
 42
0.000000001
 43
0.0
 40
0.0
 40
0.0
 40
0.0
 40
0.0
 40
1.0
 40
1.0
 40
1.0
 40
2.0
 40
2.0
 40
2.0
 40
3.0
 40
3.0
 40
3.0
 40
4.0
 40
4.0
 40
4.0
 40
4.0
 10
48.26848431506131
 20
44.31524442837367
 30
0.0
 10
48.3537201578845
 20
44.31524442837367
 30
0.0
 10
48.42292084793398
 20
44.2480316820478
 30
0.0
 10
48.42292084793398
 20
44.16524442837367
 30
0.0
 10
48.42292084793398
 20
44.08245717469958
 30
0.0
 10
48.3537201578845
 20
44.01524442837365
 30
0.0
 10
48.26848431506131
 20
44.01524442837365
 30
0.0
 10
48.18324847223813
 20
44.01524442837365
 30
0.0
 10
48.11404778218867
 20
44.08245717469958
 30
0.0
 10
48.11404778218867
 20
44.16524442837367
 30
0.0
 10
48.11404778218867
 20
44.2480316820478
 30
0.0
 10
48.18324847223813
 20
44.31524442837367
 30
0.0
 10
48.26848431506131
 20
44.31524442837367
 30
0.0
  0
LWPOLYLINE
  5
7B
330
1F
100
AcDbEntity
  8
0
  6
Continuous
 62
    18
420
        0
370
     9
100
AcDbPolyline
 90
       25
 70
     1
 43
0.0
 10
29.65908541918686
 20
9.253683616573795
 10
29.51032503464053
 20
9.37064758698125
 10
29.70088189815773
 20
9.290538755481606
 10
29.69792434724954
 20
9.2933823052052
 10
29.73523640096896
 20
9.67946839791881
 10
29.84720110713326
 20
9.308094509615927
 10
29.84485556821305
 20
9.304728305584888
 10
30.01610753699644
 20
9.420495772109632
 10
29.89304263302681
 20
9.27674163549159
 10
29.89716308213143
 20
9.279076985579366
 10
30.4280424542772
 20
9.277092064611764
 10
29.90776464224195
 20
9.171508704251636
 10
29.90326757037548
 20
9.172994741089724
 10
30.05202795492184
 20
9.056030770682213
 10
29.86147109140469
 20
9.136139602181828
 10
29.86442864231285
 20
9.133296052458292
 10
29.82711658859343
 20
8.747209959744623
 10
29.71515188242911
 20
9.118583848047507
 10
29.71749742134926
 20
9.121950052078546
 10
29.54624545256593
 20
9.00618258555383
 10
29.66931035653561
 20
9.149936722171958
 10
29.66518990743096
 20
9.147601372084125
 10
29.13431053528517
 20
9.149586293051726
 10
29.65458834732042
 20
9.255169653411912
 10
29.65908541918686
 20
9.253683616573795
  0
LWPOLYLINE
  5
7C
330
1F
100
AcDbEntity
  8
0
  6
Continuous
 62
    18
420
        0
370
     9
100
AcDbPolyline
 90
       25
 70
     1
 43
0.0
 10
16.932181682167
 20
11.35809776124967
 10
16.51362944828451
 20
11.53585573540818
 10
16.96512263397878
 20
11.4816545072251
 10
16.95617208153298
 20
11.48647804750686
 10
16.55671029798476
 20
12.47571732391299
 10
17.21579143272079
 20
11.63680366903836
 10
17.21551895043835
 20
11.62663977788682
 10
17.39327692459685
 20
12.04519201176922
 10
17.33907569641374
 20
11.59369882607493
 10
17.34389923669557
 20
11.60264937852077
 10
18.33313851310167
 20
12.00211116206899
 10
17.49422485822704
 20
11.34303002733296
 10
17.48406096707548
 20
11.34330250961543
 10
17.90261320095792
 20
11.16554453545689
 10
17.45112001526368
 20
11.21974576363999
 10
17.46007056770946
 20
11.2149222233582
 10
17.85953235125769
 20
10.22568294695208
 10
17.20045121652167
 20
11.06459660182671
 10
17.20072369880409
 20
11.07476049297833
 10
17.02296572464558
 20
10.65620825909585
 10
17.07716695282872
 20
11.10770144479017
 10
17.07234341254686
 20
11.09875089234433
 10
16.08310413614077
 20
10.69928910879608
 10
16.92201779101539
 20
11.35837024353211
 10
16.932181682167
 20
11.35809776124967
  0
SPLINE
  5
7D
330
1F
100
AcDbEntity
  8
0
  6
Continuous
 62
    18
420
        0
370
     9
100
AcDbSpline
210
0.0
220
0.0
230
1.0
 70
    11
 71
     3
 72
    17
 73
    13
 74
     0
 42
0.000000001
 43
0.0
 40
0.0
 40
0.0
 40
0.0
 40
0.0
 40
1.0
 40
1.0
 40
1.0
 40
2.0
 40
2.0
 40
2.0
 40
3.0
 40
3.0
 40
3.0
 40
4.0
 40
4.0
 40
4.0
 40
4.0
 10
6.951398014888578
 20
46.17701962255046
 30
0.0
 10
7.03663385771177
 20
46.17701962255046
 30
0.0
 10
7.105834547761254
 20
46.10980687622452
 30
0.0
 10
7.105834547761254
 20
46.02701962255044
 30
0.0
 10
7.105834547761254
 20
45.94423236887633
 30
0.0
 10
7.03663385771177
 20
45.87701962255041
 30
0.0
 10
6.951398014888578
 20
45.87701962255041
 30
0.0
 10
6.866162172065413
 20
45.87701962255041
 30
0.0
 10
6.79696148201593
 20
45.94423236887633
 30
0.0
 10
6.79696148201593
 20
46.02701962255044
 30
0.0
 10
6.79696148201593
 20
46.10980687622452
 30
0.0
 10
6.866162172065413
 20
46.17701962255046
 30
0.0
 10
6.951398014888578
 20
46.17701962255046
 30
0.0
  0
SPLINE
  5
7E
330
1F
100
AcDbEntity
  8
0
  6
Continuous
 62
    18
420
        0
370
     9
100
AcDbSpline
210
0.0
220
0.0
230
1.0
 70
    11
 71
     3
 72
    17
 73
    13
 74
     0
 42
0.000000001
 43
0.0
 40
0.0
 40
0.0
 40
0.0
 40
0.0
 40
1.0
 40
1.0
 40
1.0
 40
2.0
 40
2.0
 40
2.0
 40
3.0
 40
3.0
 40
3.0
 40
4.0
 40
4.0
 40
4.0
 40
4.0
 10
29.16278888167042
 20
4.045202000671964
 30
0.0
 10
29.24802472449361
 20
4.045202000671964
 30
0.0
 10
29.31722541454307
 20
3.977989254346028
 30
0.0
 10
29.31722541454307
 20
3.895202000671958
 30
0.0
 10
29.31722541454307
 20
3.812414746997831
 30
0.0
 10
29.24802472449361
 20
3.745202000671924
 30
0.0
 10
29.16278888167042
 20
3.745202000671924
 30
0.0
 10
29.07755303884723
 20
3.745202000671924
 30
0.0
 10
29.00835234879777
 20
3.812414746997831
 30
0.0
 10
29.00835234879777
 20
3.895202000671958
 30
0.0
 10
29.00835234879777
 20
3.977989254346028
 30
0.0
 10
29.07755303884723
 20
4.045202000671964
 30
0.0
 10
29.16278888167042
 20
4.045202000671964
 30
0.0
  0
SPLINE
  5
7F
330
1F
100
AcDbEntity
  8
0
  6
Continuous
 62
    18
420
        0
370
     9
100
AcDbSpline
210
0.0
220
0.0
230
1.0
 70
    11
 71
     3
 72
    17
 73
    13
 74
     0
 42
0.000000001
 43
0.0
 40
0.0
 40
0.0
 40
0.0
 40
0.0
 40
1.0
 40
1.0
 40
1.0
 40
2.0
 40
2.0
 40
2.0
 40
3.0
 40
3.0
 40
3.0
 40
4.0
 40
4.0
 40
4.0
 40
4.0
 10
13.36517147272077
 20
29.9357134152996
 30
0.0
 10
13.50366347018513
 20
29.9357134152996
 30
0.0
 10
13.6161014009128
 20
29.77312183578194
 30
0.0
 10
13.6161014009128
 20
29.57285460858763
 30
0.0
 10
13.6161014009128
 20
29.37258738139334
 30
0.0
 10
13.50366347018513
 20
29.20999580187569
 30
0.0
 10
13.36517147272077
 20
29.20999580187569
 30
0.0
 10
13.22667947525638
 20
29.20999580187569
 30
0.0
 10
13.11424154452874
 20
29.37258738139334
 30
0.0
 10
13.11424154452874
 20
29.57285460858763
 30
0.0
 10
13.11424154452874
 20
29.77312183578194
 30
0.0
 10
13.22667947525638
 20
29.9357134152996
 30
0.0
 10
13.36517147272077
 20
29.9357134152996
 30
0.0
  0
SPLINE
  5
80
330
1F
100
AcDbEntity
  8
0
  6
Continuous
 62
    18
420
        0
370
     9
100
AcDbSpline
210
0.0
220
0.0
230
1.0
 70
    11
 71
     3
 72
    17
 73
    13
 74
     0
 42
0.000000001
 43
0.0
 40
0.0
 40
0.0
 40
0.0
 40
0.0
 40
1.0
 40
1.0
 40
1.0
 40
2.0
 40
2.0
 40
2.0
 40
3.0
 40
3.0
 40
3.0
 40
4.0
 40
4.0
 40
4.0
 40
4.0
 10
27.84570258149765
 20
45.81524442837366
 30
0.0
 10
27.93093842432085
 20
45.81524442837366
 30
0.0
 10
28.00013911437033
 20
45.7480316820478
 30
0.0
 10
28.00013911437033
 20
45.6652444283737
 30
0.0
 10
28.00013911437033
 20
45.58245717469954
 30
0.0
 10
27.93093842432085
 20
45.51524442837368
 30
0.0
 10
27.84570258149765
 20
45.51524442837368
 30
0.0
 10
27.76046673867449
 20
45.51524442837368
 30
0.0
 10
27.691266048625
 20
45.58245717469954
 30
0.0
 10
27.691266048625
 20
45.6652444283737
 30
0.0
 10
27.691266048625
 20
45.7480316820478
 30
0.0
 10
27.76046673867449
 20
45.81524442837366
 30
0.0
 10
27.84570258149765
 20
45.81524442837366
 30
0.0
  0
SPLINE
  5
81
330
1F
100
AcDbEntity
  8
0
  6
Continuous
 62
    18
420
        0
370
     9
100
AcDbSpline
210
0.0
220
0.0
230
1.0
 70
    11
 71
     3
 72
    17
 73
    13
 74
     0
 42
0.000000001
 43
0.0
 40
0.0
 40
0.0
 40
0.0
 40
0.0
 40
1.0
 40
1.0
 40
1.0
 40
2.0
 40
2.0
 40
2.0
 40
3.0
 40
3.0
 40
3.0
 40
4.0
 40
4.0
 40
4.0
 40
4.0
 10
40.84570258149763
 20
49.6152444283737
 30
0.0
 10
40.93093842432086
 20
49.6152444283737
 30
0.0
 10
41.00013911437029
 20
49.54803168204778
 30
0.0
 10
41.00013911437029
 20
49.46524442837368
 30
0.0
 10
41.00013911437029
 20
49.38245717469958
 30
0.0
 10
40.93093842432086
 20
49.3152444283737
 30
0.0
 10
40.84570258149763
 20
49.3152444283737
 30
0.0
 10
40.76046673867447
 20
49.3152444283737
 30
0.0
 10
40.69126604862498
 20
49.38245717469958
 30
0.0
 10
40.69126604862498
 20
49.46524442837368
 30
0.0
 10
40.69126604862498
 20
49.54803168204778
 30
0.0
 10
40.76046673867447
 20
49.6152444283737
 30
0.0
 10
40.84570258149763
 20
49.6152444283737
 30
0.0
  0
LWPOLYLINE
  5
82
330
1F
100
AcDbEntity
  8
0
  6
Continuous
 62
    18
420
        0
370
     9
100
AcDbPolyline
 90
       25
 70
     1
 43
0.0
 10
20.06190633840694
 20
15.20467941887048
 10
20.07191746740051
 20
15.39365031525432
 10
20.11610251080773
 20
15.19171709595432
 10
20.11672524334778
 20
15.19577235014964
 10
20.45390916778463
 20
15.38750565826541
 10
20.21468408923578
 20
15.08217629162516
 10
20.21058134708383
 20
15.08215656247057
 10
20.40382358754752
 20
15.00876187861462
 10
20.21543444735562
 20
15.02664355195924
 10
20.21971594737817
 20
15.02461852889445
 10
20.52368426735925
 20
14.5893713483992
 10
20.13785904754589
 20
14.95402974668053
 10
20.13648553194916
 20
14.95856245180681
 10
20.12647440295556
 20
14.76959155542298
 10
20.08228935954834
 20
14.97152477472292
 10
20.08166662700829
 20
14.9674695205276
 10
19.74448270257144
 20
14.77573621241189
 10
19.98370778112031
 20
15.08106557905211
 10
19.98781052327223
 20
15.0810853082067
 10
19.79456828280854
 20
15.15447999206265
 10
19.98295742300045
 20
15.136598318718
 10
19.97867592297793
 20
15.13862334178285
 10
19.67470760299684
 20
15.57387052227804
 10
20.06053282281021
 20
15.20921212399671
 10
20.06190633840694
 20
15.20467941887048
  0
SPLINE
  5
83
330
1F
100
AcDbEntity
  8
0
  6
Continuous
 62
    18
420
        0
370
     9
100
AcDbSpline
210
0.0
220
0.0
230
1.0
 70
    11
 71
     3
 72
    17
 73
    13
 74
     0
 42
0.000000001
 43
0.0
 40
0.0
 40
0.0
 40
0.0
 40
0.0
 40
1.0
 40
1.0
 40
1.0
 40
2.0
 40
2.0
 40
2.0
 40
3.0
 40
3.0
 40
3.0
 40
4.0
 40
4.0
 40
4.0
 40
4.0
 10
47.26848431506131
 20
45.85201962255047
 30
0.0
 10
47.3537201578845
 20
45.85201962255047
 30
0.0
 10
47.42292084793399
 20
45.78480687622454
 30
0.0
 10
47.42292084793399
 20
45.70201962255044
 30
0.0
 10
47.42292084793399
 20
45.61923236887635
 30
0.0
 10
47.3537201578845
 20
45.55201962255043
 30
0.0
 10
47.26848431506131
 20
45.55201962255043
 30
0.0
 10
47.18324847223814
 20
45.55201962255043
 30
0.0
 10
47.11404778218863
 20
45.61923236887635
 30
0.0
 10
47.11404778218863
 20
45.70201962255044
 30
0.0
 10
47.11404778218863
 20
45.78480687622454
 30
0.0
 10
47.18324847223814
 20
45.85201962255047
 30
0.0
 10
47.26848431506131
 20
45.85201962255047
 30
0.0
  0
SPLINE
  5
84
330
1F
100
AcDbEntity
  8
0
  6
Continuous
 62
    18
420
        0
370
     9
100
AcDbSpline
210
0.0
220
0.0
230
1.0
 70
    11
 71
     3
 72
    17
 73
    13
 74
     0
 42
0.000000001
 43
0.0
 40
0.0
 40
0.0
 40
0.0
 40
0.0
 40
1.0
 40
1.0
 40
1.0
 40
2.0
 40
2.0
 40
2.0
 40
3.0
 40
3.0
 40
3.0
 40
4.0
 40
4.0
 40
4.0
 40
4.0
 10
35.74000714810673
 20
49.99024442837373
 30
0.0
 10
35.82524299092993
 20
49.99024442837373
 30
0.0
 10
35.89444368097941
 20
49.92303168204779
 30
0.0
 10
35.89444368097941
 20
49.84024442837371
 30
0.0
 10
35.89444368097941
 20
49.7574571746996
 30
0.0
 10
35.82524299092993
 20
49.69024442837367
 30
0.0
 10
35.74000714810673
 20
49.69024442837367
 30
0.0
 10
35.65477130528354
 20
49.69024442837367
 30
0.0
 10
35.58557061523409
 20
49.7574571746996
 30
0.0
 10
35.58557061523409
 20
49.84024442837371
 30
0.0
 10
35.58557061523409
 20
49.92303168204779
 30
0.0
 10
35.65477130528354
 20
49.99024442837373
 30
0.0
 10
35.74000714810673
 20
49.99024442837373
 30
0.0
  0
SPLINE
  5
85
330
1F
100
AcDbEntity
  8
0
  6
Continuous
 62
    18
420
        0
370
     9
100
AcDbSpline
210
0.0
220
0.0
230
1.0
 70
    11
 71
     3
 72
    17
 73
    13
 74
     0
 42
0.000000001
 43
0.0
 40
0.0
 40
0.0
 40
0.0
 40
0.0
 40
1.0
 40
1.0
 40
1.0
 40
2.0
 40
2.0
 40
2.0
 40
3.0
 40
3.0
 40
3.0
 40
4.0
 40
4.0
 40
4.0
 40
4.0
 10
17.16278888167041
 20
45.42701962255042
 30
0.0
 10
17.2480247244936
 20
45.42701962255042
 30
0.0
 10
17.31722541454308
 20
45.35980687622452
 30
0.0
 10
17.31722541454308
 20
45.2770196225504
 30
0.0
 10
17.31722541454308
 20
45.1942323688763
 30
0.0
 10
17.2480247244936
 20
45.12701962255043
 30
0.0
 10
17.16278888167041
 20
45.12701962255043
 30
0.0
 10
17.07755303884724
 20
45.12701962255043
 30
0.0
 10
17.00835234879776
 20
45.1942323688763
 30
0.0
 10
17.00835234879776
 20
45.2770196225504
 30
0.0
 10
17.00835234879776
 20
45.35980687622452
 30
0.0
 10
17.07755303884724
 20
45.42701962255042
 30
0.0
 10
17.16278888167041
 20
45.42701962255042
 30
0.0
  0
SPLINE
  5
86
330
1F
100
AcDbEntity
  8
0
  6
Continuous
 62
    18
420
        0
370
     9
100
AcDbSpline
210
0.0
220
0.0
230
1.0
 70
    11
 71
     3
 72
    29
 73
    25
 74
     0
 42
0.000000001
 43
0.0
 40
0.0
 40
0.0
 40
0.0
 40
0.0
 40
1.0
 40
1.0
 40
1.0
 40
2.0
 40
2.0
 40
2.0
 40
3.0
 40
3.0
 40
3.0
 40
4.0
 40
4.0
 40
4.0
 40
5.0
 40
5.0
 40
5.0
 40
6.0
 40
6.0
 40
6.0
 40
7.0
 40
7.0
 40
7.0
 40
8.0
 40
8.0
 40
8.0
 40
8.0
 10
36.15675008903678
 20
8.679919680748725
 30
0.0
 10
36.11644618157502
 20
8.674536208724902
 30
0.0
 10
36.07456689135977
 20
8.68520583329314
 30
0.0
 10
36.0415507103592
 20
8.712981786506532
 30
0.0
 10
35.97820015613513
 20
8.766277533526392
 30
0.0
 10
35.97131670204168
 20
8.862500747106822
 30
0.0
 10
36.02618877128572
 20
8.927725013439613
 30
0.0
 10
36.0810608405298
 20
8.99294927977246
 30
0.0
 10
36.17704261125531
 20
9.002633724020086
 30
0.0
 10
36.2403931654794
 20
8.949337977000226
 30
0.0
 10
36.24642403376394
 20
8.944264309779129
 30
0.0
 10
36.25194315619228
 20
8.938801602690887
 30
0.0
 10
36.25694597004573
 20
8.93301363634663
 30
0.0
 10
36.26075549444838
 20
8.933287458180018
 30
0.0
 10
36.26460328237556
 20
8.93342680649522
 30
0.0
 10
36.2684843150613
 20
8.93342680649522
 30
0.0
 10
36.3537201578845
 20
8.93342680649522
 30
0.0
 10
36.42292084793401
 20
8.866214060169284
 30
0.0
 10
36.42292084793401
 20
8.783426806495186
 30
0.0
 10
36.42292084793401
 20
8.700639552821087
 30
0.0
 10
36.3537201578845
 20
8.63342680649518
 30
0.0
 10
36.2684843150613
 20
8.63342680649518
 30
0.0
 10
36.22455374847043
 20
8.63342680649518
 30
0.0
 10
36.18488271688223
 20
8.651281020274268
 30
0.0
 10
36.15675008903678
 20
8.679919680748725
 30
0.0
  0
SPLINE
  5
87
330
1F
100
AcDbEntity
  8
0
  6
Continuous
 62
    18
420
        0
370
     9
100
AcDbSpline
210
0.0
220
0.0
230
1.0
 70
    11
 71
     3
 72
    17
 73
    13
 74
     0
 42
0.000000001
 43
0.0
 40
0.0
 40
0.0
 40
0.0
 40
0.0
 40
1.0
 40
1.0
 40
1.0
 40
2.0
 40
2.0
 40
2.0
 40
3.0
 40
3.0
 40
3.0
 40
4.0
 40
4.0
 40
4.0
 40
4.0
 10
45.95139801488855
 20
49.24024442837374
 30
0.0
 10
46.03663385771173
 20
49.24024442837374
 30
0.0
 10
46.10583454776125
 20
49.17303168204782
 30
0.0
 10
46.10583454776125
 20
49.09024442837372
 30
0.0
 10
46.10583454776125
 20
49.00745717469958
 30
0.0
 10
46.03663385771173
 20
48.9402444283737
 30
0.0
 10
45.95139801488855
 20
48.9402444283737
 30
0.0
 10
45.86616217206535
 20
48.9402444283737
 30
0.0
 10
45.7969614820159
 20
49.00745717469958
 30
0.0
 10
45.7969614820159
 20
49.09024442837372
 30
0.0
 10
45.7969614820159
 20
49.17303168204782
 30
0.0
 10
45.86616217206535
 20
49.24024442837374
 30
0.0
 10
45.95139801488855
 20
49.24024442837374
 30
0.0
  0
SPLINE
  5
88
330
1F
100
AcDbEntity
  8
0
  6
Continuous
 62
    18
420
        0
370
     9
100
AcDbSpline
210
0.0
220
0.0
230
1.0
 70
    11
 71
     3
 72
    17
 73
    13
 74
     0
 42
0.000000001
 43
0.0
 40
0.0
 40
0.0
 40
0.0
 40
0.0
 40
1.0
 40
1.0
 40
1.0
 40
2.0
 40
2.0
 40
2.0
 40
3.0
 40
3.0
 40
3.0
 40
4.0
 40
4.0
 40
4.0
 40
4.0
 10
27.37417974845224
 20
44.67701962255043
 30
0.0
 10
27.45941559127541
 20
44.67701962255043
 30
0.0
 10
27.52861628132491
 20
44.60980687622452
 30
0.0
 10
27.52861628132491
 20
44.52701962255041
 30
0.0
 10
27.52861628132491
 20
44.44423236887631
 30
0.0
 10
27.45941559127541
 20
44.37701962255039
 30
0.0
 10
27.37417974845224
 20
44.37701962255039
 30
0.0
 10
27.28894390562907
 20
44.37701962255039
 30
0.0
 10
27.21974321557957
 20
44.44423236887631
 30
0.0
 10
27.21974321557957
 20
44.52701962255041
 30
0.0
 10
27.21974321557957
 20
44.60980687622452
 30
0.0
 10
27.28894390562907
 20
44.67701962255043
 30
0.0
 10
27.37417974845224
 20
44.67701962255043
 30
0.0
  0
SPLINE
  5
89
330
1F
100
AcDbEntity
  8
0
  6
Continuous
 62
    18
420
        0
370
     9
100
AcDbSpline
210
0.0
220
0.0
230
1.0
 70
    11
 71
     3
 72
    17
 73
    13
 74
     0
 42
0.000000001
 43
0.0
 40
0.0
 40
0.0
 40
0.0
 40
0.0
 40
1.0
 40
1.0
 40
1.0
 40
2.0
 40
2.0
 40
2.0
 40
3.0
 40
3.0
 40
3.0
 40
4.0
 40
4.0
 40
4.0
 40
4.0
 10
29.23924469312276
 20
12.45143822720163
 30
0.0
 10
29.33157269143236
 20
12.45143822720163
 30
0.0
 10
29.40653131191748
 20
12.35530836908436
 30
0.0
 10
29.40653131191748
 20
12.23690334348072
 30
0.0
 10
29.40653131191748
 20
12.11849831787703
 30
0.0
 10
29.33157269143236
 20
12.02236845975975
 30
0.0
 10
29.23924469312276
 20
12.02236845975975
 30
0.0
 10
29.14691669481318
 20
12.02236845975975
 30
0.0
 10
29.07195807432808
 20
12.11849831787703
 30
0.0
 10
29.07195807432808
 20
12.23690334348072
 30
0.0
 10
29.07195807432808
 20
12.35530836908436
 30
0.0
 10
29.14691669481318
 20
12.45143822720163
 30
0.0
 10
29.23924469312276
 20
12.45143822720163
 30
0.0
  0
SPLINE
  5
8A
330
1F
100
AcDbEntity
  8
0
  6
Continuous
 62
    18
420
        0
370
     9
100
AcDbSpline
210
0.0
220
0.0
230
1.0
 70
    11
 71
     3
 72
    32
 73
    28
 74
     0
 42
0.000000001
 43
0.0
 40
0.0
 40
0.0
 40
0.0
 40
0.0
 40
1.0
 40
1.0
 40
1.0
 40
2.0
 40
2.0
 40
2.0
 40
3.0
 40
3.0
 40
3.0
 40
4.0
 40
4.0
 40
4.0
 40
5.0
 40
5.0
 40
5.0
 40
6.0
 40
6.0
 40
6.0
 40
7.0
 40
7.0
 40
7.0
 40
8.0
 40
8.0
 40
8.0
 40
9.0
 40
9.0
 40
9.0
 40
9.0
 10
33.47068512980493
 20
15.83694158318087
 30
0.0
 10
33.47068512980493
 20
15.83694158318087
 30
0.0
 10
33.47062884086555
 20
15.84469642131913
 30
0.0
 10
33.47062884086555
 20
15.84469642131913
 30
0.0
 10
33.47062884086555
 20
16.04496364851343
 30
0.0
 10
33.58306677159324
 20
16.20755522803108
 30
0.0
 10
33.72155876905761
 20
16.20755522803108
 30
0.0
 10
33.860050766522
 20
16.20755522803108
 30
0.0
 10
33.97248869724963
 20
16.04496364851343
 30
0.0
 10
33.97248869724963
 20
15.84469642131913
 30
0.0
 10
33.97248869724963
 20
15.64442919412483
 30
0.0
 10
33.860050766522
 20
15.48183761460712
 30
0.0
 10
33.72155876905761
 20
15.48183761460712
 30
0.0
 10
33.63935979130191
 20
15.48183761460712
 30
0.0
 10
33.5663390448052
 20
15.53911478107267
 30
0.0
 10
33.52055819935241
 20
15.6275509403597
 30
0.0
 10
33.50045953633452
 20
15.50988210772823
 30
0.0
 10
33.40609075930327
 20
15.42070927103214
 30
0.0
 10
33.29285486480222
 20
15.42070927103214
 30
0.0
 10
33.16500110056746
 20
15.42070927103214
 30
0.0
 10
33.06120006549325
 20
15.53439118841848
 30
0.0
 10
33.06120006549325
 20
15.67441542857057
 30
0.0
 10
33.06120006549325
 20
15.81443966872271
 30
0.0
 10
33.16500110056746
 20
15.92812158610903
 30
0.0
 10
33.29285486480222
 20
15.92812158610903
 30
0.0
 10
33.36426783673254
 20
15.92812158610903
 30
0.0
 10
33.42817683091733
 20
15.89265506701074
 30
0.0
 10
33.47068512980493
 20
15.83694158318087
 30
0.0
  0
SPLINE
  5
8B
330
1F
100
AcDbEntity
  8
0
  6
Continuous
 62
    18
420
        0
370
     9
100
AcDbSpline
210
0.0
220
0.0
230
1.0
 70
    11
 71
     3
 72
   101
 73
    97
 74
     0
 42
0.000000001
 43
0.0
 40
0.0
 40
0.0
 40
0.0
 40
0.0
 40
1.0
 40
1.0
 40
1.0
 40
2.0
 40
2.0
 40
2.0
 40
3.0
 40
3.0
 40
3.0
 40
4.0
 40
4.0
 40
4.0
 40
5.0
 40
5.0
 40
5.0
 40
6.0
 40
6.0
 40
6.0
 40
7.0
 40
7.0
 40
7.0
 40
8.0
 40
8.0
 40
8.0
 40
9.0
 40
9.0
 40
9.0
 40
10.0
 40
10.0
 40
10.0
 40
11.0
 40
11.0
 40
11.0
 40
12.0
 40
12.0
 40
12.0
 40
13.0
 40
13.0
 40
13.0
 40
14.0
 40
14.0
 40
14.0
 40
15.0
 40
15.0
 40
15.0
 40
16.0
 40
16.0
 40
16.0
 40
17.0
 40
17.0
 40
17.0
 40
18.0
 40
18.0
 40
18.0
 40
19.0
 40
19.0
 40
19.0
 40
20.0
 40
20.0
 40
20.0
 40
21.0
 40
21.0
 40
21.0
 40
22.0
 40
22.0
 40
22.0
 40
23.0
 40
23.0
 40
23.0
 40
24.0
 40
24.0
 40
24.0
 40
25.0
 40
25.0
 40
25.0
 40
26.0
 40
26.0
 40
26.0
 40
27.0
 40
27.0
 40
27.0
 40
28.0
 40
28.0
 40
28.0
 40
29.0
 40
29.0
 40
29.0
 40
30.0
 40
30.0
 40
30.0
 40
31.0
 40
31.0
 40
31.0
 40
32.0
 40
32.0
 40
32.0
 40
32.0
 10
24.54797202170956
 20
13.77975007009823
 30
0.0
 10
24.58193589408886
 20
13.80458386165833
 30
0.0
 10
24.62032340140865
 20
13.81857783181812
 30
0.0
 10
24.66095333624859
 20
13.81857783181812
 30
0.0
 10
24.79944533371295
 20
13.81857783181812
 30
0.0
 10
24.91188326444061
 20
13.65598625230044
 30
0.0
 10
24.91188326444061
 20
13.45571902510616
 30
0.0
 10
24.91188326444061
 20
13.36220203195228
 30
0.0
 10
24.88736587961485
 20
13.27690031229793
 30
0.0
 10
24.84712689436278
 20
13.21253306569906
 30
0.0
 10
24.84712689436278
 20
13.21253306569906
 30
0.0
 10
25.10930051353017
 20
13.24101876023488
 30
0.0
 10
25.10930051353017
 20
13.24101876023488
 30
0.0
 10
25.10930051353017
 20
13.24101876023488
 30
0.0
 10
24.56621849046797
 20
13.0262617491187
 30
0.0
 10
24.56621849046797
 20
13.0262617491187
 30
0.0
 10
24.56664092280177
 20
13.01395668441498
 30
0.0
 10
24.56575528795203
 20
13.00187415404292
 30
0.0
 10
24.56351872256084
 20
12.9902161464023
 30
0.0
 10
24.56351872256084
 20
12.9902161464023
 30
0.0
 10
26.11093314038984
 20
12.16493838722846
 30
0.0
 10
26.11093314038984
 20
12.16493838722846
 30
0.0
 10
26.11093314038984
 20
12.16493838722846
 30
0.0
 10
25.65068633581575
 20
12.30027731904042
 30
0.0
 10
25.65068633581575
 20
12.30027731904042
 30
0.0
 10
25.67097118785965
 20
12.27489093057343
 30
0.0
 10
25.68305281419758
 20
12.24301843140896
 30
0.0
 10
25.68305281419758
 20
12.20842680649523
 30
0.0
 10
25.68305281419758
 20
12.1256395528211
 30
0.0
 10
25.6138521241481
 20
12.05842680649519
 30
0.0
 10
25.52861628132491
 20
12.05842680649519
 30
0.0
 10
25.44338043850171
 20
12.05842680649519
 30
0.0
 10
25.37417974845223
 20
12.1256395528211
 30
0.0
 10
25.37417974845223
 20
12.20842680649523
 30
0.0
 10
25.37417974845223
 20
12.27450901219757
 30
0.0
 10
25.41827101094608
 20
12.33066791090388
 30
0.0
 10
25.47941436501443
 20
12.35064109201443
 30
0.0
 10
25.47941436501443
 20
12.35064109201443
 30
0.0
 10
24.3943248115748
 20
12.66971959429492
 30
0.0
 10
24.3943248115748
 20
12.66971959429492
 30
0.0
 10
24.3943248115748
 20
12.66971959429492
 30
0.0
 10
24.38326484387185
 20
12.68123023148772
 30
0.0
 10
24.38326484387185
 20
12.68123023148772
 30
0.0
 10
24.38326484387185
 20
12.68123023148772
 30
0.0
 10
24.64233124845482
 20
12.09841492246301
 30
0.0
 10
24.64233124845482
 20
12.09841492246301
 30
0.0
 10
24.64233124845482
 20
12.09841492246301
 30
0.0
 10
24.20067574225891
 20
12.63723567730932
 30
0.0
 10
24.20067574225891
 20
12.63723567730932
 30
0.0
 10
24.20067574225891
 20
12.63723567730932
 30
0.0
 10
24.2050102690728
 20
12.62410455581079
 30
0.0
 10
24.2050102690728
 20
12.62410455581079
 30
0.0
 10
24.2050102690728
 20
12.62410455581079
 30
0.0
 10
23.48577148436204
 20
11.53240985358184
 30
0.0
 10
23.48577148436204
 20
11.53240985358184
 30
0.0
 10
23.48577148436204
 20
11.53240985358184
 30
0.0
 10
23.68710920935284
 20
12.56048333726824
 30
0.0
 10
23.68710920935284
 20
12.56048333726824
 30
0.0
 10
23.60497539508549
 20
12.57409619258195
 30
0.0
 10
23.54143683197624
 20
12.66422761639626
 30
0.0
 10
23.54143683197624
 20
12.77324055278305
 30
0.0
 10
23.54143683197624
 20
12.78204268738551
 30
0.0
 10
23.5418510770231
 20
12.79072172236664
 30
0.0
 10
23.54265590819363
 20
12.79924731660054
 30
0.0
 10
23.54265590819363
 20
12.79924731660054
 30
0.0
 10
23.05669469623078
 20
12.74644664701296
 30
0.0
 10
23.05669469623078
 20
12.74644664701296
 30
0.0
 10
23.05669469623078
 20
12.74644664701296
 30
0.0
 10
23.64980508954434
 20
12.98098693728386
 30
0.0
 10
23.64980508954434
 20
12.98098693728386
 30
0.0
 10
23.64980508954434
 20
12.98098693728386
 30
0.0
 10
23.63384898575879
 20
12.9805174629432
 30
0.0
 10
23.63384898575879
 20
12.9805174629432
 30
0.0
 10
23.63384898575879
 20
12.9805174629432
 30
0.0
 10
22.05506206937108
 20
13.82252702001938
 30
0.0
 10
22.05506206937108
 20
13.82252702001938
 30
0.0
 10
22.05506206937108
 20
13.82252702001938
 30
0.0
 10
23.77167039818612
 20
13.31774581295292
 30
0.0
 10
23.77167039818612
 20
13.31774581295292
 30
0.0
 10
23.77167039818612
 20
13.31774581295292
 30
0.0
 10
23.78273036588904
 20
13.30623517576015
 30
0.0
 10
23.78273036588904
 20
13.30623517576015
 30
0.0
 10
23.78273036588904
 20
13.30623517576015
 30
0.0
 10
23.5236639613061
 20
13.8890504847848
 30
0.0
 10
23.5236639613061
 20
13.8890504847848
 30
0.0
 10
23.5236639613061
 20
13.8890504847848
 30
0.0
 10
23.96531946750203
 20
13.35022972993849
 30
0.0
 10
23.96531946750203
 20
13.35022972993849
 30
0.0
 10
23.96531946750203
 20
13.35022972993849
 30
0.0
 10
23.96098494068812
 20
13.36336085143702
 30
0.0
 10
23.96098494068812
 20
13.36336085143702
 30
0.0
 10
23.96098494068812
 20
13.36336085143702
 30
0.0
 10
24.68022372539888
 20
14.45505555366603
 30
0.0
 10
24.68022372539888
 20
14.45505555366603
 30
0.0
 10
24.68022372539888
 20
14.45505555366603
 30
0.0
 10
24.54797202170956
 20
13.77975007009823
 30
0.0
 10
24.54797202170956
 20
13.77975007009823
 30
0.0
  0
SPLINE
  5
8C
330
1F
100
AcDbEntity
  8
0
  6
Continuous
 62
    18
420
        0
370
     9
100
AcDbSpline
210
0.0
220
0.0
230
1.0
 70
    11
 71
     3
 72
    17
 73
    13
 74
     0
 42
0.000000001
 43
0.0
 40
0.0
 40
0.0
 40
0.0
 40
0.0
 40
1.0
 40
1.0
 40
1.0
 40
2.0
 40
2.0
 40
2.0
 40
3.0
 40
3.0
 40
3.0
 40
4.0
 40
4.0
 40
4.0
 40
4.0
 10
36.59363132519997
 20
46.21597122078595
 30
0.0
 10
36.64850339444404
 20
46.28119548711878
 30
0.0
 10
36.74448516516956
 20
46.29087993136646
 30
0.0
 10
36.80783571939358
 20
46.23758418434656
 30
0.0
 10
36.87118627361767
 20
46.18428843732666
 30
0.0
 10
36.87806972771113
 20
46.08806522374628
 30
0.0
 10
36.82319765846708
 20
46.02284095741345
 30
0.0
 10
36.76832558922304
 20
45.95761669108063
 30
0.0
 10
36.67234381849751
 20
45.94793224683298
 30
0.0
 10
36.60899326427344
 20
46.00122799385285
 30
0.0
 10
36.54564271004938
 20
46.05452374087275
 30
0.0
 10
36.53875925595595
 20
46.15074695445313
 30
0.0
 10
36.59363132519997
 20
46.21597122078595
 30
0.0
  0
SPLINE
  5
8D
330
1F
100
AcDbEntity
  8
0
  6
Continuous
 62
    18
420
        0
370
     9
100
AcDbSpline
210
0.0
220
0.0
230
1.0
 70
    11
 71
     3
 72
    17
 73
    13
 74
     0
 42
0.000000001
 43
0.0
 40
0.0
 40
0.0
 40
0.0
 40
0.0
 40
1.0
 40
1.0
 40
1.0
 40
2.0
 40
2.0
 40
2.0
 40
3.0
 40
3.0
 40
3.0
 40
4.0
 40
4.0
 40
4.0
 40
4.0
 10
37.0570934482795
 20
46.60201962255047
 30
0.0
 10
37.1423292911027
 20
46.60201962255047
 30
0.0
 10
37.21152998115218
 20
46.53480687622458
 30
0.0
 10
37.21152998115218
 20
46.45201962255042
 30
0.0
 10
37.21152998115218
 20
46.36923236887637
 30
0.0
 10
37.1423292911027
 20
46.30201962255045
 30
0.0
 10
37.0570934482795
 20
46.30201962255045
 30
0.0
 10
36.97185760545631
 20
46.30201962255045
 30
0.0
 10
36.90265691540682
 20
46.36923236887637
 30
0.0
 10
36.90265691540682
 20
46.45201962255042
 30
0.0
 10
36.90265691540682
 20
46.53480687622458
 30
0.0
 10
36.97185760545631
 20
46.60201962255047
 30
0.0
 10
37.0570934482795
 20
46.60201962255047
 30
0.0
  0
SPLINE
  5
8E
330
1F
100
AcDbEntity
  8
0
  6
Continuous
 62
    18
420
        0
370
     9
100
AcDbSpline
210
0.0
220
0.0
230
1.0
 70
    11
 71
     3
 72
    17
 73
    13
 74
     0
 42
0.000000001
 43
0.0
 40
0.0
 40
0.0
 40
0.0
 40
0.0
 40
1.0
 40
1.0
 40
1.0
 40
2.0
 40
2.0
 40
2.0
 40
3.0
 40
3.0
 40
3.0
 40
4.0
 40
4.0
 40
4.0
 40
4.0
 10
47.35592268708115
 20
30.61297897439948
 30
0.0
 10
47.41536045584841
 20
30.68363030783222
 30
0.0
 10
47.537176979721
 20
30.67910494395014
 30
0.0
 10
47.62778300494845
 20
30.602879631352
 30
0.0
 10
47.71838903017585
 20
30.52665431875377
 30
0.0
 10
47.7436936999397
 20
30.40740911719483
 30
0.0
 10
47.68425593117244
 20
30.3367577837621
 30
0.0
 10
47.62481816240515
 20
30.26610645032939
 30
0.0
 10
47.5030016385325
 20
30.27063181421146
 30
0.0
 10
47.4123956133051
 20
30.34685712680967
 30
0.0
 10
47.32178958807764
 20
30.42308243940789
 30
0.0
 10
47.29648491831383
 20
30.54232764096679
 30
0.0
 10
47.35592268708115
 20
30.61297897439948
 30
0.0
  0
SPLINE
  5
8F
330
1F
100
AcDbEntity
  8
0
  6
Continuous
 62
    18
420
        0
370
     9
100
AcDbSpline
210
0.0
220
0.0
230
1.0
 70
    11
 71
     3
 72
    17
 73
    13
 74
     0
 42
0.000000001
 43
0.0
 40
0.0
 40
0.0
 40
0.0
 40
0.0
 40
1.0
 40
1.0
 40
1.0
 40
2.0
 40
2.0
 40
2.0
 40
3.0
 40
3.0
 40
3.0
 40
4.0
 40
4.0
 40
4.0
 40
4.0
 10
40.30028717782648
 20
11.37876380859703
 30
0.0
 10
40.39261517613609
 20
11.37876380859703
 30
0.0
 10
40.4675737966212
 20
11.28263395047975
 30
0.0
 10
40.4675737966212
 20
11.16422892487606
 30
0.0
 10
40.4675737966212
 20
11.04582389927242
 30
0.0
 10
40.39261517613609
 20
10.94969404115511
 30
0.0
 10
40.30028717782648
 20
10.94969404115511
 30
0.0
 10
40.20795917951692
 20
10.94969404115511
 30
0.0
 10
40.1330005590318
 20
11.04582389927242
 30
0.0
 10
40.1330005590318
 20
11.16422892487606
 30
0.0
 10
40.1330005590318
 20
11.28263395047975
 30
0.0
 10
40.20795917951692
 20
11.37876380859703
 30
0.0
 10
40.30028717782648
 20
11.37876380859703
 30
0.0
  0
SPLINE
  5
90
330
1F
100
AcDbEntity
  8
0
  6
Continuous
 62
    18
420
        0
370
     9
100
AcDbSpline
210
0.0
220
0.0
230
1.0
 70
    11
 71
     3
 72
    17
 73
    13
 74
     0
 42
0.000000001
 43
0.0
 40
0.0
 40
0.0
 40
0.0
 40
0.0
 40
1.0
 40
1.0
 40
1.0
 40
2.0
 40
2.0
 40
2.0
 40
3.0
 40
3.0
 40
3.0
 40
4.0
 40
4.0
 40
4.0
 40
4.0
 10
10.74000714810674
 20
49.19024442837366
 30
0.0
 10
10.82524299092993
 20
49.19024442837366
 30
0.0
 10
10.89444368097942
 20
49.12303168204777
 30
0.0
 10
10.89444368097942
 20
49.04024442837365
 30
0.0
 10
10.89444368097942
 20
48.95745717469954
 30
0.0
 10
10.82524299092993
 20
48.89024442837366
 30
0.0
 10
10.74000714810674
 20
48.89024442837366
 30
0.0
 10
10.65477130528355
 20
48.89024442837366
 30
0.0
 10
10.58557061523407
 20
48.95745717469954
 30
0.0
 10
10.58557061523407
 20
49.04024442837365
 30
0.0
 10
10.58557061523407
 20
49.12303168204777
 30
0.0
 10
10.65477130528355
 20
49.19024442837366
 30
0.0
 10
10.74000714810674
 20
49.19024442837366
 30
0.0
  0
SPLINE
  5
91
330
1F
100
AcDbEntity
  8
0
  6
Continuous
 62
    18
420
        0
370
     9
100
AcDbSpline
210
0.0
220
0.0
230
1.0
 70
    11
 71
     3
 72
    17
 73
    13
 74
     0
 42
0.000000001
 43
0.0
 40
0.0
 40
0.0
 40
0.0
 40
0.0
 40
1.0
 40
1.0
 40
1.0
 40
2.0
 40
2.0
 40
2.0
 40
3.0
 40
3.0
 40
3.0
 40
4.0
 40
4.0
 40
4.0
 40
4.0
 10
22.09110156246188
 20
44.56800799464342
 30
0.0
 10
22.18342956077148
 20
44.56800799464342
 30
0.0
 10
22.2583881812566
 20
44.47187813652619
 30
0.0
 10
22.2583881812566
 20
44.35347311092249
 30
0.0
 10
22.2583881812566
 20
44.23506808531883
 30
0.0
 10
22.18342956077148
 20
44.13893822720154
 30
0.0
 10
22.09110156246188
 20
44.13893822720154
 30
0.0
 10
21.99877356415231
 20
44.13893822720154
 30
0.0
 10
21.9238149436672
 20
44.23506808531883
 30
0.0
 10
21.9238149436672
 20
44.35347311092249
 30
0.0
 10
21.9238149436672
 20
44.47187813652619
 30
0.0
 10
21.99877356415231
 20
44.56800799464342
 30
0.0
 10
22.09110156246188
 20
44.56800799464342
 30
0.0
  0
SPLINE
  5
92
330
1F
100
AcDbEntity
  8
0
  6
Continuous
 62
    18
420
        0
370
     9
100
AcDbSpline
210
0.0
220
0.0
230
1.0
 70
    11
 71
     3
 72
    17
 73
    13
 74
     0
 42
0.000000001
 43
0.0
 40
0.0
 40
0.0
 40
0.0
 40
0.0
 40
1.0
 40
1.0
 40
1.0
 40
2.0
 40
2.0
 40
2.0
 40
3.0
 40
3.0
 40
3.0
 40
4.0
 40
4.0
 40
4.0
 40
4.0
 10
6.071987609598798
 20
42.35114752952715
 30
0.0
 10
6.164315607908375
 20
42.35114752952715
 30
0.0
 10
6.239274228393483
 20
42.25501767140986
 30
0.0
 10
6.239274228393483
 20
42.13661264580618
 30
0.0
 10
6.239274228393483
 20
42.01820762020255
 30
0.0
 10
6.164315607908375
 20
41.92207776208522
 30
0.0
 10
6.071987609598798
 20
41.92207776208522
 30
0.0
 10
5.979659611289222
 20
41.92207776208522
 30
0.0
 10
5.904700990804113
 20
42.01820762020255
 30
0.0
 10
5.904700990804113
 20
42.13661264580618
 30
0.0
 10
5.904700990804113
 20
42.25501767140986
 30
0.0
 10
5.979659611289222
 20
42.35114752952715
 30
0.0
 10
6.071987609598798
 20
42.35114752952715
 30
0.0
  0
LWPOLYLINE
  5
93
330
1F
100
AcDbEntity
  8
0
  6
Continuous
 62
    18
420
        0
370
     9
100
AcDbPolyline
 90
       25
 70
     1
 43
0.0
 10
34.04077003707678
 20
17.93461965161362
 10
34.06493615251335
 20
18.13991295881681
 10
34.09343353487485
 20
17.95283510982767
 10
34.09435585403206
 20
17.95748067634085
 10
34.44255458602897
 20
18.35822310074451
 10
34.18274151652624
 20
17.89526088133917
 10
34.17867927720928
 20
17.89282568677035
 10
34.36440622128704
 20
17.92909860542008
 10
34.17929436837019
 20
17.83710433914536
 10
34.18337926379976
 20
17.83748710765815
 10
34.45139801488855
 20
17.55709343903411
 10
34.09703439258085
 20
17.71483082688053
 10
34.09601691775077
 20
17.71880544980289
 10
34.07185080231422
 20
17.51351214259967
 10
34.04335341995272
 20
17.70058999158871
 10
34.04243110079553
 20
17.69594442507557
 10
33.6942323687986
 20
17.29520200067194
 10
33.95404543830134
 20
17.75816422007728
 10
33.95810767761832
 20
17.76059941464609
 10
33.77238073354047
 20
17.72432649599637
 10
33.95749258645742
 20
17.81632076227103
 10
33.95340769102782
 20
17.81593799375833
 10
33.68538893993902
 20
18.09633166238237
 10
34.03975256224671
 20
17.93859427453592
 10
34.04077003707678
 20
17.93461965161362
  0
SPLINE
  5
94
330
1F
100
AcDbEntity
  8
0
  6
Continuous
 62
    18
420
        0
370
     9
100
AcDbSpline
210
0.0
220
0.0
230
1.0
 70
    11
 71
     3
 72
    17
 73
    13
 74
     0
 42
0.000000001
 43
0.0
 40
0.0
 40
0.0
 40
0.0
 40
0.0
 40
1.0
 40
1.0
 40
1.0
 40
2.0
 40
2.0
 40
2.0
 40
3.0
 40
3.0
 40
3.0
 40
4.0
 40
4.0
 40
4.0
 40
4.0
 10
26.72936231360194
 20
19.49533357603883
 30
0.0
 10
26.82169031191149
 20
19.49533357603883
 30
0.0
 10
26.89664893239663
 20
19.39920371792158
 30
0.0
 10
26.89664893239663
 20
19.28079869231789
 30
0.0
 10
26.89664893239663
 20
19.16239366671428
 30
0.0
 10
26.82169031191149
 20
19.06626380859694
 30
0.0
 10
26.72936231360194
 20
19.06626380859694
 30
0.0
 10
26.63703431529237
 20
19.06626380859694
 30
0.0
 10
26.56207569480723
 20
19.16239366671428
 30
0.0
 10
26.56207569480723
 20
19.28079869231789
 30
0.0
 10
26.56207569480723
 20
19.39920371792158
 30
0.0
 10
26.63703431529237
 20
19.49533357603883
 30
0.0
 10
26.72936231360194
 20
19.49533357603883
 30
0.0
  0
SPLINE
  5
95
330
1F
100
AcDbEntity
  8
0
  6
Continuous
 62
    18
420
        0
370
     9
100
AcDbSpline
210
0.0
220
0.0
230
1.0
 70
    11
 71
     3
 72
    92
 73
    88
 74
     0
 42
0.000000001
 43
0.0
 40
0.0
 40
0.0
 40
0.0
 40
0.0
 40
1.0
 40
1.0
 40
1.0
 40
2.0
 40
2.0
 40
2.0
 40
3.0
 40
3.0
 40
3.0
 40
4.0
 40
4.0
 40
4.0
 40
5.0
 40
5.0
 40
5.0
 40
6.0
 40
6.0
 40
6.0
 40
7.0
 40
7.0
 40
7.0
 40
8.0
 40
8.0
 40
8.0
 40
9.0
 40
9.0
 40
9.0
 40
10.0
 40
10.0
 40
10.0
 40
11.0
 40
11.0
 40
11.0
 40
12.0
 40
12.0
 40
12.0
 40
13.0
 40
13.0
 40
13.0
 40
14.0
 40
14.0
 40
14.0
 40
15.0
 40
15.0
 40
15.0
 40
16.0
 40
16.0
 40
16.0
 40
17.0
 40
17.0
 40
17.0
 40
18.0
 40
18.0
 40
18.0
 40
19.0
 40
19.0
 40
19.0
 40
20.0
 40
20.0
 40
20.0
 40
21.0
 40
21.0
 40
21.0
 40
22.0
 40
22.0
 40
22.0
 40
23.0
 40
23.0
 40
23.0
 40
24.0
 40
24.0
 40
24.0
 40
25.0
 40
25.0
 40
25.0
 40
26.0
 40
26.0
 40
26.0
 40
27.0
 40
27.0
 40
27.0
 40
28.0
 40
28.0
 40
28.0
 40
29.0
 40
29.0
 40
29.0
 40
29.0
 10
35.5211655519097
 20
14.38222235116822
 30
0.0
 10
35.5525016734576
 20
14.31831251448247
 30
0.0
 10
35.55107444788903
 20
14.24827814672872
 30
0.0
 10
35.51086495088043
 20
14.20048270219516
 30
0.0
 10
35.45142718211321
 20
14.12983136876244
 30
0.0
 10
35.32961065824055
 20
14.13435673264453
 30
0.0
 10
35.23900463301312
 20
14.21058204524272
 30
0.0
 10
35.14839860778572
 20
14.2868073578409
 30
0.0
 10
35.12309393802188
 20
14.40605255939982
 30
0.0
 10
35.18253170678916
 20
14.47670389283255
 30
0.0
 10
35.24196947555646
 20
14.54735522626527
 30
0.0
 10
35.36378599942907
 20
14.54282986238317
 30
0.0
 10
35.45439202465649
 20
14.46660454978499
 30
0.0
 10
35.47534258828791
 20
14.44897919586504
 30
0.0
 10
35.49280175309928
 20
14.42905374283544
 30
0.0
 10
35.50652917339255
 20
14.4079607907845
 30
0.0
 10
35.50652917339255
 20
14.4079607907845
 30
0.0
 10
35.71630728741471
 20
14.68718269427609
 30
0.0
 10
35.71630728741471
 20
14.68718269427609
 30
0.0
 10
35.71630728741471
 20
14.68718269427609
 30
0.0
 10
35.70764801488858
 20
14.68185391118303
 30
0.0
 10
35.70764801488858
 20
14.68185391118303
 30
0.0
 10
35.70764801488858
 20
14.68185391118303
 30
0.0
 10
34.65139801488857
 20
14.83185391118306
 30
0.0
 10
34.65139801488857
 20
14.83185391118306
 30
0.0
 10
34.65139801488857
 20
14.83185391118306
 30
0.0
 10
35.70764801488858
 20
14.98185391118307
 30
0.0
 10
35.70764801488858
 20
14.98185391118307
 30
0.0
 10
35.70764801488858
 20
14.98185391118307
 30
0.0
 10
35.71630728741476
 20
14.97652512809006
 30
0.0
 10
35.71630728741476
 20
14.97652512809006
 30
0.0
 10
35.71630728741476
 20
14.97652512809006
 30
0.0
 10
35.44316501591076
 20
15.34008691016092
 30
0.0
 10
35.44316501591076
 20
15.34008691016092
 30
0.0
 10
35.44316501591076
 20
15.34008691016092
 30
0.0
 10
35.80672679798158
 20
15.06694463865691
 30
0.0
 10
35.80672679798158
 20
15.06694463865691
 30
0.0
 10
35.80672679798158
 20
15.06694463865691
 30
0.0
 10
35.80139801488858
 20
15.07560391118307
 30
0.0
 10
35.80139801488858
 20
15.07560391118307
 30
0.0
 10
35.80139801488858
 20
15.07560391118307
 30
0.0
 10
35.95139801488857
 20
16.13185391118304
 30
0.0
 10
35.95139801488857
 20
16.13185391118304
 30
0.0
 10
35.95139801488857
 20
16.13185391118304
 30
0.0
 10
36.10139801488856
 20
15.07560391118307
 30
0.0
 10
36.10139801488856
 20
15.07560391118307
 30
0.0
 10
36.10139801488856
 20
15.07560391118307
 30
0.0
 10
36.09606923179549
 20
15.06694463865685
 30
0.0
 10
36.09606923179549
 20
15.06694463865685
 30
0.0
 10
36.09606923179549
 20
15.06694463865685
 30
0.0
 10
36.45963101386637
 20
15.34008691016089
 30
0.0
 10
36.45963101386637
 20
15.34008691016089
 30
0.0
 10
36.45963101386637
 20
15.34008691016089
 30
0.0
 10
36.18648874236242
 20
14.97652512809006
 30
0.0
 10
36.18648874236242
 20
14.97652512809006
 30
0.0
 10
36.18648874236242
 20
14.97652512809006
 30
0.0
 10
36.19514801488857
 20
14.98185391118307
 30
0.0
 10
36.19514801488857
 20
14.98185391118307
 30
0.0
 10
36.19514801488857
 20
14.98185391118307
 30
0.0
 10
37.25139801488857
 20
14.83185391118306
 30
0.0
 10
37.25139801488857
 20
14.83185391118306
 30
0.0
 10
37.25139801488857
 20
14.83185391118306
 30
0.0
 10
36.19514801488857
 20
14.68185391118308
 30
0.0
 10
36.19514801488857
 20
14.68185391118308
 30
0.0
 10
36.19514801488857
 20
14.68185391118308
 30
0.0
 10
36.18648874236242
 20
14.68718269427609
 30
0.0
 10
36.18648874236242
 20
14.68718269427609
 30
0.0
 10
36.18648874236242
 20
14.68718269427609
 30
0.0
 10
36.45963101386637
 20
14.32362091220526
 30
0.0
 10
36.45963101386637
 20
14.32362091220526
 30
0.0
 10
36.45963101386637
 20
14.32362091220526
 30
0.0
 10
36.09606923179554
 20
14.59676318370927
 30
0.0
 10
36.09606923179554
 20
14.59676318370927
 30
0.0
 10
36.09606923179554
 20
14.59676318370927
 30
0.0
 10
36.10139801488859
 20
14.58810391118305
 30
0.0
 10
36.10139801488859
 20
14.58810391118305
 30
0.0
 10
36.10139801488859
 20
14.58810391118305
 30
0.0
 10
35.9513980148886
 20
13.53185391118308
 30
0.0
 10
35.9513980148886
 20
13.53185391118308
 30
0.0
 10
35.9513980148886
 20
13.53185391118308
 30
0.0
 10
35.80139801488858
 20
14.58810391118305
 30
0.0
 10
35.80139801488858
 20
14.58810391118305
 30
0.0
 10
35.80139801488858
 20
14.58810391118305
 30
0.0
 10
35.80672679798165
 20
14.59676318370933
 30
0.0
 10
35.80672679798165
 20
14.59676318370933
 30
0.0
 10
35.80672679798165
 20
14.59676318370933
 30
0.0
 10
35.5211655519097
 20
14.38222235116822
 30
0.0
 10
35.5211655519097
 20
14.38222235116822
 30
0.0
  0
SPLINE
  5
96
330
1F
100
AcDbEntity
  8
0
  6
Continuous
 62
    18
420
        0
370
     9
100
AcDbSpline
210
0.0
220
0.0
230
1.0
 70
    11
 71
     3
 72
    17
 73
    13
 74
     0
 42
0.000000001
 43
0.0
 40
0.0
 40
0.0
 40
0.0
 40
0.0
 40
1.0
 40
1.0
 40
1.0
 40
2.0
 40
2.0
 40
2.0
 40
3.0
 40
3.0
 40
3.0
 40
4.0
 40
4.0
 40
4.0
 40
4.0
 10
18.17820220841906
 20
13.52411264580633
 30
0.0
 10
18.27053020672863
 20
13.52411264580633
 30
0.0
 10
18.34548882721374
 20
13.42798278768905
 30
0.0
 10
18.34548882721374
 20
13.30957776208535
 30
0.0
 10
18.34548882721374
 20
13.19117273648169
 30
0.0
 10
18.27053020672863
 20
13.09504287836441
 30
0.0
 10
18.17820220841906
 20
13.09504287836441
 30
0.0
 10
18.08587421010948
 20
13.09504287836441
 30
0.0
 10
18.01091558962437
 20
13.19117273648169
 30
0.0
 10
18.01091558962437
 20
13.30957776208535
 30
0.0
 10
18.01091558962437
 20
13.42798278768905
 30
0.0
 10
18.08587421010948
 20
13.52411264580633
 30
0.0
 10
18.17820220841906
 20
13.52411264580633
 30
0.0
  0
SPLINE
  5
97
330
1F
100
AcDbEntity
  8
0
  6
Continuous
 62
    18
420
        0
370
     9
100
AcDbSpline
210
0.0
220
0.0
230
1.0
 70
    11
 71
     3
 72
    17
 73
    13
 74
     0
 42
0.000000001
 43
0.0
 40
0.0
 40
0.0
 40
0.0
 40
0.0
 40
1.0
 40
1.0
 40
1.0
 40
2.0
 40
2.0
 40
2.0
 40
3.0
 40
3.0
 40
3.0
 40
4.0
 40
4.0
 40
4.0
 40
4.0
 10
10.34918945332819
 20
33.40434520394578
 30
0.0
 10
10.44151745163778
 20
33.40434520394578
 30
0.0
 10
10.51647607212289
 20
33.3082153458285
 30
0.0
 10
10.51647607212289
 20
33.18981032022485
 30
0.0
 10
10.51647607212289
 20
33.07140529462119
 30
0.0
 10
10.44151745163778
 20
32.97527543650388
 30
0.0
 10
10.34918945332819
 20
32.97527543650388
 30
0.0
 10
10.25686145501861
 20
32.97527543650388
 30
0.0
 10
10.18190283453351
 20
33.07140529462119
 30
0.0
 10
10.18190283453351
 20
33.18981032022485
 30
0.0
 10
10.18190283453351
 20
33.3082153458285
 30
0.0
 10
10.25686145501861
 20
33.40434520394578
 30
0.0
 10
10.34918945332819
 20
33.40434520394578
 30
0.0
  0
SPLINE
  5
98
330
1F
100
AcDbEntity
  8
0
  6
Continuous
 62
    18
420
        0
370
     9
100
AcDbSpline
210
0.0
220
0.0
230
1.0
 70
    11
 71
     3
 72
    17
 73
    13
 74
     0
 42
0.000000001
 43
0.0
 40
0.0
 40
0.0
 40
0.0
 40
0.0
 40
1.0
 40
1.0
 40
1.0
 40
2.0
 40
2.0
 40
2.0
 40
3.0
 40
3.0
 40
3.0
 40
4.0
 40
4.0
 40
4.0
 40
4.0
 10
30.76580984212114
 20
10.32519681782401
 30
0.0
 10
30.82068191136517
 20
10.39042108415686
 30
0.0
 10
30.9166636820907
 20
10.40010552840454
 30
0.0
 10
30.98001423631474
 20
10.34680978138465
 30
0.0
 10
31.04336479053883
 20
10.29351403436476
 30
0.0
 10
31.05024824463224
 20
10.19729082078439
 30
0.0
 10
30.99537617538819
 20
10.13206655445154
 30
0.0
 10
30.94050410614417
 20
10.06684228811872
 30
0.0
 10
30.84452233541861
 20
10.05715784387104
 30
0.0
 10
30.78117178119457
 20
10.11045359089096
 30
0.0
 10
30.71782122697051
 20
10.16374933791084
 30
0.0
 10
30.71093777287707
 20
10.25997255149122
 30
0.0
 10
30.76580984212114
 20
10.32519681782401
 30
0.0
  0
SPLINE
  5
99
330
1F
100
AcDbEntity
  8
0
  6
Continuous
 62
    18
420
        0
370
     9
100
AcDbSpline
210
0.0
220
0.0
230
1.0
 70
    11
 71
     3
 72
    17
 73
    13
 74
     0
 42
0.000000001
 43
0.0
 40
0.0
 40
0.0
 40
0.0
 40
0.0
 40
1.0
 40
1.0
 40
1.0
 40
2.0
 40
2.0
 40
2.0
 40
3.0
 40
3.0
 40
3.0
 40
4.0
 40
4.0
 40
4.0
 40
4.0
 10
41.19254766903829
 20
35.9151010178993
 30
0.0
 10
41.28487566734789
 20
35.9151010178993
 30
0.0
 10
41.35983428783301
 20
35.81897115978201
 30
0.0
 10
41.35983428783301
 20
35.70056613417833
 30
0.0
 10
41.35983428783301
 20
35.58216110857467
 30
0.0
 10
41.28487566734789
 20
35.48603125045737
 30
0.0
 10
41.19254766903829
 20
35.48603125045737
 30
0.0
 10
41.10021967072874
 20
35.48603125045737
 30
0.0
 10
41.02526105024361
 20
35.58216110857467
 30
0.0
 10
41.02526105024361
 20
35.70056613417833
 30
0.0
 10
41.02526105024361
 20
35.81897115978201
 30
0.0
 10
41.10021967072874
 20
35.9151010178993
 30
0.0
 10
41.19254766903829
 20
35.9151010178993
 30
0.0
  0
SPLINE
  5
9A
330
1F
100
AcDbEntity
  8
0
  6
Continuous
 62
    18
420
        0
370
     9
100
AcDbSpline
210
0.0
220
0.0
230
1.0
 70
    11
 71
     3
 72
    17
 73
    13
 74
     0
 42
0.000000001
 43
0.0
 40
0.0
 40
0.0
 40
0.0
 40
0.0
 40
1.0
 40
1.0
 40
1.0
 40
2.0
 40
2.0
 40
2.0
 40
3.0
 40
3.0
 40
3.0
 40
4.0
 40
4.0
 40
4.0
 40
4.0
 10
37.18193420720615
 20
10.96230358320921
 30
0.0
 10
37.24137197597345
 20
11.03295491664193
 30
0.0
 10
37.3631884998461
 20
11.02842955275983
 30
0.0
 10
37.4537945250735
 20
10.95220424016162
 30
0.0
 10
37.54440055030093
 20
10.87597892756347
 30
0.0
 10
37.56970522006471
 20
10.75673372600454
 30
0.0
 10
37.51026745129746
 20
10.68608239257182
 30
0.0
 10
37.45082968253023
 20
10.61543105913907
 30
0.0
 10
37.32901315865755
 20
10.61995642302116
 30
0.0
 10
37.23840713343014
 20
10.69618173561938
 30
0.0
 10
37.14780110820271
 20
10.77240704821756
 30
0.0
 10
37.12249643843891
 20
10.89165224977648
 30
0.0
 10
37.18193420720615
 20
10.96230358320921
 30
0.0
  0
SPLINE
  5
9B
330
1F
100
AcDbEntity
  8
0
  6
Continuous
 62
    18
420
        0
370
     9
100
AcDbSpline
210
0.0
220
0.0
230
1.0
 70
    11
 71
     3
 72
    17
 73
    13
 74
     0
 42
0.000000001
 43
0.0
 40
0.0
 40
0.0
 40
0.0
 40
0.0
 40
1.0
 40
1.0
 40
1.0
 40
2.0
 40
2.0
 40
2.0
 40
3.0
 40
3.0
 40
3.0
 40
4.0
 40
4.0
 40
4.0
 40
4.0
 10
52.25359015374203
 20
34.84242659929461
 30
0.0
 10
52.3459181520516
 20
34.84242659929461
 30
0.0
 10
52.42087677253672
 20
34.74629674117735
 30
0.0
 10
52.42087677253672
 20
34.62789171557365
 30
0.0
 10
52.42087677253672
 20
34.50948668996999
 30
0.0
 10
52.3459181520516
 20
34.41335683185272
 30
0.0
 10
52.25359015374203
 20
34.41335683185272
 30
0.0
 10
52.16126215543245
 20
34.41335683185272
 30
0.0
 10
52.08630353494735
 20
34.50948668996999
 30
0.0
 10
52.08630353494735
 20
34.62789171557365
 30
0.0
 10
52.08630353494735
 20
34.74629674117735
 30
0.0
 10
52.16126215543245
 20
34.84242659929461
 30
0.0
 10
52.25359015374203
 20
34.84242659929461
 30
0.0
  0
SPLINE
  5
9C
330
1F
100
AcDbEntity
  8
0
  6
Continuous
 62
    18
420
        0
370
     9
100
AcDbSpline
210
0.0
220
0.0
230
1.0
 70
    11
 71
     3
 72
    95
 73
    91
 74
     0
 42
0.000000001
 43
0.0
 40
0.0
 40
0.0
 40
0.0
 40
0.0
 40
1.0
 40
1.0
 40
1.0
 40
2.0
 40
2.0
 40
2.0
 40
3.0
 40
3.0
 40
3.0
 40
4.0
 40
4.0
 40
4.0
 40
5.0
 40
5.0
 40
5.0
 40
6.0
 40
6.0
 40
6.0
 40
7.0
 40
7.0
 40
7.0
 40
8.0
 40
8.0
 40
8.0
 40
9.0
 40
9.0
 40
9.0
 40
10.0
 40
10.0
 40
10.0
 40
11.0
 40
11.0
 40
11.0
 40
12.0
 40
12.0
 40
12.0
 40
13.0
 40
13.0
 40
13.0
 40
14.0
 40
14.0
 40
14.0
 40
15.0
 40
15.0
 40
15.0
 40
16.0
 40
16.0
 40
16.0
 40
17.0
 40
17.0
 40
17.0
 40
18.0
 40
18.0
 40
18.0
 40
19.0
 40
19.0
 40
19.0
 40
20.0
 40
20.0
 40
20.0
 40
21.0
 40
21.0
 40
21.0
 40
22.0
 40
22.0
 40
22.0
 40
23.0
 40
23.0
 40
23.0
 40
24.0
 40
24.0
 40
24.0
 40
25.0
 40
25.0
 40
25.0
 40
26.0
 40
26.0
 40
26.0
 40
27.0
 40
27.0
 40
27.0
 40
28.0
 40
28.0
 40
28.0
 40
29.0
 40
29.0
 40
29.0
 40
30.0
 40
30.0
 40
30.0
 40
30.0
 10
33.23499526931005
 20
5.085361706845816
 30
0.0
 10
33.23499526931005
 20
5.085361706845816
 30
0.0
 10
33.46590337575303
 20
5.83013704712431
 30
0.0
 10
33.46590337575303
 20
5.83013704712431
 30
0.0
 10
33.46590337575303
 20
5.83013704712431
 30
0.0
 10
33.47839841119984
 20
5.833974092614085
 30
0.0
 10
33.47839841119984
 20
5.833974092614085
 30
0.0
 10
33.47839841119984
 20
5.833974092614085
 30
0.0
 10
32.79765295597281
 20
5.875321112393891
 30
0.0
 10
32.79765295597281
 20
5.875321112393891
 30
0.0
 10
32.79765295597281
 20
5.875321112393891
 30
0.0
 10
33.39470957439107
 20
5.995374011924753
 30
0.0
 10
33.39470957439107
 20
5.995374011924753
 30
0.0
 10
33.39470957439107
 20
5.995374011924753
 30
0.0
 10
33.3791319654497
 20
5.997481930330508
 30
0.0
 10
33.3791319654497
 20
5.997481930330508
 30
0.0
 10
33.3791319654497
 20
5.997481930330508
 30
0.0
 10
31.91152549242629
 20
7.018054506437522
 30
0.0
 10
31.91152549242629
 20
7.018054506437522
 30
0.0
 10
31.91152549242629
 20
7.018054506437522
 30
0.0
 10
33.54133287588475
 20
6.283775924708351
 30
0.0
 10
33.54133287588475
 20
6.283775924708351
 30
0.0
 10
33.54133287588475
 20
6.283775924708351
 30
0.0
 10
33.55114826169811
 20
6.271497348989982
 30
0.0
 10
33.55114826169811
 20
6.271497348989982
 30
0.0
 10
33.55114826169811
 20
6.271497348989982
 30
0.0
 10
33.3472253236217
 20
6.845348148073811
 30
0.0
 10
33.3472253236217
 20
6.845348148073811
 30
0.0
 10
33.3472253236217
 20
6.845348148073811
 30
0.0
 10
33.67032884836733
 20
6.373608501322735
 30
0.0
 10
33.67032884836733
 20
6.373608501322735
 30
0.0
 10
33.71130163669557
 20
6.415695209979418
 30
0.0
 10
33.76137246444937
 20
6.440448762008543
 30
0.0
 10
33.81540986106508
 20
6.440448762008543
 30
0.0
 10
33.82898470760768
 20
6.440448762008543
 30
0.0
 10
33.84230923387912
 20
6.438886627057315
 30
0.0
 10
33.85530208878961
 20
6.435879995411739
 30
0.0
 10
33.85530208878961
 20
6.435879995411739
 30
0.0
 10
34.52049693906954
 20
7.17875341058587
 30
0.0
 10
34.52049693906954
 20
7.17875341058587
 30
0.0
 10
34.52049693906954
 20
7.17875341058587
 30
0.0
 10
34.16934927861568
 20
6.046155156106209
 30
0.0
 10
34.16934927861568
 20
6.046155156106209
 30
0.0
 10
34.16934927861568
 20
6.046155156106209
 30
0.0
 10
34.15685424316892
 20
6.042318110616435
 30
0.0
 10
34.15685424316892
 20
6.042318110616435
 30
0.0
 10
34.15685424316892
 20
6.042318110616435
 30
0.0
 10
34.83759969839592
 20
6.000971090836629
 30
0.0
 10
34.83759969839592
 20
6.000971090836629
 30
0.0
 10
34.83759969839592
 20
6.000971090836629
 30
0.0
 10
34.24054307997768
 20
5.880918191305796
 30
0.0
 10
34.24054307997768
 20
5.880918191305796
 30
0.0
 10
34.24054307997768
 20
5.880918191305796
 30
0.0
 10
34.25612068891902
 20
5.878810272900012
 30
0.0
 10
34.25612068891902
 20
5.878810272900012
 30
0.0
 10
34.25612068891902
 20
5.878810272900012
 30
0.0
 10
35.72372716194246
 20
4.858237696793026
 30
0.0
 10
35.72372716194246
 20
4.858237696793026
 30
0.0
 10
35.72372716194246
 20
4.858237696793026
 30
0.0
 10
34.09391977848397
 20
5.592516278522169
 30
0.0
 10
34.09391977848397
 20
5.592516278522169
 30
0.0
 10
34.09391977848397
 20
5.592516278522169
 30
0.0
 10
34.08410439267063
 20
5.604794854240538
 30
0.0
 10
34.08410439267063
 20
5.604794854240538
 30
0.0
 10
34.08410439267063
 20
5.604794854240538
 30
0.0
 10
34.28802733074703
 20
5.030944055156709
 30
0.0
 10
34.28802733074703
 20
5.030944055156709
 30
0.0
 10
34.28802733074703
 20
5.030944055156709
 30
0.0
 10
33.90264137629497
 20
5.593617687885313
 30
0.0
 10
33.90264137629497
 20
5.593617687885313
 30
0.0
 10
33.90264137629497
 20
5.593617687885313
 30
0.0
 10
33.90577279915875
 20
5.580927415242229
 30
0.0
 10
33.90577279915875
 20
5.580927415242229
 30
0.0
 10
33.90577279915875
 20
5.580927415242229
 30
0.0
 10
33.3182315378324
 20
4.924775637799087
 30
0.0
 10
33.3182315378324
 20
4.924775637799087
 30
0.0
 10
33.31902326490886
 20
4.916318242705728
 30
0.0
 10
33.31943066596033
 20
4.907710189481179
 30
0.0
 10
33.31943066596033
 20
4.898981070439362
 30
0.0
 10
33.31943066596033
 20
4.780576044835726
 30
0.0
 10
33.24447204547521
 20
4.684446186718418
 30
0.0
 10
33.15214404716561
 20
4.684446186718418
 30
0.0
 10
33.05981604885603
 20
4.684446186718418
 30
0.0
 10
32.98485742837093
 20
4.780576044835726
 30
0.0
 10
32.98485742837093
 20
4.898981070439362
 30
0.0
 10
32.98485742837093
 20
5.017386096043055
 30
0.0
 10
33.05981604885603
 20
5.113515954160277
 30
0.0
 10
33.15214404716561
 20
5.113515954160277
 30
0.0
 10
33.18227895084216
 20
5.113515954160277
 30
0.0
 10
33.21056349108571
 20
5.103275220376901
 30
0.0
 10
33.23499526931005
 20
5.085361706845816
 30
0.0
  0
SPLINE
  5
9D
330
1F
100
AcDbEntity
  8
0
  6
Continuous
 62
    18
420
        0
370
     9
100
AcDbSpline
210
0.0
220
0.0
230
1.0
 70
    11
 71
     3
 72
    17
 73
    13
 74
     0
 42
0.000000001
 43
0.0
 40
0.0
 40
0.0
 40
0.0
 40
0.0
 40
1.0
 40
1.0
 40
1.0
 40
2.0
 40
2.0
 40
2.0
 40
3.0
 40
3.0
 40
3.0
 40
4.0
 40
4.0
 40
4.0
 40
4.0
 10
25.52861628132491
 20
50.74024442837371
 30
0.0
 10
25.6138521241481
 20
50.74024442837371
 30
0.0
 10
25.68305281419758
 20
50.67303168204778
 30
0.0
 10
25.68305281419758
 20
50.59024442837372
 30
0.0
 10
25.68305281419758
 20
50.50745717469957
 30
0.0
 10
25.6138521241481
 20
50.44024442837369
 30
0.0
 10
25.52861628132491
 20
50.44024442837369
 30
0.0
 10
25.44338043850171
 20
50.44024442837369
 30
0.0
 10
25.37417974845223
 20
50.50745717469957
 30
0.0
 10
25.37417974845223
 20
50.59024442837372
 30
0.0
 10
25.37417974845223
 20
50.67303168204778
 30
0.0
 10
25.44338043850171
 20
50.74024442837371
 30
0.0
 10
25.52861628132491
 20
50.74024442837371
 30
0.0
  0
SPLINE
  5
9E
330
1F
100
AcDbEntity
  8
0
  6
Continuous
 62
    18
420
        0
370
     9
100
AcDbSpline
210
0.0
220
0.0
230
1.0
 70
    11
 71
     3
 72
    17
 73
    13
 74
     0
 42
0.000000001
 43
0.0
 40
0.0
 40
0.0
 40
0.0
 40
0.0
 40
1.0
 40
1.0
 40
1.0
 40
2.0
 40
2.0
 40
2.0
 40
3.0
 40
3.0
 40
3.0
 40
4.0
 40
4.0
 40
4.0
 40
4.0
 10
12.52861628132492
 20
46.94024442837367
 30
0.0
 10
12.61385212414811
 20
46.94024442837367
 30
0.0
 10
12.68305281419759
 20
46.8730316820478
 30
0.0
 10
12.68305281419759
 20
46.79024442837368
 30
0.0
 10
12.68305281419759
 20
46.70745717469958
 30
0.0
 10
12.61385212414811
 20
46.64024442837366
 30
0.0
 10
12.52861628132492
 20
46.64024442837366
 30
0.0
 10
12.44338043850173
 20
46.64024442837366
 30
0.0
 10
12.37417974845224
 20
46.70745717469958
 30
0.0
 10
12.37417974845224
 20
46.79024442837368
 30
0.0
 10
12.37417974845224
 20
46.8730316820478
 30
0.0
 10
12.44338043850173
 20
46.94024442837367
 30
0.0
 10
12.52861628132492
 20
46.94024442837367
 30
0.0
  0
SPLINE
  5
9F
330
1F
100
AcDbEntity
  8
0
  6
Continuous
 62
    18
420
        0
370
     9
100
AcDbSpline
210
0.0
220
0.0
230
1.0
 70
    11
 71
     3
 72
    17
 73
    13
 74
     0
 42
0.000000001
 43
0.0
 40
0.0
 40
0.0
 40
0.0
 40
0.0
 40
1.0
 40
1.0
 40
1.0
 40
2.0
 40
2.0
 40
2.0
 40
3.0
 40
3.0
 40
3.0
 40
4.0
 40
4.0
 40
4.0
 40
4.0
 10
7.32855059049717
 20
26.8967870644109
 30
0.0
 10
7.420878588806772
 20
26.8967870644109
 30
0.0
 10
7.495837209291868
 20
26.80065720629365
 30
0.0
 10
7.495837209291868
 20
26.68225218068997
 30
0.0
 10
7.495837209291868
 20
26.56384715508634
 30
0.0
 10
7.420878588806772
 20
26.467717296969
 30
0.0
 10
7.32855059049717
 20
26.467717296969
 30
0.0
 10
7.236222592187594
 20
26.467717296969
 30
0.0
 10
7.161263971702485
 20
26.56384715508634
 30
0.0
 10
7.161263971702485
 20
26.68225218068997
 30
0.0
 10
7.161263971702485
 20
26.80065720629365
 30
0.0
 10
7.236222592187594
 20
26.8967870644109
 30
0.0
 10
7.32855059049717
 20
26.8967870644109
 30
0.0
  0
SPLINE
  5
A0
330
1F
100
AcDbEntity
  8
0
  6
Continuous
 62
    18
420
        0
370
     9
100
AcDbSpline
210
0.0
220
0.0
230
1.0
 70
    11
 71
     3
 72
    17
 73
    13
 74
     0
 42
0.000000001
 43
0.0
 40
0.0
 40
0.0
 40
0.0
 40
0.0
 40
1.0
 40
1.0
 40
1.0
 40
2.0
 40
2.0
 40
2.0
 40
3.0
 40
3.0
 40
3.0
 40
4.0
 40
4.0
 40
4.0
 40
4.0
 10
32.47987518184316
 20
44.30201962255043
 30
0.0
 10
32.56511102466634
 20
44.30201962255043
 30
0.0
 10
32.63431171471582
 20
44.23480687622451
 30
0.0
 10
32.63431171471582
 20
44.15201962255044
 30
0.0
 10
32.63431171471582
 20
44.0692323688763
 30
0.0
 10
32.56511102466634
 20
44.00201962255041
 30
0.0
 10
32.47987518184316
 20
44.00201962255041
 30
0.0
 10
32.39463933901997
 20
44.00201962255041
 30
0.0
 10
32.32543864897049
 20
44.0692323688763
 30
0.0
 10
32.32543864897049
 20
44.15201962255044
 30
0.0
 10
32.32543864897049
 20
44.23480687622451
 30
0.0
 10
32.39463933901997
 20
44.30201962255043
 30
0.0
 10
32.47987518184316
 20
44.30201962255043
 30
0.0
  0
SPLINE
  5
A1
330
1F
100
AcDbEntity
  8
0
  6
Continuous
 62
    18
420
        0
370
     9
100
AcDbSpline
210
0.0
220
0.0
230
1.0
 70
    11
 71
     3
 72
    17
 73
    13
 74
     0
 42
0.000000001
 43
0.0
 40
0.0
 40
0.0
 40
0.0
 40
0.0
 40
1.0
 40
1.0
 40
1.0
 40
2.0
 40
2.0
 40
2.0
 40
3.0
 40
3.0
 40
3.0
 40
4.0
 40
4.0
 40
4.0
 40
4.0
 10
11.53994145727898
 20
24.89678706441092
 30
0.0
 10
11.63226945558859
 20
24.89678706441092
 30
0.0
 10
11.70722807607369
 20
24.80065720629362
 30
0.0
 10
11.70722807607369
 20
24.68225218068996
 30
0.0
 10
11.70722807607369
 20
24.56384715508632
 30
0.0
 10
11.63226945558859
 20
24.467717296969
 30
0.0
 10
11.53994145727898
 20
24.467717296969
 30
0.0
 10
11.44761345896941
 20
24.467717296969
 30
0.0
 10
11.3726548384843
 20
24.56384715508632
 30
0.0
 10
11.3726548384843
 20
24.68225218068996
 30
0.0
 10
11.3726548384843
 20
24.80065720629362
 30
0.0
 10
11.44761345896941
 20
24.89678706441092
 30
0.0
 10
11.53994145727898
 20
24.89678706441092
 30
0.0
  0
SPLINE
  5
A2
330
1F
100
AcDbEntity
  8
0
  6
Continuous
 62
    18
420
        0
370
     9
100
AcDbSpline
210
0.0
220
0.0
230
1.0
 70
    11
 71
     3
 72
    17
 73
    13
 74
     0
 42
0.000000001
 43
0.0
 40
0.0
 40
0.0
 40
0.0
 40
0.0
 40
1.0
 40
1.0
 40
1.0
 40
2.0
 40
2.0
 40
2.0
 40
3.0
 40
3.0
 40
3.0
 40
4.0
 40
4.0
 40
4.0
 40
4.0
 10
44.44888352139969
 20
12.82417707274038
 30
0.0
 10
44.50832129016697
 20
12.89482840617313
 30
0.0
 10
44.6301378140396
 20
12.89030304229104
 30
0.0
 10
44.72074383926701
 20
12.81407772969285
 30
0.0
 10
44.81134986449442
 20
12.73785241709464
 30
0.0
 10
44.83665453425827
 20
12.61860721553575
 30
0.0
 10
44.77721676549096
 20
12.54795588210303
 30
0.0
 10
44.71777899672374
 20
12.4773045486703
 30
0.0
 10
44.59596247285111
 20
12.4818299125524
 30
0.0
 10
44.50535644762365
 20
12.55805522515061
 30
0.0
 10
44.41475042239622
 20
12.63428053774877
 30
0.0
 10
44.38944575263241
 20
12.75352573930766
 30
0.0
 10
44.44888352139969
 20
12.82417707274038
 30
0.0
  0
SPLINE
  5
A3
330
1F
100
AcDbEntity
  8
0
  6
Continuous
 62
    18
420
        0
370
     9
100
AcDbSpline
210
0.0
220
0.0
230
1.0
 70
    11
 71
     3
 72
    17
 73
    13
 74
     0
 42
0.000000001
 43
0.0
 40
0.0
 40
0.0
 40
0.0
 40
0.0
 40
1.0
 40
1.0
 40
1.0
 40
2.0
 40
2.0
 40
2.0
 40
3.0
 40
3.0
 40
3.0
 40
4.0
 40
4.0
 40
4.0
 40
4.0
 10
37.58557061523408
 20
43.92701962255042
 30
0.0
 10
37.67080645805726
 20
43.92701962255042
 30
0.0
 10
37.74000714810673
 20
43.85980687622454
 30
0.0
 10
37.74000714810673
 20
43.77701962255038
 30
0.0
 10
37.74000714810673
 20
43.69423236887633
 30
0.0
 10
37.67080645805726
 20
43.62701962255041
 30
0.0
 10
37.58557061523408
 20
43.62701962255041
 30
0.0
 10
37.50033477241088
 20
43.62701962255041
 30
0.0
 10
37.43113408236142
 20
43.69423236887633
 30
0.0
 10
37.43113408236142
 20
43.77701962255038
 30
0.0
 10
37.43113408236142
 20
43.85980687622454
 30
0.0
 10
37.50033477241088
 20
43.92701962255042
 30
0.0
 10
37.58557061523408
 20
43.92701962255042
 30
0.0
  0
SPLINE
  5
A4
330
1F
100
AcDbEntity
  8
0
  6
Continuous
 62
    18
420
        0
370
     9
100
AcDbSpline
210
0.0
220
0.0
230
1.0
 70
    11
 71
     3
 72
    29
 73
    25
 74
     0
 42
0.000000001
 43
0.0
 40
0.0
 40
0.0
 40
0.0
 40
0.0
 40
1.0
 40
1.0
 40
1.0
 40
2.0
 40
2.0
 40
2.0
 40
3.0
 40
3.0
 40
3.0
 40
4.0
 40
4.0
 40
4.0
 40
5.0
 40
5.0
 40
5.0
 40
6.0
 40
6.0
 40
6.0
 40
7.0
 40
7.0
 40
7.0
 40
8.0
 40
8.0
 40
8.0
 40
8.0
 10
25.6397533093678
 20
16.56231821380473
 30
0.0
 10
25.76509775693705
 20
16.55914723991066
 30
0.0
 10
25.86596651402486
 20
16.44671312008549
 30
0.0
 10
25.86596651402486
 20
16.30868082241665
 30
0.0
 10
25.86596651402486
 20
16.16865658226456
 30
0.0
 10
25.76216547895062
 20
16.05497466487819
 30
0.0
 10
25.63431171471584
 20
16.05497466487819
 30
0.0
 10
25.5064579504811
 20
16.05497466487819
 30
0.0
 10
25.40265691540687
 20
16.16865658226456
 30
0.0
 10
25.40265691540687
 20
16.30868082241665
 30
0.0
 10
25.40265691540687
 20
16.33687154899593
 30
0.0
 10
25.40686425700003
 20
16.36399454874433
 30
0.0
 10
25.41462816557644
 20
16.38933709942944
 30
0.0
 10
25.28130077950145
 20
16.39778373878391
 30
0.0
 10
25.17484697733778
 20
16.55697834406172
 30
0.0
 10
25.17484697733778
 20
16.751843438099
 30
0.0
 10
25.17484697733778
 20
16.9521106652933
 30
0.0
 10
25.28728490806545
 20
17.11470224481099
 30
0.0
 10
25.42577690552981
 20
17.11470224481099
 30
0.0
 10
25.5642689029942
 20
17.11470224481099
 30
0.0
 10
25.67670683372184
 20
16.9521106652933
 30
0.0
 10
25.67670683372184
 20
16.751843438099
 30
0.0
 10
25.67670683372184
 20
16.68240285185118
 30
0.0
 10
25.66318860369593
 20
16.61749194760992
 30
0.0
 10
25.6397533093678
 20
16.56231821380473
 30
0.0
  0
SPLINE
  5
A5
330
1F
100
AcDbEntity
  8
0
  6
Continuous
 62
    18
420
        0
370
     9
100
AcDbSpline
210
0.0
220
0.0
230
1.0
 70
    11
 71
     3
 72
    17
 73
    13
 74
     0
 42
0.000000001
 43
0.0
 40
0.0
 40
0.0
 40
0.0
 40
0.0
 40
1.0
 40
1.0
 40
1.0
 40
2.0
 40
2.0
 40
2.0
 40
3.0
 40
3.0
 40
3.0
 40
4.0
 40
4.0
 40
4.0
 40
4.0
 10
5.49953783540631
 20
46.17701962255042
 30
0.0
 10
5.591865833715886
 20
46.17701962255042
 30
0.0
 10
5.666824454200995
 20
46.08088976443312
 30
0.0
 10
5.666824454200995
 20
45.96248473882947
 30
0.0
 10
5.666824454200995
 20
45.8440797132258
 30
0.0
 10
5.591865833715886
 20
45.74794985510849
 30
0.0
 10
5.49953783540631
 20
45.74794985510849
 30
0.0
 10
5.407209837096733
 20
45.74794985510849
 30
0.0
 10
5.332251216611624
 20
45.8440797132258
 30
0.0
 10
5.332251216611624
 20
45.96248473882947
 30
0.0
 10
5.332251216611624
 20
46.08088976443312
 30
0.0
 10
5.407209837096733
 20
46.17701962255042
 30
0.0
 10
5.49953783540631
 20
46.17701962255042
 30
0.0
  0
SPLINE
  5
A6
330
1F
100
AcDbEntity
  8
0
  6
Continuous
 62
    18
420
        0
370
     9
100
AcDbSpline
210
0.0
220
0.0
230
1.0
 70
    11
 71
     3
 72
    17
 73
    13
 74
     0
 42
0.000000001
 43
0.0
 40
0.0
 40
0.0
 40
0.0
 40
0.0
 40
1.0
 40
1.0
 40
1.0
 40
2.0
 40
2.0
 40
2.0
 40
3.0
 40
3.0
 40
3.0
 40
4.0
 40
4.0
 40
4.0
 40
4.0
 10
43.16278888167041
 20
44.69024442837367
 30
0.0
 10
43.2480247244936
 20
44.69024442837367
 30
0.0
 10
43.31722541454306
 20
44.62303168204775
 30
0.0
 10
43.31722541454306
 20
44.54024442837365
 30
0.0
 10
43.31722541454306
 20
44.45745717469954
 30
0.0
 10
43.2480247244936
 20
44.39024442837368
 30
0.0
 10
43.16278888167041
 20
44.39024442837368
 30
0.0
 10
43.07755303884725
 20
44.39024442837368
 30
0.0
 10
43.00835234879771
 20
44.45745717469954
 30
0.0
 10
43.00835234879771
 20
44.54024442837365
 30
0.0
 10
43.00835234879771
 20
44.62303168204775
 30
0.0
 10
43.07755303884725
 20
44.69024442837367
 30
0.0
 10
43.16278888167041
 20
44.69024442837367
 30
0.0
  0
SPLINE
  5
A7
330
1F
100
AcDbEntity
  8
0
  6
Continuous
 62
    18
420
        0
370
     9
100
AcDbSpline
210
0.0
220
0.0
230
1.0
 70
    11
 71
     3
 72
    17
 73
    13
 74
     0
 42
0.000000001
 43
0.0
 40
0.0
 40
0.0
 40
0.0
 40
0.0
 40
1.0
 40
1.0
 40
1.0
 40
2.0
 40
2.0
 40
2.0
 40
3.0
 40
3.0
 40
3.0
 40
4.0
 40
4.0
 40
4.0
 40
4.0
 10
27.5019895094712
 20
11.17900337151053
 30
0.0
 10
27.56142727823846
 20
11.24965470494328
 30
0.0
 10
27.68324380211108
 20
11.24512934106119
 30
0.0
 10
27.77384982733852
 20
11.168904028463
 30
0.0
 10
27.86445585256595
 20
11.09267871586479
 30
0.0
 10
27.88976052232976
 20
10.97343351430592
 30
0.0
 10
27.83032275356247
 20
10.9027821808732
 30
0.0
 10
27.77088498479521
 20
10.83213084744042
 30
0.0
 10
27.64906846092259
 20
10.83665621132255
 30
0.0
 10
27.55846243569516
 20
10.91288152392073
 30
0.0
 10
27.46785641046772
 20
10.98910683651889
 30
0.0
 10
27.44255174070392
 20
11.10835203807781
 30
0.0
 10
27.5019895094712
 20
11.17900337151053
 30
0.0
  0
LWPOLYLINE
  5
A8
330
1F
100
AcDbEntity
  8
0
  6
Continuous
 62
    18
420
        0
370
     9
100
AcDbPolyline
 90
       25
 70
     1
 43
0.0
 10
23.18385265115165
 20
14.37893917562579
 10
23.04728151539967
 20
14.50992981370069
 10
23.22906240643509
 20
14.41151715815221
 10
23.22639801488859
 20
14.41463707803766
 10
23.30139801488857
 20
14.79520200067196
 10
23.37639801488859
 20
14.41463707803766
 10
23.37373362334206
 20
14.41151715815221
 10
23.55551451437747
 20
14.50992981370069
 10
23.41894337862547
 20
14.37893917562579
 10
23.42327301488858
 20
14.38085912632459
 10
23.95139801488859
 20
14.32681440358357
 10
23.42327301488858
 20
14.27276968084263
 10
23.41894337862544
 20
14.27468963154138
 10
23.55551451437747
 20
14.14369899346647
 10
23.37373362334206
 20
14.24211164901493
 10
23.37639801488859
 20
14.23899172912954
 10
23.30139801488857
 20
13.8584268064952
 10
23.22639801488859
 20
14.23899172912954
 10
23.22906240643509
 20
14.24211164901499
 10
23.04728151539967
 20
14.14369899346647
 10
23.18385265115168
 20
14.27468963154135
 10
23.17952301488857
 20
14.27276968084263
 10
22.65139801488856
 20
14.32681440358357
 10
23.17952301488857
 20
14.38085912632459
 10
23.18385265115165
 20
14.37893917562579
  0
SPLINE
  5
A9
330
1F
100
AcDbEntity
  8
0
  6
Continuous
 62
    18
420
        0
370
     9
100
AcDbSpline
210
0.0
220
0.0
230
1.0
 70
    11
 71
     3
 72
    17
 73
    13
 74
     0
 42
0.000000001
 43
0.0
 40
0.0
 40
0.0
 40
0.0
 40
0.0
 40
1.0
 40
1.0
 40
1.0
 40
2.0
 40
2.0
 40
2.0
 40
3.0
 40
3.0
 40
3.0
 40
4.0
 40
4.0
 40
4.0
 40
4.0
 10
32.95139801488858
 20
45.4402444283737
 30
0.0
 10
33.03663385771174
 20
45.4402444283737
 30
0.0
 10
33.10583454776123
 20
45.37303168204778
 30
0.0
 10
33.10583454776123
 20
45.29024442837368
 30
0.0
 10
33.10583454776123
 20
45.20745717469958
 30
0.0
 10
33.03663385771174
 20
45.14024442837365
 30
0.0
 10
32.95139801488858
 20
45.14024442837365
 30
0.0
 10
32.86616217206537
 20
45.14024442837365
 30
0.0
 10
32.7969614820159
 20
45.20745717469958
 30
0.0
 10
32.7969614820159
 20
45.29024442837368
 30
0.0
 10
32.7969614820159
 20
45.37303168204778
 30
0.0
 10
32.86616217206537
 20
45.4402444283737
 30
0.0
 10
32.95139801488858
 20
45.4402444283737
 30
0.0
  0
LWPOLYLINE
  5
AA
330
1F
100
AcDbEntity
  8
0
  6
Continuous
 62
    18
420
        0
370
     9
100
AcDbPolyline
 90
       45
 70
     1
 43
0.0
 10
27.15045799134144
 20
14.01845614853278
 10
26.72944039965103
 20
13.53659457980453
 10
26.71940266184803
 20
13.5349750892259
 10
27.16368251544747
 20
13.43802519726833
 10
26.7099766010932
 20
13.40745048312596
 10
26.71966714175321
 20
13.40437276454671
 10
27.29586462302321
 20
12.5065083398822
 10
26.49247502470427
 20
13.20845507277079
 10
26.49085553412563
 20
13.21849281057376
 10
26.3939056421681
 20
12.77421295697431
 10
26.36333092802571
 20
13.2279188713286
 10
26.36025320944648
 20
13.21822833066861
 10
25.46238878478199
 20
12.64203084939862
 10
26.16433551767056
 20
13.44542044771754
 10
26.1743732554735
 20
13.44703993829617
 10
25.73009340187409
 20
13.54398983025374
 10
26.18379931622833
 20
13.57456454439611
 10
26.17410877556835
 20
13.57764226297533
 10
25.59791129429836
 20
14.47550668763981
 10
26.4013008926173
 20
13.77355995475128
 10
26.40292038319593
 20
13.7635222169483
 10
26.49987027515349
 20
14.20780207054776
 10
26.53044498929587
 20
13.7540961561935
 10
26.53352270787508
 20
13.76378669685346
 10
27.02704780039188
 20
14.08050257002995
 10
26.5548298397769
 20
13.86799290095485
 10
26.98478705080861
 20
14.17939881670299
 10
26.98949596794066
 20
14.17990681306145
 10
26.80567010547953
 20
14.22483202507308
 10
27.01229604081568
 20
14.23075367722404
 10
27.00842693581396
 20
14.23211856142797
 10
26.88263624518392
 20
14.599040027808
 10
27.13823661140786
 20
14.3072813721937
 10
27.13749419904546
 20
14.30324631255493
 10
27.24549384363569
 20
14.47950016325362
 10
27.19294297506401
 20
14.29770734547409
 10
27.19572777364871
 20
14.30153838419733
 10
27.6798470282573
 20
14.5194039275913
 10
27.43011938211591
 20
14.33853321688102
 10
27.30322795813975
 20
14.19330389197373
 10
27.42900676255467
 20
14.162564803473
 10
27.27245005557891
 20
14.15807807551653
 10
27.23857980265009
 20
14.11931301312572
 10
27.35204062285025
 20
13.78835680073809
 10
27.15045799134144
 20
14.01845614853278
  0
SPLINE
  5
AB
330
1F
100
AcDbEntity
  8
0
  6
Continuous
 62
    18
420
        0
370
     9
100
AcDbSpline
210
0.0
220
0.0
230
1.0
 70
    11
 71
     3
 72
    26
 73
    22
 74
     0
 42
0.000000001
 43
0.0
 40
0.0
 40
0.0
 40
0.0
 40
0.0
 40
1.0
 40
1.0
 40
1.0
 40
2.0
 40
2.0
 40
2.0
 40
3.0
 40
3.0
 40
3.0
 40
4.0
 40
4.0
 40
4.0
 40
5.0
 40
5.0
 40
5.0
 40
6.0
 40
6.0
 40
6.0
 40
7.0
 40
7.0
 40
7.0
 40
7.0
 10
20.16865826909376
 20
11.30035931116527
 30
0.0
 10
20.19204293107338
 20
11.29042209538639
 30
0.0
 10
20.21491752129369
 20
11.27652605838827
 30
0.0
 10
20.23608816933348
 20
11.25871555118752
 30
0.0
 10
20.32669419456092
 20
11.18249023858931
 30
0.0
 10
20.35199886432472
 20
11.06324503703041
 30
0.0
 10
20.29256109555747
 20
10.99259370359769
 30
0.0
 10
20.23907635825606
 20
10.9290185040737
 30
0.0
 10
20.13508231031986
 20
10.92631536188333
 30
0.0
 10
20.04877011379991
 20
10.98195104250661
 30
0.0
 10
20.01916114396012
 20
10.96689156113112
 30
0.0
 10
19.98616907370243
 20
10.95848341631219
 30
0.0
 10
19.95139801488859
 20
10.95848341631219
 30
0.0
 10
19.82354425065386
 20
10.95848341631219
 30
0.0
 10
19.71974321557962
 20
11.07216533369854
 30
0.0
 10
19.71974321557962
 20
11.21218957385065
 30
0.0
 10
19.71974321557962
 20
11.35221381400274
 30
0.0
 10
19.82354425065386
 20
11.46589573138911
 30
0.0
 10
19.95139801488859
 20
11.46589573138911
 30
0.0
 10
20.05094933912165
 20
11.46589573138911
 30
0.0
 10
20.13591818280016
 20
11.39697364198202
 30
0.0
 10
20.16865826909376
 20
11.30035931116527
 30
0.0
  0
SPLINE
  5
AC
330
1F
100
AcDbEntity
  8
0
  6
Continuous
 62
    18
420
        0
370
     9
100
AcDbSpline
210
0.0
220
0.0
230
1.0
 70
    11
 71
     3
 72
    17
 73
    13
 74
     0
 42
0.000000001
 43
0.0
 40
0.0
 40
0.0
 40
0.0
 40
0.0
 40
1.0
 40
1.0
 40
1.0
 40
2.0
 40
2.0
 40
2.0
 40
3.0
 40
3.0
 40
3.0
 40
4.0
 40
4.0
 40
4.0
 40
4.0
 10
26.0570934482795
 20
48.06524442837369
 30
0.0
 10
26.14232929110267
 20
48.06524442837369
 30
0.0
 10
26.21152998115215
 20
47.99803168204781
 30
0.0
 10
26.21152998115215
 20
47.91524442837367
 30
0.0
 10
26.21152998115215
 20
47.83245717469954
 30
0.0
 10
26.14232929110267
 20
47.76524442837365
 30
0.0
 10
26.0570934482795
 20
47.76524442837365
 30
0.0
 10
25.97185760545631
 20
47.76524442837365
 30
0.0
 10
25.90265691540683
 20
47.83245717469954
 30
0.0
 10
25.90265691540683
 20
47.91524442837367
 30
0.0
 10
25.90265691540683
 20
47.99803168204781
 30
0.0
 10
25.97185760545631
 20
48.06524442837369
 30
0.0
 10
26.0570934482795
 20
48.06524442837369
 30
0.0
  0
LWPOLYLINE
  5
AD
330
1F
100
AcDbEntity
  8
0
  6
Continuous
 62
    18
420
        0
370
     9
100
AcDbPolyline
 90
       25
 70
     1
 43
0.0
 10
24.77199523316775
 20
6.167567443643406
 10
24.69003905719705
 20
6.357337115451116
 10
24.80844261000804
 20
6.209719971915604
 10
24.80691295743379
 20
6.214202395797628
 10
24.90743720697693
 20
6.735481325867624
 10
24.91457914978792
 20
6.204646285262754
 10
24.91228393712548
 20
6.200503344315706
 10
25.05483580272146
 20
6.324958910679612
 10
24.94073738973355
 20
6.152590423793583
 10
24.94408064968857
 20
6.154968552317797
 10
25.31652467226606
 20
6.04661676236509
 10
24.93081925701654
 20
6.005555917429092
 10
24.92794711096194
 20
6.008485705722705
 10
25.00990328693261
 20
5.818716033914995
 10
24.89149973412159
 20
5.966333177450537
 10
24.89302938669586
 20
5.961850753568484
 10
24.79250513715272
 20
5.440571823498459
 10
24.78536319434176
 20
5.971406864103386
 10
24.78765840700418
 20
5.975549805050406
 10
24.6451065414082
 20
5.8510942386865
 10
24.7592049543961
 20
6.0234627255725
 10
24.75586169444108
 20
6.021084597048315
 10
24.38341767186362
 20
6.129436387000965
 10
24.76912308711311
 20
6.17049723193702
 10
24.77199523316775
 20
6.167567443643406
  0
SPLINE
  5
AE
330
1F
100
AcDbEntity
  8
0
  6
Continuous
 62
    18
420
        0
370
     9
100
AcDbSpline
210
0.0
220
0.0
230
1.0
 70
    11
 71
     3
 72
   116
 73
   112
 74
     0
 42
0.000000001
 43
0.0
 40
0.0
 40
0.0
 40
0.0
 40
0.0
 40
1.0
 40
1.0
 40
1.0
 40
2.0
 40
2.0
 40
2.0
 40
3.0
 40
3.0
 40
3.0
 40
4.0
 40
4.0
 40
4.0
 40
5.0
 40
5.0
 40
5.0
 40
6.0
 40
6.0
 40
6.0
 40
7.0
 40
7.0
 40
7.0
 40
8.0
 40
8.0
 40
8.0
 40
9.0
 40
9.0
 40
9.0
 40
10.0
 40
10.0
 40
10.0
 40
11.0
 40
11.0
 40
11.0
 40
12.0
 40
12.0
 40
12.0
 40
13.0
 40
13.0
 40
13.0
 40
14.0
 40
14.0
 40
14.0
 40
15.0
 40
15.0
 40
15.0
 40
16.0
 40
16.0
 40
16.0
 40
17.0
 40
17.0
 40
17.0
 40
18.0
 40
18.0
 40
18.0
 40
19.0
 40
19.0
 40
19.0
 40
20.0
 40
20.0
 40
20.0
 40
21.0
 40
21.0
 40
21.0
 40
22.0
 40
22.0
 40
22.0
 40
23.0
 40
23.0
 40
23.0
 40
24.0
 40
24.0
 40
24.0
 40
25.0
 40
25.0
 40
25.0
 40
26.0
 40
26.0
 40
26.0
 40
27.0
 40
27.0
 40
27.0
 40
28.0
 40
28.0
 40
28.0
 40
29.0
 40
29.0
 40
29.0
 40
30.0
 40
30.0
 40
30.0
 40
31.0
 40
31.0
 40
31.0
 40
32.0
 40
32.0
 40
32.0
 40
33.0
 40
33.0
 40
33.0
 40
34.0
 40
34.0
 40
34.0
 40
35.0
 40
35.0
 40
35.0
 40
36.0
 40
36.0
 40
36.0
 40
37.0
 40
37.0
 40
37.0
 40
37.0
 10
22.18783706633091
 20
6.392281994940447
 30
0.0
 10
22.14358653905106
 20
6.418673219984584
 30
0.0
 10
22.11404778218866
 20
6.466113571323149
 30
0.0
 10
22.11404778218866
 20
6.520202000671958
 30
0.0
 10
22.11404778218866
 20
6.602989254346028
 30
0.0
 10
22.18324847223814
 20
6.670202000671935
 30
0.0
 10
22.26848431506134
 20
6.670202000671935
 30
0.0
 10
22.31512871988837
 20
6.670202000671935
 30
0.0
 10
22.3569710634768
 20
6.650073740690402
 30
0.0
 10
22.3852984585514
 20
6.61827981093802
 30
0.0
 10
22.3852984585514
 20
6.61827981093802
 30
0.0
 10
22.86406227131833
 20
7.166232880889197
 30
0.0
 10
22.86406227131833
 20
7.166232880889197
 30
0.0
 10
22.86406227131833
 20
7.166232880889197
 30
0.0
 10
22.87410000912132
 20
7.167852371467831
 30
0.0
 10
22.87410000912132
 20
7.167852371467831
 30
0.0
 10
22.87410000912132
 20
7.167852371467831
 30
0.0
 10
22.42982015552186
 20
7.264802263425395
 30
0.0
 10
22.42982015552186
 20
7.264802263425395
 30
0.0
 10
22.42982015552186
 20
7.264802263425395
 30
0.0
 10
22.88352606987615
 20
7.29537697756777
 30
0.0
 10
22.88352606987615
 20
7.29537697756777
 30
0.0
 10
22.88352606987615
 20
7.29537697756777
 30
0.0
 10
22.87383552921614
 20
7.298454696147019
 30
0.0
 10
22.87383552921614
 20
7.298454696147019
 30
0.0
 10
22.87383552921614
 20
7.298454696147019
 30
0.0
 10
22.73908588714173
 20
7.508429424929631
 30
0.0
 10
22.73908588714173
 20
7.508429424929631
 30
0.0
 10
22.65427323362247
 20
7.508911645992555
 30
0.0
 10
22.58557061523408
 20
7.575938021293723
 30
0.0
 10
22.58557061523408
 20
7.658426806495157
 30
0.0
 10
22.58557061523408
 20
7.681814320611295
 30
0.0
 10
22.59109331709405
 20
7.703958879481746
 30
0.0
 10
22.60094007197946
 20
7.72369626812565
 30
0.0
 10
22.60094007197946
 20
7.72369626812565
 30
0.0
 10
22.29763804794615
 20
8.196319120811523
 30
0.0
 10
22.29763804794615
 20
8.196319120811523
 30
0.0
 10
22.29763804794615
 20
8.196319120811523
 30
0.0
 10
22.74159610904835
 20
7.808419014583706
 30
0.0
 10
22.74159610904835
 20
7.808419014583706
 30
0.0
 10
22.82007865915013
 20
7.807648992051185
 30
0.0
 10
22.88462006271843
 20
7.749898090825951
 30
0.0
 10
22.89342115280016
 20
7.675764703829316
 30
0.0
 10
22.89342115280016
 20
7.675764703829316
 30
0.0
 10
23.10102764626509
 20
7.494372387922965
 30
0.0
 10
23.10102764626509
 20
7.494372387922965
 30
0.0
 10
23.10102764626509
 20
7.494372387922965
 30
0.0
 10
23.1026471368437
 20
7.484334650119933
 30
0.0
 10
23.1026471368437
 20
7.484334650119933
 30
0.0
 10
23.1026471368437
 20
7.484334650119933
 30
0.0
 10
23.19959702880126
 20
7.928614503719416
 30
0.0
 10
23.19959702880126
 20
7.928614503719416
 30
0.0
 10
23.19959702880126
 20
7.928614503719416
 30
0.0
 10
23.23017174294364
 20
7.474908589365185
 30
0.0
 10
23.23017174294364
 20
7.474908589365185
 30
0.0
 10
23.23017174294364
 20
7.474908589365185
 30
0.0
 10
23.23324946152287
 20
7.484599130025117
 30
0.0
 10
23.23324946152287
 20
7.484599130025117
 30
0.0
 10
23.23324946152287
 20
7.484599130025117
 30
0.0
 10
24.13111388618736
 20
8.060796611295103
 30
0.0
 10
24.13111388618736
 20
8.060796611295103
 30
0.0
 10
24.13111388618736
 20
8.060796611295103
 30
0.0
 10
23.42916715329882
 20
7.257407012976159
 30
0.0
 10
23.42916715329882
 20
7.257407012976159
 30
0.0
 10
23.42916715329882
 20
7.257407012976159
 30
0.0
 10
23.41912941549585
 20
7.255787522397526
 30
0.0
 10
23.41912941549585
 20
7.255787522397526
 30
0.0
 10
23.41912941549585
 20
7.255787522397526
 30
0.0
 10
23.86340926909527
 20
7.158837630440019
 30
0.0
 10
23.86340926909527
 20
7.158837630440019
 30
0.0
 10
23.86340926909527
 20
7.158837630440019
 30
0.0
 10
23.40970335474102
 20
7.128262916297587
 30
0.0
 10
23.40970335474102
 20
7.128262916297587
 30
0.0
 10
23.40970335474102
 20
7.128262916297587
 30
0.0
 10
23.41939389540101
 20
7.125185197718395
 30
0.0
 10
23.41939389540101
 20
7.125185197718395
 30
0.0
 10
23.41939389540101
 20
7.125185197718395
 30
0.0
 10
23.995591376671
 20
6.227320773053862
 30
0.0
 10
23.995591376671
 20
6.227320773053862
 30
0.0
 10
23.995591376671
 20
6.227320773053862
 30
0.0
 10
23.19220177835203
 20
6.929267505942448
 30
0.0
 10
23.19220177835203
 20
6.929267505942448
 30
0.0
 10
23.19220177835203
 20
6.929267505942448
 30
0.0
 10
23.19058228777343
 20
6.939305243745423
 30
0.0
 10
23.19058228777343
 20
6.939305243745423
 30
0.0
 10
23.19058228777343
 20
6.939305243745423
 30
0.0
 10
23.09363239581587
 20
6.495025390145969
 30
0.0
 10
23.09363239581587
 20
6.495025390145969
 30
0.0
 10
23.09363239581587
 20
6.495025390145969
 30
0.0
 10
23.06305768167351
 20
6.948731304500257
 30
0.0
 10
23.06305768167351
 20
6.948731304500257
 30
0.0
 10
23.06305768167351
 20
6.948731304500257
 30
0.0
 10
23.05997996309425
 20
6.939040763840268
 30
0.0
 10
23.05997996309425
 20
6.939040763840268
 30
0.0
 10
23.05997996309425
 20
6.939040763840268
 30
0.0
 10
22.42259569221332
 20
6.53000438663895
 30
0.0
 10
22.42259569221332
 20
6.53000438663895
 30
0.0
 10
22.42281134719554
 20
6.526763736108791
 30
0.0
 10
22.42292084793399
 20
6.52349519066675
 30
0.0
 10
22.42292084793399
 20
6.520202000671958
 30
0.0
 10
22.42292084793399
 20
6.437414746997831
 30
0.0
 10
22.3537201578845
 20
6.370202000671924
 30
0.0
 10
22.26848431506134
 20
6.370202000671924
 30
0.0
 10
22.24339804274444
 20
6.370202000671924
 30
0.0
 10
22.21970076595363
 20
6.376024096991159
 30
0.0
 10
22.19874789824354
 20
6.386351813343822
 30
0.0
 10
22.19874789824354
 20
6.386351813343822
 30
0.0
 10
22.16211553842976
 20
6.362843282570253
 30
0.0
 10
22.16211553842976
 20
6.362843282570253
 30
0.0
 10
22.16211553842976
 20
6.362843282570253
 30
0.0
 10
22.18783706633091
 20
6.392281994940447
 30
0.0
 10
22.18783706633091
 20
6.392281994940447
 30
0.0
  0
SPLINE
  5
AF
330
1F
100
AcDbEntity
  8
0
  6
Continuous
 62
    18
420
        0
370
     9
100
AcDbSpline
210
0.0
220
0.0
230
1.0
 70
    11
 71
     3
 72
   110
 73
   106
 74
     0
 42
0.000000001
 43
0.0
 40
0.0
 40
0.0
 40
0.0
 40
0.0
 40
1.0
 40
1.0
 40
1.0
 40
2.0
 40
2.0
 40
2.0
 40
3.0
 40
3.0
 40
3.0
 40
4.0
 40
4.0
 40
4.0
 40
5.0
 40
5.0
 40
5.0
 40
6.0
 40
6.0
 40
6.0
 40
7.0
 40
7.0
 40
7.0
 40
8.0
 40
8.0
 40
8.0
 40
9.0
 40
9.0
 40
9.0
 40
10.0
 40
10.0
 40
10.0
 40
11.0
 40
11.0
 40
11.0
 40
12.0
 40
12.0
 40
12.0
 40
13.0
 40
13.0
 40
13.0
 40
14.0
 40
14.0
 40
14.0
 40
15.0
 40
15.0
 40
15.0
 40
16.0
 40
16.0
 40
16.0
 40
17.0
 40
17.0
 40
17.0
 40
18.0
 40
18.0
 40
18.0
 40
19.0
 40
19.0
 40
19.0
 40
20.0
 40
20.0
 40
20.0
 40
21.0
 40
21.0
 40
21.0
 40
22.0
 40
22.0
 40
22.0
 40
23.0
 40
23.0
 40
23.0
 40
24.0
 40
24.0
 40
24.0
 40
25.0
 40
25.0
 40
25.0
 40
26.0
 40
26.0
 40
26.0
 40
27.0
 40
27.0
 40
27.0
 40
28.0
 40
28.0
 40
28.0
 40
29.0
 40
29.0
 40
29.0
 40
30.0
 40
30.0
 40
30.0
 40
31.0
 40
31.0
 40
31.0
 40
32.0
 40
32.0
 40
32.0
 40
33.0
 40
33.0
 40
33.0
 40
34.0
 40
34.0
 40
34.0
 40
35.0
 40
35.0
 40
35.0
 40
35.0
 10
31.1691375650294
 20
12.21595133291376
 30
0.0
 10
31.11364732599676
 20
12.21096737815577
 30
0.0
 10
31.05022352912006
 20
12.23103715395655
 30
0.0
 10
30.99740565367959
 20
12.2754719369207
 30
0.0
 10
30.90679962845216
 20
12.35169724951888
 30
0.0
 10
30.88149495868835
 20
12.47094245107778
 30
0.0
 10
30.94093272745561
 20
12.54159378451052
 30
0.0
 10
31.0003704962229
 20
12.61224511794325
 30
0.0
 10
31.12218702009553
 20
12.60771975406115
 30
0.0
 10
31.21279304532295
 20
12.53149444146294
 30
0.0
 10
31.21279304532295
 20
12.53149444146294
 30
0.0
 10
31.21382457756527
 20
12.53062237952048
 30
0.0
 10
31.21382457756527
 20
12.53062237952048
 30
0.0
 10
31.21382457756527
 20
12.53062237952048
 30
0.0
 10
31.25139801488857
 20
12.79520200067196
 30
0.0
 10
31.25139801488857
 20
12.79520200067196
 30
0.0
 10
31.25139801488857
 20
12.79520200067196
 30
0.0
 10
31.40139801488854
 20
11.73895200067199
 30
0.0
 10
31.40139801488854
 20
11.73895200067199
 30
0.0
 10
31.40139801488854
 20
11.73895200067199
 30
0.0
 10
31.39606923179551
 20
11.73029272814577
 30
0.0
 10
31.39606923179551
 20
11.73029272814577
 30
0.0
 10
31.39606923179551
 20
11.73029272814577
 30
0.0
 10
31.7596310138664
 20
12.00343499964978
 30
0.0
 10
31.7596310138664
 20
12.00343499964978
 30
0.0
 10
31.7596310138664
 20
12.00343499964978
 30
0.0
 10
31.4864887423624
 20
11.63987321757892
 30
0.0
 10
31.4864887423624
 20
11.63987321757892
 30
0.0
 10
31.4864887423624
 20
11.63987321757892
 30
0.0
 10
31.49514801488855
 20
11.64520200067199
 30
0.0
 10
31.49514801488855
 20
11.64520200067199
 30
0.0
 10
31.49514801488855
 20
11.64520200067199
 30
0.0
 10
32.55139801488856
 20
11.49520200067198
 30
0.0
 10
32.55139801488856
 20
11.49520200067198
 30
0.0
 10
32.55139801488856
 20
11.49520200067198
 30
0.0
 10
31.49514801488855
 20
11.34520200067197
 30
0.0
 10
31.49514801488855
 20
11.34520200067197
 30
0.0
 10
31.49514801488855
 20
11.34520200067197
 30
0.0
 10
31.4864887423624
 20
11.35053078376498
 30
0.0
 10
31.4864887423624
 20
11.35053078376498
 30
0.0
 10
31.4864887423624
 20
11.35053078376498
 30
0.0
 10
31.7596310138664
 20
10.98696900169418
 30
0.0
 10
31.7596310138664
 20
10.98696900169418
 30
0.0
 10
31.7596310138664
 20
10.98696900169418
 30
0.0
 10
31.39606923179555
 20
11.26011127319813
 30
0.0
 10
31.39606923179555
 20
11.26011127319813
 30
0.0
 10
31.39606923179555
 20
11.26011127319813
 30
0.0
 10
31.40139801488859
 20
11.25145200067197
 30
0.0
 10
31.40139801488859
 20
11.25145200067197
 30
0.0
 10
31.40139801488859
 20
11.25145200067197
 30
0.0
 10
31.31450023616149
 20
10.63954680880209
 30
0.0
 10
31.31450023616149
 20
10.63954680880209
 30
0.0
 10
31.36935818866388
 20
10.64367598746782
 30
0.0
 10
31.43161908344241
 20
10.62354462664317
 30
0.0
 10
31.48360538913453
 20
10.57980942920722
 30
0.0
 10
31.57421141436195
 20
10.50358411660901
 30
0.0
 10
31.59951608412576
 20
10.38433891505011
 30
0.0
 10
31.54007831535847
 20
10.31368758161739
 30
0.0
 10
31.48092166620361
 20
10.24337040398959
 30
0.0
 10
31.35997492543249
 20
10.24752048699634
 30
0.0
 10
31.2695056853908
 20
10.32271018045833
 30
0.0
 10
31.2695056853908
 20
10.32271018045833
 30
0.0
 10
31.25139801488857
 20
10.19520200067194
 30
0.0
 10
31.25139801488857
 20
10.19520200067194
 30
0.0
 10
31.25139801488857
 20
10.19520200067194
 30
0.0
 10
31.22701084662966
 20
10.36692831049504
 30
0.0
 10
31.22701084662966
 20
10.36692831049504
 30
0.0
 10
31.17724778285998
 20
10.43226931846402
 30
0.0
 10
31.16500055701711
 20
10.51241608528335
 30
0.0
 10
31.19811806984251
 20
10.57038161370471
 30
0.0
 10
31.19811806984251
 20
10.57038161370471
 30
0.0
 10
31.10139801488854
 20
11.25145200067197
 30
0.0
 10
31.10139801488854
 20
11.25145200067197
 30
0.0
 10
31.10139801488854
 20
11.25145200067197
 30
0.0
 10
31.1067267979816
 20
11.26011127319819
 30
0.0
 10
31.1067267979816
 20
11.26011127319819
 30
0.0
 10
31.1067267979816
 20
11.26011127319819
 30
0.0
 10
30.74316501591073
 20
10.98696900169418
 30
0.0
 10
30.74316501591073
 20
10.98696900169418
 30
0.0
 10
30.74316501591073
 20
10.98696900169418
 30
0.0
 10
31.01630728741475
 20
11.35053078376498
 30
0.0
 10
31.01630728741475
 20
11.35053078376498
 30
0.0
 10
31.01630728741475
 20
11.35053078376498
 30
0.0
 10
31.00764801488858
 20
11.34520200067197
 30
0.0
 10
31.00764801488858
 20
11.34520200067197
 30
0.0
 10
31.00764801488858
 20
11.34520200067197
 30
0.0
 10
29.95139801488857
 20
11.49520200067198
 30
0.0
 10
29.95139801488857
 20
11.49520200067198
 30
0.0
 10
29.95139801488857
 20
11.49520200067198
 30
0.0
 10
31.00764801488858
 20
11.64520200067199
 30
0.0
 10
31.00764801488858
 20
11.64520200067199
 30
0.0
 10
31.00764801488858
 20
11.64520200067199
 30
0.0
 10
31.01630728741475
 20
11.63987321757892
 30
0.0
 10
31.01630728741475
 20
11.63987321757892
 30
0.0
 10
31.01630728741475
 20
11.63987321757892
 30
0.0
 10
30.74316501591076
 20
12.00343499964978
 30
0.0
 10
30.74316501591076
 20
12.00343499964978
 30
0.0
 10
30.74316501591076
 20
12.00343499964978
 30
0.0
 10
31.1067267979816
 20
11.73029272814577
 30
0.0
 10
31.1067267979816
 20
11.73029272814577
 30
0.0
 10
31.1067267979816
 20
11.73029272814577
 30
0.0
 10
31.10139801488854
 20
11.73895200067199
 30
0.0
 10
31.10139801488854
 20
11.73895200067199
 30
0.0
 10
31.10139801488854
 20
11.73895200067199
 30
0.0
 10
31.1691375650294
 20
12.21595133291376
 30
0.0
 10
31.1691375650294
 20
12.21595133291376
 30
0.0
  0
SPLINE
  5
B0
330
1F
100
AcDbEntity
  8
0
  6
Continuous
 62
    18
420
        0
370
     9
100
AcDbSpline
210
0.0
220
0.0
230
1.0
 70
    11
 71
     3
 72
    17
 73
    13
 74
     0
 42
0.000000001
 43
0.0
 40
0.0
 40
0.0
 40
0.0
 40
0.0
 40
1.0
 40
1.0
 40
1.0
 40
2.0
 40
2.0
 40
2.0
 40
3.0
 40
3.0
 40
3.0
 40
4.0
 40
4.0
 40
4.0
 40
4.0
 10
38.05709344827946
 20
45.06524442837369
 30
0.0
 10
38.14232929110267
 20
45.06524442837369
 30
0.0
 10
38.21152998115215
 20
44.99803168204781
 30
0.0
 10
38.21152998115215
 20
44.91524442837365
 30
0.0
 10
38.21152998115215
 20
44.83245717469957
 30
0.0
 10
38.14232929110267
 20
44.76524442837363
 30
0.0
 10
38.05709344827946
 20
44.76524442837363
 30
0.0
 10
37.97185760545631
 20
44.76524442837363
 30
0.0
 10
37.90265691540682
 20
44.83245717469957
 30
0.0
 10
37.90265691540682
 20
44.91524442837365
 30
0.0
 10
37.90265691540682
 20
44.99803168204781
 30
0.0
 10
37.97185760545631
 20
45.06524442837369
 30
0.0
 10
38.05709344827946
 20
45.06524442837369
 30
0.0
  0
SPLINE
  5
B1
330
1F
100
AcDbEntity
  8
0
  6
Continuous
 62
    18
420
        0
370
     9
100
AcDbSpline
210
0.0
220
0.0
230
1.0
 70
    11
 71
     3
 72
    17
 73
    13
 74
     0
 42
0.000000001
 43
0.0
 40
0.0
 40
0.0
 40
0.0
 40
0.0
 40
1.0
 40
1.0
 40
1.0
 40
2.0
 40
2.0
 40
2.0
 40
3.0
 40
3.0
 40
3.0
 40
4.0
 40
4.0
 40
4.0
 40
4.0
 10
14.56058032011
 20
31.40434520394577
 30
0.0
 10
14.65290831841961
 20
31.40434520394577
 30
0.0
 10
14.72786693890472
 20
31.3082153458285
 30
0.0
 10
14.72786693890472
 20
31.18981032022479
 30
0.0
 10
14.72786693890472
 20
31.07140529462119
 30
0.0
 10
14.65290831841961
 20
30.97527543650386
 30
0.0
 10
14.56058032011
 20
30.97527543650386
 30
0.0
 10
14.46825232180045
 20
30.97527543650386
 30
0.0
 10
14.39329370131532
 20
31.07140529462119
 30
0.0
 10
14.39329370131532
 20
31.18981032022479
 30
0.0
 10
14.39329370131532
 20
31.3082153458285
 30
0.0
 10
14.46825232180045
 20
31.40434520394577
 30
0.0
 10
14.56058032011
 20
31.40434520394577
 30
0.0
  0
SPLINE
  5
B2
330
1F
100
AcDbEntity
  8
0
  6
Continuous
 62
    18
420
        0
370
     9
100
AcDbSpline
210
0.0
220
0.0
230
1.0
 70
    11
 71
     3
 72
    17
 73
    13
 74
     0
 42
0.000000001
 43
0.0
 40
0.0
 40
0.0
 40
0.0
 40
0.0
 40
1.0
 40
1.0
 40
1.0
 40
2.0
 40
2.0
 40
2.0
 40
3.0
 40
3.0
 40
3.0
 40
4.0
 40
4.0
 40
4.0
 40
4.0
 10
11.03904606523132
 20
19.66718746443519
 30
0.0
 10
11.09848383399861
 20
19.73783879786794
 30
0.0
 10
11.22030035787123
 20
19.73331343398584
 30
0.0
 10
11.31090638309866
 20
19.65708812138766
 30
0.0
 10
11.40151240832607
 20
19.58086280878945
 30
0.0
 10
11.4268170780899
 20
19.46161760723055
 30
0.0
 10
11.36737930932262
 20
19.3909662737978
 30
0.0
 10
11.30794154055536
 20
19.32031494036508
 30
0.0
 10
11.18612501668271
 20
19.3248403042472
 30
0.0
 10
11.09551899145528
 20
19.40106561684536
 30
0.0
 10
11.00491296622787
 20
19.47729092944354
 30
0.0
 10
10.97960829646404
 20
19.59653613100247
 30
0.0
 10
11.03904606523132
 20
19.66718746443519
 30
0.0
  0
SPLINE
  5
B3
330
1F
100
AcDbEntity
  8
0
  6
Continuous
 62
    18
420
        0
370
     9
100
AcDbSpline
210
0.0
220
0.0
230
1.0
 70
    11
 71
     3
 72
    17
 73
    13
 74
     0
 42
0.000000001
 43
0.0
 40
0.0
 40
0.0
 40
0.0
 40
0.0
 40
1.0
 40
1.0
 40
1.0
 40
2.0
 40
2.0
 40
2.0
 40
3.0
 40
3.0
 40
3.0
 40
4.0
 40
4.0
 40
4.0
 40
4.0
 10
11.0093162676913
 20
21.65053091998126
 30
0.0
 10
11.06418833693534
 20
21.71575518631408
 30
0.0
 10
11.16017010766087
 20
21.72543963056174
 30
0.0
 10
11.22352066188491
 20
21.67214388354185
 30
0.0
 10
11.286871216109
 20
21.61884813652199
 30
0.0
 10
11.29375467020242
 20
21.52262492294159
 30
0.0
 10
11.23888260095838
 20
21.45740065660877
 30
0.0
 10
11.18401053171434
 20
21.39217639027595
 30
0.0
 10
11.0880287609888
 20
21.3824919460283
 30
0.0
 10
11.02467820676477
 20
21.43578769304816
 30
0.0
 10
10.96132765254068
 20
21.48908344006804
 30
0.0
 10
10.95444419844726
 20
21.58530665364842
 30
0.0
 10
11.0093162676913
 20
21.65053091998126
 30
0.0
  0
SPLINE
  5
B4
330
1F
100
AcDbEntity
  8
0
  6
Continuous
 62
    18
420
        0
370
     9
100
AcDbSpline
210
0.0
220
0.0
230
1.0
 70
    11
 71
     3
 72
    17
 73
    13
 74
     0
 42
0.000000001
 43
0.0
 40
0.0
 40
0.0
 40
0.0
 40
0.0
 40
1.0
 40
1.0
 40
1.0
 40
2.0
 40
2.0
 40
2.0
 40
3.0
 40
3.0
 40
3.0
 40
4.0
 40
4.0
 40
4.0
 40
4.0
 10
17.12999504200204
 20
18.02184926159083
 30
0.0
 10
17.26848703946643
 20
18.02184926159083
 30
0.0
 10
17.38092497019407
 20
17.85925768207312
 30
0.0
 10
17.38092497019407
 20
17.65899045487882
 30
0.0
 10
17.38092497019407
 20
17.45872322768454
 30
0.0
 10
17.26848703946643
 20
17.29613164816686
 30
0.0
 10
17.12999504200204
 20
17.29613164816686
 30
0.0
 10
16.99150304453768
 20
17.29613164816686
 30
0.0
 10
16.87906511381001
 20
17.45872322768454
 30
0.0
 10
16.87906511381001
 20
17.65899045487882
 30
0.0
 10
16.87906511381001
 20
17.85925768207312
 30
0.0
 10
16.99150304453768
 20
18.02184926159083
 30
0.0
 10
17.12999504200204
 20
18.02184926159083
 30
0.0
  0
SPLINE
  5
B5
330
1F
100
AcDbEntity
  8
0
  6
Continuous
 62
    18
420
        0
370
     9
100
AcDbSpline
210
0.0
220
0.0
230
1.0
 70
    11
 71
     3
 72
    17
 73
    13
 74
     0
 42
0.000000001
 43
0.0
 40
0.0
 40
0.0
 40
0.0
 40
0.0
 40
1.0
 40
1.0
 40
1.0
 40
2.0
 40
2.0
 40
2.0
 40
3.0
 40
3.0
 40
3.0
 40
4.0
 40
4.0
 40
4.0
 40
4.0
 10
27.05877054726456
 20
1.820683691486181
 30
0.0
 10
27.1136426165086
 20
1.885907957818972
 30
0.0
 10
27.20962438723414
 20
1.895592402066654
 30
0.0
 10
27.27297494145819
 20
1.842296655046766
 30
0.0
 10
27.33632549568226
 20
1.789000908026878
 30
0.0
 10
27.34320894977568
 20
1.692777694446505
 30
0.0
 10
27.28833688053164
 20
1.627553428113657
 30
0.0
 10
27.2334648112876
 20
1.562329161780838
 30
0.0
 10
27.13748304056206
 20
1.552644717533184
 30
0.0
 10
27.07413248633803
 20
1.605940464553044
 30
0.0
 10
27.01078193211397
 20
1.65923621157296
 30
0.0
 10
27.00389847802052
 20
1.755459425153333
 30
0.0
 10
27.05877054726456
 20
1.820683691486181
 30
0.0
  0
SPLINE
  5
B6
330
1F
100
AcDbEntity
  8
0
  6
Continuous
 62
    18
420
        0
370
     9
100
AcDbSpline
210
0.0
220
0.0
230
1.0
 70
    11
 71
     3
 72
    17
 73
    13
 74
     0
 42
0.000000001
 43
0.0
 40
0.0
 40
0.0
 40
0.0
 40
0.0
 40
1.0
 40
1.0
 40
1.0
 40
2.0
 40
2.0
 40
2.0
 40
3.0
 40
3.0
 40
3.0
 40
4.0
 40
4.0
 40
4.0
 40
4.0
 10
40.95139801488857
 20
15.29385619226295
 30
0.0
 10
41.07925177912335
 20
15.29385619226295
 30
0.0
 10
41.18305281419759
 20
15.18017427487661
 30
0.0
 10
41.18305281419759
 20
15.04015003472446
 30
0.0
 10
41.18305281419759
 20
14.90012579457238
 30
0.0
 10
41.07925177912335
 20
14.78644387718603
 30
0.0
 10
40.95139801488857
 20
14.78644387718603
 30
0.0
 10
40.8235442506538
 20
14.78644387718603
 30
0.0
 10
40.71974321557957
 20
14.90012579457238
 30
0.0
 10
40.71974321557957
 20
15.04015003472446
 30
0.0
 10
40.71974321557957
 20
15.18017427487661
 30
0.0
 10
40.8235442506538
 20
15.29385619226295
 30
0.0
 10
40.95139801488857
 20
15.29385619226295
 30
0.0
  0
SPLINE
  5
B7
330
1F
100
AcDbEntity
  8
0
  6
Continuous
 62
    18
420
        0
370
     9
100
AcDbSpline
210
0.0
220
0.0
230
1.0
 70
    11
 71
     3
 72
    17
 73
    13
 74
     0
 42
0.000000001
 43
0.0
 40
0.0
 40
0.0
 40
0.0
 40
0.0
 40
1.0
 40
1.0
 40
1.0
 40
2.0
 40
2.0
 40
2.0
 40
3.0
 40
3.0
 40
3.0
 40
4.0
 40
4.0
 40
4.0
 40
4.0
 10
24.13431171471587
 20
19.1616491767216
 30
0.0
 10
24.26216547895063
 20
19.1616491767216
 30
0.0
 10
24.36596651402487
 20
19.04796725933522
 30
0.0
 10
24.36596651402487
 20
18.90794301918314
 30
0.0
 10
24.36596651402487
 20
18.76791877903102
 30
0.0
 10
24.26216547895063
 20
18.65423686164468
 30
0.0
 10
24.13431171471587
 20
18.65423686164468
 30
0.0
 10
24.00645795048108
 20
18.65423686164468
 30
0.0
 10
23.90265691540687
 20
18.76791877903102
 30
0.0
 10
23.90265691540687
 20
18.90794301918314
 30
0.0
 10
23.90265691540687
 20
19.04796725933522
 30
0.0
 10
24.00645795048108
 20
19.1616491767216
 30
0.0
 10
24.13431171471587
 20
19.1616491767216
 30
0.0
  0
SPLINE
  5
B8
330
1F
100
AcDbEntity
  8
0
  6
Continuous
 62
    18
420
        0
370
     9
100
AcDbSpline
210
0.0
220
0.0
230
1.0
 70
    11
 71
     3
 72
    17
 73
    13
 74
     0
 42
0.000000001
 43
0.0
 40
0.0
 40
0.0
 40
0.0
 40
0.0
 40
1.0
 40
1.0
 40
1.0
 40
2.0
 40
2.0
 40
2.0
 40
3.0
 40
3.0
 40
3.0
 40
4.0
 40
4.0
 40
4.0
 40
4.0
 10
31.1627888816704
 20
9.308426806495163
 30
0.0
 10
31.2480247244936
 20
9.308426806495163
 30
0.0
 10
31.31722541454305
 20
9.241214060169284
 30
0.0
 10
31.31722541454305
 20
9.158426806495129
 30
0.0
 10
31.31722541454305
 20
9.075639552821059
 30
0.0
 10
31.2480247244936
 20
9.00842680649518
 30
0.0
 10
31.1627888816704
 20
9.00842680649518
 30
0.0
 10
31.07755303884721
 20
9.00842680649518
 30
0.0
 10
31.00835234879772
 20
9.075639552821059
 30
0.0
 10
31.00835234879772
 20
9.158426806495129
 30
0.0
 10
31.00835234879772
 20
9.241214060169284
 30
0.0
 10
31.07755303884721
 20
9.308426806495163
 30
0.0
 10
31.1627888816704
 20
9.308426806495163
 30
0.0
  0
SPLINE
  5
B9
330
1F
100
AcDbEntity
  8
0
  6
Continuous
 62
    18
420
        0
370
     9
100
AcDbSpline
210
0.0
220
0.0
230
1.0
 70
    11
 71
     3
 72
    17
 73
    13
 74
     0
 42
0.000000001
 43
0.0
 40
0.0
 40
0.0
 40
0.0
 40
0.0
 40
1.0
 40
1.0
 40
1.0
 40
2.0
 40
2.0
 40
2.0
 40
3.0
 40
3.0
 40
3.0
 40
4.0
 40
4.0
 40
4.0
 40
4.0
 10
32.5855706152341
 20
14.0029573067734
 30
0.0
 10
32.71342437946885
 20
14.0029573067734
 30
0.0
 10
32.8172254145431
 20
13.88927538938705
 30
0.0
 10
32.8172254145431
 20
13.74925114923494
 30
0.0
 10
32.8172254145431
 20
13.60922690908279
 30
0.0
 10
32.71342437946885
 20
13.49554499169651
 30
0.0
 10
32.5855706152341
 20
13.49554499169651
 30
0.0
 10
32.4577168509993
 20
13.49554499169651
 30
0.0
 10
32.3539158159251
 20
13.60922690908279
 30
0.0
 10
32.3539158159251
 20
13.74925114923494
 30
0.0
 10
32.3539158159251
 20
13.88927538938705
 30
0.0
 10
32.4577168509993
 20
14.0029573067734
 30
0.0
 10
32.5855706152341
 20
14.0029573067734
 30
0.0
  0
SPLINE
  5
BA
330
1F
100
AcDbEntity
  8
0
  6
Continuous
 62
    18
420
        0
370
     9
100
AcDbSpline
210
0.0
220
0.0
230
1.0
 70
    11
 71
     3
 72
    17
 73
    13
 74
     0
 42
0.000000001
 43
0.0
 40
0.0
 40
0.0
 40
0.0
 40
0.0
 40
1.0
 40
1.0
 40
1.0
 40
2.0
 40
2.0
 40
2.0
 40
3.0
 40
3.0
 40
3.0
 40
4.0
 40
4.0
 40
4.0
 40
4.0
 10
27.60994116497497
 20
10.83163033754303
 30
0.0
 10
27.73779492920976
 20
10.83163033754303
 30
0.0
 10
27.841595964284
 20
10.71794842015666
 30
0.0
 10
27.841595964284
 20
10.57792418000457
 30
0.0
 10
27.841595964284
 20
10.43789993985246
 30
0.0
 10
27.73779492920976
 20
10.32421802246611
 30
0.0
 10
27.60994116497497
 20
10.32421802246611
 30
0.0
 10
27.48208740074018
 20
10.32421802246611
 30
0.0
 10
27.378286365666
 20
10.43789993985246
 30
0.0
 10
27.378286365666
 20
10.57792418000457
 30
0.0
 10
27.378286365666
 20
10.71794842015666
 30
0.0
 10
27.48208740074018
 20
10.83163033754303
 30
0.0
 10
27.60994116497497
 20
10.83163033754303
 30
0.0
  0
SPLINE
  5
BB
330
1F
100
AcDbEntity
  8
0
  6
Continuous
 62
    18
420
        0
370
     9
100
AcDbSpline
210
0.0
220
0.0
230
1.0
 70
    11
 71
     3
 72
    17
 73
    13
 74
     0
 42
0.000000001
 43
0.0
 40
0.0
 40
0.0
 40
0.0
 40
0.0
 40
1.0
 40
1.0
 40
1.0
 40
2.0
 40
2.0
 40
2.0
 40
3.0
 40
3.0
 40
3.0
 40
4.0
 40
4.0
 40
4.0
 40
4.0
 10
41.25251706330415
 20
12.0042837982584
 30
0.0
 10
41.39100906076854
 20
12.0042837982584
 30
0.0
 10
41.50344699149618
 20
11.84169221874075
 30
0.0
 10
41.50344699149618
 20
11.64142499154644
 30
0.0
 10
41.50344699149618
 20
11.44115776435214
 30
0.0
 10
41.39100906076854
 20
11.27856618483446
 30
0.0
 10
41.25251706330415
 20
11.27856618483446
 30
0.0
 10
41.11402506583978
 20
11.27856618483446
 30
0.0
 10
41.00158713511212
 20
11.44115776435214
 30
0.0
 10
41.00158713511212
 20
11.64142499154644
 30
0.0
 10
41.00158713511212
 20
11.84169221874075
 30
0.0
 10
41.11402506583978
 20
12.0042837982584
 30
0.0
 10
41.25251706330415
 20
12.0042837982584
 30
0.0
  0
SPLINE
  5
BC
330
1F
100
AcDbEntity
  8
0
  6
Continuous
 62
    18
420
        0
370
     9
100
AcDbSpline
210
0.0
220
0.0
230
1.0
 70
    11
 71
     3
 72
    17
 73
    13
 74
     0
 42
0.000000001
 43
0.0
 40
0.0
 40
0.0
 40
0.0
 40
0.0
 40
1.0
 40
1.0
 40
1.0
 40
2.0
 40
2.0
 40
2.0
 40
3.0
 40
3.0
 40
3.0
 40
4.0
 40
4.0
 40
4.0
 40
4.0
 10
39.4513980148886
 20
17.89311838902941
 30
0.0
 10
39.57925177912337
 20
17.89311838902941
 30
0.0
 10
39.68305281419759
 20
17.77943647164307
 30
0.0
 10
39.68305281419759
 20
17.63941223149095
 30
0.0
 10
39.68305281419759
 20
17.49938799133886
 30
0.0
 10
39.57925177912337
 20
17.38570607395252
 30
0.0
 10
39.4513980148886
 20
17.38570607395252
 30
0.0
 10
39.32354425065382
 20
17.38570607395252
 30
0.0
 10
39.21974321557959
 20
17.49938799133886
 30
0.0
 10
39.21974321557959
 20
17.63941223149095
 30
0.0
 10
39.21974321557959
 20
17.77943647164307
 30
0.0
 10
39.32354425065382
 20
17.89311838902941
 30
0.0
 10
39.4513980148886
 20
17.89311838902941
 30
0.0
  0
SPLINE
  5
BD
330
1F
100
AcDbEntity
  8
0
  6
Continuous
 62
    18
420
        0
370
     9
100
AcDbSpline
210
0.0
220
0.0
230
1.0
 70
    11
 71
     3
 72
    17
 73
    13
 74
     0
 42
0.000000001
 43
0.0
 40
0.0
 40
0.0
 40
0.0
 40
0.0
 40
1.0
 40
1.0
 40
1.0
 40
2.0
 40
2.0
 40
2.0
 40
3.0
 40
3.0
 40
3.0
 40
4.0
 40
4.0
 40
4.0
 40
4.0
 10
27.84570258149765
 20
7.433426806495191
 30
0.0
 10
27.93093842432085
 20
7.433426806495191
 30
0.0
 10
28.00013911437033
 20
7.366214060169312
 30
0.0
 10
28.00013911437033
 20
7.283426806495186
 30
0.0
 10
28.00013911437033
 20
7.200639552821116
 30
0.0
 10
27.93093842432085
 20
7.133426806495152
 30
0.0
 10
27.84570258149765
 20
7.133426806495152
 30
0.0
 10
27.76046673867449
 20
7.133426806495152
 30
0.0
 10
27.691266048625
 20
7.200639552821116
 30
0.0
 10
27.691266048625
 20
7.283426806495186
 30
0.0
 10
27.691266048625
 20
7.366214060169312
 30
0.0
 10
27.76046673867449
 20
7.433426806495191
 30
0.0
 10
27.84570258149765
 20
7.433426806495191
 30
0.0
  0
SPLINE
  5
BE
330
1F
100
AcDbEntity
  8
0
  6
Continuous
 62
    18
420
        0
370
     9
100
AcDbSpline
210
0.0
220
0.0
230
1.0
 70
    11
 71
     3
 72
    17
 73
    13
 74
     0
 42
0.000000001
 43
0.0
 40
0.0
 40
0.0
 40
0.0
 40
0.0
 40
1.0
 40
1.0
 40
1.0
 40
2.0
 40
2.0
 40
2.0
 40
3.0
 40
3.0
 40
3.0
 40
4.0
 40
4.0
 40
4.0
 40
4.0
 10
16.36517147272079
 20
14.72572484859799
 30
0.0
 10
16.50366347018515
 20
14.72572484859799
 30
0.0
 10
16.61610140091279
 20
14.56313326908028
 30
0.0
 10
16.61610140091279
 20
14.36286604188598
 30
0.0
 10
16.61610140091279
 20
14.16259881469171
 30
0.0
 10
16.50366347018515
 20
14.00000723517402
 30
0.0
 10
16.36517147272079
 20
14.00000723517402
 30
0.0
 10
16.22667947525642
 20
14.00000723517402
 30
0.0
 10
16.11424154452873
 20
14.16259881469171
 30
0.0
 10
16.11424154452873
 20
14.36286604188598
 30
0.0
 10
16.11424154452873
 20
14.56313326908028
 30
0.0
 10
16.22667947525642
 20
14.72572484859799
 30
0.0
 10
16.36517147272079
 20
14.72572484859799
 30
0.0
  0
SPLINE
  5
BF
330
1F
100
AcDbEntity
  8
0
  6
Continuous
 62
    18
420
        0
370
     9
100
AcDbSpline
210
0.0
220
0.0
230
1.0
 70
    11
 71
     3
 72
    17
 73
    13
 74
     0
 42
0.000000001
 43
0.0
 40
0.0
 40
0.0
 40
0.0
 40
0.0
 40
1.0
 40
1.0
 40
1.0
 40
2.0
 40
2.0
 40
2.0
 40
3.0
 40
3.0
 40
3.0
 40
4.0
 40
4.0
 40
4.0
 40
4.0
 10
24.66095333624859
 20
52.20039545369664
 30
0.0
 10
24.79944533371295
 20
52.20039545369664
 30
0.0
 10
24.91188326444061
 20
52.03780387417893
 30
0.0
 10
24.91188326444061
 20
51.83753664698466
 30
0.0
 10
24.91188326444061
 20
51.63726941979034
 30
0.0
 10
24.79944533371295
 20
51.47467784027265
 30
0.0
 10
24.66095333624859
 20
51.47467784027265
 30
0.0
 10
24.52246133878419
 20
51.47467784027265
 30
0.0
 10
24.41002340805656
 20
51.63726941979034
 30
0.0
 10
24.41002340805656
 20
51.83753664698466
 30
0.0
 10
24.41002340805656
 20
52.03780387417893
 30
0.0
 10
24.52246133878419
 20
52.20039545369664
 30
0.0
 10
24.66095333624859
 20
52.20039545369664
 30
0.0
  0
SPLINE
  5
C0
330
1F
100
AcDbEntity
  8
0
  6
Continuous
 62
    18
420
        0
370
     9
100
AcDbSpline
210
0.0
220
0.0
230
1.0
 70
    11
 71
     3
 72
    17
 73
    13
 74
     0
 42
0.000000001
 43
0.0
 40
0.0
 40
0.0
 40
0.0
 40
0.0
 40
1.0
 40
1.0
 40
1.0
 40
2.0
 40
2.0
 40
2.0
 40
3.0
 40
3.0
 40
3.0
 40
4.0
 40
4.0
 40
4.0
 40
4.0
 10
32.95673519977636
 20
12.91143081503827
 30
0.0
 10
33.09522719724072
 20
12.91143081503827
 30
0.0
 10
33.20766512796839
 20
12.74883923552056
 30
0.0
 10
33.20766512796839
 20
12.54857200832629
 30
0.0
 10
33.20766512796839
 20
12.34830478113199
 30
0.0
 10
33.09522719724072
 20
12.18571320161431
 30
0.0
 10
32.95673519977636
 20
12.18571320161431
 30
0.0
 10
32.81824320231199
 20
12.18571320161431
 30
0.0
 10
32.70580527158432
 20
12.34830478113199
 30
0.0
 10
32.70580527158432
 20
12.54857200832629
 30
0.0
 10
32.70580527158432
 20
12.74883923552056
 30
0.0
 10
32.81824320231199
 20
12.91143081503827
 30
0.0
 10
32.95673519977636
 20
12.91143081503827
 30
0.0
  0
SPLINE
  5
C1
330
1F
100
AcDbEntity
  8
0
  6
Continuous
 62
    18
420
        0
370
     9
100
AcDbSpline
210
0.0
220
0.0
230
1.0
 70
    11
 71
     3
 72
    17
 73
    13
 74
     0
 42
0.000000001
 43
0.0
 40
0.0
 40
0.0
 40
0.0
 40
0.0
 40
1.0
 40
1.0
 40
1.0
 40
2.0
 40
2.0
 40
2.0
 40
3.0
 40
3.0
 40
3.0
 40
4.0
 40
4.0
 40
4.0
 40
4.0
 10
32.45234984220082
 20
5.262151911248679
 30
0.0
 10
32.50722191144486
 20
5.327376177581442
 30
0.0
 10
32.6032036821704
 20
5.337060621829124
 30
0.0
 10
32.66655423639446
 20
5.283764874809265
 30
0.0
 10
32.72990479061848
 20
5.230469127789348
 30
0.0
 10
32.73678824471196
 20
5.134245914208975
 30
0.0
 10
32.68191617546788
 20
5.069021647876127
 30
0.0
 10
32.62704410622387
 20
5.003797381543336
 30
0.0
 10
32.53106233549833
 20
4.994112937295682
 30
0.0
 10
32.46771178127429
 20
5.047408684315513
 30
0.0
 10
32.40436122705021
 20
5.10070443133543
 30
0.0
 10
32.39747777295675
 20
5.196927644915803
 30
0.0
 10
32.45234984220082
 20
5.262151911248679
 30
0.0
  0
SPLINE
  5
C2
330
1F
100
AcDbEntity
  8
0
  6
Continuous
 62
    18
420
        0
370
     9
100
AcDbSpline
210
0.0
220
0.0
230
1.0
 70
    11
 71
     3
 72
    17
 73
    13
 74
     0
 42
0.000000001
 43
0.0
 40
0.0
 40
0.0
 40
0.0
 40
0.0
 40
1.0
 40
1.0
 40
1.0
 40
2.0
 40
2.0
 40
2.0
 40
3.0
 40
3.0
 40
3.0
 40
4.0
 40
4.0
 40
4.0
 40
4.0
 10
30.63260947634947
 20
5.486256793677143
 30
0.0
 10
30.68748154559353
 20
5.551481060009962
 30
0.0
 10
30.78346331631904
 20
5.561165504257616
 30
0.0
 10
30.8468138705431
 20
5.507869757237728
 30
0.0
 10
30.91016442476713
 20
5.454574010217897
 30
0.0
 10
30.91704787886059
 20
5.358350796637467
 30
0.0
 10
30.86217580961658
 20
5.293126530304647
 30
0.0
 10
30.80730374037251
 20
5.227902263971799
 30
0.0
 10
30.71132196964697
 20
5.218217819724174
 30
0.0
 10
30.64797141542291
 20
5.271513566744034
 30
0.0
 10
30.58462086119888
 20
5.324809313763922
 30
0.0
 10
30.57773740710542
 20
5.421032527344352
 30
0.0
 10
30.63260947634947
 20
5.486256793677143
 30
0.0
  0
SPLINE
  5
C3
330
1F
100
AcDbEntity
  8
0
  6
Continuous
 62
    18
420
        0
370
     9
100
AcDbSpline
210
0.0
220
0.0
230
1.0
 70
    11
 71
     3
 72
    17
 73
    13
 74
     0
 42
0.000000001
 43
0.0
 40
0.0
 40
0.0
 40
0.0
 40
0.0
 40
1.0
 40
1.0
 40
1.0
 40
2.0
 40
2.0
 40
2.0
 40
3.0
 40
3.0
 40
3.0
 40
4.0
 40
4.0
 40
4.0
 40
4.0
 10
30.60994116497496
 20
19.73371394918553
 30
0.0
 10
30.73779492920975
 20
19.73371394918553
 30
0.0
 10
30.84159596428396
 20
19.62003203179918
 30
0.0
 10
30.84159596428396
 20
19.48000779164707
 30
0.0
 10
30.84159596428396
 20
19.33998355149492
 30
0.0
 10
30.73779492920975
 20
19.22630163410858
 30
0.0
 10
30.60994116497496
 20
19.22630163410858
 30
0.0
 10
30.48208740074018
 20
19.22630163410858
 30
0.0
 10
30.37828636566599
 20
19.33998355149492
 30
0.0
 10
30.37828636566599
 20
19.48000779164707
 30
0.0
 10
30.37828636566599
 20
19.62003203179918
 30
0.0
 10
30.48208740074018
 20
19.73371394918553
 30
0.0
 10
30.60994116497496
 20
19.73371394918553
 30
0.0
  0
SPLINE
  5
C4
330
1F
100
AcDbEntity
  8
0
  6
Continuous
 62
    18
420
        0
370
     9
100
AcDbSpline
210
0.0
220
0.0
230
1.0
 70
    11
 71
     3
 72
    17
 73
    13
 74
     0
 42
0.000000001
 43
0.0
 40
0.0
 40
0.0
 40
0.0
 40
0.0
 40
1.0
 40
1.0
 40
1.0
 40
2.0
 40
2.0
 40
2.0
 40
3.0
 40
3.0
 40
3.0
 40
4.0
 40
4.0
 40
4.0
 40
4.0
 10
28.87851091311586
 20
1.596578809057632
 30
0.0
 10
28.93338298235993
 20
1.661803075390509
 30
0.0
 10
29.02936475308544
 20
1.671487519638163
 30
0.0
 10
29.09271530730953
 20
1.618191772618246
 30
0.0
 10
29.15606586153359
 20
1.564896025598387
 30
0.0
 10
29.16294931562701
 20
1.468672812017985
 30
0.0
 10
29.10807724638297
 20
1.403448545685194
 30
0.0
 10
29.05320517713893
 20
1.338224279352346
 30
0.0
 10
28.95722340641339
 20
1.328539835104692
 30
0.0
 10
28.89387285218936
 20
1.38183558212458
 30
0.0
 10
28.8305222979653
 20
1.43513132914444
 30
0.0
 10
28.82363884387185
 20
1.53135454272487
 30
0.0
 10
28.87851091311586
 20
1.596578809057632
 30
0.0
  0
SPLINE
  5
C5
330
1F
100
AcDbEntity
  8
0
  6
Continuous
 62
    18
420
        0
370
     9
100
AcDbSpline
210
0.0
220
0.0
230
1.0
 70
    11
 71
     3
 72
    17
 73
    13
 74
     0
 42
0.000000001
 43
0.0
 40
0.0
 40
0.0
 40
0.0
 40
0.0
 40
1.0
 40
1.0
 40
1.0
 40
2.0
 40
2.0
 40
2.0
 40
3.0
 40
3.0
 40
3.0
 40
4.0
 40
4.0
 40
4.0
 40
4.0
 10
29.57915383280183
 20
5.341947418672419
 30
0.0
 10
29.63402590204584
 20
5.40717168500521
 30
0.0
 10
29.7300076727714
 20
5.416856129252892
 30
0.0
 10
29.79335822699544
 20
5.363560382233004
 30
0.0
 10
29.85670878121947
 20
5.310264635213201
 30
0.0
 10
29.86359223531295
 20
5.214041421632743
 30
0.0
 10
29.80872016606888
 20
5.148817155299952
 30
0.0
 10
29.75384809682484
 20
5.083592888967104
 30
0.0
 10
29.65786632609931
 20
5.07390844471945
 30
0.0
 10
29.59451577187527
 20
5.127204191739338
 30
0.0
 10
29.53116521765119
 20
5.180499938759198
 30
0.0
 10
29.52428176355776
 20
5.276723152339628
 30
0.0
 10
29.57915383280183
 20
5.341947418672419
 30
0.0
  0
SPLINE
  5
C6
330
1F
100
AcDbEntity
  8
0
  6
Continuous
 62
    18
420
        0
370
     9
100
AcDbSpline
210
0.0
220
0.0
230
1.0
 70
    11
 71
     3
 72
    17
 73
    13
 74
     0
 42
0.000000001
 43
0.0
 40
0.0
 40
0.0
 40
0.0
 40
0.0
 40
1.0
 40
1.0
 40
1.0
 40
2.0
 40
2.0
 40
2.0
 40
3.0
 40
3.0
 40
3.0
 40
4.0
 40
4.0
 40
4.0
 40
4.0
 10
46.61450519276881
 20
15.08550429586563
 30
0.0
 10
46.66937726201289
 20
15.15072856219845
 30
0.0
 10
46.76535903273839
 20
15.16041300644613
 30
0.0
 10
46.82870958696248
 20
15.10711725942622
 30
0.0
 10
46.89206014118653
 20
15.05382151240636
 30
0.0
 10
46.89894359527995
 20
14.95759829882596
 30
0.0
 10
46.84407152603593
 20
14.89237403249314
 30
0.0
 10
46.78919945679188
 20
14.82714976616029
 30
0.0
 10
46.69321768606635
 20
14.81746532191269
 30
0.0
 10
46.62986713184231
 20
14.87076106893252
 30
0.0
 10
46.56651657761825
 20
14.92405681595244
 30
0.0
 10
46.5596331235248
 20
15.02028002953281
 30
0.0
 10
46.61450519276881
 20
15.08550429586563
 30
0.0
  0
SPLINE
  5
C7
330
1F
100
AcDbEntity
  8
0
  6
Continuous
 62
    18
420
        0
370
     9
100
AcDbSpline
210
0.0
220
0.0
230
1.0
 70
    11
 71
     3
 72
    17
 73
    13
 74
     0
 42
0.000000001
 43
0.0
 40
0.0
 40
0.0
 40
0.0
 40
0.0
 40
1.0
 40
1.0
 40
1.0
 40
2.0
 40
2.0
 40
2.0
 40
3.0
 40
3.0
 40
3.0
 40
4.0
 40
4.0
 40
4.0
 40
4.0
 10
25.51962799753728
 20
7.347595778788389
 30
0.0
 10
25.65811999500168
 20
7.347595778788389
 30
0.0
 10
25.77055792572931
 20
7.185004199270708
 30
0.0
 10
25.77055792572931
 20
6.984736972076405
 30
0.0
 10
25.77055792572931
 20
6.784469744882102
 30
0.0
 10
25.65811999500168
 20
6.62187816536445
 30
0.0
 10
25.51962799753728
 20
6.62187816536445
 30
0.0
 10
25.38113600007292
 20
6.62187816536445
 30
0.0
 10
25.26869806934526
 20
6.784469744882102
 30
0.0
 10
25.26869806934526
 20
6.984736972076405
 30
0.0
 10
25.26869806934526
 20
7.185004199270708
 30
0.0
 10
25.38113600007292
 20
7.347595778788389
 30
0.0
 10
25.51962799753728
 20
7.347595778788389
 30
0.0
  0
SPLINE
  5
C8
330
1F
100
AcDbEntity
  8
0
  6
Continuous
 62
    18
420
        0
370
     9
100
AcDbSpline
210
0.0
220
0.0
230
1.0
 70
    11
 71
     3
 72
    17
 73
    13
 74
     0
 42
0.000000001
 43
0.0
 40
0.0
 40
0.0
 40
0.0
 40
0.0
 40
1.0
 40
1.0
 40
1.0
 40
2.0
 40
2.0
 40
2.0
 40
3.0
 40
3.0
 40
3.0
 40
4.0
 40
4.0
 40
4.0
 40
4.0
 10
16.63431171471584
 20
9.720202000672032
 30
0.0
 10
16.71954755753903
 20
9.720202000672032
 30
0.0
 10
16.78874824758849
 20
9.652989254346068
 30
0.0
 10
16.78874824758849
 20
9.570202000671998
 30
0.0
 10
16.78874824758849
 20
9.487414746997871
 30
0.0
 10
16.71954755753903
 20
9.420202000671964
 30
0.0
 10
16.63431171471584
 20
9.420202000671964
 30
0.0
 10
16.54907587189265
 20
9.420202000671964
 30
0.0
 10
16.47987518184319
 20
9.487414746997871
 30
0.0
 10
16.47987518184319
 20
9.570202000671998
 30
0.0
 10
16.47987518184319
 20
9.652989254346068
 30
0.0
 10
16.54907587189265
 20
9.720202000672032
 30
0.0
 10
16.63431171471584
 20
9.720202000672032
 30
0.0
  0
SPLINE
  5
C9
330
1F
100
AcDbEntity
  8
0
  6
Continuous
 62
    18
420
        0
370
     9
100
AcDbSpline
210
0.0
220
0.0
230
1.0
 70
    11
 71
     3
 72
    17
 73
    13
 74
     0
 42
0.000000001
 43
0.0
 40
0.0
 40
0.0
 40
0.0
 40
0.0
 40
1.0
 40
1.0
 40
1.0
 40
2.0
 40
2.0
 40
2.0
 40
3.0
 40
3.0
 40
3.0
 40
4.0
 40
4.0
 40
4.0
 40
4.0
 10
20.95139801488857
 20
10.05842680649519
 30
0.0
 10
21.03663385771174
 20
10.05842680649519
 30
0.0
 10
21.10583454776125
 20
9.991214060169284
 30
0.0
 10
21.10583454776125
 20
9.908426806495186
 30
0.0
 10
21.10583454776125
 20
9.825639552821059
 30
0.0
 10
21.03663385771174
 20
9.75842680649518
 30
0.0
 10
20.95139801488857
 20
9.75842680649518
 30
0.0
 10
20.86616217206538
 20
9.75842680649518
 30
0.0
 10
20.7969614820159
 20
9.825639552821059
 30
0.0
 10
20.7969614820159
 20
9.908426806495186
 30
0.0
 10
20.7969614820159
 20
9.991214060169284
 30
0.0
 10
20.86616217206538
 20
10.05842680649519
 30
0.0
 10
20.95139801488857
 20
10.05842680649519
 30
0.0
  0
SPLINE
  5
CA
330
1F
100
AcDbEntity
  8
0
  6
Continuous
 62
    18
420
        0
370
     9
100
AcDbSpline
210
0.0
220
0.0
230
1.0
 70
    11
 71
     3
 72
    17
 73
    13
 74
     0
 42
0.000000001
 43
0.0
 40
0.0
 40
0.0
 40
0.0
 40
0.0
 40
1.0
 40
1.0
 40
1.0
 40
2.0
 40
2.0
 40
2.0
 40
3.0
 40
3.0
 40
3.0
 40
4.0
 40
4.0
 40
4.0
 40
4.0
 10
32.47987518184316
 20
5.920202000671935
 30
0.0
 10
32.56511102466634
 20
5.920202000671935
 30
0.0
 10
32.63431171471582
 20
5.852989254346028
 30
0.0
 10
32.63431171471582
 20
5.770202000671929
 30
0.0
 10
32.63431171471582
 20
5.68741474699786
 30
0.0
 10
32.56511102466634
 20
5.620202000671924
 30
0.0
 10
32.47987518184316
 20
5.620202000671924
 30
0.0
 10
32.39463933901997
 20
5.620202000671924
 30
0.0
 10
32.32543864897049
 20
5.68741474699786
 30
0.0
 10
32.32543864897049
 20
5.770202000671929
 30
0.0
 10
32.32543864897049
 20
5.852989254346028
 30
0.0
 10
32.39463933901997
 20
5.920202000671935
 30
0.0
 10
32.47987518184316
 20
5.920202000671935
 30
0.0
  0
SPLINE
  5
CB
330
1F
100
AcDbEntity
  8
0
  6
Continuous
 62
    18
420
        0
370
     9
100
AcDbSpline
210
0.0
220
0.0
230
1.0
 70
    11
 71
     3
 72
    17
 73
    13
 74
     0
 42
0.000000001
 43
0.0
 40
0.0
 40
0.0
 40
0.0
 40
0.0
 40
1.0
 40
1.0
 40
1.0
 40
2.0
 40
2.0
 40
2.0
 40
3.0
 40
3.0
 40
3.0
 40
4.0
 40
4.0
 40
4.0
 40
4.0
 10
30.60994116497496
 20
58.115531571064
 30
0.0
 10
30.73779492920975
 20
58.115531571064
 30
0.0
 10
30.84159596428396
 20
58.00184965367765
 30
0.0
 10
30.84159596428396
 20
57.86182541352557
 30
0.0
 10
30.84159596428396
 20
57.72180117337344
 30
0.0
 10
30.73779492920975
 20
57.60811925598709
 30
0.0
 10
30.60994116497496
 20
57.60811925598709
 30
0.0
 10
30.48208740074018
 20
57.60811925598709
 30
0.0
 10
30.37828636566599
 20
57.72180117337344
 30
0.0
 10
30.37828636566599
 20
57.86182541352557
 30
0.0
 10
30.37828636566599
 20
58.00184965367765
 30
0.0
 10
30.48208740074018
 20
58.115531571064
 30
0.0
 10
30.60994116497496
 20
58.115531571064
 30
0.0
  0
SPLINE
  5
CC
330
1F
100
AcDbEntity
  8
0
  6
Continuous
 62
    18
420
        0
370
     9
100
AcDbSpline
210
0.0
220
0.0
230
1.0
 70
    11
 71
     3
 72
    17
 73
    13
 74
     0
 42
0.000000001
 43
0.0
 40
0.0
 40
0.0
 40
0.0
 40
0.0
 40
1.0
 40
1.0
 40
1.0
 40
2.0
 40
2.0
 40
2.0
 40
3.0
 40
3.0
 40
3.0
 40
4.0
 40
4.0
 40
4.0
 40
4.0
 10
31.79285486480224
 20
18.52738378287549
 30
0.0
 10
31.92070862903701
 20
18.52738378287549
 30
0.0
 10
32.02450966411121
 20
18.41370186548917
 30
0.0
 10
32.02450966411121
 20
18.27367762533706
 30
0.0
 10
32.02450966411121
 20
18.13365338518494
 30
0.0
 10
31.92070862903701
 20
18.01997146779863
 30
0.0
 10
31.79285486480224
 20
18.01997146779863
 30
0.0
 10
31.66500110056743
 20
18.01997146779863
 30
0.0
 10
31.56120006549324
 20
18.13365338518494
 30
0.0
 10
31.56120006549324
 20
18.27367762533706
 30
0.0
 10
31.56120006549324
 20
18.41370186548917
 30
0.0
 10
31.66500110056743
 20
18.52738378287549
 30
0.0
 10
31.79285486480224
 20
18.52738378287549
 30
0.0
  0
SPLINE
  5
CD
330
1F
100
AcDbEntity
  8
0
  6
Continuous
 62
    18
420
        0
370
     9
100
AcDbSpline
210
0.0
220
0.0
230
1.0
 70
    11
 71
     3
 72
    17
 73
    13
 74
     0
 42
0.000000001
 43
0.0
 40
0.0
 40
0.0
 40
0.0
 40
0.0
 40
1.0
 40
1.0
 40
1.0
 40
2.0
 40
2.0
 40
2.0
 40
3.0
 40
3.0
 40
3.0
 40
4.0
 40
4.0
 40
4.0
 40
4.0
 10
39.466827334599
 20
7.754358091483653
 30
0.0
 10
39.52169940384303
 20
7.819582357816529
 30
0.0
 10
39.61768117456858
 20
7.829266802064183
 30
0.0
 10
39.68103172879267
 20
7.775971055044295
 30
0.0
 10
39.74438228301669
 20
7.722675308024435
 30
0.0
 10
39.75126573711015
 20
7.626452094444033
 30
0.0
 10
39.6963936678661
 20
7.561227828111214
 30
0.0
 10
39.64152159862204
 20
7.496003561778394
 30
0.0
 10
39.54553982789653
 20
7.486319117530712
 30
0.0
 10
39.48218927367247
 20
7.5396148645506
 30
0.0
 10
39.4188387194484
 20
7.592910611570431
 30
0.0
 10
39.41195526535493
 20
7.689133825150861
 30
0.0
 10
39.466827334599
 20
7.754358091483653
 30
0.0
  0
SPLINE
  5
CE
330
1F
100
AcDbEntity
  8
0
  6
Continuous
 62
    18
420
        0
370
     9
100
AcDbSpline
210
0.0
220
0.0
230
1.0
 70
    11
 71
     3
 72
    17
 73
    13
 74
     0
 42
0.000000001
 43
0.0
 40
0.0
 40
0.0
 40
0.0
 40
0.0
 40
1.0
 40
1.0
 40
1.0
 40
2.0
 40
2.0
 40
2.0
 40
3.0
 40
3.0
 40
3.0
 40
4.0
 40
4.0
 40
4.0
 40
4.0
 10
34.26848431506134
 20
3.670202000671992
 30
0.0
 10
34.35372015788451
 20
3.670202000671992
 30
0.0
 10
34.42292084793399
 20
3.602989254346056
 30
0.0
 10
34.42292084793399
 20
3.520202000671958
 30
0.0
 10
34.42292084793399
 20
3.437414746997831
 30
0.0
 10
34.35372015788451
 20
3.370202000671952
 30
0.0
 10
34.26848431506134
 20
3.370202000671952
 30
0.0
 10
34.18324847223813
 20
3.370202000671952
 30
0.0
 10
34.11404778218865
 20
3.437414746997831
 30
0.0
 10
34.11404778218865
 20
3.520202000671958
 30
0.0
 10
34.11404778218865
 20
3.602989254346056
 30
0.0
 10
34.18324847223813
 20
3.670202000671992
 30
0.0
 10
34.26848431506134
 20
3.670202000671992
 30
0.0
  0
SPLINE
  5
CF
330
1F
100
AcDbEntity
  8
0
  6
Continuous
 62
    18
420
        0
370
     9
100
AcDbSpline
210
0.0
220
0.0
230
1.0
 70
    11
 71
     3
 72
    17
 73
    13
 74
     0
 42
0.000000001
 43
0.0
 40
0.0
 40
0.0
 40
0.0
 40
0.0
 40
1.0
 40
1.0
 40
1.0
 40
2.0
 40
2.0
 40
2.0
 40
3.0
 40
3.0
 40
3.0
 40
4.0
 40
4.0
 40
4.0
 40
4.0
 10
35.26848431506136
 20
10.19736494369693
 30
0.0
 10
35.39633807929614
 20
10.19736494369693
 30
0.0
 10
35.50013911437038
 20
10.08368302631058
 30
0.0
 10
35.50013911437038
 20
9.943658786158466
 30
0.0
 10
35.50013911437038
 20
9.803634546006379
 30
0.0
 10
35.39633807929614
 20
9.689952628620063
 30
0.0
 10
35.26848431506136
 20
9.689952628620063
 30
0.0
 10
35.14063055082655
 20
9.689952628620063
 30
0.0
 10
35.03682951575238
 20
9.803634546006379
 30
0.0
 10
35.03682951575238
 20
9.943658786158466
 30
0.0
 10
35.03682951575238
 20
10.08368302631058
 30
0.0
 10
35.14063055082655
 20
10.19736494369693
 30
0.0
 10
35.26848431506136
 20
10.19736494369693
 30
0.0
  0
SPLINE
  5
D0
330
1F
100
AcDbEntity
  8
0
  6
Continuous
 62
    18
420
        0
370
     9
100
AcDbSpline
210
0.0
220
0.0
230
1.0
 70
    11
 71
     3
 72
    17
 73
    13
 74
     0
 42
0.000000001
 43
0.0
 40
0.0
 40
0.0
 40
0.0
 40
0.0
 40
1.0
 40
1.0
 40
1.0
 40
2.0
 40
2.0
 40
2.0
 40
3.0
 40
3.0
 40
3.0
 40
4.0
 40
4.0
 40
4.0
 40
4.0
 10
39.60002770037066
 20
12.5932981156306
 30
0.0
 10
39.6548997696147
 20
12.65852238196339
 30
0.0
 10
39.75088154034025
 20
12.66820682621105
 30
0.0
 10
39.8142320945643
 20
12.61491107919122
 30
0.0
 10
39.87758264878834
 20
12.56161533217133
 30
0.0
 10
39.88446610288178
 20
12.46539211859093
 30
0.0
 10
39.82959403363772
 20
12.40016785225814
 30
0.0
 10
39.77472196439371
 20
12.33494358592529
 30
0.0
 10
39.67874019366815
 20
12.32525914167763
 30
0.0
 10
39.61538963944411
 20
12.37855488869747
 30
0.0
 10
39.55203908522005
 20
12.43185063571735
 30
0.0
 10
39.54515563112659
 20
12.52807384929775
 30
0.0
 10
39.60002770037066
 20
12.5932981156306
 30
0.0
  0
SPLINE
  5
D1
330
1F
100
AcDbEntity
  8
0
  6
Continuous
 62
    18
420
        0
370
     9
100
AcDbSpline
210
0.0
220
0.0
230
1.0
 70
    11
 71
     3
 72
    17
 73
    13
 74
     0
 42
0.000000001
 43
0.0
 40
0.0
 40
0.0
 40
0.0
 40
0.0
 40
1.0
 40
1.0
 40
1.0
 40
2.0
 40
2.0
 40
2.0
 40
3.0
 40
3.0
 40
3.0
 40
4.0
 40
4.0
 40
4.0
 40
4.0
 10
37.78028733451928
 20
12.81740299805909
 30
0.0
 10
37.83515940376335
 20
12.88262726439189
 30
0.0
 10
37.93114117448886
 20
12.89231170863957
 30
0.0
 10
37.99449172871292
 20
12.83901596161971
 30
0.0
 10
38.05784228293701
 20
12.78572021459982
 30
0.0
 10
38.06472573703044
 20
12.68949700101945
 30
0.0
 10
38.00985366778638
 20
12.6242727346866
 30
0.0
 10
37.95498159854235
 20
12.55904846835381
 30
0.0
 10
37.85899982781682
 20
12.54936402410613
 30
0.0
 10
37.79564927359277
 20
12.60265977112601
 30
0.0
 10
37.73229871936872
 20
12.6559555181459
 30
0.0
 10
37.72541526527527
 20
12.75217873172627
 30
0.0
 10
37.78028733451928
 20
12.81740299805909
 30
0.0
  0
SPLINE
  5
D2
330
1F
100
AcDbEntity
  8
0
  6
Continuous
 62
    18
420
        0
370
     9
100
AcDbSpline
210
0.0
220
0.0
230
1.0
 70
    11
 71
     3
 72
    17
 73
    13
 74
     0
 42
0.000000001
 43
0.0
 40
0.0
 40
0.0
 40
0.0
 40
0.0
 40
1.0
 40
1.0
 40
1.0
 40
2.0
 40
2.0
 40
2.0
 40
3.0
 40
3.0
 40
3.0
 40
4.0
 40
4.0
 40
4.0
 40
4.0
 10
33.29285486480222
 20
54.30993920798751
 30
0.0
 10
33.42070862903697
 20
54.30993920798751
 30
0.0
 10
33.52450966411124
 20
54.1962572906012
 30
0.0
 10
33.52450966411124
 20
54.05623305044908
 30
0.0
 10
33.52450966411124
 20
53.91620881029696
 30
0.0
 10
33.42070862903697
 20
53.80252689291063
 30
0.0
 10
33.29285486480222
 20
53.80252689291063
 30
0.0
 10
33.16500110056746
 20
53.80252689291063
 30
0.0
 10
33.06120006549325
 20
53.91620881029696
 30
0.0
 10
33.06120006549325
 20
54.05623305044908
 30
0.0
 10
33.06120006549325
 20
54.1962572906012
 30
0.0
 10
33.16500110056746
 20
54.30993920798751
 30
0.0
 10
33.29285486480222
 20
54.30993920798751
 30
0.0
  0
SPLINE
  5
D3
330
1F
100
AcDbEntity
  8
0
  6
Continuous
 62
    18
420
        0
370
     9
100
AcDbSpline
210
0.0
220
0.0
230
1.0
 70
    11
 71
     3
 72
    17
 73
    13
 74
     0
 42
0.000000001
 43
0.0
 40
0.0
 40
0.0
 40
0.0
 40
0.0
 40
1.0
 40
1.0
 40
1.0
 40
2.0
 40
2.0
 40
2.0
 40
3.0
 40
3.0
 40
3.0
 40
4.0
 40
4.0
 40
4.0
 40
4.0
 10
24.92702746514772
 20
14.63722270061947
 30
0.0
 10
25.05488122938248
 20
14.63722270061947
 30
0.0
 10
25.15868226445672
 20
14.52354078323313
 30
0.0
 10
25.15868226445672
 20
14.38351654308104
 30
0.0
 10
25.15868226445672
 20
14.24349230292893
 30
0.0
 10
25.05488122938248
 20
14.12981038554258
 30
0.0
 10
24.92702746514772
 20
14.12981038554258
 30
0.0
 10
24.79917370091296
 20
14.12981038554258
 30
0.0
 10
24.69537266583872
 20
14.24349230292893
 30
0.0
 10
24.69537266583872
 20
14.38351654308104
 30
0.0
 10
24.69537266583872
 20
14.52354078323313
 30
0.0
 10
24.79917370091296
 20
14.63722270061947
 30
0.0
 10
24.92702746514772
 20
14.63722270061947
 30
0.0
  0
SPLINE
  5
D4
330
1F
100
AcDbEntity
  8
0
  6
Continuous
 62
    18
420
        0
370
     9
100
AcDbSpline
210
0.0
220
0.0
230
1.0
 70
    11
 71
     3
 72
    17
 73
    13
 74
     0
 42
0.000000001
 43
0.0
 40
0.0
 40
0.0
 40
0.0
 40
0.0
 40
1.0
 40
1.0
 40
1.0
 40
2.0
 40
2.0
 40
2.0
 40
3.0
 40
3.0
 40
3.0
 40
4.0
 40
4.0
 40
4.0
 40
4.0
 10
30.63431171471581
 20
11.9834268064952
 30
0.0
 10
30.71954755753902
 20
11.9834268064952
 30
0.0
 10
30.78874824758848
 20
11.9162140601693
 30
0.0
 10
30.78874824758848
 20
11.83342680649517
 30
0.0
 10
30.78874824758848
 20
11.75063955282113
 30
0.0
 10
30.71954755753902
 20
11.68342680649522
 30
0.0
 10
30.63431171471581
 20
11.68342680649522
 30
0.0
 10
30.54907587189264
 20
11.68342680649522
 30
0.0
 10
30.47987518184318
 20
11.75063955282113
 30
0.0
 10
30.47987518184318
 20
11.83342680649517
 30
0.0
 10
30.47987518184318
 20
11.9162140601693
 30
0.0
 10
30.54907587189264
 20
11.9834268064952
 30
0.0
 10
30.63431171471581
 20
11.9834268064952
 30
0.0
  0
SPLINE
  5
D5
330
1F
100
AcDbEntity
  8
0
  6
Continuous
 62
    18
420
        0
370
     9
100
AcDbSpline
210
0.0
220
0.0
230
1.0
 70
    11
 71
     3
 72
    17
 73
    13
 74
     0
 42
0.000000001
 43
0.0
 40
0.0
 40
0.0
 40
0.0
 40
0.0
 40
1.0
 40
1.0
 40
1.0
 40
2.0
 40
2.0
 40
2.0
 40
3.0
 40
3.0
 40
3.0
 40
4.0
 40
4.0
 40
4.0
 40
4.0
 10
23.93855691763577
 20
42.55590871334418
 30
0.0
 10
23.91614931000349
 20
42.58194525116123
 30
0.0
 10
23.90265691540684
 20
42.61546411818993
 30
0.0
 10
23.90265691540684
 20
42.65201962255044
 30
0.0
 10
23.90265691540684
 20
42.73480687622454
 30
0.0
 10
23.97185760545632
 20
42.80201962255046
 30
0.0
 10
24.05709344827949
 20
42.80201962255046
 30
0.0
 10
24.12958418659693
 20
42.80201962255046
 30
0.0
 10
24.19047664386471
 20
42.75340441239251
 30
0.0
 10
24.20706605778943
 20
42.68793923735055
 30
0.0
 10
24.11694002705432
 20
42.6450159390416
 30
0.0
 10
24.02743127703314
 20
42.60100005176785
 30
0.0
 10
23.93855691763577
 20
42.55590871334418
 30
0.0
  0
LWPOLYLINE
  5
D6
330
1F
100
AcDbEntity
  8
0
  6
Continuous
 62
    18
420
        0
370
     9
100
AcDbPolyline
 90
        4
 70
     1
 43
0.0
 10
45.06045427039663
 20
23.17853255825585
 10
45.08063283335031
 20
23.34995125127003
 10
45.10776192456468
 20
23.17185587517423
 10
45.06045427039663
 20
23.17853255825585
  0
SPLINE
  5
D7
330
1F
100
AcDbEntity
  8
0
  6
Continuous
 62
    18
420
        0
370
     9
100
AcDbSpline
210
0.0
220
0.0
230
1.0
 70
    11
 71
     3
 72
    14
 73
    10
 74
     0
 42
0.000000001
 43
0.0
 40
0.0
 40
0.0
 40
0.0
 40
0.0
 40
1.0
 40
1.0
 40
1.0
 40
2.0
 40
2.0
 40
2.0
 40
3.0
 40
3.0
 40
3.0
 40
3.0
 10
44.66835916130133
 20
22.06131524831028
 30
0.0
 10
44.66835916130133
 20
22.06131524831028
 30
0.0
 10
44.09460475007873
 20
21.94925963254309
 30
0.0
 10
44.09460475007873
 20
21.94925963254309
 30
0.0
 10
44.09460475007873
 20
21.94925963254309
 30
0.0
 10
44.39748531588634
 20
22.09978092537915
 30
0.0
 10
44.39748531588634
 20
22.09978092537915
 30
0.0
 10
44.48831588011893
 20
22.08658670248363
 30
0.0
 10
44.57861093110943
 20
22.07376358134411
 30
0.0
 10
44.66835916130133
 20
22.06131524831028
 30
0.0
  0
SPLINE
  5
D8
330
1F
100
AcDbEntity
  8
0
  6
Continuous
 62
    18
420
        0
370
     9
100
AcDbSpline
210
0.0
220
0.0
230
1.0
 70
    11
 71
     3
 72
    17
 73
    13
 74
     0
 42
0.000000001
 43
0.0
 40
0.0
 40
0.0
 40
0.0
 40
0.0
 40
1.0
 40
1.0
 40
1.0
 40
2.0
 40
2.0
 40
2.0
 40
3.0
 40
3.0
 40
3.0
 40
4.0
 40
4.0
 40
4.0
 40
4.0
 10
42.78563630606181
 20
24.89678706441087
 30
0.0
 10
42.87796430437136
 20
24.89678706441087
 30
0.0
 10
42.95292292485649
 20
24.80065720629362
 30
0.0
 10
42.95292292485649
 20
24.68225218068993
 30
0.0
 10
42.95292292485649
 20
24.56384715508626
 30
0.0
 10
42.87796430437136
 20
24.46771729696897
 30
0.0
 10
42.78563630606181
 20
24.46771729696897
 30
0.0
 10
42.69330830775223
 20
24.46771729696897
 30
0.0
 10
42.61834968726709
 20
24.56384715508626
 30
0.0
 10
42.61834968726709
 20
24.68225218068993
 30
0.0
 10
42.61834968726709
 20
24.80065720629362
 30
0.0
 10
42.69330830775223
 20
24.89678706441087
 30
0.0
 10
42.78563630606181
 20
24.89678706441087
 30
0.0
  0
SPLINE
  5
D9
330
1F
100
AcDbEntity
  8
0
  6
Continuous
 62
    18
420
        0
370
     9
100
AcDbSpline
210
0.0
220
0.0
230
1.0
 70
    11
 71
     3
 72
    95
 73
    91
 74
     0
 42
0.000000001
 43
0.0
 40
0.0
 40
0.0
 40
0.0
 40
0.0
 40
1.0
 40
1.0
 40
1.0
 40
2.0
 40
2.0
 40
2.0
 40
3.0
 40
3.0
 40
3.0
 40
4.0
 40
4.0
 40
4.0
 40
5.0
 40
5.0
 40
5.0
 40
6.0
 40
6.0
 40
6.0
 40
7.0
 40
7.0
 40
7.0
 40
8.0
 40
8.0
 40
8.0
 40
9.0
 40
9.0
 40
9.0
 40
10.0
 40
10.0
 40
10.0
 40
11.0
 40
11.0
 40
11.0
 40
12.0
 40
12.0
 40
12.0
 40
13.0
 40
13.0
 40
13.0
 40
14.0
 40
14.0
 40
14.0
 40
15.0
 40
15.0
 40
15.0
 40
16.0
 40
16.0
 40
16.0
 40
17.0
 40
17.0
 40
17.0
 40
18.0
 40
18.0
 40
18.0
 40
19.0
 40
19.0
 40
19.0
 40
20.0
 40
20.0
 40
20.0
 40
21.0
 40
21.0
 40
21.0
 40
22.0
 40
22.0
 40
22.0
 40
23.0
 40
23.0
 40
23.0
 40
24.0
 40
24.0
 40
24.0
 40
25.0
 40
25.0
 40
25.0
 40
26.0
 40
26.0
 40
26.0
 40
27.0
 40
27.0
 40
27.0
 40
28.0
 40
28.0
 40
28.0
 40
29.0
 40
29.0
 40
29.0
 40
30.0
 40
30.0
 40
30.0
 40
30.0
 10
32.98486991455517
 20
43.28344434541371
 30
0.0
 10
32.98597656489932
 20
43.40063235532219
 30
0.0
 10
33.06050468494198
 20
43.49533357603879
 30
0.0
 10
33.15214404716561
 20
43.49533357603879
 30
0.0
 10
33.18227895084216
 20
43.49533357603879
 30
0.0
 10
33.21056349108571
 20
43.4850928422554
 30
0.0
 10
33.23499526931005
 20
43.46717932872433
 30
0.0
 10
33.23499526931005
 20
43.46717932872433
 30
0.0
 10
33.46590337575303
 20
44.21195466900278
 30
0.0
 10
33.46590337575303
 20
44.21195466900278
 30
0.0
 10
33.46590337575303
 20
44.21195466900278
 30
0.0
 10
33.47839841119984
 20
44.21579171449255
 30
0.0
 10
33.47839841119984
 20
44.21579171449255
 30
0.0
 10
33.47839841119984
 20
44.21579171449255
 30
0.0
 10
32.79765295597281
 20
44.25713873427237
 30
0.0
 10
32.79765295597281
 20
44.25713873427237
 30
0.0
 10
32.79765295597281
 20
44.25713873427237
 30
0.0
 10
33.39470957439107
 20
44.37719163380318
 30
0.0
 10
33.39470957439107
 20
44.37719163380318
 30
0.0
 10
33.39470957439107
 20
44.37719163380318
 30
0.0
 10
33.3791319654497
 20
44.37929955220899
 30
0.0
 10
33.3791319654497
 20
44.37929955220899
 30
0.0
 10
33.3791319654497
 20
44.37929955220899
 30
0.0
 10
31.91152549242629
 20
45.39987212831598
 30
0.0
 10
31.91152549242629
 20
45.39987212831598
 30
0.0
 10
31.91152549242629
 20
45.39987212831598
 30
0.0
 10
33.54133287588475
 20
44.66559354658683
 30
0.0
 10
33.54133287588475
 20
44.66559354658683
 30
0.0
 10
33.54133287588475
 20
44.66559354658683
 30
0.0
 10
33.55114826169811
 20
44.65331497086848
 30
0.0
 10
33.55114826169811
 20
44.65331497086848
 30
0.0
 10
33.55114826169811
 20
44.65331497086848
 30
0.0
 10
33.3472253236217
 20
45.22716576995228
 30
0.0
 10
33.3472253236217
 20
45.22716576995228
 30
0.0
 10
33.3472253236217
 20
45.22716576995228
 30
0.0
 10
33.67032884836733
 20
44.75542612320125
 30
0.0
 10
33.67032884836733
 20
44.75542612320125
 30
0.0
 10
33.71130163669557
 20
44.79751283185786
 30
0.0
 10
33.76137246444937
 20
44.82226638388704
 30
0.0
 10
33.81540986106508
 20
44.82226638388704
 30
0.0
 10
33.82898470760768
 20
44.82226638388704
 30
0.0
 10
33.84230923387912
 20
44.82070424893578
 30
0.0
 10
33.85530208878961
 20
44.81769761729024
 30
0.0
 10
33.85530208878961
 20
44.81769761729024
 30
0.0
 10
34.52049693906954
 20
45.56057103246438
 30
0.0
 10
34.52049693906954
 20
45.56057103246438
 30
0.0
 10
34.52049693906954
 20
45.56057103246438
 30
0.0
 10
34.16934927861568
 20
44.42797277798471
 30
0.0
 10
34.16934927861568
 20
44.42797277798471
 30
0.0
 10
34.16934927861568
 20
44.42797277798471
 30
0.0
 10
34.15685424316892
 20
44.42413573249493
 30
0.0
 10
34.15685424316892
 20
44.42413573249493
 30
0.0
 10
34.15685424316892
 20
44.42413573249493
 30
0.0
 10
34.83759969839592
 20
44.38278871271511
 30
0.0
 10
34.83759969839592
 20
44.38278871271511
 30
0.0
 10
34.83759969839592
 20
44.38278871271511
 30
0.0
 10
34.24054307997768
 20
44.26273581318432
 30
0.0
 10
34.24054307997768
 20
44.26273581318432
 30
0.0
 10
34.24054307997768
 20
44.26273581318432
 30
0.0
 10
34.25612068891902
 20
44.26062789477851
 30
0.0
 10
34.25612068891902
 20
44.26062789477851
 30
0.0
 10
34.25612068891902
 20
44.26062789477851
 30
0.0
 10
35.72372716194246
 20
43.24005531867151
 30
0.0
 10
35.72372716194246
 20
43.24005531867151
 30
0.0
 10
35.72372716194246
 20
43.24005531867151
 30
0.0
 10
34.09391977848397
 20
43.97433390040065
 30
0.0
 10
34.09391977848397
 20
43.97433390040065
 30
0.0
 10
34.09391977848397
 20
43.97433390040065
 30
0.0
 10
34.08410439267063
 20
43.98661247611898
 30
0.0
 10
34.08410439267063
 20
43.98661247611898
 30
0.0
 10
34.08410439267063
 20
43.98661247611898
 30
0.0
 10
34.28802733074703
 20
43.41276167703521
 30
0.0
 10
34.28802733074703
 20
43.41276167703521
 30
0.0
 10
34.28802733074703
 20
43.41276167703521
 30
0.0
 10
33.90264137629497
 20
43.97543530976381
 30
0.0
 10
33.90264137629497
 20
43.97543530976381
 30
0.0
 10
33.90264137629497
 20
43.97543530976381
 30
0.0
 10
33.90577279915875
 20
43.96274503712073
 30
0.0
 10
33.90577279915875
 20
43.96274503712073
 30
0.0
 10
33.90577279915875
 20
43.96274503712073
 30
0.0
 10
33.3182315378324
 20
43.30659325967758
 30
0.0
 10
33.3182315378324
 20
43.30659325967758
 30
0.0
 10
33.31902326490886
 20
43.29813586458421
 30
0.0
 10
33.31943066596033
 20
43.2895278113597
 30
0.0
 10
33.31943066596033
 20
43.28079869231782
 30
0.0
 10
33.31943066596033
 20
43.2437611059608
 30
0.0
 10
33.31209623090387
 20
43.2089030657086
 30
0.0
 10
33.2991899820442
 20
43.17848502572102
 30
0.0
 10
33.19506116362322
 20
43.21487681123415
 30
0.0
 10
33.0902803222225
 20
43.2498707489236
 30
0.0
 10
32.98486991455517
 20
43.28344434541371
 30
0.0
  0
SPLINE
  5
DA
330
1F
100
AcDbEntity
  8
0
  6
Continuous
 62
    18
420
        0
370
     9
100
AcDbSpline
210
0.0
220
0.0
230
1.0
 70
    11
 71
     3
 72
    23
 73
    19
 74
     0
 42
0.000000001
 43
0.0
 40
0.0
 40
0.0
 40
0.0
 40
0.0
 40
1.0
 40
1.0
 40
1.0
 40
2.0
 40
2.0
 40
2.0
 40
3.0
 40
3.0
 40
3.0
 40
4.0
 40
4.0
 40
4.0
 40
5.0
 40
5.0
 40
5.0
 40
6.0
 40
6.0
 40
6.0
 40
6.0
 10
43.36716679640216
 20
22.26140514770159
 30
0.0
 10
43.37702784151697
 20
22.25509360805347
 30
0.0
 10
43.38666112395283
 20
22.24802223285906
 30
0.0
 10
43.39596529570048
 20
22.24019479094056
 30
0.0
 10
43.48657132092791
 20
22.16396947834238
 30
0.0
 10
43.51187599069171
 20
22.04472427678348
 30
0.0
 10
43.45243822192442
 20
21.97407294335073
 30
0.0
 10
43.39300045315718
 20
21.90342160991801
 30
0.0
 10
43.27118392928451
 20
21.90794697380011
 30
0.0
 10
43.18057790405711
 20
21.98417228639832
 30
0.0
 10
43.08997187882967
 20
22.06039759899653
 30
0.0
 10
43.06466720906585
 20
22.17964280055543
 30
0.0
 10
43.12410497783313
 20
22.25029413398812
 30
0.0
 10
43.14075256381511
 20
22.27008246340316
 30
0.0
 10
43.16229358948933
 20
22.28397339018565
 30
0.0
 10
43.18667152735037
 20
22.2920432386795
 30
0.0
 10
43.24703289608495
 20
22.28168765147561
 30
0.0
 10
43.30719894465214
 20
22.27147464187956
 30
0.0
 10
43.36716679640216
 20
22.26140514770159
 30
0.0
  0
SPLINE
  5
DB
330
1F
100
AcDbEntity
  8
0
  6
Continuous
 62
    18
420
        0
370
     9
100
AcDbSpline
210
0.0
220
0.0
230
1.0
 70
    11
 71
     3
 72
    47
 73
    43
 74
     0
 42
0.000000001
 43
0.0
 40
0.0
 40
0.0
 40
0.0
 40
0.0
 40
1.0
 40
1.0
 40
1.0
 40
2.0
 40
2.0
 40
2.0
 40
3.0
 40
3.0
 40
3.0
 40
4.0
 40
4.0
 40
4.0
 40
5.0
 40
5.0
 40
5.0
 40
6.0
 40
6.0
 40
6.0
 40
7.0
 40
7.0
 40
7.0
 40
8.0
 40
8.0
 40
8.0
 40
9.0
 40
9.0
 40
9.0
 40
10.0
 40
10.0
 40
10.0
 40
11.0
 40
11.0
 40
11.0
 40
12.0
 40
12.0
 40
12.0
 40
13.0
 40
13.0
 40
13.0
 40
14.0
 40
14.0
 40
14.0
 40
14.0
 10
40.82481982195386
 20
28.30409323987973
 30
0.0
 10
40.82481982195386
 20
28.30409323987973
 30
0.0
 10
40.82960515816644
 20
27.94841633095696
 30
0.0
 10
40.82960515816644
 20
27.94841633095696
 30
0.0
 10
40.82960515816644
 20
27.94841633095696
 30
0.0
 10
40.82186937890731
 20
27.93445297271383
 30
0.0
 10
40.82186937890731
 20
27.93445297271383
 30
0.0
 10
40.82186937890731
 20
27.93445297271383
 30
0.0
 10
41.30232584522019
 20
28.35391771544575
 30
0.0
 10
41.30232584522019
 20
28.35391771544575
 30
0.0
 10
41.30232584522019
 20
28.35391771544575
 30
0.0
 10
40.91776882741545
 20
27.77296738016442
 30
0.0
 10
40.91776882741545
 20
27.77296738016442
 30
0.0
 10
40.91776882741545
 20
27.77296738016442
 30
0.0
 10
40.92903694275894
 20
27.78098261884556
 30
0.0
 10
40.92903694275894
 20
27.78098261884556
 30
0.0
 10
40.92903694275894
 20
27.78098261884556
 30
0.0
 10
42.18432138424139
 20
27.41579400555234
 30
0.0
 10
42.18432138424139
 20
27.41579400555234
 30
0.0
 10
42.18432138424139
 20
27.41579400555234
 30
0.0
 10
40.88434077666565
 20
27.27740263214372
 30
0.0
 10
40.88434077666565
 20
27.27740263214372
 30
0.0
 10
40.88434077666565
 20
27.27740263214372
 30
0.0
 10
40.8746605024835
 20
27.28727718359013
 30
0.0
 10
40.8746605024835
 20
27.28727718359013
 30
0.0
 10
40.8746605024835
 20
27.28727718359013
 30
0.0
 10
41.15088540164405
 20
26.64767793633446
 30
0.0
 10
41.15088540164405
 20
26.64767793633446
 30
0.0
 10
41.15088540164405
 20
26.64767793633446
 30
0.0
 10
40.75181835089288
 20
27.1452064032805
 30
0.0
 10
40.75181835089288
 20
27.1452064032805
 30
0.0
 10
40.75181835089288
 20
27.1452064032805
 30
0.0
 10
40.75697388826482
 20
27.13009885256648
 30
0.0
 10
40.75697388826482
 20
27.13009885256648
 30
0.0
 10
40.75697388826482
 20
27.13009885256648
 30
0.0
 10
40.41816719841666
 20
25.37318159541441
 30
0.0
 10
40.41816719841666
 20
25.37318159541441
 30
0.0
 10
40.41816719841666
 20
25.37318159541441
 30
0.0
 10
40.39461248198433
 20
27.12391934069306
 30
0.0
 10
40.39461248198433
 20
27.12391934069306
 30
0.0
 10
40.55776983162615
 20
27.50751571586723
 30
0.0
 10
40.70158233187871
 20
27.90131773808801
 30
0.0
 10
40.82481982195386
 20
28.30409323987973
 30
0.0
  0
SPLINE
  5
DC
330
1F
100
AcDbEntity
  8
0
  6
Continuous
 62
    18
420
        0
370
     9
100
AcDbSpline
210
0.0
220
0.0
230
1.0
 70
    11
 71
     3
 72
    29
 73
    25
 74
     0
 42
0.000000001
 43
0.0
 40
0.0
 40
0.0
 40
0.0
 40
0.0
 40
1.0
 40
1.0
 40
1.0
 40
2.0
 40
2.0
 40
2.0
 40
3.0
 40
3.0
 40
3.0
 40
4.0
 40
4.0
 40
4.0
 40
5.0
 40
5.0
 40
5.0
 40
6.0
 40
6.0
 40
6.0
 40
7.0
 40
7.0
 40
7.0
 40
8.0
 40
8.0
 40
8.0
 40
8.0
 10
28.19630034584626
 20
1.394929976668863
 30
0.0
 10
28.19630034584626
 20
1.394929976668863
 30
0.0
 10
28.19407257900622
 20
1.394911302997457
 30
0.0
 10
28.19407257900622
 20
1.394911302997457
 30
0.0
 10
28.10174458069667
 20
1.394911302997457
 30
0.0
 10
28.02678596021153
 20
1.491041161114737
 30
0.0
 10
28.02678596021153
 20
1.609446186718429
 30
0.0
 10
28.02678596021153
 20
1.727851212322122
 30
0.0
 10
28.10174458069667
 20
1.823981070439345
 30
0.0
 10
28.19407257900622
 20
1.823981070439345
 30
0.0
 10
28.21590833759775
 20
1.823981070439345
 30
0.0
 10
28.23677257116714
 20
1.818604219093345
 30
0.0
 10
28.25590348632149
 20
1.808827510112053
 30
0.0
 10
28.30060862285125
 20
1.868347037568839
 30
0.0
 10
28.36027902510749
 20
1.904713678109317
 30
0.0
 10
28.42577690552983
 20
1.904713678109317
 30
0.0
 10
28.56426890299422
 20
1.904713678109317
 30
0.0
 10
28.67670683372186
 20
1.742122098591636
 30
0.0
 10
28.67670683372186
 20
1.541854871397362
 30
0.0
 10
28.67670683372186
 20
1.341587644203031
 30
0.0
 10
28.56426890299422
 20
1.178996064685379
 30
0.0
 10
28.42577690552983
 20
1.178996064685379
 30
0.0
 10
28.32344100822148
 20
1.178996064685379
 30
0.0
 10
28.23533109003041
 20
1.267773929509332
 30
0.0
 10
28.19630034584626
 20
1.394929976668863
 30
0.0
  0
SPLINE
  5
DD
330
1F
100
AcDbEntity
  8
0
  6
Continuous
 62
    18
420
        0
370
     9
100
AcDbSpline
210
0.0
220
0.0
230
1.0
 70
    11
 71
     3
 72
    14
 73
    10
 74
     0
 42
0.000000001
 43
0.0
 40
0.0
 40
0.0
 40
0.0
 40
0.0
 40
1.0
 40
1.0
 40
1.0
 40
2.0
 40
2.0
 40
2.0
 40
3.0
 40
3.0
 40
3.0
 40
3.0
 10
49.62332759595223
 20
21.8322264069304
 30
0.0
 10
49.58970106676566
 20
21.68911503842159
 30
0.0
 10
49.49594461241762
 20
21.58602743212577
 30
0.0
 10
49.3856691514757
 20
21.58602743212577
 30
0.0
 10
49.28547987915736
 20
21.58602743212577
 30
0.0
 10
49.19892602959974
 20
21.67111990334953
 30
0.0
 10
49.15871321296023
 20
21.79401069178354
 30
0.0
 10
49.32098831771408
 20
21.80387733492924
 30
0.0
 10
49.47578545338531
 20
21.81667241403306
 30
0.0
 10
49.62332759595223
 20
21.8322264069304
 30
0.0
  0
SPLINE
  5
DE
330
1F
100
AcDbEntity
  8
0
  6
Continuous
 62
    18
420
        0
370
     9
100
AcDbSpline
210
0.0
220
0.0
230
1.0
 70
    11
 71
     3
 72
    17
 73
    13
 74
     0
 42
0.000000001
 43
0.0
 40
0.0
 40
0.0
 40
0.0
 40
0.0
 40
1.0
 40
1.0
 40
1.0
 40
2.0
 40
2.0
 40
2.0
 40
3.0
 40
3.0
 40
3.0
 40
4.0
 40
4.0
 40
4.0
 40
4.0
 10
38.05709344827946
 20
6.68342680649522
 30
0.0
 10
38.14232929110267
 20
6.68342680649522
 30
0.0
 10
38.21152998115215
 20
6.616214060169312
 30
0.0
 10
38.21152998115215
 20
6.533426806495186
 30
0.0
 10
38.21152998115215
 20
6.450639552821059
 30
0.0
 10
38.14232929110267
 20
6.383426806495152
 30
0.0
 10
38.05709344827946
 20
6.383426806495152
 30
0.0
 10
37.97185760545631
 20
6.383426806495152
 30
0.0
 10
37.90265691540682
 20
6.450639552821059
 30
0.0
 10
37.90265691540682
 20
6.533426806495186
 30
0.0
 10
37.90265691540682
 20
6.616214060169312
 30
0.0
 10
37.97185760545631
 20
6.68342680649522
 30
0.0
 10
38.05709344827946
 20
6.68342680649522
 30
0.0
  0
LWPOLYLINE
  5
DF
330
1F
100
AcDbEntity
  8
0
  6
Continuous
 62
    18
420
        0
370
     9
100
AcDbPolyline
 90
       25
 70
     1
 43
0.0
 10
11.0888837089858
 20
43.90391048248547
 10
10.59398581625842
 20
43.67090566152051
 10
9.634985721213443
 20
45.7078039720257
 10
10.99067664641595
 20
46.34608214203328
 10
11.94967674146092
 20
44.30918383152812
 10
11.45477884873355
 20
44.07617901056312
 10
12.10262218312072
 20
43.76876921654333
 10
12.71395888138066
 20
44.05659504894359
 10
13.15744887196903
 20
43.89703120373974
 10
14.29315343235294
 20
41.48481590550193
 10
14.1335895871491
 20
41.04132591491354
 10
13.52225288888915
 20
40.75350008251331
 10
13.35559136647373
 20
40.09445651932991
 10
13.82907414604591
 20
40.31737880674604
 10
14.78807424109089
 20
38.28048049624087
 10
13.43238331588838
 20
37.64220232623329
 10
12.4733832208434
 20
39.67910063673845
 10
12.94686600041559
 20
39.90202292415461
 10
12.33271098717122
 20
40.19344718692983
 10
11.72137428891127
 20
39.90562135452963
 10
11.27788429832288
 20
40.06518519973349
 10
10.14217973793898
 20
42.47740049797132
 10
10.30174358314284
 20
42.92089048855966
 10
10.91308028140278
 20
43.20871632095989
 10
11.0888837089858
 20
43.90391048248547
  0
SPLINE
  5
E0
330
1F
100
AcDbEntity
  8
0
  6
Continuous
 62
    18
420
        0
370
     9
100
AcDbSpline
210
0.0
220
0.0
230
1.0
 70
    11
 71
     3
 72
    17
 73
    13
 74
     0
 42
0.000000001
 43
0.0
 40
0.0
 40
0.0
 40
0.0
 40
0.0
 40
1.0
 40
1.0
 40
1.0
 40
2.0
 40
2.0
 40
2.0
 40
3.0
 40
3.0
 40
3.0
 40
4.0
 40
4.0
 40
4.0
 40
4.0
 10
34.86376587836325
 20
4.606140566023498
 30
0.0
 10
34.92320364713051
 20
4.676791899456248
 30
0.0
 10
35.04502017100315
 20
4.672266535574153
 30
0.0
 10
35.13562619623055
 20
4.596041222975941
 30
0.0
 10
35.22623222145799
 20
4.519815910377758
 30
0.0
 10
35.2515368912218
 20
4.40057070881889
 30
0.0
 10
35.19209912245451
 20
4.329919375386112
 30
0.0
 10
35.13266135368727
 20
4.259268041953391
 30
0.0
 10
35.01084482981463
 20
4.263793405835457
 30
0.0
 10
34.92023880458719
 20
4.34001871843364
 30
0.0
 10
34.82963277935977
 20
4.416244031031852
 30
0.0
 10
34.80432810959596
 20
4.535489232590777
 30
0.0
 10
34.86376587836325
 20
4.606140566023498
 30
0.0
  0
SPLINE
  5
E1
330
1F
100
AcDbEntity
  8
0
  6
Continuous
 62
    18
420
        0
370
     9
100
AcDbSpline
210
0.0
220
0.0
230
1.0
 70
    11
 71
     3
 72
    17
 73
    13
 74
     0
 42
0.000000001
 43
0.0
 40
0.0
 40
0.0
 40
0.0
 40
0.0
 40
1.0
 40
1.0
 40
1.0
 40
2.0
 40
2.0
 40
2.0
 40
3.0
 40
3.0
 40
3.0
 40
4.0
 40
4.0
 40
4.0
 40
4.0
 10
46.82407926954355
 20
28.08877426682167
 30
0.0
 10
46.88351703831085
 20
28.15942560025441
 30
0.0
 10
47.00533356218347
 20
28.15490023637236
 30
0.0
 10
47.09593958741088
 20
28.07867492377416
 30
0.0
 10
47.18654561263831
 20
28.00244961117595
 30
0.0
 10
47.21185028240214
 20
27.88320440961704
 30
0.0
 10
47.15241251363486
 20
27.81255307618432
 30
0.0
 10
47.0929747448676
 20
27.74190174275154
 30
0.0
 10
46.97115822099496
 20
27.74642710663367
 30
0.0
 10
46.88055219576749
 20
27.82265241923186
 30
0.0
 10
46.78994617054012
 20
27.89887773183005
 30
0.0
 10
46.76464150077629
 20
28.01812293338895
 30
0.0
 10
46.82407926954355
 20
28.08877426682167
 30
0.0
  0
SPLINE
  5
E2
330
1F
100
AcDbEntity
  8
0
  6
Continuous
 62
    18
420
        0
370
     9
100
AcDbSpline
210
0.0
220
0.0
230
1.0
 70
    11
 71
     3
 72
    17
 73
    13
 74
     0
 42
0.000000001
 43
0.0
 40
0.0
 40
0.0
 40
0.0
 40
0.0
 40
1.0
 40
1.0
 40
1.0
 40
2.0
 40
2.0
 40
2.0
 40
3.0
 40
3.0
 40
3.0
 40
4.0
 40
4.0
 40
4.0
 40
4.0
 10
48.35893534171603
 20
28.68923297352161
 30
0.0
 10
48.40343446655174
 20
28.74733338543058
 30
0.0
 10
48.46237869140185
 20
28.78272709857946
 30
0.0
 10
48.52699449018697
 20
28.78272709857946
 30
0.0
 10
48.66548648765134
 20
28.78272709857946
 30
0.0
 10
48.77792441837897
 20
28.62013551906182
 30
0.0
 10
48.77792441837897
 20
28.41986829186747
 30
0.0
 10
48.77792441837897
 20
28.41202185108287
 30
0.0
 10
48.77775181929842
 20
28.4042332447151
 30
0.0
 10
48.77741181703141
 20
28.39650998530695
 30
0.0
 10
48.6393711990311
 20
28.49480607493582
 30
0.0
 10
48.49972674578055
 20
28.59243174692419
 30
0.0
 10
48.35893534171603
 20
28.68923297352161
 30
0.0
  0
SPLINE
  5
E3
330
1F
100
AcDbEntity
  8
0
  6
Continuous
 62
    18
420
        0
370
     9
100
AcDbSpline
210
0.0
220
0.0
230
1.0
 70
    11
 71
     3
 72
    17
 73
    13
 74
     0
 42
0.000000001
 43
0.0
 40
0.0
 40
0.0
 40
0.0
 40
0.0
 40
1.0
 40
1.0
 40
1.0
 40
2.0
 40
2.0
 40
2.0
 40
3.0
 40
3.0
 40
3.0
 40
4.0
 40
4.0
 40
4.0
 40
4.0
 10
34.20644840543439
 20
9.151829895868076
 30
0.0
 10
34.26132047467844
 20
9.217054162200924
 30
0.0
 10
34.35730224540397
 20
9.226738606448635
 30
0.0
 10
34.42065279962802
 20
9.17344285942869
 30
0.0
 10
34.48400335385207
 20
9.120147112408858
 30
0.0
 10
34.49088680794551
 20
9.023923898828457
 30
0.0
 10
34.43601473870148
 20
8.958699632495637
 30
0.0
 10
34.3811426694574
 20
8.893475366162818
 30
0.0
 10
34.2851608987319
 20
8.883790921915164
 30
0.0
 10
34.22181034450784
 20
8.937086668934995
 30
0.0
 10
34.15845979028378
 20
8.990382415954883
 30
0.0
 10
34.15157633619035
 20
9.086605629535285
 30
0.0
 10
34.20644840543439
 20
9.151829895868076
 30
0.0
  0
SPLINE
  5
E4
330
1F
100
AcDbEntity
  8
0
  6
Continuous
 62
    18
420
        0
370
     9
100
AcDbSpline
210
0.0
220
0.0
230
1.0
 70
    11
 71
     3
 72
    17
 73
    13
 74
     0
 42
0.000000001
 43
0.0
 40
0.0
 40
0.0
 40
0.0
 40
0.0
 40
1.0
 40
1.0
 40
1.0
 40
2.0
 40
2.0
 40
2.0
 40
3.0
 40
3.0
 40
3.0
 40
4.0
 40
4.0
 40
4.0
 40
4.0
 10
43.38513605155912
 20
26.72618385382171
 30
0.0
 10
43.44457382032642
 20
26.79683518725443
 30
0.0
 10
43.56639034419904
 20
26.79230982337235
 30
0.0
 10
43.65699636942644
 20
26.71608451077417
 30
0.0
 10
43.7476023946539
 20
26.63985919817596
 30
0.0
 10
43.7729070644177
 20
26.52061399661702
 30
0.0
 10
43.71346929565042
 20
26.44996266318429
 30
0.0
 10
43.65403152688317
 20
26.37931132975162
 30
0.0
 10
43.53221500301053
 20
26.38383669363367
 30
0.0
 10
43.44160897778305
 20
26.46006200623189
 30
0.0
 10
43.35100295255569
 20
26.53628731883008
 30
0.0
 10
43.32569828279185
 20
26.65553252038897
 30
0.0
 10
43.38513605155912
 20
26.72618385382171
 30
0.0
  0
SPLINE
  5
E5
330
1F
100
AcDbEntity
  8
0
  6
Continuous
 62
    18
420
        0
370
     9
100
AcDbSpline
210
0.0
220
0.0
230
1.0
 70
    11
 71
     3
 72
    17
 73
    13
 74
     0
 42
0.000000001
 43
0.0
 40
0.0
 40
0.0
 40
0.0
 40
0.0
 40
1.0
 40
1.0
 40
1.0
 40
2.0
 40
2.0
 40
2.0
 40
3.0
 40
3.0
 40
3.0
 40
4.0
 40
4.0
 40
4.0
 40
4.0
 10
40.24411376532048
 20
13.36869191292732
 30
0.0
 10
40.37196752955523
 20
13.36869191292732
 30
0.0
 10
40.47576856462948
 20
13.25500999554095
 30
0.0
 10
40.47576856462948
 20
13.11498575538886
 30
0.0
 10
40.47576856462948
 20
12.97496151523677
 30
0.0
 10
40.37196752955523
 20
12.8612795978504
 30
0.0
 10
40.24411376532048
 20
12.8612795978504
 30
0.0
 10
40.11626000108568
 20
12.8612795978504
 30
0.0
 10
40.01245896601148
 20
12.97496151523677
 30
0.0
 10
40.01245896601148
 20
13.11498575538886
 30
0.0
 10
40.01245896601148
 20
13.25500999554095
 30
0.0
 10
40.11626000108568
 20
13.36869191292732
 30
0.0
 10
40.24411376532048
 20
13.36869191292732
 30
0.0
  0
SPLINE
  5
E6
330
1F
100
AcDbEntity
  8
0
  6
Continuous
 62
    18
420
        0
370
     9
100
AcDbSpline
210
0.0
220
0.0
230
1.0
 70
    11
 71
     3
 72
    14
 73
    10
 74
     0
 42
0.000000001
 43
0.0
 40
0.0
 40
0.0
 40
0.0
 40
0.0
 40
1.0
 40
1.0
 40
1.0
 40
2.0
 40
2.0
 40
2.0
 40
3.0
 40
3.0
 40
3.0
 40
3.0
 10
45.51197884407602
 20
23.11739978204068
 30
0.0
 10
45.51197884407602
 20
23.11739978204068
 30
0.0
 10
46.35335709706302
 20
24.08574323064765
 30
0.0
 10
46.35335709706302
 20
24.08574323064765
 30
0.0
 10
46.35335709706302
 20
24.08574323064765
 30
0.0
 10
45.79045880767322
 20
23.0827119287423
 30
0.0
 10
45.79045880767322
 20
23.0827119287423
 30
0.0
 10
45.69847708160525
 20
23.09377075169655
 30
0.0
 10
45.6056460056025
 20
23.10533413036833
 30
0.0
 10
45.51197884407602
 20
23.11739978204068
 30
0.0
  0
SPLINE
  5
E7
330
1F
100
AcDbEntity
  8
0
  6
Continuous
 62
    18
420
        0
370
     9
100
AcDbSpline
210
0.0
220
0.0
230
1.0
 70
    11
 71
     3
 72
    14
 73
    10
 74
     0
 42
0.000000001
 43
0.0
 40
0.0
 40
0.0
 40
0.0
 40
0.0
 40
1.0
 40
1.0
 40
1.0
 40
2.0
 40
2.0
 40
2.0
 40
3.0
 40
3.0
 40
3.0
 40
3.0
 10
41.29615949879677
 20
22.64946006245182
 30
0.0
 10
41.25083380909289
 20
22.55504332790878
 30
0.0
 10
41.17531755769411
 20
22.49317444890562
 30
0.0
 10
41.0898872879479
 20
22.49317444890562
 30
0.0
 10
40.97885439452367
 20
22.49317444890562
 30
0.0
 10
40.88456821024506
 20
22.59768304325394
 30
0.0
 10
40.85154447133856
 20
22.74232797072534
 30
0.0
 10
41.00060631265921
 20
22.71067478518111
 30
0.0
 10
41.14882300919211
 20
22.67971500558139
 30
0.0
 10
41.29615949879677
 20
22.64946006245182
 30
0.0
  0
SPLINE
  5
E8
330
1F
100
AcDbEntity
  8
0
  6
Continuous
 62
    18
420
        0
370
     9
100
AcDbSpline
210
0.0
220
0.0
230
1.0
 70
    11
 71
     3
 72
   368
 73
   364
 74
     0
 42
0.000000001
 43
0.0
 40
0.0
 40
0.0
 40
0.0
 40
0.0
 40
1.0
 40
1.0
 40
1.0
 40
2.0
 40
2.0
 40
2.0
 40
3.0
 40
3.0
 40
3.0
 40
4.0
 40
4.0
 40
4.0
 40
5.0
 40
5.0
 40
5.0
 40
6.0
 40
6.0
 40
6.0
 40
7.0
 40
7.0
 40
7.0
 40
8.0
 40
8.0
 40
8.0
 40
9.0
 40
9.0
 40
9.0
 40
10.0
 40
10.0
 40
10.0
 40
11.0
 40
11.0
 40
11.0
 40
12.0
 40
12.0
 40
12.0
 40
13.0
 40
13.0
 40
13.0
 40
14.0
 40
14.0
 40
14.0
 40
15.0
 40
15.0
 40
15.0
 40
16.0
 40
16.0
 40
16.0
 40
17.0
 40
17.0
 40
17.0
 40
18.0
 40
18.0
 40
18.0
 40
19.0
 40
19.0
 40
19.0
 40
20.0
 40
20.0
 40
20.0
 40
21.0
 40
21.0
 40
21.0
 40
22.0
 40
22.0
 40
22.0
 40
23.0
 40
23.0
 40
23.0
 40
24.0
 40
24.0
 40
24.0
 40
25.0
 40
25.0
 40
25.0
 40
26.0
 40
26.0
 40
26.0
 40
27.0
 40
27.0
 40
27.0
 40
28.0
 40
28.0
 40
28.0
 40
29.0
 40
29.0
 40
29.0
 40
30.0
 40
30.0
 40
30.0
 40
31.0
 40
31.0
 40
31.0
 40
32.0
 40
32.0
 40
32.0
 40
33.0
 40
33.0
 40
33.0
 40
34.0
 40
34.0
 40
34.0
 40
35.0
 40
35.0
 40
35.0
 40
36.0
 40
36.0
 40
36.0
 40
37.0
 40
37.0
 40
37.0
 40
38.0
 40
38.0
 40
38.0
 40
39.0
 40
39.0
 40
39.0
 40
40.0
 40
40.0
 40
40.0
 40
41.0
 40
41.0
 40
41.0
 40
42.0
 40
42.0
 40
42.0
 40
43.0
 40
43.0
 40
43.0
 40
44.0
 40
44.0
 40
44.0
 40
45.0
 40
45.0
 40
45.0
 40
46.0
 40
46.0
 40
46.0
 40
47.0
 40
47.0
 40
47.0
 40
48.0
 40
48.0
 40
48.0
 40
49.0
 40
49.0
 40
49.0
 40
50.0
 40
50.0
 40
50.0
 40
51.0
 40
51.0
 40
51.0
 40
52.0
 40
52.0
 40
52.0
 40
53.0
 40
53.0
 40
53.0
 40
54.0
 40
54.0
 40
54.0
 40
55.0
 40
55.0
 40
55.0
 40
56.0
 40
56.0
 40
56.0
 40
57.0
 40
57.0
 40
57.0
 40
58.0
 40
58.0
 40
58.0
 40
59.0
 40
59.0
 40
59.0
 40
60.0
 40
60.0
 40
60.0
 40
61.0
 40
61.0
 40
61.0
 40
62.0
 40
62.0
 40
62.0
 40
63.0
 40
63.0
 40
63.0
 40
64.0
 40
64.0
 40
64.0
 40
65.0
 40
65.0
 40
65.0
 40
66.0
 40
66.0
 40
66.0
 40
67.0
 40
67.0
 40
67.0
 40
68.0
 40
68.0
 40
68.0
 40
69.0
 40
69.0
 40
69.0
 40
70.0
 40
70.0
 40
70.0
 40
71.0
 40
71.0
 40
71.0
 40
72.0
 40
72.0
 40
72.0
 40
73.0
 40
73.0
 40
73.0
 40
74.0
 40
74.0
 40
74.0
 40
75.0
 40
75.0
 40
75.0
 40
76.0
 40
76.0
 40
76.0
 40
77.0
 40
77.0
 40
77.0
 40
78.0
 40
78.0
 40
78.0
 40
79.0
 40
79.0
 40
79.0
 40
80.0
 40
80.0
 40
80.0
 40
81.0
 40
81.0
 40
81.0
 40
82.0
 40
82.0
 40
82.0
 40
83.0
 40
83.0
 40
83.0
 40
84.0
 40
84.0
 40
84.0
 40
85.0
 40
85.0
 40
85.0
 40
86.0
 40
86.0
 40
86.0
 40
87.0
 40
87.0
 40
87.0
 40
88.0
 40
88.0
 40
88.0
 40
89.0
 40
89.0
 40
89.0
 40
90.0
 40
90.0
 40
90.0
 40
91.0
 40
91.0
 40
91.0
 40
92.0
 40
92.0
 40
92.0
 40
93.0
 40
93.0
 40
93.0
 40
94.0
 40
94.0
 40
94.0
 40
95.0
 40
95.0
 40
95.0
 40
96.0
 40
96.0
 40
96.0
 40
97.0
 40
97.0
 40
97.0
 40
98.0
 40
98.0
 40
98.0
 40
99.0
 40
99.0
 40
99.0
 40
100.0
 40
100.0
 40
100.0
 40
101.0
 40
101.0
 40
101.0
 40
102.0
 40
102.0
 40
102.0
 40
103.0
 40
103.0
 40
103.0
 40
104.0
 40
104.0
 40
104.0
 40
105.0
 40
105.0
 40
105.0
 40
106.0
 40
106.0
 40
106.0
 40
107.0
 40
107.0
 40
107.0
 40
108.0
 40
108.0
 40
108.0
 40
109.0
 40
109.0
 40
109.0
 40
110.0
 40
110.0
 40
110.0
 40
111.0
 40
111.0
 40
111.0
 40
112.0
 40
112.0
 40
112.0
 40
113.0
 40
113.0
 40
113.0
 40
114.0
 40
114.0
 40
114.0
 40
115.0
 40
115.0
 40
115.0
 40
116.0
 40
116.0
 40
116.0
 40
117.0
 40
117.0
 40
117.0
 40
118.0
 40
118.0
 40
118.0
 40
119.0
 40
119.0
 40
119.0
 40
120.0
 40
120.0
 40
120.0
 40
121.0
 40
121.0
 40
121.0
 40
121.0
 10
17.22079522169653
 20
31.41920403447264
 30
0.0
 10
14.73595277226515
 20
32.62202442362134
 30
0.0
 10
12.49035300527309
 20
33.86420945013482
 30
0.0
 10
10.64960378344018
 20
35.0917502646072
 30
0.0
 10
6.186149596566804
 20
38.06829488183688
 30
0.0
 10
6.120006807163673
 20
39.7714467818667
 30
0.0
 10
6.196285546192455
 20
40.41821374136678
 30
0.0
 10
6.325307419843879
 20
41.51218941522865
 30
0.0
 10
7.577363537280235
 20
41.72794755585743
 30
0.0
 10
7.827870435553034
 20
41.78994253291096
 30
0.0
 10
7.970664702796566
 20
41.82528099018373
 30
0.0
 10
9.613747175633856
 20
41.73835662130077
 30
0.0
 10
9.876117212067792
 20
41.62059192863498
 30
0.0
 10
8.767654199957517
 20
41.49273075993138
 30
0.0
 10
7.547098898960895
 20
41.48107447926866
 30
0.0
 10
7.167532603054157
 20
40.48149295473792
 30
0.0
 10
6.517927238044359
 20
38.7707680350012
 30
0.0
 10
10.62789534365441
 20
35.50505397779679
 30
0.0
 10
17.22600162681984
 20
32.12019930282308
 30
0.0
 10
17.22942290885785
 20
32.21341997540164
 30
0.0
 10
17.23393777198796
 20
32.30675056661336
 30
0.0
 10
17.23955525502869
 20
32.40017556062139
 30
0.0
 10
17.16065292481519
 20
32.52471514298169
 30
0.0
 10
17.21207132580237
 20
32.64805414138661
 30
0.0
 10
17.26187422486404
 20
32.70608522368383
 30
0.0
 10
17.47173611603897
 20
35.15180576341507
 30
0.0
 10
18.4359178698055
 20
36.98500972066091
 30
0.0
 10
18.61414627288963
 20
37.32387634259301
 30
0.0
 10
18.53040512573778
 20
37.62018860950712
 30
0.0
 10
18.72602309707791
 20
38.10516933623674
 30
0.0
 10
19.1714680248859
 20
38.27523409071482
 30
0.0
 10
20.67862047587659
 20
40.59765777828315
 30
0.0
 10
22.93224466850291
 20
42.32070118380956
 30
0.0
 10
25.51334300034873
 20
43.2046153533641
 30
0.0
 10
25.57104262577824
 20
43.28303030054948
 30
0.0
 10
25.95012802546576
 20
43.79821495511079
 30
0.0
 10
26.60152660296837
 20
43.52247100046846
 30
0.0
 10
26.87524357843102
 20
43.58898917105442
 30
0.0
 10
27.15180690529068
 20
43.64629634442711
 30
0.0
 10
27.43076191943525
 20
43.69413236226454
 30
0.0
 10
27.43076191943525
 20
43.69413236226454
 30
0.0
 10
27.32878815438989
 20
43.94666328687477
 30
0.0
 10
27.32878815438989
 20
43.94666328687477
 30
0.0
 10
27.32878815438989
 20
43.94666328687477
 30
0.0
 10
27.45627630569383
 20
43.78438956164453
 30
0.0
 10
27.45627630569383
 20
43.78438956164453
 30
0.0
 10
27.45499884866711
 20
43.79506716194655
 30
0.0
 10
27.45433618601906
 20
43.80600307131692
 30
0.0
 10
27.45433618601906
 20
43.81713590162016
 30
0.0
 10
27.45433618601906
 20
43.93554092722384
 30
0.0
 10
27.52929480650414
 20
44.03167078534111
 30
0.0
 10
27.62162280481375
 20
44.03167078534111
 30
0.0
 10
27.71395080312332
 20
44.03167078534111
 30
0.0
 10
27.78890942360843
 20
43.93554092722384
 30
0.0
 10
27.78890942360843
 20
43.81713590162016
 30
0.0
 10
27.78890942360843
 20
43.79329218345974
 30
0.0
 10
27.78586973376314
 20
43.77035175834254
 30
0.0
 10
27.78026063121737
 20
43.74891773044665
 30
0.0
 10
27.87030635587951
 20
43.76171203901255
 30
0.0
 10
27.96057845817452
 20
43.77352173740081
 30
0.0
 10
28.05106195582866
 20
43.7843382527703
 30
0.0
 10
28.43770502839873
 20
43.40014737926495
 30
0.0
 10
28.71694201788855
 20
43.64801072058059
 30
0.0
 10
28.59929100572924
 20
43.83746741754018
 30
0.0
 10
28.59929100572924
 20
43.83746741754018
 30
0.0
 10
28.66657951352695
 20
43.84228626237618
 30
0.0
 10
28.66657951352695
 20
43.84228626237618
 30
0.0
 10
28.66657951352695
 20
43.84228626237618
 30
0.0
 10
28.65930489084479
 20
43.95023622783548
 30
0.0
 10
28.65930489084479
 20
43.95023622783548
 30
0.0
 10
28.65930489084479
 20
43.95023622783548
 30
0.0
 10
28.65622717226556
 20
43.94054568717549
 30
0.0
 10
28.65622717226556
 20
43.94054568717549
 30
0.0
 10
28.65622717226556
 20
43.94054568717549
 30
0.0
 10
28.45778190481423
 20
43.81319498685333
 30
0.0
 10
28.45778190481423
 20
43.81319498685333
 30
0.0
 10
28.34644423077153
 20
43.80499018670261
 30
0.0
 10
28.23552676530302
 20
43.79526096358929
 30
0.0
 10
28.12505025300539
 20
43.78402809594951
 30
0.0
 10
28.12505025300539
 20
43.78402809594951
 30
0.0
 10
28.46030948048963
 20
44.16773780422446
 30
0.0
 10
28.46030948048963
 20
44.16773780422446
 30
0.0
 10
28.46030948048963
 20
44.16773780422446
 30
0.0
 10
28.47034721829263
 20
44.16935729480304
 30
0.0
 10
28.47034721829263
 20
44.16935729480304
 30
0.0
 10
28.47034721829263
 20
44.16935729480304
 30
0.0
 10
28.02606736469319
 20
44.26630718676061
 30
0.0
 10
28.02606736469319
 20
44.26630718676061
 30
0.0
 10
28.02606736469319
 20
44.26630718676061
 30
0.0
 10
28.47977327904749
 20
44.29688190090303
 30
0.0
 10
28.47977327904749
 20
44.29688190090303
 30
0.0
 10
28.47977327904749
 20
44.29688190090303
 30
0.0
 10
28.47008273838742
 20
44.29995961948225
 30
0.0
 10
28.47008273838742
 20
44.29995961948225
 30
0.0
 10
28.47008273838742
 20
44.29995961948225
 30
0.0
 10
27.89388525711745
 20
45.19782404414674
 30
0.0
 10
27.89388525711745
 20
45.19782404414674
 30
0.0
 10
27.89388525711745
 20
45.19782404414674
 30
0.0
 10
28.69727485543639
 20
44.49587731125818
 30
0.0
 10
28.69727485543639
 20
44.49587731125818
 30
0.0
 10
28.69727485543639
 20
44.49587731125818
 30
0.0
 10
28.69889434601503
 20
44.48583957345519
 30
0.0
 10
28.69889434601503
 20
44.48583957345519
 30
0.0
 10
28.69889434601503
 20
44.48583957345519
 30
0.0
 10
28.79584423797256
 20
44.93011942705463
 30
0.0
 10
28.79584423797256
 20
44.93011942705463
 30
0.0
 10
28.79584423797256
 20
44.93011942705463
 30
0.0
 10
28.82641895211497
 20
44.47641351270039
 30
0.0
 10
28.82641895211497
 20
44.47641351270039
 30
0.0
 10
28.82641895211497
 20
44.47641351270039
 30
0.0
 10
28.82949667069418
 20
44.48610405336035
 30
0.0
 10
28.82949667069418
 20
44.48610405336035
 30
0.0
 10
28.82949667069418
 20
44.48610405336035
 30
0.0
 10
29.7273610953587
 20
45.06230153463031
 30
0.0
 10
29.7273610953587
 20
45.06230153463031
 30
0.0
 10
29.7273610953587
 20
45.06230153463031
 30
0.0
 10
29.02541436247013
 20
44.25891193631139
 30
0.0
 10
29.02541436247013
 20
44.25891193631139
 30
0.0
 10
29.02541436247013
 20
44.25891193631139
 30
0.0
 10
29.01537662466713
 20
44.25729244573279
 30
0.0
 10
29.01537662466713
 20
44.25729244573279
 30
0.0
 10
29.01537662466713
 20
44.25729244573279
 30
0.0
 10
29.45965647826657
 20
44.16034255377519
 30
0.0
 10
29.45965647826657
 20
44.16034255377519
 30
0.0
 10
29.45965647826657
 20
44.16034255377519
 30
0.0
 10
29.00595056391233
 20
44.12976783963283
 30
0.0
 10
29.00595056391233
 20
44.12976783963283
 30
0.0
 10
29.00595056391233
 20
44.12976783963283
 30
0.0
 10
29.01564110457229
 20
44.12669012105361
 30
0.0
 10
29.01564110457229
 20
44.12669012105361
 30
0.0
 10
29.01564110457229
 20
44.12669012105361
 30
0.0
 10
29.18233350443579
 20
43.8669403294205
 30
0.0
 10
29.18233350443579
 20
43.8669403294205
 30
0.0
 10
29.65357195884745
 20
43.87956211752191
 30
0.0
 10
30.12873482810088
 20
43.86518204952827
 30
0.0
 10
30.60580700433416
 20
43.82264708785539
 30
0.0
 10
30.61194541234639
 20
43.83872676999313
 30
0.0
 10
30.62086225977284
 20
43.85411096214082
 30
0.0
 10
30.63260947634947
 20
43.86807441555563
 30
0.0
 10
30.68748154559353
 20
43.93329868188845
 30
0.0
 10
30.78346331631904
 20
43.94298312613611
 30
0.0
 10
30.8468138705431
 20
43.88968737911622
 30
0.0
 10
30.87678123903192
 20
43.86447634016956
 30
0.0
 10
30.89411312404926
 20
43.82965954330474
 30
0.0
 10
30.89824974295555
 20
43.79306215085816
 30
0.0
 10
31.40341328150983
 20
43.73588096054655
 30
0.0
 10
31.91025139255234
 20
43.64696024636719
 30
0.0
 10
32.41638206628359
 20
43.52493703074802
 30
0.0
 10
32.41149271082892
 20
43.56597698452954
 30
0.0
 10
32.42321818666989
 20
43.60934188220668
 30
0.0
 10
32.45234984220082
 20
43.64396953312711
 30
0.0
 10
32.50722191144486
 20
43.70919379945994
 30
0.0
 10
32.6032036821704
 20
43.71887824370764
 30
0.0
 10
32.66655423639446
 20
43.66558249668773
 30
0.0
 10
32.72805632641615
 20
43.61384183125644
 30
0.0
 10
32.7363384744254
 20
43.52164225655214
 30
0.0
 10
32.68656180866981
 20
43.45662602326716
 30
0.0
 10
32.68656180866981
 20
43.45662602326716
 30
0.0
 10
32.69714626297181
 20
43.45382015661393
 30
0.0
 10
32.69714626297181
 20
43.45382015661393
 30
0.0
 10
32.69714626297181
 20
43.45382015661393
 30
0.0
 10
32.68496553931774
 20
43.45457558868394
 30
0.0
 10
32.68496553931774
 20
43.45457558868394
 30
0.0
 10
32.68496553931774
 20
43.45457558868394
 30
0.0
 10
32.68191617546788
 20
43.45083926975462
 30
0.0
 10
32.68191617546788
 20
43.45083926975462
 30
0.0
 10
32.65946846884543
 20
43.4241565655032
 30
0.0
 10
32.6301408071397
 20
43.40676878355738
 30
0.0
 10
32.59898178449671
 20
43.39918532094843
 30
0.0
 10
32.55220346732887
 20
43.41235582874646
 30
0.0
 10
32.50530982380572
 20
43.42524915779434
 30
0.0
 10
32.45830272635796
 20
43.43786342605711
 30
0.0
 10
32.449545893826
 20
43.44663247019349
 30
0.0
 10
32.44210629150197
 20
43.45630896194915
 30
0.0
 10
32.43600262461764
 20
43.46663142103074
 30
0.0
 10
31.52959293068676
 20
43.49882249985133
 30
0.0
 10
30.62075965333194
 20
43.40376200578406
 30
0.0
 10
29.73027551435637
 20
43.19333601735877
 30
0.0
 10
28.99636861395215
 20
43.01991003684968
 30
0.0
 10
28.27492536344936
 20
42.76812205902684
 30
0.0
 10
27.57757463920871
 20
42.44462608614135
 30
0.0
 10
27.3445197925994
 20
42.00933456057003
 30
0.0
 10
27.04750443880011
 20
41.82666351772644
 30
0.0
 10
26.58548766228802
 20
41.92656201219766
 30
0.0
 10
26.49386064967745
 20
41.87317200550093
 30
0.0
 10
26.40278698412398
 20
41.81850620607682
 30
0.0
 10
26.31229619638912
 20
41.76258147929084
 30
0.0
 10
26.09355570845313
 20
41.40707707254522
 30
0.0
 10
25.72398606111027
 20
41.34426637405006
 30
0.0
 10
25.66547201016019
 20
41.33432154108449
 30
0.0
 10
25.5975683182752
 20
41.28626292451219
 30
0.0
 10
25.53005885809972
 20
41.2374707281046
 30
0.0
 10
25.46295744297881
 20
41.18795285800482
 30
0.0
 10
25.60394577991977
 20
40.83326339295208
 30
0.0
 10
25.11989133844174
 20
40.44501547858187
 30
0.0
 10
24.798644550605
 20
40.66261040795092
 30
0.0
 10
24.21409521226976
 20
40.1679478170133
 30
0.0
 10
23.66724571208018
 20
39.61532136492312
 30
0.0
 10
23.16853072694618
 20
39.0107017379288
 30
0.0
 10
23.13590580748886
 20
39.1056733640801
 30
0.0
 10
23.05134041403091
 20
39.01098913601811
 30
0.0
 10
22.98616912069897
 20
38.92709714207062
 30
0.0
 10
22.90761860038115
 20
38.82598268755895
 30
0.0
 10
22.96725724052825
 20
38.4323634020305
 30
0.0
 10
22.69722760503933
 20
38.40401501085896
 30
0.0
 10
22.50170577892202
 20
38.13655539566687
 30
0.0
 10
22.31524492567765
 20
37.86029531348301
 30
0.0
 10
22.13861431235258
 20
37.57567498344402
 30
0.0
 10
22.40859556711439
 20
37.29438706704202
 30
0.0
 10
22.24416476763346
 20
36.62592517566874
 30
0.0
 10
21.56084755816483
 20
36.5442325410375
 30
0.0
 10
21.22832299127863
 20
35.88277020865043
 30
0.0
 10
20.94674278399899
 20
35.18405529943884
 30
0.0
 10
20.72406698392507
 20
34.4526425100632
 30
0.0
 10
20.98960297462774
 20
33.86806127668535
 30
0.0
 10
20.62427084020393
 20
33.97917344458655
 30
0.0
 10
20.59303017631807
 20
33.99277522486004
 30
0.0
 10
20.42449341564803
 20
33.35837528840665
 30
0.0
 10
20.30565917161733
 20
32.7224378802044
 30
0.0
 10
20.23367014038399
 20
32.08986781710658
 30
0.0
 10
20.07250826833711
 20
31.73681262177817
 30
0.0
 10
19.97951073148377
 20
31.2679761652192
 30
0.0
 10
19.95581115073044
 20
30.78057389098318
 30
0.0
 10
22.31945335292944
 20
29.6693826994204
 30
0.0
 10
24.91811693070914
 20
28.56569249574009
 30
0.0
 10
27.67190083026005
 20
27.52001134935151
 30
0.0
 10
39.9365333309265
 20
22.862821300625
 30
0.0
 10
50.66348501935185
 20
21.10857159391344
 30
0.0
 10
51.61144862766594
 20
23.6050179829023
 30
0.0
 10
52.51152485954625
 20
25.97535376286795
 30
0.0
 10
44.27410088544799
 20
31.33098190686516
 30
0.0
 10
32.94129736689079
 20
35.85247827563886
 30
0.0
 10
35.07529875992248
 20
35.00228258824609
 30
0.0
 10
38.30267521354234
 20
33.64344855774047
 30
0.0
 10
41.71612248129779
 20
31.88865600973342
 30
0.0
 10
42.10742709426468
 20
31.68749326574681
 30
0.0
 10
50.04531203375216
 20
27.76501156804517
 30
0.0
 10
51.54383247764865
 20
24.82591436927009
 30
0.0
 10
52.31536526586969
 20
23.31268185658661
 30
0.0
 10
51.36121111797657
 20
21.96127799639493
 30
0.0
 10
46.15242511760051
 20
22.42800328269183
 30
0.0
 10
39.4985944461006
 20
23.02420958199158
 30
0.0
 10
28.73302719478193
 20
26.26203138880324
 30
0.0
 10
19.96375108724623
 20
30.14948860812801
 30
0.0
 10
19.9982972394047
 20
29.68477383021417
 30
0.0
 10
20.0968073143055
 20
29.24134316482859
 30
0.0
 10
20.26027608012797
 20
28.90450525719308
 30
0.0
 10
20.35411716581025
 20
28.18921325269577
 30
0.0
 10
20.50627818313139
 20
27.4902345266475
 30
0.0
 10
20.7120785171629
 20
26.81560377199452
 30
0.0
 10
20.77937764509666
 20
26.87773392014738
 30
0.0
 10
21.35878567016271
 20
25.52897470106518
 30
0.0
 10
21.25194175313331
 20
25.36844474169546
 30
0.0
 10
21.52157081559867
 20
24.76236508676796
 30
0.0
 10
21.83700812458156
 20
24.18390438874599
 30
0.0
 10
22.19417289999503
 20
23.64006772499621
 30
0.0
 10
22.31955631599332
 20
23.63600846227064
 30
0.0
 10
22.58390668596405
 20
23.31245588609224
 30
0.0
 10
22.60237034554655
 20
23.05791235959953
 30
0.0
 10
22.89918676623572
 20
22.6610676746765
 30
0.0
 10
23.21965611070944
 20
22.28608230116623
 30
0.0
 10
23.56193906528465
 20
21.93611358536447
 30
0.0
 10
23.31293112441865
 20
21.80978571798312
 30
0.0
 10
23.78556026570185
 20
21.3599578272555
 30
0.0
 10
23.96133730011954
 20
21.54830078547823
 30
0.0
 10
24.05163903184393
 20
21.4650708186181
 30
0.0
 10
24.14327978106458
 20
21.38350335684211
 30
0.0
 10
24.23623017463433
 20
21.30364882179222
 30
0.0
 10
24.31306091291541
 20
21.28686550430697
 30
0.0
 10
24.40244816053244
 20
21.212802891618
 30
0.0
 10
24.47675038158252
 20
21.10321711402437
 30
0.0
 10
25.05086726596997
 20
20.63928724087481
 30
0.0
 10
25.67174120871568
 20
20.23926866022197
 30
0.0
 10
26.33292212203199
 20
19.91423352505831
 30
0.0
 10
25.71998089231361
 20
20.07700455284038
 30
0.0
 10
25.13029233018284
 20
20.28303274204765
 30
0.0
 10
24.56630399956254
 20
20.52811661263775
 30
0.0
 10
24.43450088904217
 20
20.40093295415122
 30
0.0
 10
24.24949397902721
 20
20.65488950833031
 30
0.0
 10
24.23149778932259
 20
20.67959264144764
 30
0.0
 10
23.05242654199701
 20
21.23442026795891
 30
0.0
 10
21.99214188285525
 20
21.96258839469283
 30
0.0
 10
21.07428704929476
 20
22.82351128943657
 30
0.0
 10
21.24022156292329
 20
23.18602269089521
 30
0.0
 10
21.06911142725183
 20
23.36751366164182
 30
0.0
 10
20.78550115786162
 20
23.10345131286758
 30
0.0
 10
20.6483498055926
 20
23.2408459338306
 30
0.0
 10
20.51466242948976
 20
23.38130961897934
 30
0.0
 10
20.38452633544565
 20
23.52469245675897
 30
0.0
 10
20.19378232027886
 20
23.63876140926334
 30
0.0
 10
20.12422435669675
 20
23.8048430920806
 30
0.0
 10
20.11092497282001
 20
23.83659767402827
 30
0.0
 10
19.88671913889844
 20
24.10109390626639
 30
0.0
 10
19.67413674203175
 20
24.37463456648852
 30
0.0
 10
19.47368161170853
 20
24.65635479307018
 30
0.0
 10
19.19651696713148
 20
24.75889895542097
 30
0.0
 10
19.13498580549601
 20
25.1204068737502
 30
0.0
 10
19.12623084875715
 20
25.17184400091644
 30
0.0
 10
18.6037345959724
 20
25.99111242652108
 30
0.0
 10
18.17960809954236
 20
26.87101105170312
 30
0.0
 10
17.86506931072151
 20
27.79228325655781
 30
0.0
 10
17.7960628326938
 20
27.99440061829924
 30
0.0
 10
17.84668656017713
 20
27.81409176271154
 30
0.0
 10
17.70540694182759
 20
28.29548064195465
 30
0.0
 10
17.67348196570622
 20
28.40426015774376
 30
0.0
 10
17.64306582193022
 20
28.51355194955582
 30
0.0
 10
17.61417614228364
 20
28.62332575085668
 30
0.0
 10
17.61417614228364
 20
28.62332575085668
 30
0.0
 10
16.96752784716882
 20
29.44641422370519
 30
0.0
 10
16.96752784716882
 20
29.44641422370519
 30
0.0
 10
16.96752784716882
 20
29.44641422370519
 30
0.0
 10
16.96780032945124
 20
29.45657811485677
 30
0.0
 10
16.96780032945124
 20
29.45657811485677
 30
0.0
 10
16.96780032945124
 20
29.45657811485677
 30
0.0
 10
16.79004235529274
 20
29.03802588097429
 30
0.0
 10
16.79004235529274
 20
29.03802588097429
 30
0.0
 10
16.79004235529274
 20
29.03802588097429
 30
0.0
 10
16.84424358347584
 20
29.48951906666861
 30
0.0
 10
16.84424358347584
 20
29.48951906666861
 30
0.0
 10
16.84424358347584
 20
29.48951906666861
 30
0.0
 10
16.83942004319405
 20
29.48056851422277
 30
0.0
 10
16.83942004319405
 20
29.48056851422277
 30
0.0
 10
16.83942004319405
 20
29.48056851422277
 30
0.0
 10
15.85018076678795
 20
29.08110673067453
 30
0.0
 10
15.85018076678795
 20
29.08110673067453
 30
0.0
 10
15.85018076678795
 20
29.08110673067453
 30
0.0
 10
16.68909442166257
 20
29.74018786541058
 30
0.0
 10
16.68909442166257
 20
29.74018786541058
 30
0.0
 10
16.68909442166257
 20
29.74018786541058
 30
0.0
 10
16.69925831281419
 20
29.73991538312816
 30
0.0
 10
16.69925831281419
 20
29.73991538312816
 30
0.0
 10
16.69925831281419
 20
29.73991538312816
 30
0.0
 10
16.28070607893169
 20
29.91767335728667
 30
0.0
 10
16.28070607893169
 20
29.91767335728667
 30
0.0
 10
16.28070607893169
 20
29.91767335728667
 30
0.0
 10
16.73219926462597
 20
29.86347212910357
 30
0.0
 10
16.73219926462597
 20
29.86347212910357
 30
0.0
 10
16.73219926462597
 20
29.86347212910357
 30
0.0
 10
16.72324871218016
 20
29.86829566938535
 30
0.0
 10
16.72324871218016
 20
29.86829566938535
 30
0.0
 10
16.72324871218016
 20
29.86829566938535
 30
0.0
 10
16.32378692863192
 20
30.85753494579146
 30
0.0
 10
16.32378692863192
 20
30.85753494579146
 30
0.0
 10
16.32378692863192
 20
30.85753494579146
 30
0.0
 10
16.98286806336795
 20
30.0186212909168
 30
0.0
 10
16.98286806336795
 20
30.0186212909168
 30
0.0
 10
16.98286806336795
 20
30.0186212909168
 30
0.0
 10
16.98259558108553
 20
30.00845739976525
 30
0.0
 10
16.98259558108553
 20
30.00845739976525
 30
0.0
 10
16.98259558108553
 20
30.00845739976525
 30
0.0
 10
17.16035355524403
 20
30.42700963364769
 30
0.0
 10
17.16035355524403
 20
30.42700963364769
 30
0.0
 10
17.16035355524403
 20
30.42700963364769
 30
0.0
 10
17.1061523270609
 20
29.97551644795341
 30
0.0
 10
17.1061523270609
 20
29.97551644795341
 30
0.0
 10
17.1061523270609
 20
29.97551644795341
 30
0.0
 10
17.11097586734272
 20
29.98446700039925
 30
0.0
 10
17.11097586734272
 20
29.98446700039925
 30
0.0
 10
17.11097586734272
 20
29.98446700039925
 30
0.0
 10
17.32651912259528
 20
30.07150488418382
 30
0.0
 10
17.32651912259528
 20
30.07150488418382
 30
0.0
 10
17.26629493410872
 20
30.51594914815516
 30
0.0
 10
17.23069958008081
 20
30.96578996315473
 30
0.0
 10
17.22079522169653
 20
31.41920403447264
 30
0.0
  0
SPLINE
  5
E9
330
1F
100
AcDbEntity
  8
0
  6
Continuous
 62
    18
420
        0
370
     9
100
AcDbSpline
210
0.0
220
0.0
230
1.0
 70
    11
 71
     3
 72
    17
 73
    13
 74
     0
 42
0.000000001
 43
0.0
 40
0.0
 40
0.0
 40
0.0
 40
0.0
 40
1.0
 40
1.0
 40
1.0
 40
2.0
 40
2.0
 40
2.0
 40
3.0
 40
3.0
 40
3.0
 40
4.0
 40
4.0
 40
4.0
 40
4.0
 10
28.76674538871253
 20
43.84877329643658
 30
0.0
 10
28.80290735032465
 20
43.85096716539827
 30
0.0
 10
28.83909620241923
 20
43.85300235726424
 30
0.0
 10
28.87531101980824
 20
43.85487834264518
 30
0.0
 10
28.87531101980824
 20
43.85487834264518
 30
0.0
 10
28.78844898752334
 20
43.93077242927768
 30
0.0
 10
28.78844898752334
 20
43.93077242927768
 30
0.0
 10
28.78844898752334
 20
43.93077242927768
 30
0.0
 10
28.7868294969447
 20
43.94081016708068
 30
0.0
 10
28.7868294969447
 20
43.94081016708068
 30
0.0
 10
28.7868294969447
 20
43.94081016708068
 30
0.0
 10
28.76674538871253
 20
43.84877329643658
 30
0.0
 10
28.76674538871253
 20
43.84877329643658
 30
0.0
  0
SPLINE
  5
EA
330
1F
100
AcDbEntity
  8
0
  6
Continuous
 62
    18
420
        0
370
     9
100
AcDbSpline
210
0.0
220
0.0
230
1.0
 70
    11
 71
     3
 72
    17
 73
    13
 74
     0
 42
0.000000001
 43
0.0
 40
0.0
 40
0.0
 40
0.0
 40
0.0
 40
1.0
 40
1.0
 40
1.0
 40
2.0
 40
2.0
 40
2.0
 40
3.0
 40
3.0
 40
3.0
 40
4.0
 40
4.0
 40
4.0
 40
4.0
 10
17.60310406425668
 20
28.66570885979593
 30
0.0
 10
17.52501542915982
 20
28.96685703842736
 30
0.0
 10
17.45840615775479
 20
29.27159542925183
 30
0.0
 10
17.4036390572713
 20
29.57930124121273
 30
0.0
 10
17.4036390572713
 20
29.57930124121273
 30
0.0
 10
17.2181966459108
 20
29.60156338551845
 30
0.0
 10
17.2181966459108
 20
29.60156338551845
 30
0.0
 10
17.2181966459108
 20
29.60156338551845
 30
0.0
 10
17.22714719835661
 20
29.59673984523668
 30
0.0
 10
17.22714719835661
 20
29.59673984523668
 30
0.0
 10
17.22714719835661
 20
29.59673984523668
 30
0.0
 10
17.60310406425668
 20
28.66570885979593
 30
0.0
 10
17.60310406425668
 20
28.66570885979593
 30
0.0
  0
SPLINE
  5
EB
330
1F
100
AcDbEntity
  8
0
  6
Continuous
 62
    18
420
        0
370
     9
100
AcDbSpline
210
0.0
220
0.0
230
1.0
 70
    11
 71
     3
 72
    17
 73
    13
 74
     0
 42
0.000000001
 43
0.0
 40
0.0
 40
0.0
 40
0.0
 40
0.0
 40
1.0
 40
1.0
 40
1.0
 40
2.0
 40
2.0
 40
2.0
 40
3.0
 40
3.0
 40
3.0
 40
4.0
 40
4.0
 40
4.0
 40
4.0
 10
17.38839386573178
 20
29.66682777472981
 30
0.0
 10
17.38046451003213
 20
29.71336837301271
 30
0.0
 10
17.37280586953714
 20
29.75997526624377
 30
0.0
 10
17.36541919280851
 20
29.80664631115523
 30
0.0
 10
17.36541919280851
 20
29.80664631115523
 30
0.0
 10
17.2613014888742
 20
29.72484764921147
 30
0.0
 10
17.2613014888742
 20
29.72484764921147
 30
0.0
 10
17.2613014888742
 20
29.72484764921147
 30
0.0
 10
17.25113759772264
 20
29.72512013149387
 30
0.0
 10
17.25113759772264
 20
29.72512013149387
 30
0.0
 10
17.25113759772264
 20
29.72512013149387
 30
0.0
 10
17.38839386573178
 20
29.66682777472981
 30
0.0
 10
17.38839386573178
 20
29.66682777472981
 30
0.0
  0
SPLINE
  5
EC
330
1F
100
AcDbEntity
  8
0
  6
Continuous
 62
    18
420
        0
370
     9
100
AcDbSpline
210
0.0
220
0.0
230
1.0
 70
    11
 71
     3
 72
    17
 73
    13
 74
     0
 42
0.000000001
 43
0.0
 40
0.0
 40
0.0
 40
0.0
 40
0.0
 40
1.0
 40
1.0
 40
1.0
 40
2.0
 40
2.0
 40
2.0
 40
3.0
 40
3.0
 40
3.0
 40
4.0
 40
4.0
 40
4.0
 40
4.0
 10
12.02928254881136
 20
45.79958947268942
 30
0.0
 10
12.0383049424324
 20
45.80118578818634
 30
0.0
 10
12.04759973013434
 20
45.80201962255043
 30
0.0
 10
12.05709344827951
 20
45.80201962255043
 30
0.0
 10
12.14232929110267
 20
45.80201962255043
 30
0.0
 10
12.21152998115216
 20
45.73480687622452
 30
0.0
 10
12.21152998115216
 20
45.65201962255041
 30
0.0
 10
12.21152998115216
 20
45.60477732500549
 30
0.0
 10
12.188995607326
 20
45.56260667877632
 30
0.0
 10
12.15380631066799
 20
45.53510332565561
 30
0.0
 10
12.15380631066799
 20
45.53510332565561
 30
0.0
 10
12.02928254881136
 20
45.79958947268942
 30
0.0
 10
12.02928254881136
 20
45.79958947268942
 30
0.0
  0
SPLINE
  5
ED
330
1F
100
AcDbEntity
  8
0
  6
Continuous
 62
    18
420
        0
370
     9
100
AcDbSpline
210
0.0
220
0.0
230
1.0
 70
    11
 71
     3
 72
    14
 73
    10
 74
     0
 42
0.000000001
 43
0.0
 40
0.0
 40
0.0
 40
0.0
 40
0.0
 40
1.0
 40
1.0
 40
1.0
 40
2.0
 40
2.0
 40
2.0
 40
3.0
 40
3.0
 40
3.0
 40
3.0
 10
15.51256849918723
 20
31.77993321316468
 30
0.0
 10
15.46799504112495
 20
31.7213332172131
 30
0.0
 10
15.40879422315748
 20
31.68559755227494
 30
0.0
 10
15.3438670360758
 20
31.68559755227494
 30
0.0
 10
15.21749099397526
 20
31.68559755227494
 30
0.0
 10
15.11280975246541
 20
31.82098493463674
 30
0.0
 10
15.09546093352924
 20
31.99684400177873
 30
0.0
 10
15.2335022678092
 20
31.92445492661872
 30
0.0
 10
15.37254946884554
 20
31.85214763159105
 30
0.0
 10
15.51256849918723
 20
31.77993321316468
 30
0.0
  0
SPLINE
  5
EE
330
1F
100
AcDbEntity
  8
0
  6
Continuous
 62
    18
420
        0
370
     9
100
AcDbSpline
210
0.0
220
0.0
230
1.0
 70
    11
 71
     3
 72
    17
 73
    13
 74
     0
 42
0.000000001
 43
0.0
 40
0.0
 40
0.0
 40
0.0
 40
0.0
 40
1.0
 40
1.0
 40
1.0
 40
2.0
 40
2.0
 40
2.0
 40
3.0
 40
3.0
 40
3.0
 40
4.0
 40
4.0
 40
4.0
 40
4.0
 10
38.83455251388522
 20
8.492935686601271
 30
0.0
 10
38.89399028265252
 20
8.56358702003405
 30
0.0
 10
39.01580680652511
 20
8.559061656151954
 30
0.0
 10
39.10641283175254
 20
8.482836343553743
 30
0.0
 10
39.19701885697997
 20
8.406611030955503
 30
0.0
 10
39.22232352674377
 20
8.287365829396634
 30
0.0
 10
39.16288575797653
 20
8.216714495963885
 30
0.0
 10
39.10344798920926
 20
8.146063162531192
 30
0.0
 10
38.9816314653366
 20
8.150588526413287
 30
0.0
 10
38.89102544010918
 20
8.22681383901147
 30
0.0
 10
38.80041941488174
 20
8.303039151609653
 30
0.0
 10
38.77511474511794
 20
8.422284353168521
 30
0.0
 10
38.83455251388522
 20
8.492935686601271
 30
0.0
  0
SPLINE
  5
EF
330
1F
100
AcDbEntity
  8
0
  6
Continuous
 62
    18
420
        0
370
     9
100
AcDbSpline
210
0.0
220
0.0
230
1.0
 70
    11
 71
     3
 72
    17
 73
    13
 74
     0
 42
0.000000001
 43
0.0
 40
0.0
 40
0.0
 40
0.0
 40
0.0
 40
1.0
 40
1.0
 40
1.0
 40
2.0
 40
2.0
 40
2.0
 40
3.0
 40
3.0
 40
3.0
 40
4.0
 40
4.0
 40
4.0
 40
4.0
 10
43.53231690743932
 20
30.18632194813183
 30
0.0
 10
43.62464490574892
 20
30.18632194813183
 30
0.0
 10
43.69960352623406
 20
30.09019209001458
 30
0.0
 10
43.69960352623406
 20
29.97178706441092
 30
0.0
 10
43.69960352623406
 20
29.85338203880727
 30
0.0
 10
43.62464490574892
 20
29.75725218068993
 30
0.0
 10
43.53231690743932
 20
29.75725218068993
 30
0.0
 10
43.43998890912977
 20
29.75725218068993
 30
0.0
 10
43.36503028864466
 20
29.85338203880727
 30
0.0
 10
43.36503028864466
 20
29.97178706441092
 30
0.0
 10
43.36503028864466
 20
30.09019209001458
 30
0.0
 10
43.43998890912977
 20
30.18632194813183
 30
0.0
 10
43.53231690743932
 20
30.18632194813183
 30
0.0
  0
SPLINE
  5
F0
330
1F
100
AcDbEntity
  8
0
  6
Continuous
 62
    18
420
        0
370
     9
100
AcDbSpline
210
0.0
220
0.0
230
1.0
 70
    11
 71
     3
 72
    17
 73
    13
 74
     0
 42
0.000000001
 43
0.0
 40
0.0
 40
0.0
 40
0.0
 40
0.0
 40
1.0
 40
1.0
 40
1.0
 40
2.0
 40
2.0
 40
2.0
 40
3.0
 40
3.0
 40
3.0
 40
4.0
 40
4.0
 40
4.0
 40
4.0
 10
43.04066626368393
 20
11.41993119367467
 30
0.0
 10
43.095538332928
 20
11.48515546000749
 30
0.0
 10
43.19152010365352
 20
11.49483990425514
 30
0.0
 10
43.25487065787754
 20
11.44154415723526
 30
0.0
 10
43.3182212121016
 20
11.3882484102154
 30
0.0
 10
43.32510466619506
 20
11.292025196635
 30
0.0
 10
43.27023259695104
 20
11.2268009303022
 30
0.0
 10
43.21536052770694
 20
11.16157666396936
 30
0.0
 10
43.11937875698144
 20
11.1518922197217
 30
0.0
 10
43.05602820275738
 20
11.20518796674156
 30
0.0
 10
42.99267764853334
 20
11.25848371376145
 30
0.0
 10
42.9857941944399
 20
11.35470692734182
 30
0.0
 10
43.04066626368393
 20
11.41993119367467
 30
0.0
  0
SPLINE
  5
F1
330
1F
100
AcDbEntity
  8
0
  6
Continuous
 62
    18
420
        0
370
     9
100
AcDbSpline
210
0.0
220
0.0
230
1.0
 70
    11
 71
     3
 72
    23
 73
    19
 74
     0
 42
0.000000001
 43
0.0
 40
0.0
 40
0.0
 40
0.0
 40
0.0
 40
1.0
 40
1.0
 40
1.0
 40
2.0
 40
2.0
 40
2.0
 40
3.0
 40
3.0
 40
3.0
 40
4.0
 40
4.0
 40
4.0
 40
5.0
 40
5.0
 40
5.0
 40
6.0
 40
6.0
 40
6.0
 40
6.0
 10
39.10570341699202
 20
38.8220598101812
 30
0.0
 10
39.09427040012345
 20
38.85108155051113
 30
0.0
 10
39.08782844491524
 20
38.88387830461633
 30
0.0
 10
39.08782844491524
 20
38.91858938999223
 30
0.0
 10
39.08782844491524
 20
39.03699441559594
 30
0.0
 10
39.16278706540037
 20
39.13312427371316
 30
0.0
 10
39.25511506370992
 20
39.13312427371316
 30
0.0
 10
39.34744306201952
 20
39.13312427371316
 30
0.0
 10
39.42240168250461
 20
39.03699441559594
 30
0.0
 10
39.42240168250461
 20
38.91858938999223
 30
0.0
 10
39.42240168250461
 20
38.80018436438858
 30
0.0
 10
39.34744306201952
 20
38.70405450627129
 30
0.0
 10
39.25511506370992
 20
38.70405450627129
 30
0.0
 10
39.22241757157354
 20
38.70405450627129
 30
0.0
 10
39.1918985229847
 20
38.71611098125038
 30
0.0
 10
39.16611582328048
 20
38.73694357373498
 30
0.0
 10
39.14609830970232
 20
38.76540669075318
 30
0.0
 10
39.12596059359221
 20
38.79377901731981
 30
0.0
 10
39.10570341699202
 20
38.8220598101812
 30
0.0
  0
SPLINE
  5
F2
330
1F
100
AcDbEntity
  8
0
  6
Continuous
 62
    18
420
        0
370
     9
100
AcDbSpline
210
0.0
220
0.0
230
1.0
 70
    11
 71
     3
 72
    14
 73
    10
 74
     0
 42
0.000000001
 43
0.0
 40
0.0
 40
0.0
 40
0.0
 40
0.0
 40
1.0
 40
1.0
 40
1.0
 40
2.0
 40
2.0
 40
2.0
 40
3.0
 40
3.0
 40
3.0
 40
3.0
 10
47.82193034342078
 20
27.7821361225384
 30
0.0
 10
47.79858211608999
 20
27.76625204590889
 30
0.0
 10
47.77195802270725
 20
27.75725218068993
 30
0.0
 10
47.74370777422119
 20
27.75725218068993
 30
0.0
 10
47.65634227684059
 20
27.75725218068993
 30
0.0
 10
47.58452917630734
 20
27.84332605837423
 30
0.0
 10
47.57706185990854
 20
27.95289927101177
 30
0.0
 10
47.65982238870656
 20
27.89575887249718
 30
0.0
 10
47.74145005136392
 20
27.83883483644921
 30
0.0
 10
47.82193034342078
 20
27.7821361225384
 30
0.0
  0
SPLINE
  5
F3
330
1F
100
AcDbEntity
  8
0
  6
Continuous
 62
    18
420
        0
370
     9
100
AcDbSpline
210
0.0
220
0.0
230
1.0
 70
    11
 71
     3
 72
    17
 73
    13
 74
     0
 42
0.000000001
 43
0.0
 40
0.0
 40
0.0
 40
0.0
 40
0.0
 40
1.0
 40
1.0
 40
1.0
 40
2.0
 40
2.0
 40
2.0
 40
3.0
 40
3.0
 40
3.0
 40
4.0
 40
4.0
 40
4.0
 40
4.0
 10
46.54829892683189
 20
26.30712534818021
 30
0.0
 10
46.68679092429633
 20
26.30712534818021
 30
0.0
 10
46.79922885502396
 20
26.14453376866248
 30
0.0
 10
46.79922885502396
 20
25.9442665414682
 30
0.0
 10
46.79922885502396
 20
25.74399931427392
 30
0.0
 10
46.68679092429633
 20
25.5814077347562
 30
0.0
 10
46.54829892683189
 20
25.5814077347562
 30
0.0
 10
46.4098069293676
 20
25.5814077347562
 30
0.0
 10
46.2973689986399
 20
25.74399931427392
 30
0.0
 10
46.2973689986399
 20
25.9442665414682
 30
0.0
 10
46.2973689986399
 20
26.14453376866248
 30
0.0
 10
46.4098069293676
 20
26.30712534818021
 30
0.0
 10
46.54829892683189
 20
26.30712534818021
 30
0.0
  0
SPLINE
  5
F4
330
1F
100
AcDbEntity
  8
0
  6
Continuous
 62
    18
420
        0
370
     9
100
AcDbSpline
210
0.0
220
0.0
230
1.0
 70
    11
 71
     3
 72
    17
 73
    13
 74
     0
 42
0.000000001
 43
0.0
 40
0.0
 40
0.0
 40
0.0
 40
0.0
 40
1.0
 40
1.0
 40
1.0
 40
2.0
 40
2.0
 40
2.0
 40
3.0
 40
3.0
 40
3.0
 40
4.0
 40
4.0
 40
4.0
 40
4.0
 10
47.09489161335512
 20
26.13708925456594
 30
0.0
 10
47.15432938212238
 20
26.20774058799869
 30
0.0
 10
47.27614590599502
 20
26.20321522411659
 30
0.0
 10
47.36675193122246
 20
26.12698991151841
 30
0.0
 10
47.45735795644989
 20
26.05076459892021
 30
0.0
 10
47.48266262621367
 20
25.9315193973613
 30
0.0
 10
47.4232248574464
 20
25.86086806392855
 30
0.0
 10
47.36378708867918
 20
25.79021673049586
 30
0.0
 10
47.24197056480654
 20
25.79474209437795
 30
0.0
 10
47.15136453957906
 20
25.87096740697612
 30
0.0
 10
47.06075851435167
 20
25.94719271957429
 30
0.0
 10
47.03545384458786
 20
26.0664379211332
 30
0.0
 10
47.09489161335512
 20
26.13708925456594
 30
0.0
  0
SPLINE
  5
F5
330
1F
100
AcDbEntity
  8
0
  6
Continuous
 62
    18
420
        0
370
     9
100
AcDbSpline
210
0.0
220
0.0
230
1.0
 70
    11
 71
     3
 72
    44
 73
    40
 74
     0
 42
0.000000001
 43
0.0
 40
0.0
 40
0.0
 40
0.0
 40
0.0
 40
1.0
 40
1.0
 40
1.0
 40
2.0
 40
2.0
 40
2.0
 40
3.0
 40
3.0
 40
3.0
 40
4.0
 40
4.0
 40
4.0
 40
5.0
 40
5.0
 40
5.0
 40
6.0
 40
6.0
 40
6.0
 40
7.0
 40
7.0
 40
7.0
 40
8.0
 40
8.0
 40
8.0
 40
9.0
 40
9.0
 40
9.0
 40
10.0
 40
10.0
 40
10.0
 40
11.0
 40
11.0
 40
11.0
 40
12.0
 40
12.0
 40
12.0
 40
13.0
 40
13.0
 40
13.0
 40
13.0
 10
45.87923021795455
 20
21.91281798830408
 30
0.0
 10
45.87923021795455
 20
21.91281798830408
 30
0.0
 10
46.3831629685064
 20
21.38561773797454
 30
0.0
 10
46.3831629685064
 20
21.38561773797454
 30
0.0
 10
46.3831629685064
 20
21.38561773797454
 30
0.0
 10
45.18881666478048
 20
21.91725545210255
 30
0.0
 10
45.18881666478048
 20
21.91725545210255
 30
0.0
 10
45.18881666478048
 20
21.91725545210255
 30
0.0
 10
45.18538737005058
 20
21.93065151167858
 30
0.0
 10
45.18538737005058
 20
21.93065151167858
 30
0.0
 10
45.18538737005058
 20
21.93065151167858
 30
0.0
 10
45.10393795247463
 20
21.23873144087352
 30
0.0
 10
45.10393795247463
 20
21.23873144087352
 30
0.0
 10
45.10393795247463
 20
21.23873144087352
 30
0.0
 10
45.00789044323066
 20
21.86925817494992
 30
0.0
 10
45.00789044323066
 20
21.86925817494992
 30
0.0
 10
45.00789044323066
 20
21.86925817494992
 30
0.0
 10
45.00478186095278
 20
21.85360076870259
 30
0.0
 10
45.00478186095278
 20
21.85360076870259
 30
0.0
 10
45.00478186095278
 20
21.85360076870259
 30
0.0
 10
44.81908591641297
 20
21.63988303748047
 30
0.0
 10
44.81908591641297
 20
21.63988303748047
 30
0.0
 10
44.86217370577393
 20
21.60105667186846
 30
0.0
 10
44.89035553018486
 20
21.53683014103387
 30
0.0
 10
44.89035553018486
 20
21.46422892487604
 30
0.0
 10
44.89035553018486
 20
21.34582389927235
 30
0.0
 10
44.81539690969973
 20
21.2496940411551
 30
0.0
 10
44.72306891139018
 20
21.2496940411551
 30
0.0
 10
44.65999845564965
 20
21.2496940411551
 30
0.0
 10
44.60503330488197
 20
21.29455240193843
 30
0.0
 10
44.57653119063013
 20
21.36072645266665
 30
0.0
 10
44.57653119063013
 20
21.36072645266665
 30
0.0
 10
43.83121368876191
 20
20.50293946149591
 30
0.0
 10
43.83121368876191
 20
20.50293946149591
 30
0.0
 10
43.83121368876191
 20
20.50293946149591
 30
0.0
 10
44.70307576589891
 20
22.05651489563093
 30
0.0
 10
44.70307576589891
 20
22.05651489563093
 30
0.0
 10
45.10658968799149
 20
22.00089396315292
 30
0.0
 10
45.49898536220437
 20
21.95288278541116
 30
0.0
 10
45.87923021795455
 20
21.91281798830408
 30
0.0
  0
SPLINE
  5
F6
330
1F
100
AcDbEntity
  8
0
  6
Continuous
 62
    18
420
        0
370
     9
100
AcDbSpline
210
0.0
220
0.0
230
1.0
 70
    11
 71
     3
 72
    17
 73
    13
 74
     0
 42
0.000000001
 43
0.0
 40
0.0
 40
0.0
 40
0.0
 40
0.0
 40
1.0
 40
1.0
 40
1.0
 40
2.0
 40
2.0
 40
2.0
 40
3.0
 40
3.0
 40
3.0
 40
4.0
 40
4.0
 40
4.0
 40
4.0
 10
43.11432370774754
 20
28.67786886607743
 30
0.0
 10
43.17376147651486
 20
28.7485201995102
 30
0.0
 10
43.29557800038748
 20
28.7439948356281
 30
0.0
 10
43.38618402561492
 20
28.66776952302992
 30
0.0
 10
43.47679005084233
 20
28.59154421043169
 30
0.0
 10
43.50209472060613
 20
28.47229900887281
 30
0.0
 10
43.44265695183887
 20
28.40164767544009
 30
0.0
 10
43.3832191830716
 20
28.33099634200737
 30
0.0
 10
43.26140265919896
 20
28.33552170588946
 30
0.0
 10
43.17079663397153
 20
28.41174701848762
 30
0.0
 10
43.08019060874413
 20
28.48797233108583
 30
0.0
 10
43.0548859389803
 20
28.60721753264475
 30
0.0
 10
43.11432370774754
 20
28.67786886607743
 30
0.0
  0
SPLINE
  5
F7
330
1F
100
AcDbEntity
  8
0
  6
Continuous
 62
    18
420
        0
370
     9
100
AcDbSpline
210
0.0
220
0.0
230
1.0
 70
    11
 71
     3
 72
    17
 73
    13
 74
     0
 42
0.000000001
 43
0.0
 40
0.0
 40
0.0
 40
0.0
 40
0.0
 40
1.0
 40
1.0
 40
1.0
 40
2.0
 40
2.0
 40
2.0
 40
3.0
 40
3.0
 40
3.0
 40
4.0
 40
4.0
 40
4.0
 40
4.0
 10
27.1919709130362
 20
6.659623715633046
 30
0.0
 10
27.24684298228026
 20
6.724847981965866
 30
0.0
 10
27.34282475300578
 20
6.734532426213576
 30
0.0
 10
27.40617530722986
 20
6.68123667919366
 30
0.0
 10
27.4695258614539
 20
6.627940932173829
 30
0.0
 10
27.47640931554732
 20
6.531717718593455
 30
0.0
 10
27.42153724630331
 20
6.466493452260579
 30
0.0
 10
27.36666517705927
 20
6.40126918592776
 30
0.0
 10
27.27068340633373
 20
6.391584741680077
 30
0.0
 10
27.20733285210967
 20
6.444880488699994
 30
0.0
 10
27.14398229788561
 20
6.498176235719882
 30
0.0
 10
27.13709884379216
 20
6.594399449300226
 30
0.0
 10
27.1919709130362
 20
6.659623715633046
 30
0.0
  0
SPLINE
  5
F8
330
1F
100
AcDbEntity
  8
0
  6
Continuous
 62
    18
420
        0
370
     9
100
AcDbSpline
210
0.0
220
0.0
230
1.0
 70
    11
 71
     3
 72
    26
 73
    22
 74
     0
 42
0.000000001
 43
0.0
 40
0.0
 40
0.0
 40
0.0
 40
0.0
 40
1.0
 40
1.0
 40
1.0
 40
2.0
 40
2.0
 40
2.0
 40
3.0
 40
3.0
 40
3.0
 40
4.0
 40
4.0
 40
4.0
 40
5.0
 40
5.0
 40
5.0
 40
6.0
 40
6.0
 40
6.0
 40
7.0
 40
7.0
 40
7.0
 40
7.0
 10
18.15529465050067
 20
17.10322376590594
 30
0.0
 10
18.20825363132263
 20
17.10504673658536
 30
0.0
 10
18.26721704543726
 20
17.08480590535891
 30
0.0
 10
18.31682462356617
 20
17.04307189108528
 30
0.0
 10
18.4074306487936
 20
16.96684657848706
 30
0.0
 10
18.43273531855741
 20
16.84760137692817
 30
0.0
 10
18.37329754979012
 20
16.77695004349545
 30
0.0
 10
18.32145089507588
 20
16.71532196818981
 30
0.0
 10
18.22214145878307
 20
16.71089437978756
 30
0.0
 10
18.13748484229165
 20
16.76135974247566
 30
0.0
 10
18.09572583753155
 20
16.71674460574792
 30
0.0
 10
18.03865689611142
 20
16.68924005872429
 30
0.0
 10
17.97576856462948
 20
16.68924005872429
 30
0.0
 10
17.84791480039472
 20
16.68924005872429
 30
0.0
 10
17.74411376532048
 20
16.80292197611064
 30
0.0
 10
17.74411376532048
 20
16.94294621626278
 30
0.0
 10
17.74411376532048
 20
17.08297045641484
 30
0.0
 10
17.84791480039472
 20
17.19665237380121
 30
0.0
 10
17.97576856462948
 20
17.19665237380121
 30
0.0
 10
18.04813764644449
 20
17.19665237380121
 30
0.0
 10
18.11280047197226
 20
17.16022981298664
 30
0.0
 10
18.15529465050067
 20
17.10322376590594
 30
0.0
  0
SPLINE
  5
F9
330
1F
100
AcDbEntity
  8
0
  6
Continuous
 62
    18
420
        0
370
     9
100
AcDbSpline
210
0.0
220
0.0
230
1.0
 70
    11
 71
     3
 72
    14
 73
    10
 74
     0
 42
0.000000001
 43
0.0
 40
0.0
 40
0.0
 40
0.0
 40
0.0
 40
1.0
 40
1.0
 40
1.0
 40
2.0
 40
2.0
 40
2.0
 40
3.0
 40
3.0
 40
3.0
 40
3.0
 10
45.91550517443064
 20
23.06792788499834
 30
0.0
 10
45.94619204801101
 20
23.11353815536495
 30
0.0
 10
45.99158579003855
 20
23.14242659929462
 30
0.0
 10
46.04219928696018
 20
23.14242659929462
 30
0.0
 10
46.10323928682811
 20
23.14242659929462
 30
0.0
 10
46.15668745677514
 20
23.10041003770431
 30
0.0
 10
46.18590259901051
 20
23.03771823234075
 30
0.0
 10
46.09663021012875
 20
23.0472834226656
 30
0.0
 10
46.00649334539472
 20
23.057354062353
 30
0.0
 10
45.91550517443064
 20
23.06792788499834
 30
0.0
  0
SPLINE
  5
FA
330
1F
100
AcDbEntity
  8
0
  6
Continuous
 62
    18
420
        0
370
     9
100
AcDbSpline
210
0.0
220
0.0
230
1.0
 70
    11
 71
     3
 72
    17
 73
    13
 74
     0
 42
0.000000001
 43
0.0
 40
0.0
 40
0.0
 40
0.0
 40
0.0
 40
1.0
 40
1.0
 40
1.0
 40
2.0
 40
2.0
 40
2.0
 40
3.0
 40
3.0
 40
3.0
 40
4.0
 40
4.0
 40
4.0
 40
4.0
 10
39.14353707222559
 20
24.79107374549967
 30
0.0
 10
39.20297484099289
 20
24.86172507893242
 30
0.0
 10
39.3247913648655
 20
24.85719971505031
 30
0.0
 10
39.41539739009293
 20
24.78097440245215
 30
0.0
 10
39.50600341532033
 20
24.70474908985393
 30
0.0
 10
39.53130808508417
 20
24.58550388829504
 30
0.0
 10
39.4718703163169
 20
24.51485255486229
 30
0.0
 10
39.41243254754963
 20
24.44420122142955
 30
0.0
 10
39.29061602367695
 20
24.44872658531169
 30
0.0
 10
39.20000999844955
 20
24.5249518979098
 30
0.0
 10
39.10940397322215
 20
24.60117721050804
 30
0.0
 10
39.08409930345829
 20
24.72042241206694
 30
0.0
 10
39.14353707222559
 20
24.79107374549967
 30
0.0
  0
SPLINE
  5
FB
330
1F
100
AcDbEntity
  8
0
  6
Continuous
 62
    18
420
        0
370
     9
100
AcDbSpline
210
0.0
220
0.0
230
1.0
 70
    11
 71
     3
 72
    17
 73
    13
 74
     0
 42
0.000000001
 43
0.0
 40
0.0
 40
0.0
 40
0.0
 40
0.0
 40
1.0
 40
1.0
 40
1.0
 40
2.0
 40
2.0
 40
2.0
 40
3.0
 40
3.0
 40
3.0
 40
4.0
 40
4.0
 40
4.0
 40
4.0
 10
42.2131865318693
 20
28.72265915743418
 30
0.0
 10
42.30551453017891
 20
28.72265915743418
 30
0.0
 10
42.38047315066402
 20
28.62652929931689
 30
0.0
 10
42.38047315066402
 20
28.50812427371324
 30
0.0
 10
42.38047315066402
 20
28.38971924810956
 30
0.0
 10
42.30551453017891
 20
28.29358938999226
 30
0.0
 10
42.2131865318693
 20
28.29358938999226
 30
0.0
 10
42.12085853355975
 20
28.29358938999226
 30
0.0
 10
42.04589991307462
 20
28.38971924810956
 30
0.0
 10
42.04589991307462
 20
28.50812427371324
 30
0.0
 10
42.04589991307462
 20
28.62652929931689
 30
0.0
 10
42.12085853355975
 20
28.72265915743418
 30
0.0
 10
42.2131865318693
 20
28.72265915743418
 30
0.0
  0
SPLINE
  5
FC
330
1F
100
AcDbEntity
  8
0
  6
Continuous
 62
    18
420
        0
370
     9
100
AcDbSpline
210
0.0
220
0.0
230
1.0
 70
    11
 71
     3
 72
    17
 73
    13
 74
     0
 42
0.000000001
 43
0.0
 40
0.0
 40
0.0
 40
0.0
 40
0.0
 40
1.0
 40
1.0
 40
1.0
 40
2.0
 40
2.0
 40
2.0
 40
3.0
 40
3.0
 40
3.0
 40
4.0
 40
4.0
 40
4.0
 40
4.0
 10
20.42292084793401
 20
51.11524442837371
 30
0.0
 10
20.50815669075717
 20
51.11524442837371
 30
0.0
 10
20.57735738080665
 20
51.04803168204781
 30
0.0
 10
20.57735738080665
 20
50.96524442837369
 30
0.0
 10
20.57735738080665
 20
50.8824571746996
 30
0.0
 10
20.50815669075717
 20
50.81524442837366
 30
0.0
 10
20.42292084793401
 20
50.81524442837366
 30
0.0
 10
20.33768500511081
 20
50.81524442837366
 30
0.0
 10
20.26848431506133
 20
50.8824571746996
 30
0.0
 10
20.26848431506133
 20
50.96524442837369
 30
0.0
 10
20.26848431506133
 20
51.04803168204781
 30
0.0
 10
20.33768500511081
 20
51.11524442837371
 30
0.0
 10
20.42292084793401
 20
51.11524442837371
 30
0.0
  0
SPLINE
  5
FD
330
1F
100
AcDbEntity
  8
0
  6
Continuous
 62
    18
420
        0
370
     9
100
AcDbSpline
210
0.0
220
0.0
230
1.0
 70
    11
 71
     3
 72
    17
 73
    13
 74
     0
 42
0.000000001
 43
0.0
 40
0.0
 40
0.0
 40
0.0
 40
0.0
 40
1.0
 40
1.0
 40
1.0
 40
2.0
 40
2.0
 40
2.0
 40
3.0
 40
3.0
 40
3.0
 40
4.0
 40
4.0
 40
4.0
 40
4.0
 10
42.85329263402159
 20
24.20197914624389
 30
0.0
 10
42.91273040278887
 20
24.27263047967664
 30
0.0
 10
43.03454692666151
 20
24.26810511579451
 30
0.0
 10
43.12515295188889
 20
24.19187980319636
 30
0.0
 10
43.21575897711635
 20
24.11565449059816
 30
0.0
 10
43.24106364688016
 20
23.99640928903925
 30
0.0
 10
43.18162587811288
 20
23.92575795560654
 30
0.0
 10
43.12218810934561
 20
23.85510662217379
 30
0.0
 10
43.00037158547298
 20
23.85963198605589
 30
0.0
 10
42.90976556024557
 20
23.93585729865407
 30
0.0
 10
42.81915953501815
 20
24.01208261125228
 30
0.0
 10
42.79385486525432
 20
24.13132781281115
 30
0.0
 10
42.85329263402159
 20
24.20197914624389
 30
0.0
  0
LWPOLYLINE
  5
FE
330
1F
100
AcDbEntity
  8
0
  6
Continuous
 62
    18
420
        0
370
     9
100
AcDbPolyline
 90
       26
 70
     1
 43
0.0
 10
13.89108972905254
 20
43.99827860112627
 10
14.52659553001273
 20
44.4975551142625
 10
14.53675942116435
 20
44.4972826319801
 10
14.11820718728185
 20
44.67504060613862
 10
14.56970037297613
 20
44.62083937795551
 10
14.56074982053029
 20
44.62566291823725
 10
14.16128803698208
 20
45.61490219464338
 10
14.8203691717181
 20
44.77598853976879
 10
14.82009668943569
 20
44.76582464861721
 10
14.99785466359419
 20
45.18437688249961
 10
14.94365343541106
 20
44.73288369680535
 10
14.94847697569291
 20
44.74183424925117
 10
15.93771625209898
 20
45.14129603279939
 10
15.09880259722436
 20
44.48221489806338
 10
15.08863870607277
 20
44.48248738034582
 10
15.50719093995524
 20
44.30472940618731
 10
15.05569775426099
 20
44.35893063437041
 10
15.0646483067068
 20
44.35410709408862
 10
15.46411009025501
 20
43.36486781768255
 10
14.80502895551898
 20
44.20378147255715
 10
14.8053014378014
 20
44.21394536370877
 10
14.6275434636429
 20
43.79539312982624
 10
14.681744691826
 20
44.24688631552057
 10
14.6769211515442
 20
44.23793576307473
 10
13.92181504562509
 20
43.93301860194616
 10
13.89108972905254
 20
43.99827860112627
  0
SPLINE
  5
FF
330
1F
100
AcDbEntity
  8
0
  6
Continuous
 62
    18
420
        0
370
     9
100
AcDbSpline
210
0.0
220
0.0
230
1.0
 70
    11
 71
     3
 72
    17
 73
    13
 74
     0
 42
0.000000001
 43
0.0
 40
0.0
 40
0.0
 40
0.0
 40
0.0
 40
1.0
 40
1.0
 40
1.0
 40
2.0
 40
2.0
 40
2.0
 40
3.0
 40
3.0
 40
3.0
 40
4.0
 40
4.0
 40
4.0
 40
4.0
 10
49.81125738987467
 20
48.14753219875519
 30
0.0
 10
49.87069515864194
 20
48.21818353218794
 30
0.0
 10
49.99251168251462
 20
48.21365816830588
 30
0.0
 10
50.08311770774203
 20
48.13743285570766
 30
0.0
 10
50.17372373296946
 20
48.06120754310943
 30
0.0
 10
50.19902840273326
 20
47.94196234155056
 30
0.0
 10
50.13959063396599
 20
47.87131100811783
 30
0.0
 10
50.08015286519878
 20
47.80065967468511
 30
0.0
 10
49.9583363413261
 20
47.8051850385672
 30
0.0
 10
49.86773031609865
 20
47.88141035116539
 30
0.0
 10
49.77712429087124
 20
47.95763566376361
 30
0.0
 10
49.75181962110741
 20
48.07688086532248
 30
0.0
 10
49.81125738987467
 20
48.14753219875519
 30
0.0
  0
SPLINE
  5
100
330
1F
100
AcDbEntity
  8
0
  6
Continuous
 62
    18
420
        0
370
     9
100
AcDbSpline
210
0.0
220
0.0
230
1.0
 70
    11
 71
     3
 72
    17
 73
    13
 74
     0
 42
0.000000001
 43
0.0
 40
0.0
 40
0.0
 40
0.0
 40
0.0
 40
1.0
 40
1.0
 40
1.0
 40
2.0
 40
2.0
 40
2.0
 40
3.0
 40
3.0
 40
3.0
 40
4.0
 40
4.0
 40
4.0
 40
4.0
 10
32.25988355595382
 20
18.9589963667365
 30
0.0
 10
32.35221155426337
 20
18.9589963667365
 30
0.0
 10
32.42717017474847
 20
18.86286650861922
 30
0.0
 10
32.42717017474847
 20
18.74446148301556
 30
0.0
 10
32.42717017474847
 20
18.62605645741192
 30
0.0
 10
32.35221155426337
 20
18.52992659929461
 30
0.0
 10
32.25988355595382
 20
18.52992659929461
 30
0.0
 10
32.16755555764422
 20
18.52992659929461
 30
0.0
 10
32.09259693715912
 20
18.62605645741192
 30
0.0
 10
32.09259693715912
 20
18.74446148301556
 30
0.0
 10
32.09259693715912
 20
18.86286650861922
 30
0.0
 10
32.16755555764422
 20
18.9589963667365
 30
0.0
 10
32.25988355595382
 20
18.9589963667365
 30
0.0
  0
SPLINE
  5
101
330
1F
100
AcDbEntity
  8
0
  6
Continuous
 62
    18
420
        0
370
     9
100
AcDbSpline
210
0.0
220
0.0
230
1.0
 70
    11
 71
     3
 72
    17
 73
    13
 74
     0
 42
0.000000001
 43
0.0
 40
0.0
 40
0.0
 40
0.0
 40
0.0
 40
1.0
 40
1.0
 40
1.0
 40
2.0
 40
2.0
 40
2.0
 40
3.0
 40
3.0
 40
3.0
 40
4.0
 40
4.0
 40
4.0
 40
4.0
 10
12.89661519669651
 20
30.37914892874761
 30
0.0
 10
12.95148726594055
 20
30.44437319508042
 30
0.0
 10
13.04746903666609
 20
30.45405763932811
 30
0.0
 10
13.11081959089015
 20
30.40076189230822
 30
0.0
 10
13.17417014511421
 20
30.34746614528832
 30
0.0
 10
13.18105359920764
 20
30.25124293170795
 30
0.0
 10
13.12618152996362
 20
30.18601866537512
 30
0.0
 10
13.07130946071955
 20
30.12079439904234
 30
0.0
 10
12.97532768999404
 20
30.11110995479464
 30
0.0
 10
12.91197713576998
 20
30.16440570181449
 30
0.0
 10
12.84862658154592
 20
30.21770144883439
 30
0.0
 10
12.84174312745247
 20
30.31392466241481
 30
0.0
 10
12.89661519669651
 20
30.37914892874761
 30
0.0
  0
SPLINE
  5
102
330
1F
100
AcDbEntity
  8
0
  6
Continuous
 62
    18
420
        0
370
     9
100
AcDbSpline
210
0.0
220
0.0
230
1.0
 70
    11
 71
     3
 72
    17
 73
    13
 74
     0
 42
0.000000001
 43
0.0
 40
0.0
 40
0.0
 40
0.0
 40
0.0
 40
1.0
 40
1.0
 40
1.0
 40
2.0
 40
2.0
 40
2.0
 40
3.0
 40
3.0
 40
3.0
 40
4.0
 40
4.0
 40
4.0
 40
4.0
 10
14.33520874390285
 20
17.64226583338856
 30
0.0
 10
14.39464651267013
 20
17.71291716682131
 30
0.0
 10
14.51646303654275
 20
17.70839180293922
 30
0.0
 10
14.60706906177016
 20
17.63216649034104
 30
0.0
 10
14.69767508699762
 20
17.55594117774285
 30
0.0
 10
14.7229797567614
 20
17.43669597618393
 30
0.0
 10
14.66354198799414
 20
17.36604464275121
 30
0.0
 10
14.60410421922688
 20
17.29539330931848
 30
0.0
 10
14.48228769535423
 20
17.29991867320058
 30
0.0
 10
14.39168167012683
 20
17.37614398579876
 30
0.0
 10
14.30107564489939
 20
17.45236929839695
 30
0.0
 10
14.27577097513556
 20
17.57161449995581
 30
0.0
 10
14.33520874390285
 20
17.64226583338856
 30
0.0
  0
SPLINE
  5
103
330
1F
100
AcDbEntity
  8
0
  6
Continuous
 62
    18
420
        0
370
     9
100
AcDbSpline
210
0.0
220
0.0
230
1.0
 70
    11
 71
     3
 72
    17
 73
    13
 74
     0
 42
0.000000001
 43
0.0
 40
0.0
 40
0.0
 40
0.0
 40
0.0
 40
1.0
 40
1.0
 40
1.0
 40
2.0
 40
2.0
 40
2.0
 40
3.0
 40
3.0
 40
3.0
 40
4.0
 40
4.0
 40
4.0
 40
4.0
 10
35.17275043670364
 20
20.90427862492186
 30
0.0
 10
35.2321882054709
 20
20.97492995835461
 30
0.0
 10
35.35400472934349
 20
20.97040459447251
 30
0.0
 10
35.44461075457096
 20
20.8941792818743
 30
0.0
 10
35.53521677979835
 20
20.81795396927606
 30
0.0
 10
35.5605214495622
 20
20.69870876771722
 30
0.0
 10
35.50108368079491
 20
20.62805743428447
 30
0.0
 10
35.44164591202762
 20
20.55740610085175
 30
0.0
 10
35.319829388155
 20
20.56193146473385
 30
0.0
 10
35.2292233629276
 20
20.63815677733206
 30
0.0
 10
35.13861733770014
 20
20.71438208993024
 30
0.0
 10
35.11331266793636
 20
20.83362729148914
 30
0.0
 10
35.17275043670364
 20
20.90427862492186
 30
0.0
  0
SPLINE
  5
104
330
1F
100
AcDbEntity
  8
0
  6
Continuous
 62
    18
420
        0
370
     9
100
AcDbSpline
210
0.0
220
0.0
230
1.0
 70
    11
 71
     3
 72
    17
 73
    13
 74
     0
 42
0.000000001
 43
0.0
 40
0.0
 40
0.0
 40
0.0
 40
0.0
 40
1.0
 40
1.0
 40
1.0
 40
2.0
 40
2.0
 40
2.0
 40
3.0
 40
3.0
 40
3.0
 40
4.0
 40
4.0
 40
4.0
 40
4.0
 10
16.24076960309069
 20
16.7421359016202
 30
0.0
 10
16.33309760140029
 20
16.7421359016202
 30
0.0
 10
16.4080562218854
 20
16.64600604350292
 30
0.0
 10
16.4080562218854
 20
16.52760101789929
 30
0.0
 10
16.4080562218854
 20
16.40919599229559
 30
0.0
 10
16.33309760140029
 20
16.31306613417831
 30
0.0
 10
16.24076960309069
 20
16.31306613417831
 30
0.0
 10
16.14844160478114
 20
16.31306613417831
 30
0.0
 10
16.07348298429603
 20
16.40919599229559
 30
0.0
 10
16.07348298429603
 20
16.52760101789929
 30
0.0
 10
16.07348298429603
 20
16.64600604350292
 30
0.0
 10
16.14844160478114
 20
16.7421359016202
 30
0.0
 10
16.24076960309069
 20
16.7421359016202
 30
0.0
  0
SPLINE
  5
105
330
1F
100
AcDbEntity
  8
0
  6
Continuous
 62
    18
420
        0
370
     9
100
AcDbSpline
210
0.0
220
0.0
230
1.0
 70
    11
 71
     3
 72
    17
 73
    13
 74
     0
 42
0.000000001
 43
0.0
 40
0.0
 40
0.0
 40
0.0
 40
0.0
 40
1.0
 40
1.0
 40
1.0
 40
2.0
 40
2.0
 40
2.0
 40
3.0
 40
3.0
 40
3.0
 40
4.0
 40
4.0
 40
4.0
 40
4.0
 10
52.37417974845221
 20
45.47701962255044
 30
0.0
 10
52.45941559127541
 20
45.47701962255044
 30
0.0
 10
52.52861628132491
 20
45.40980687622458
 30
0.0
 10
52.52861628132491
 20
45.32701962255047
 30
0.0
 10
52.52861628132491
 20
45.24423236887634
 30
0.0
 10
52.45941559127541
 20
45.17701962255046
 30
0.0
 10
52.37417974845221
 20
45.17701962255046
 30
0.0
 10
52.28894390562906
 20
45.17701962255046
 30
0.0
 10
52.21974321557956
 20
45.24423236887634
 30
0.0
 10
52.21974321557956
 20
45.32701962255047
 30
0.0
 10
52.21974321557956
 20
45.40980687622458
 30
0.0
 10
52.28894390562906
 20
45.47701962255044
 30
0.0
 10
52.37417974845221
 20
45.47701962255044
 30
0.0
  0
SPLINE
  5
106
330
1F
100
AcDbEntity
  8
0
  6
Continuous
 62
    18
420
        0
370
     9
100
AcDbSpline
210
0.0
220
0.0
230
1.0
 70
    11
 71
     3
 72
    17
 73
    13
 74
     0
 42
0.000000001
 43
0.0
 40
0.0
 40
0.0
 40
0.0
 40
0.0
 40
1.0
 40
1.0
 40
1.0
 40
2.0
 40
2.0
 40
2.0
 40
3.0
 40
3.0
 40
3.0
 40
4.0
 40
4.0
 40
4.0
 40
4.0
 10
50.79486590506556
 20
31.97556938739949
 30
0.0
 10
50.85430367383283
 20
32.04622072083222
 30
0.0
 10
50.97612019770547
 20
32.04169535695013
 30
0.0
 10
51.06672622293289
 20
31.96547004435193
 30
0.0
 10
51.15733224816031
 20
31.88924473175372
 30
0.0
 10
51.18263691792411
 20
31.76999953019488
 30
0.0
 10
51.12319914915684
 20
31.69934819676209
 30
0.0
 10
51.06376138038959
 20
31.62869686332938
 30
0.0
 10
50.94194485651695
 20
31.63322222721148
 30
0.0
 10
50.85133883128952
 20
31.70944753980967
 30
0.0
 10
50.76073280606209
 20
31.78567285240786
 30
0.0
 10
50.73542813629827
 20
31.90491805396675
 30
0.0
 10
50.79486590506556
 20
31.97556938739949
 30
0.0
  0
SPLINE
  5
107
330
1F
100
AcDbEntity
  8
0
  6
Continuous
 62
    18
420
        0
370
     9
100
AcDbSpline
210
0.0
220
0.0
230
1.0
 70
    11
 71
     3
 72
    17
 73
    13
 74
     0
 42
0.000000001
 43
0.0
 40
0.0
 40
0.0
 40
0.0
 40
0.0
 40
1.0
 40
1.0
 40
1.0
 40
2.0
 40
2.0
 40
2.0
 40
3.0
 40
3.0
 40
3.0
 40
4.0
 40
4.0
 40
4.0
 40
4.0
 10
38.83455251388522
 20
46.87475330847977
 30
0.0
 10
38.89399028265252
 20
46.9454046419125
 30
0.0
 10
39.01580680652511
 20
46.94087927803044
 30
0.0
 10
39.10641283175254
 20
46.86465396543223
 30
0.0
 10
39.19701885697997
 20
46.788428652834
 30
0.0
 10
39.22232352674377
 20
46.66918345127513
 30
0.0
 10
39.16288575797653
 20
46.59853211784237
 30
0.0
 10
39.10344798920926
 20
46.52788078440967
 30
0.0
 10
38.9816314653366
 20
46.53240614829177
 30
0.0
 10
38.89102544010918
 20
46.60863146088995
 30
0.0
 10
38.80041941488174
 20
46.68485677348818
 30
0.0
 10
38.77511474511794
 20
46.80410197504702
 30
0.0
 10
38.83455251388522
 20
46.87475330847977
 30
0.0
  0
SPLINE
  5
108
330
1F
100
AcDbEntity
  8
0
  6
Continuous
 62
    18
420
        0
370
     9
100
AcDbSpline
210
0.0
220
0.0
230
1.0
 70
    11
 71
     3
 72
    17
 73
    13
 74
     0
 42
0.000000001
 43
0.0
 40
0.0
 40
0.0
 40
0.0
 40
0.0
 40
1.0
 40
1.0
 40
1.0
 40
2.0
 40
2.0
 40
2.0
 40
3.0
 40
3.0
 40
3.0
 40
4.0
 40
4.0
 40
4.0
 40
4.0
 10
34.91171936297762
 20
16.42838890508833
 30
0.0
 10
34.9711571317449
 20
16.49904023852108
 30
0.0
 10
35.09297365561753
 20
16.49451487463895
 30
0.0
 10
35.18357968084493
 20
16.4182895620408
 30
0.0
 10
35.27418570607238
 20
16.34206424944256
 30
0.0
 10
35.29949037583619
 20
16.22281904788369
 30
0.0
 10
35.2400526070689
 20
16.15216771445094
 30
0.0
 10
35.18061483830168
 20
16.08151638101819
 30
0.0
 10
35.058798314429
 20
16.08604174490029
 30
0.0
 10
34.96819228920157
 20
16.16226705749844
 30
0.0
 10
34.87758626397417
 20
16.23849237009665
 30
0.0
 10
34.85228159421033
 20
16.35773757165558
 30
0.0
 10
34.91171936297762
 20
16.42838890508833
 30
0.0
  0
SPLINE
  5
109
330
1F
100
AcDbEntity
  8
0
  6
Continuous
 62
    18
420
        0
370
     9
100
AcDbSpline
210
0.0
220
0.0
230
1.0
 70
    11
 71
     3
 72
   113
 73
   109
 74
     0
 42
0.000000001
 43
0.0
 40
0.0
 40
0.0
 40
0.0
 40
0.0
 40
1.0
 40
1.0
 40
1.0
 40
2.0
 40
2.0
 40
2.0
 40
3.0
 40
3.0
 40
3.0
 40
4.0
 40
4.0
 40
4.0
 40
5.0
 40
5.0
 40
5.0
 40
6.0
 40
6.0
 40
6.0
 40
7.0
 40
7.0
 40
7.0
 40
8.0
 40
8.0
 40
8.0
 40
9.0
 40
9.0
 40
9.0
 40
10.0
 40
10.0
 40
10.0
 40
11.0
 40
11.0
 40
11.0
 40
12.0
 40
12.0
 40
12.0
 40
13.0
 40
13.0
 40
13.0
 40
14.0
 40
14.0
 40
14.0
 40
15.0
 40
15.0
 40
15.0
 40
16.0
 40
16.0
 40
16.0
 40
17.0
 40
17.0
 40
17.0
 40
18.0
 40
18.0
 40
18.0
 40
19.0
 40
19.0
 40
19.0
 40
20.0
 40
20.0
 40
20.0
 40
21.0
 40
21.0
 40
21.0
 40
22.0
 40
22.0
 40
22.0
 40
23.0
 40
23.0
 40
23.0
 40
24.0
 40
24.0
 40
24.0
 40
25.0
 40
25.0
 40
25.0
 40
26.0
 40
26.0
 40
26.0
 40
27.0
 40
27.0
 40
27.0
 40
28.0
 40
28.0
 40
28.0
 40
29.0
 40
29.0
 40
29.0
 40
30.0
 40
30.0
 40
30.0
 40
31.0
 40
31.0
 40
31.0
 40
32.0
 40
32.0
 40
32.0
 40
33.0
 40
33.0
 40
33.0
 40
34.0
 40
34.0
 40
34.0
 40
35.0
 40
35.0
 40
35.0
 40
36.0
 40
36.0
 40
36.0
 40
36.0
 10
45.01257535129934
 20
37.74658391118514
 30
0.0
 10
45.01257535129934
 20
37.74658391118514
 30
0.0
 10
44.94142713502084
 20
37.51710111906803
 30
0.0
 10
44.94142713502084
 20
37.51710111906803
 30
0.0
 10
44.94142713502084
 20
37.51710111906803
 30
0.0
 10
44.92893209957403
 20
37.51326407357826
 30
0.0
 10
44.92893209957403
 20
37.51326407357826
 30
0.0
 10
44.92893209957403
 20
37.51326407357826
 30
0.0
 10
45.60967755480107
 20
37.47191705379844
 30
0.0
 10
45.60967755480107
 20
37.47191705379844
 30
0.0
 10
45.60967755480107
 20
37.47191705379844
 30
0.0
 10
45.01262093638282
 20
37.35186415426764
 30
0.0
 10
45.01262093638282
 20
37.35186415426764
 30
0.0
 10
45.01262093638282
 20
37.35186415426764
 30
0.0
 10
45.02819854532414
 20
37.34975623586182
 30
0.0
 10
45.02819854532414
 20
37.34975623586182
 30
0.0
 10
45.02819854532414
 20
37.34975623586182
 30
0.0
 10
46.49580501834758
 20
36.32918365975483
 30
0.0
 10
46.49580501834758
 20
36.32918365975483
 30
0.0
 10
46.49580501834758
 20
36.32918365975483
 30
0.0
 10
44.8659976348891
 20
37.06346224148398
 30
0.0
 10
44.8659976348891
 20
37.06346224148398
 30
0.0
 10
44.8659976348891
 20
37.06346224148398
 30
0.0
 10
44.85618224907579
 20
37.07574081720229
 30
0.0
 10
44.85618224907579
 20
37.07574081720229
 30
0.0
 10
44.85618224907579
 20
37.07574081720229
 30
0.0
 10
45.06010518715217
 20
36.50189001811853
 30
0.0
 10
45.06010518715217
 20
36.50189001811853
 30
0.0
 10
45.06010518715217
 20
36.50189001811853
 30
0.0
 10
44.6747192327001
 20
37.06456365084713
 30
0.0
 10
44.6747192327001
 20
37.06456365084713
 30
0.0
 10
44.6747192327001
 20
37.06456365084713
 30
0.0
 10
44.67785065556387
 20
37.05187337820405
 30
0.0
 10
44.67785065556387
 20
37.05187337820405
 30
0.0
 10
44.67785065556387
 20
37.05187337820405
 30
0.0
 10
43.88683357170434
 20
36.16848475560644
 30
0.0
 10
43.88683357170434
 20
36.16848475560644
 30
0.0
 10
43.88683357170434
 20
36.16848475560644
 30
0.0
 10
44.23798123215818
 20
37.3010830100861
 30
0.0
 10
44.23798123215818
 20
37.3010830100861
 30
0.0
 10
44.23798123215818
 20
37.3010830100861
 30
0.0
 10
44.25047626760494
 20
37.30492005557583
 30
0.0
 10
44.25047626760494
 20
37.30492005557583
 30
0.0
 10
44.25047626760494
 20
37.30492005557583
 30
0.0
 10
43.56973081237794
 20
37.3462670753557
 30
0.0
 10
43.56973081237794
 20
37.3462670753557
 30
0.0
 10
43.56973081237794
 20
37.3462670753557
 30
0.0
 10
44.16678743079623
 20
37.46631997488649
 30
0.0
 10
44.16678743079623
 20
37.46631997488649
 30
0.0
 10
44.16678743079623
 20
37.46631997488649
 30
0.0
 10
44.15120982185483
 20
37.4684278932923
 30
0.0
 10
44.15120982185483
 20
37.4684278932923
 30
0.0
 10
44.15120982185483
 20
37.4684278932923
 30
0.0
 10
42.68360334883143
 20
38.4890004693993
 30
0.0
 10
42.68360334883143
 20
38.4890004693993
 30
0.0
 10
42.68360334883143
 20
38.4890004693993
 30
0.0
 10
44.3134107322899
 20
37.75472188767016
 30
0.0
 10
44.3134107322899
 20
37.75472188767016
 30
0.0
 10
44.3134107322899
 20
37.75472188767016
 30
0.0
 10
44.32322611810321
 20
37.74244331195185
 30
0.0
 10
44.32322611810321
 20
37.74244331195185
 30
0.0
 10
44.32322611810321
 20
37.74244331195185
 30
0.0
 10
44.11930318002682
 20
38.3162941110356
 30
0.0
 10
44.11930318002682
 20
38.3162941110356
 30
0.0
 10
44.11930318002682
 20
38.3162941110356
 30
0.0
 10
44.5046891344789
 20
37.753620478307
 30
0.0
 10
44.5046891344789
 20
37.753620478307
 30
0.0
 10
44.5046891344789
 20
37.753620478307
 30
0.0
 10
44.5015577116151
 20
37.76631075095008
 30
0.0
 10
44.5015577116151
 20
37.76631075095008
 30
0.0
 10
44.5015577116151
 20
37.76631075095008
 30
0.0
 10
44.7683367328953
 20
38.06424306740114
 30
0.0
 10
44.7683367328953
 20
38.06424306740114
 30
0.0
 10
44.76706551099748
 20
38.07903177522677
 30
0.0
 10
44.76641070439334
 20
38.0940954113307
 30
0.0
 10
44.76641070439334
 20
38.10937845971613
 30
0.0
 10
44.76641070439334
 20
38.12956922103749
 30
0.0
 10
44.76755357868771
 20
38.14937702859072
 30
0.0
 10
44.76975078989054
 20
38.16867387328912
 30
0.0
 10
44.68486163345488
 20
38.17894830962223
 30
0.0
 10
44.61834968726712
 20
38.27071769441281
 30
0.0
 10
44.61834968726712
 20
38.3822521806899
 30
0.0
 10
44.61834968726712
 20
38.50065720629361
 30
0.0
 10
44.69330830775222
 20
38.59678706441086
 30
0.0
 10
44.78563630606181
 20
38.59678706441086
 30
0.0
 10
44.85778525539682
 20
38.59678706441086
 30
0.0
 10
44.91932757412195
 20
38.53808525563394
 30
0.0
 10
44.94278237673775
 20
38.45592413863852
 30
0.0
 10
44.96634064852725
 20
38.46652538845854
 30
0.0
 10
44.99138299800724
 20
38.47223726642808
 30
0.0
 10
45.01734063258542
 20
38.47223726642808
 30
0.0
 10
45.05025273610975
 20
38.47223726642808
 30
0.0
 10
45.08169341696082
 20
38.46305478681749
 30
0.0
 10
45.11050329592359
 20
38.44636635522916
 30
0.0
 10
45.11050329592359
 20
38.44636635522916
 30
0.0
 10
45.29257479547465
 20
38.64969937354769
 30
0.0
 10
45.29257479547465
 20
38.64969937354769
 30
0.0
 10
45.29257479547465
 20
38.64969937354769
 30
0.0
 10
45.20145892332818
 20
38.35581252943442
 30
0.0
 10
45.20145892332818
 20
38.35581252943442
 30
0.0
 10
45.24291678365136
 20
38.29108042315478
 30
0.0
 10
45.26827056077743
 20
38.20447720714981
 30
0.0
 10
45.26827056077743
 20
38.10937845971613
 30
0.0
 10
45.26827056077743
 20
37.90911123252179
 30
0.0
 10
45.15583263004982
 20
37.74651965300411
 30
0.0
 10
45.01734063258542
 20
37.74651965300411
 30
0.0
 10
45.01734063258542
 20
37.74651965300411
 30
0.0
 10
45.01257535129934
 20
37.74658391118514
 30
0.0
 10
45.01257535129934
 20
37.74658391118514
 30
0.0
  0
SPLINE
  5
10A
330
1F
100
AcDbEntity
  8
0
  6
Continuous
 62
    18
420
        0
370
     9
100
AcDbSpline
210
0.0
220
0.0
230
1.0
 70
    11
 71
     3
 72
    17
 73
    13
 74
     0
 42
0.000000001
 43
0.0
 40
0.0
 40
0.0
 40
0.0
 40
0.0
 40
1.0
 40
1.0
 40
1.0
 40
2.0
 40
2.0
 40
2.0
 40
3.0
 40
3.0
 40
3.0
 40
4.0
 40
4.0
 40
4.0
 40
4.0
 10
11.52861628132491
 20
48.47701962255047
 30
0.0
 10
11.61385212414811
 20
48.47701962255047
 30
0.0
 10
11.68305281419759
 20
48.40980687622455
 30
0.0
 10
11.68305281419759
 20
48.32701962255045
 30
0.0
 10
11.68305281419759
 20
48.24423236887635
 30
0.0
 10
11.61385212414811
 20
48.17701962255043
 30
0.0
 10
11.52861628132491
 20
48.17701962255043
 30
0.0
 10
11.44338043850172
 20
48.17701962255043
 30
0.0
 10
11.37417974845224
 20
48.24423236887635
 30
0.0
 10
11.37417974845224
 20
48.32701962255045
 30
0.0
 10
11.37417974845224
 20
48.40980687622455
 30
0.0
 10
11.44338043850172
 20
48.47701962255047
 30
0.0
 10
11.52861628132491
 20
48.47701962255047
 30
0.0
  0
SPLINE
  5
10B
330
1F
100
AcDbEntity
  8
0
  6
Continuous
 62
    18
420
        0
370
     9
100
AcDbSpline
210
0.0
220
0.0
230
1.0
 70
    11
 71
     3
 72
    17
 73
    13
 74
     0
 42
0.000000001
 43
0.0
 40
0.0
 40
0.0
 40
0.0
 40
0.0
 40
1.0
 40
1.0
 40
1.0
 40
2.0
 40
2.0
 40
2.0
 40
3.0
 40
3.0
 40
3.0
 40
4.0
 40
4.0
 40
4.0
 40
4.0
 10
15.31722541454308
 20
51.49024442837371
 30
0.0
 10
15.40246125736627
 20
51.49024442837371
 30
0.0
 10
15.47166194741575
 20
51.42303168204781
 30
0.0
 10
15.47166194741575
 20
51.34024442837371
 30
0.0
 10
15.47166194741575
 20
51.25745717469961
 30
0.0
 10
15.40246125736627
 20
51.19024442837369
 30
0.0
 10
15.31722541454308
 20
51.19024442837369
 30
0.0
 10
15.23198957171991
 20
51.19024442837369
 30
0.0
 10
15.16278888167042
 20
51.25745717469961
 30
0.0
 10
15.16278888167042
 20
51.34024442837371
 30
0.0
 10
15.16278888167042
 20
51.42303168204781
 30
0.0
 10
15.23198957171991
 20
51.49024442837371
 30
0.0
 10
15.31722541454308
 20
51.49024442837371
 30
0.0
  0
SPLINE
  5
10C
330
1F
100
AcDbEntity
  8
0
  6
Continuous
 62
    18
420
        0
370
     9
100
AcDbSpline
210
0.0
220
0.0
230
1.0
 70
    11
 71
     3
 72
    17
 73
    13
 74
     0
 42
0.000000001
 43
0.0
 40
0.0
 40
0.0
 40
0.0
 40
0.0
 40
1.0
 40
1.0
 40
1.0
 40
2.0
 40
2.0
 40
2.0
 40
3.0
 40
3.0
 40
3.0
 40
4.0
 40
4.0
 40
4.0
 40
4.0
 10
26.84570258149765
 20
47.35201962255047
 30
0.0
 10
26.93093842432084
 20
47.35201962255047
 30
0.0
 10
27.00013911437035
 20
47.28480687622456
 30
0.0
 10
27.00013911437035
 20
47.20201962255045
 30
0.0
 10
27.00013911437035
 20
47.11923236887637
 30
0.0
 10
26.93093842432084
 20
47.05201962255047
 30
0.0
 10
26.84570258149765
 20
47.05201962255047
 30
0.0
 10
26.76046673867448
 20
47.05201962255047
 30
0.0
 10
26.691266048625
 20
47.11923236887637
 30
0.0
 10
26.691266048625
 20
47.20201962255045
 30
0.0
 10
26.691266048625
 20
47.28480687622456
 30
0.0
 10
26.76046673867448
 20
47.35201962255047
 30
0.0
 10
26.84570258149765
 20
47.35201962255047
 30
0.0
  0
SPLINE
  5
10D
330
1F
100
AcDbEntity
  8
0
  6
Continuous
 62
    18
420
        0
370
     9
100
AcDbSpline
210
0.0
220
0.0
230
1.0
 70
    11
 71
     3
 72
    17
 73
    13
 74
     0
 42
0.000000001
 43
0.0
 40
0.0
 40
0.0
 40
0.0
 40
0.0
 40
1.0
 40
1.0
 40
1.0
 40
2.0
 40
2.0
 40
2.0
 40
3.0
 40
3.0
 40
3.0
 40
4.0
 40
4.0
 40
4.0
 40
4.0
 10
9.322776267611594
 20
26.71357582655666
 30
0.0
 10
9.377648336855644
 20
26.77880009288948
 30
0.0
 10
9.47363010758117
 20
26.78848453713714
 30
0.0
 10
9.536980661805243
 20
26.73518879011726
 30
0.0
 10
9.600331216029279
 20
26.68189304309739
 30
0.0
 10
9.60721467012273
 20
26.585669829517
 30
0.0
 10
9.552342600878688
 20
26.52044556318414
 30
0.0
 10
9.497470531634635
 20
26.45522129685136
 30
0.0
 10
9.40148876090911
 20
26.44553685260369
 30
0.0
 10
9.338138206685063
 20
26.4988325996236
 30
0.0
 10
9.27478765246099
 20
26.55212834664346
 30
0.0
 10
9.267904198367551
 20
26.64835156022383
 30
0.0
 10
9.322776267611594
 20
26.71357582655666
 30
0.0
  0
SPLINE
  5
10E
330
1F
100
AcDbEntity
  8
0
  6
Continuous
 62
    18
420
        0
370
     9
100
AcDbSpline
210
0.0
220
0.0
230
1.0
 70
    11
 71
     3
 72
    17
 73
    13
 74
     0
 42
0.000000001
 43
0.0
 40
0.0
 40
0.0
 40
0.0
 40
0.0
 40
1.0
 40
1.0
 40
1.0
 40
2.0
 40
2.0
 40
2.0
 40
3.0
 40
3.0
 40
3.0
 40
4.0
 40
4.0
 40
4.0
 40
4.0
 10
30.63431171471581
 20
50.36524442837369
 30
0.0
 10
30.71954755753902
 20
50.36524442837369
 30
0.0
 10
30.78874824758848
 20
50.29803168204782
 30
0.0
 10
30.78874824758848
 20
50.21524442837367
 30
0.0
 10
30.78874824758848
 20
50.13245717469961
 30
0.0
 10
30.71954755753902
 20
50.06524442837367
 30
0.0
 10
30.63431171471581
 20
50.06524442837367
 30
0.0
 10
30.54907587189264
 20
50.06524442837367
 30
0.0
 10
30.47987518184318
 20
50.13245717469961
 30
0.0
 10
30.47987518184318
 20
50.21524442837367
 30
0.0
 10
30.47987518184318
 20
50.29803168204782
 30
0.0
 10
30.54907587189264
 20
50.36524442837369
 30
0.0
 10
30.63431171471581
 20
50.36524442837369
 30
0.0
  0
SPLINE
  5
10F
330
1F
100
AcDbEntity
  8
0
  6
Continuous
 62
    18
420
        0
370
     9
100
AcDbSpline
210
0.0
220
0.0
230
1.0
 70
    11
 71
     3
 72
    17
 73
    13
 74
     0
 42
0.000000001
 43
0.0
 40
0.0
 40
0.0
 40
0.0
 40
0.0
 40
1.0
 40
1.0
 40
1.0
 40
2.0
 40
2.0
 40
2.0
 40
3.0
 40
3.0
 40
3.0
 40
4.0
 40
4.0
 40
4.0
 40
4.0
 10
39.466827334599
 20
46.13617571336214
 30
0.0
 10
39.52169940384303
 20
46.20139997969495
 30
0.0
 10
39.61768117456858
 20
46.21108442394265
 30
0.0
 10
39.68103172879267
 20
46.15778867692281
 30
0.0
 10
39.74438228301669
 20
46.10449292990292
 30
0.0
 10
39.75126573711015
 20
46.00826971632252
 30
0.0
 10
39.6963936678661
 20
45.9430454499897
 30
0.0
 10
39.64152159862204
 20
45.87782118365688
 30
0.0
 10
39.54553982789653
 20
45.86813673940922
 30
0.0
 10
39.48218927367247
 20
45.92143248642907
 30
0.0
 10
39.4188387194484
 20
45.97472823344893
 30
0.0
 10
39.41195526535493
 20
46.07095144702934
 30
0.0
 10
39.466827334599
 20
46.13617571336214
 30
0.0
  0
SPLINE
  5
110
330
1F
100
AcDbEntity
  8
0
  6
Continuous
 62
    18
420
        0
370
     9
100
AcDbSpline
210
0.0
220
0.0
230
1.0
 70
    11
 71
     3
 72
    17
 73
    13
 74
     0
 42
0.000000001
 43
0.0
 40
0.0
 40
0.0
 40
0.0
 40
0.0
 40
1.0
 40
1.0
 40
1.0
 40
2.0
 40
2.0
 40
2.0
 40
3.0
 40
3.0
 40
3.0
 40
4.0
 40
4.0
 40
4.0
 40
4.0
 10
41.86968411883072
 20
40.3739419575996
 30
0.0
 10
41.929121887598
 20
40.44459329103233
 30
0.0
 10
42.05093841147066
 20
40.44006792715024
 30
0.0
 10
42.14154443669806
 20
40.36384261455206
 30
0.0
 10
42.2321504619255
 20
40.28761730195383
 30
0.0
 10
42.25745513168931
 20
40.16837210039495
 30
0.0
 10
42.19801736292201
 20
40.0977207669622
 30
0.0
 10
42.13857959415478
 20
40.0270694335295
 30
0.0
 10
42.01676307028214
 20
40.03159479741159
 30
0.0
 10
41.92615704505467
 20
40.10782011000978
 30
0.0
 10
41.83555101982727
 20
40.18404542260797
 30
0.0
 10
41.81024635006344
 20
40.30329062416685
 30
0.0
 10
41.86968411883072
 20
40.3739419575996
 30
0.0
  0
SPLINE
  5
111
330
1F
100
AcDbEntity
  8
0
  6
Continuous
 62
    18
420
        0
370
     9
100
AcDbSpline
210
0.0
220
0.0
230
1.0
 70
    11
 71
     3
 72
    17
 73
    13
 74
     0
 42
0.000000001
 43
0.0
 40
0.0
 40
0.0
 40
0.0
 40
0.0
 40
1.0
 40
1.0
 40
1.0
 40
2.0
 40
2.0
 40
2.0
 40
3.0
 40
3.0
 40
3.0
 40
4.0
 40
4.0
 40
4.0
 40
4.0
 10
43.78894766459806
 20
34.58958561770187
 30
0.0
 10
43.84838543336532
 20
34.66023695113462
 30
0.0
 10
43.97020195723798
 20
34.6557115872525
 30
0.0
 10
44.06080798246538
 20
34.57948627465434
 30
0.0
 10
44.15141400769281
 20
34.50326096205612
 30
0.0
 10
44.17671867745662
 20
34.38401576049722
 30
0.0
 10
44.11728090868933
 20
34.31336442706446
 30
0.0
 10
44.05784313992207
 20
34.24271309363176
 30
0.0
 10
43.93602661604942
 20
34.24723845751386
 30
0.0
 10
43.84542059082202
 20
34.32346377011204
 30
0.0
 10
43.75481456559459
 20
34.39968908271024
 30
0.0
 10
43.72950989583076
 20
34.51893428426914
 30
0.0
 10
43.78894766459806
 20
34.58958561770187
 30
0.0
  0
SPLINE
  5
112
330
1F
100
AcDbEntity
  8
0
  6
Continuous
 62
    18
420
        0
370
     9
100
AcDbSpline
210
0.0
220
0.0
230
1.0
 70
    11
 71
     3
 72
    17
 73
    13
 74
     0
 42
0.000000001
 43
0.0
 40
0.0
 40
0.0
 40
0.0
 40
0.0
 40
1.0
 40
1.0
 40
1.0
 40
2.0
 40
2.0
 40
2.0
 40
3.0
 40
3.0
 40
3.0
 40
4.0
 40
4.0
 40
4.0
 40
4.0
 10
27.90580112251011
 20
19.04240513539065
 30
0.0
 10
27.96523889127739
 20
19.1130564688234
 30
0.0
 10
28.08705541515002
 20
19.10853110494133
 30
0.0
 10
28.17766144037748
 20
19.03230579234315
 30
0.0
 10
28.26826746560489
 20
18.95608047974491
 30
0.0
 10
28.29357213536869
 20
18.83683527818602
 30
0.0
 10
28.23413436660143
 20
18.76618394475329
 30
0.0
 10
28.17469659783415
 20
18.69553261132057
 30
0.0
 10
28.0528800739615
 20
18.70005797520264
 30
0.0
 10
27.96227404873409
 20
18.77628328780085
 30
0.0
 10
27.87166802350666
 20
18.85250860039901
 30
0.0
 10
27.84636335374283
 20
18.97175380195793
 30
0.0
 10
27.90580112251011
 20
19.04240513539065
 30
0.0
  0
SPLINE
  5
113
330
1F
100
AcDbEntity
  8
0
  6
Continuous
 62
    18
420
        0
370
     9
100
AcDbSpline
210
0.0
220
0.0
230
1.0
 70
    11
 71
     3
 72
    17
 73
    13
 74
     0
 42
0.000000001
 43
0.0
 40
0.0
 40
0.0
 40
0.0
 40
0.0
 40
1.0
 40
1.0
 40
1.0
 40
2.0
 40
2.0
 40
2.0
 40
3.0
 40
3.0
 40
3.0
 40
4.0
 40
4.0
 40
4.0
 40
4.0
 10
27.60994116497497
 20
49.21344795942153
 30
0.0
 10
27.73779492920976
 20
49.21344795942153
 30
0.0
 10
27.841595964284
 20
49.09976604203516
 30
0.0
 10
27.841595964284
 20
48.95974180188308
 30
0.0
 10
27.841595964284
 20
48.81971756173095
 30
0.0
 10
27.73779492920976
 20
48.7060356443446
 30
0.0
 10
27.60994116497497
 20
48.7060356443446
 30
0.0
 10
27.48208740074018
 20
48.7060356443446
 30
0.0
 10
27.378286365666
 20
48.81971756173095
 30
0.0
 10
27.378286365666
 20
48.95974180188308
 30
0.0
 10
27.378286365666
 20
49.09976604203516
 30
0.0
 10
27.48208740074018
 20
49.21344795942153
 30
0.0
 10
27.60994116497497
 20
49.21344795942153
 30
0.0
  0
SPLINE
  5
114
330
1F
100
AcDbEntity
  8
0
  6
Continuous
 62
    18
420
        0
370
     9
100
AcDbSpline
210
0.0
220
0.0
230
1.0
 70
    11
 71
     3
 72
    32
 73
    28
 74
     0
 42
0.000000001
 43
0.0
 40
0.0
 40
0.0
 40
0.0
 40
0.0
 40
1.0
 40
1.0
 40
1.0
 40
2.0
 40
2.0
 40
2.0
 40
3.0
 40
3.0
 40
3.0
 40
4.0
 40
4.0
 40
4.0
 40
5.0
 40
5.0
 40
5.0
 40
6.0
 40
6.0
 40
6.0
 40
7.0
 40
7.0
 40
7.0
 40
8.0
 40
8.0
 40
8.0
 40
9.0
 40
9.0
 40
9.0
 40
9.0
 10
35.58096151177847
 20
18.63955002899397
 30
0.0
 10
35.55291339296378
 20
18.64958149585468
 30
0.0
 10
35.52526463665235
 20
18.66524709415262
 30
0.0
 10
35.50003570673908
 20
18.68647176507631
 30
0.0
 10
35.40942968151168
 20
18.76269707767449
 30
0.0
 10
35.38412501174788
 20
18.88194227923339
 30
0.0
 10
35.44356278051514
 20
18.95259361266611
 30
0.0
 10
35.50300054928242
 20
19.02324494609886
 30
0.0
 10
35.62481707315508
 20
19.01871958221676
 30
0.0
 10
35.71542309838248
 20
18.94249426961858
 30
0.0
 10
35.80602912360992
 20
18.8662689570204
 30
0.0
 10
35.83133379337371
 20
18.74702375546147
 30
0.0
 10
35.77189602460646
 20
18.67637242202875
 30
0.0
 10
35.77189602460646
 20
18.67637242202875
 30
0.0
 10
35.7665099049191
 20
18.67035238027643
 30
0.0
 10
35.7665099049191
 20
18.67035238027643
 30
0.0
 10
35.87289671192225
 20
18.62828359426661
 30
0.0
 10
35.95118426060467
 20
18.48740716004656
 30
0.0
 10
35.95118426060467
 20
18.32029817171838
 30
0.0
 10
35.95118426060467
 20
18.12003094452407
 30
0.0
 10
35.838746329877
 20
17.95743936500639
 30
0.0
 10
35.70025433241261
 20
17.95743936500639
 30
0.0
 10
35.56176233494826
 20
17.95743936500639
 30
0.0
 10
35.4493244042206
 20
18.12003094452407
 30
0.0
 10
35.4493244042206
 20
18.32029817171838
 30
0.0
 10
35.4493244042206
 20
18.45814270067419
 30
0.0
 10
35.50259310960566
 20
18.57813797748449
 30
0.0
 10
35.58096151177847
 20
18.63955002899397
 30
0.0
  0
LWPOLYLINE
  5
115
330
1F
100
AcDbEntity
  8
0
  6
Continuous
 62
    18
420
        0
370
     9
100
AcDbPolyline
 90
       25
 70
     1
 43
0.0
 10
13.76699400740978
 20
31.46025672443854
 10
13.68503783143908
 20
31.65002639624623
 10
13.80344138425007
 20
31.50240925271081
 10
13.8019117316758
 20
31.50689167659274
 10
13.90243598121897
 20
32.02817060666275
 10
13.90957792402993
 20
31.49733556605786
 10
13.90728271136754
 20
31.49319262511089
 10
14.04983457696347
 20
31.61764819147474
 10
13.93573616397556
 20
31.44527970458873
 10
13.93907942393058
 20
31.44765783311298
 10
14.31152344650807
 20
31.33930604316022
 10
13.92581803125858
 20
31.29824519822422
 10
13.92294588520392
 20
31.30117498651788
 10
14.00490206117464
 20
31.11140531471018
 10
13.88649850836363
 20
31.25902245824564
 10
13.8880281609379
 20
31.25454003436364
 10
13.78750391139476
 20
30.73326110429362
 10
13.7803619685838
 20
31.26409614489855
 10
13.78265718124625
 20
31.26823908584555
 10
13.64010531565023
 20
31.14378351948169
 10
13.75420372863814
 20
31.31615200636764
 10
13.75086046868312
 20
31.31377387784345
 10
13.37841644610564
 20
31.42212566779615
 10
13.76412186135515
 20
31.46318651273215
 10
13.76699400740978
 20
31.46025672443854
  0
SPLINE
  5
116
330
1F
100
AcDbEntity
  8
0
  6
Continuous
 62
    18
420
        0
370
     9
100
AcDbSpline
210
0.0
220
0.0
230
1.0
 70
    11
 71
     3
 72
    17
 73
    13
 74
     0
 42
0.000000001
 43
0.0
 40
0.0
 40
0.0
 40
0.0
 40
0.0
 40
1.0
 40
1.0
 40
1.0
 40
2.0
 40
2.0
 40
2.0
 40
3.0
 40
3.0
 40
3.0
 40
4.0
 40
4.0
 40
4.0
 40
4.0
 10
20.95139801488857
 20
48.44024442837369
 30
0.0
 10
21.03663385771174
 20
48.44024442837369
 30
0.0
 10
21.10583454776125
 20
48.37303168204778
 30
0.0
 10
21.10583454776125
 20
48.29024442837367
 30
0.0
 10
21.10583454776125
 20
48.20745717469956
 30
0.0
 10
21.03663385771174
 20
48.14024442837369
 30
0.0
 10
20.95139801488857
 20
48.14024442837369
 30
0.0
 10
20.86616217206538
 20
48.14024442837369
 30
0.0
 10
20.7969614820159
 20
48.20745717469956
 30
0.0
 10
20.7969614820159
 20
48.29024442837367
 30
0.0
 10
20.7969614820159
 20
48.37303168204778
 30
0.0
 10
20.86616217206538
 20
48.44024442837369
 30
0.0
 10
20.95139801488857
 20
48.44024442837369
 30
0.0
  0
SPLINE
  5
117
330
1F
100
AcDbEntity
  8
0
  6
Continuous
 62
    18
420
        0
370
     9
100
AcDbSpline
210
0.0
220
0.0
230
1.0
 70
    11
 71
     3
 72
    29
 73
    25
 74
     0
 42
0.000000001
 43
0.0
 40
0.0
 40
0.0
 40
0.0
 40
0.0
 40
1.0
 40
1.0
 40
1.0
 40
2.0
 40
2.0
 40
2.0
 40
3.0
 40
3.0
 40
3.0
 40
4.0
 40
4.0
 40
4.0
 40
5.0
 40
5.0
 40
5.0
 40
6.0
 40
6.0
 40
6.0
 40
7.0
 40
7.0
 40
7.0
 40
8.0
 40
8.0
 40
8.0
 40
8.0
 10
16.55330631366578
 20
28.99844519063468
 30
0.0
 10
16.59348794318954
 20
28.9592456816119
 30
0.0
 10
16.61944708866723
 20
28.89728043990462
 30
0.0
 10
16.61944708866723
 20
28.82760101789921
 30
0.0
 10
16.61944708866723
 20
28.70919599229556
 30
0.0
 10
16.54448846818212
 20
28.61306613417828
 30
0.0
 10
16.45216046987252
 20
28.61306613417828
 30
0.0
 10
16.35983247156294
 20
28.61306613417828
 30
0.0
 10
16.28487385107786
 20
28.70919599229556
 30
0.0
 10
16.28487385107786
 20
28.82760101789921
 30
0.0
 10
16.28487385107786
 20
28.89541697788478
 30
0.0
 10
16.30946309306972
 20
28.95592584656856
 30
0.0
 10
16.34782159092018
 20
28.9952516519639
 30
0.0
 10
16.28895085397214
 20
29.04928282785669
 30
0.0
 10
16.28379848770043
 20
29.14224183114254
 30
0.0
 10
16.33725376000978
 20
29.20578200679169
 30
0.0
 10
16.39212582925385
 20
29.27100627312456
 30
0.0
 10
16.48810759997939
 20
29.28069071737221
 30
0.0
 10
16.55145815420342
 20
29.22739497035229
 30
0.0
 10
16.61480870842748
 20
29.17409922333243
 30
0.0
 10
16.62169216252093
 20
29.077876009752
 30
0.0
 10
16.56682009327689
 20
29.01265174341921
 30
0.0
 10
16.56255258821475
 20
29.00757912832408
 30
0.0
 10
16.55803643242341
 20
29.0028424440863
 30
0.0
 10
16.55330631366578
 20
28.99844519063468
 30
0.0
  0
LWPOLYLINE
  5
118
330
1F
100
AcDbEntity
  8
0
  6
Continuous
 62
    18
420
        0
370
     9
100
AcDbPolyline
 90
       25
 70
     1
 43
0.0
 10
34.04077003707678
 20
56.3164372734921
 10
34.06493615251335
 20
56.5217305806953
 10
34.09343353487485
 20
56.33465273170617
 10
34.09435585403206
 20
56.33929829821938
 10
34.44255458602897
 20
56.74004072262298
 10
34.18274151652624
 20
56.27707850321764
 10
34.17867927720928
 20
56.27464330864885
 10
34.36440622128704
 20
56.31091622729855
 10
34.17929436837019
 20
56.21892196102391
 10
34.18337926379976
 20
56.21930472953662
 10
34.45139801488855
 20
55.93891106091257
 10
34.09703439258085
 20
56.096648448759
 10
34.09601691775077
 20
56.1006230716814
 10
34.07185080231422
 20
55.89532976447812
 10
34.04335341995272
 20
56.08240761346721
 10
34.04243110079553
 20
56.07776204695405
 10
33.6942323687986
 20
55.67701962255046
 10
33.95404543830134
 20
56.13998184195577
 10
33.95810767761832
 20
56.14241703652458
 10
33.77238073354047
 20
56.10614411787485
 10
33.95749258645742
 20
56.19813838414957
 10
33.95340769102782
 20
56.19775561563682
 10
33.68538893993902
 20
56.47814928426087
 10
34.03975256224671
 20
56.32041189641443
 10
34.04077003707678
 20
56.3164372734921
  0
SPLINE
  5
119
330
1F
100
AcDbEntity
  8
0
  6
Continuous
 62
    18
420
        0
370
     9
100
AcDbSpline
210
0.0
220
0.0
230
1.0
 70
    11
 71
     3
 72
    17
 73
    13
 74
     0
 42
0.000000001
 43
0.0
 40
0.0
 40
0.0
 40
0.0
 40
0.0
 40
1.0
 40
1.0
 40
1.0
 40
2.0
 40
2.0
 40
2.0
 40
3.0
 40
3.0
 40
3.0
 40
4.0
 40
4.0
 40
4.0
 40
4.0
 10
38.36285457249812
 20
14.5967870644109
 30
0.0
 10
38.45518257080772
 20
14.5967870644109
 30
0.0
 10
38.53014119129283
 20
14.50065720629362
 30
0.0
 10
38.53014119129283
 20
14.38225218068993
 30
0.0
 10
38.53014119129283
 20
14.26384715508632
 30
0.0
 10
38.45518257080772
 20
14.16771729696902
 30
0.0
 10
38.36285457249812
 20
14.16771729696902
 30
0.0
 10
38.27052657418854
 20
14.16771729696902
 30
0.0
 10
38.19556795370347
 20
14.26384715508632
 30
0.0
 10
38.19556795370347
 20
14.38225218068993
 30
0.0
 10
38.19556795370347
 20
14.50065720629362
 30
0.0
 10
38.27052657418854
 20
14.5967870644109
 30
0.0
 10
38.36285457249812
 20
14.5967870644109
 30
0.0
  0
SPLINE
  5
11A
330
1F
100
AcDbEntity
  8
0
  6
Continuous
 62
    18
420
        0
370
     9
100
AcDbSpline
210
0.0
220
0.0
230
1.0
 70
    11
 71
     3
 72
    17
 73
    13
 74
     0
 42
0.000000001
 43
0.0
 40
0.0
 40
0.0
 40
0.0
 40
0.0
 40
1.0
 40
1.0
 40
1.0
 40
2.0
 40
2.0
 40
2.0
 40
3.0
 40
3.0
 40
3.0
 40
4.0
 40
4.0
 40
4.0
 40
4.0
 10
40.24411376532048
 20
51.75050953480579
 30
0.0
 10
40.37196752955523
 20
51.75050953480579
 30
0.0
 10
40.47576856462948
 20
51.63682761741944
 30
0.0
 10
40.47576856462948
 20
51.49680337726738
 30
0.0
 10
40.47576856462948
 20
51.35677913711524
 30
0.0
 10
40.37196752955523
 20
51.2430972197289
 30
0.0
 10
40.24411376532048
 20
51.2430972197289
 30
0.0
 10
40.11626000108568
 20
51.2430972197289
 30
0.0
 10
40.01245896601148
 20
51.35677913711524
 30
0.0
 10
40.01245896601148
 20
51.49680337726738
 30
0.0
 10
40.01245896601148
 20
51.63682761741944
 30
0.0
 10
40.11626000108568
 20
51.75050953480579
 30
0.0
 10
40.24411376532048
 20
51.75050953480579
 30
0.0
  0
SPLINE
  5
11B
330
1F
100
AcDbEntity
  8
0
  6
Continuous
 62
    18
420
        0
370
     9
100
AcDbSpline
210
0.0
220
0.0
230
1.0
 70
    11
 71
     3
 72
    17
 73
    13
 74
     0
 42
0.000000001
 43
0.0
 40
0.0
 40
0.0
 40
0.0
 40
0.0
 40
1.0
 40
1.0
 40
1.0
 40
2.0
 40
2.0
 40
2.0
 40
3.0
 40
3.0
 40
3.0
 40
4.0
 40
4.0
 40
4.0
 40
4.0
 10
9.18957590183994
 20
21.87463580240976
 30
0.0
 10
9.244447971084005
 20
21.93986006874258
 30
0.0
 10
9.340429741809544
 20
21.94954451299026
 30
0.0
 10
9.403780296033592
 20
21.89624876597034
 30
0.0
 10
9.467130850257638
 20
21.84295301895048
 30
0.0
 10
9.474014304351075
 20
21.74672980537005
 30
0.0
 10
9.419142235107048
 20
21.68150553903726
 30
0.0
 10
9.36427016586298
 20
21.61628127270441
 30
0.0
 10
9.268288395137455
 20
21.60659682845682
 30
0.0
 10
9.20493784091341
 20
21.65989257547665
 30
0.0
 10
9.141587286689335
 20
21.71318832249651
 30
0.0
 10
9.13470383259591
 20
21.80941153607694
 30
0.0
 10
9.18957590183994
 20
21.87463580240976
 30
0.0
  0
SPLINE
  5
11C
330
1F
100
AcDbEntity
  8
0
  6
Continuous
 62
    18
420
        0
370
     9
100
AcDbSpline
210
0.0
220
0.0
230
1.0
 70
    11
 71
     3
 72
    17
 73
    13
 74
     0
 42
0.000000001
 43
0.0
 40
0.0
 40
0.0
 40
0.0
 40
0.0
 40
1.0
 40
1.0
 40
1.0
 40
2.0
 40
2.0
 40
2.0
 40
3.0
 40
3.0
 40
3.0
 40
4.0
 40
4.0
 40
4.0
 40
4.0
 10
45.84047075435276
 20
44.26073707817737
 30
0.0
 10
45.89990852311999
 20
44.33138841161011
 30
0.0
 10
46.02172504699261
 20
44.32686304772801
 30
0.0
 10
46.11233107222005
 20
44.25063773512984
 30
0.0
 10
46.20293709744745
 20
44.17441242253166
 30
0.0
 10
46.22824176721128
 20
44.05516722097272
 30
0.0
 10
46.16880399844403
 20
43.98451588754003
 30
0.0
 10
46.10936622967677
 20
43.91386455410728
 30
0.0
 10
45.98754970580413
 20
43.91838991798937
 30
0.0
 10
45.89694368057669
 20
43.99461523058756
 30
0.0
 10
45.80633765534926
 20
44.07084054318577
 30
0.0
 10
45.78103298558545
 20
44.19008574474468
 30
0.0
 10
45.84047075435276
 20
44.26073707817737
 30
0.0
  0
SPLINE
  5
11D
330
1F
100
AcDbEntity
  8
0
  6
Continuous
 62
    18
420
        0
370
     9
100
AcDbSpline
210
0.0
220
0.0
230
1.0
 70
    11
 71
     3
 72
    92
 73
    88
 74
     0
 42
0.000000001
 43
0.0
 40
0.0
 40
0.0
 40
0.0
 40
0.0
 40
1.0
 40
1.0
 40
1.0
 40
2.0
 40
2.0
 40
2.0
 40
3.0
 40
3.0
 40
3.0
 40
4.0
 40
4.0
 40
4.0
 40
5.0
 40
5.0
 40
5.0
 40
6.0
 40
6.0
 40
6.0
 40
7.0
 40
7.0
 40
7.0
 40
8.0
 40
8.0
 40
8.0
 40
9.0
 40
9.0
 40
9.0
 40
10.0
 40
10.0
 40
10.0
 40
11.0
 40
11.0
 40
11.0
 40
12.0
 40
12.0
 40
12.0
 40
13.0
 40
13.0
 40
13.0
 40
14.0
 40
14.0
 40
14.0
 40
15.0
 40
15.0
 40
15.0
 40
16.0
 40
16.0
 40
16.0
 40
17.0
 40
17.0
 40
17.0
 40
18.0
 40
18.0
 40
18.0
 40
19.0
 40
19.0
 40
19.0
 40
20.0
 40
20.0
 40
20.0
 40
21.0
 40
21.0
 40
21.0
 40
22.0
 40
22.0
 40
22.0
 40
23.0
 40
23.0
 40
23.0
 40
24.0
 40
24.0
 40
24.0
 40
25.0
 40
25.0
 40
25.0
 40
26.0
 40
26.0
 40
26.0
 40
27.0
 40
27.0
 40
27.0
 40
28.0
 40
28.0
 40
28.0
 40
29.0
 40
29.0
 40
29.0
 40
29.0
 10
6.014081714842119
 20
22.97692033446657
 30
0.0
 10
6.019925507835104
 20
22.93499746530935
 30
0.0
 10
6.008349832063198
 20
22.8903494155393
 30
0.0
 10
5.978503671793767
 20
22.85487246099319
 30
0.0
 10
5.923631602549727
 20
22.78964819466037
 30
0.0
 10
5.827649831824187
 20
22.77996375041272
 30
0.0
 10
5.764299277600141
 20
22.83325949743255
 30
0.0
 10
5.700948723376094
 20
22.88655524445244
 30
0.0
 10
5.694065269282658
 20
22.98277845803281
 30
0.0
 10
5.748937338526684
 20
23.04800272436566
 30
0.0
 10
5.803809407770737
 20
23.11322699069848
 30
0.0
 10
5.899791178496264
 20
23.12291143494616
 30
0.0
 10
5.963141732720323
 20
23.06961568792627
 30
0.0
 10
5.988678548171083
 20
23.04813199812077
 30
0.0
 10
6.005039897761817
 20
23.01967292790837
 30
0.0
 10
6.011879383664628
 20
22.98908074277534
 30
0.0
 10
6.011879383664628
 20
22.98908074277534
 30
0.0
 10
6.175940846574626
 20
22.9937825480601
 30
0.0
 10
6.175940846574626
 20
22.9937825480601
 30
0.0
 10
6.175940846574626
 20
22.9937825480601
 30
0.0
 10
6.172071741572807
 20
22.99514743226405
 30
0.0
 10
6.172071741572807
 20
22.99514743226405
 30
0.0
 10
6.172071741572807
 20
22.99514743226405
 30
0.0
 10
6.046281050942808
 20
23.36206889864408
 30
0.0
 10
6.046281050942808
 20
23.36206889864408
 30
0.0
 10
6.046281050942808
 20
23.36206889864408
 30
0.0
 10
6.301881417166699
 20
23.07031024302981
 30
0.0
 10
6.301881417166699
 20
23.07031024302981
 30
0.0
 10
6.301881417166699
 20
23.07031024302981
 30
0.0
 10
6.301139004804341
 20
23.06627518339099
 30
0.0
 10
6.301139004804341
 20
23.06627518339099
 30
0.0
 10
6.301139004804341
 20
23.06627518339099
 30
0.0
 10
6.409138649394557
 20
23.24252903408967
 30
0.0
 10
6.409138649394557
 20
23.24252903408967
 30
0.0
 10
6.409138649394557
 20
23.24252903408967
 30
0.0
 10
6.35658778082287
 20
23.06073621631015
 30
0.0
 10
6.35658778082287
 20
23.06073621631015
 30
0.0
 10
6.35658778082287
 20
23.06073621631015
 30
0.0
 10
6.359372579407581
 20
23.06456725503338
 30
0.0
 10
6.359372579407581
 20
23.06456725503338
 30
0.0
 10
6.359372579407581
 20
23.06456725503338
 30
0.0
 10
6.843491834016203
 20
23.28243279842732
 30
0.0
 10
6.843491834016203
 20
23.28243279842732
 30
0.0
 10
6.843491834016203
 20
23.28243279842732
 30
0.0
 10
6.413534622984455
 20
22.97102688267913
 30
0.0
 10
6.413534622984455
 20
22.97102688267913
 30
0.0
 10
6.413534622984455
 20
22.97102688267913
 30
0.0
 10
6.408825705852525
 20
22.97051888632069
 30
0.0
 10
6.408825705852525
 20
22.97051888632069
 30
0.0
 10
6.408825705852525
 20
22.97051888632069
 30
0.0
 10
6.592651568313546
 20
22.92559367430906
 30
0.0
 10
6.592651568313546
 20
22.92559367430906
 30
0.0
 10
6.592651568313546
 20
22.92559367430906
 30
0.0
 10
6.386025632977399
 20
22.91967202215815
 30
0.0
 10
6.386025632977399
 20
22.91967202215815
 30
0.0
 10
6.386025632977399
 20
22.91967202215815
 30
0.0
 10
6.389894737979138
 20
22.91830713795414
 30
0.0
 10
6.389894737979138
 20
22.91830713795414
 30
0.0
 10
6.389894737979138
 20
22.91830713795414
 30
0.0
 10
6.515685428609164
 20
22.55138567157411
 30
0.0
 10
6.515685428609164
 20
22.55138567157411
 30
0.0
 10
6.515685428609164
 20
22.55138567157411
 30
0.0
 10
6.260085062385246
 20
22.84314432718847
 30
0.0
 10
6.260085062385246
 20
22.84314432718847
 30
0.0
 10
6.260085062385246
 20
22.84314432718847
 30
0.0
 10
6.260827474747604
 20
22.84717938682724
 30
0.0
 10
6.260827474747604
 20
22.84717938682724
 30
0.0
 10
6.260827474747604
 20
22.84717938682724
 30
0.0
 10
6.152827830157388
 20
22.67092553612852
 30
0.0
 10
6.152827830157388
 20
22.67092553612852
 30
0.0
 10
6.152827830157388
 20
22.67092553612852
 30
0.0
 10
6.205378698729075
 20
22.85271835390813
 30
0.0
 10
6.205378698729075
 20
22.85271835390813
 30
0.0
 10
6.205378698729075
 20
22.85271835390813
 30
0.0
 10
6.202593900144363
 20
22.84888731518487
 30
0.0
 10
6.202593900144363
 20
22.84888731518487
 30
0.0
 10
6.202593900144363
 20
22.84888731518487
 30
0.0
 10
5.718474645535742
 20
22.63102177179087
 30
0.0
 10
5.718474645535742
 20
22.63102177179087
 30
0.0
 10
5.718474645535742
 20
22.63102177179087
 30
0.0
 10
6.14843185656749
 20
22.94242768753907
 30
0.0
 10
6.14843185656749
 20
22.94242768753907
 30
0.0
 10
6.14843185656749
 20
22.94242768753907
 30
0.0
 10
6.153140773699487
 20
22.94293568389753
 30
0.0
 10
6.153140773699487
 20
22.94293568389753
 30
0.0
 10
6.153140773699487
 20
22.94293568389753
 30
0.0
 10
6.014081714842119
 20
22.97692033446657
 30
0.0
 10
6.014081714842119
 20
22.97692033446657
 30
0.0
  0
SPLINE
  5
11E
330
1F
100
AcDbEntity
  8
0
  6
Continuous
 62
    18
420
        0
370
     9
100
AcDbSpline
210
0.0
220
0.0
230
1.0
 70
    11
 71
     3
 72
    17
 73
    13
 74
     0
 42
0.000000001
 43
0.0
 40
0.0
 40
0.0
 40
0.0
 40
0.0
 40
1.0
 40
1.0
 40
1.0
 40
2.0
 40
2.0
 40
2.0
 40
3.0
 40
3.0
 40
3.0
 40
4.0
 40
4.0
 40
4.0
 40
4.0
 10
47.79696148201591
 20
43.17701962255043
 30
0.0
 10
47.88219732483906
 20
43.17701962255043
 30
0.0
 10
47.95139801488858
 20
43.1098068762245
 30
0.0
 10
47.95139801488858
 20
43.0270196225504
 30
0.0
 10
47.95139801488858
 20
42.94423236887631
 30
0.0
 10
47.88219732483906
 20
42.87701962255038
 30
0.0
 10
47.79696148201591
 20
42.87701962255038
 30
0.0
 10
47.71172563919271
 20
42.87701962255038
 30
0.0
 10
47.64252494914323
 20
42.94423236887631
 30
0.0
 10
47.64252494914323
 20
43.0270196225504
 30
0.0
 10
47.64252494914323
 20
43.1098068762245
 30
0.0
 10
47.71172563919271
 20
43.17701962255043
 30
0.0
 10
47.79696148201591
 20
43.17701962255043
 30
0.0
  0
LWPOLYLINE
  5
11F
330
1F
100
AcDbEntity
  8
0
  6
Continuous
 62
    18
420
        0
370
     9
100
AcDbPolyline
 90
       25
 70
     1
 43
0.0
 10
24.77199523316775
 20
44.5493850655219
 10
24.69003905719705
 20
44.73915473732957
 10
24.80844261000804
 20
44.59153759379409
 10
24.80691295743379
 20
44.59602001767608
 10
24.90743720697693
 20
45.11729894774614
 10
24.91457914978792
 20
44.58646390714118
 10
24.91228393712548
 20
44.58232096619419
 10
25.05483580272146
 20
44.7067765325581
 10
24.94073738973355
 20
44.53440804567208
 10
24.94408064968857
 20
44.53678617419629
 10
25.31652467226606
 20
44.4284343842436
 10
24.93081925701654
 20
44.38737353930756
 10
24.92794711096194
 20
44.39030332760119
 10
25.00990328693261
 20
44.20053365579349
 10
24.89149973412159
 20
44.34815079932898
 10
24.89302938669586
 20
44.34366837544695
 10
24.79250513715272
 20
43.82238944537696
 10
24.78536319434176
 20
44.35322448598187
 10
24.78765840700418
 20
44.3573674269289
 10
24.6451065414082
 20
44.23291186056497
 10
24.7592049543961
 20
44.40528034745098
 10
24.75586169444108
 20
44.40290221892677
 10
24.38341767186362
 20
44.51125400887948
 10
24.76912308711311
 20
44.55231485381552
 10
24.77199523316775
 20
44.5493850655219
  0
SPLINE
  5
120
330
1F
100
AcDbEntity
  8
0
  6
Continuous
 62
    18
420
        0
370
     9
100
AcDbSpline
210
0.0
220
0.0
230
1.0
 70
    11
 71
     3
 72
    26
 73
    22
 74
     0
 42
0.000000001
 43
0.0
 40
0.0
 40
0.0
 40
0.0
 40
0.0
 40
1.0
 40
1.0
 40
1.0
 40
2.0
 40
2.0
 40
2.0
 40
3.0
 40
3.0
 40
3.0
 40
4.0
 40
4.0
 40
4.0
 40
5.0
 40
5.0
 40
5.0
 40
6.0
 40
6.0
 40
6.0
 40
7.0
 40
7.0
 40
7.0
 40
7.0
 10
39.22252865191795
 20
20.0552090707325
 30
0.0
 10
39.21908042106036
 20
20.04955759040837
 30
0.0
 10
39.21518649191894
 20
20.04413023899022
 30
0.0
 10
39.21083924259088
 20
20.03896283502871
 30
0.0
 10
39.15140147382364
 20
19.96831150159599
 30
0.0
 10
39.02958494995098
 20
19.97283686547809
 30
0.0
 10
38.93897892472352
 20
20.04906217807624
 30
0.0
 10
38.85718001406558
 20
20.11787821453134
 30
0.0
 10
38.82860456025774
 20
20.22175733945585
 30
0.0
 10
38.86755769240863
 20
20.2932883592907
 30
0.0
 10
38.86279090040354
 20
20.32120768768425
 30
0.0
 10
38.86026179640081
 20
20.35039587097569
 30
0.0
 10
38.86026179640081
 20
20.38043150521835
 30
0.0
 10
38.86026179640081
 20
20.58069873241266
 30
0.0
 10
38.97269972712848
 20
20.74329031193034
 30
0.0
 10
39.11119172459287
 20
20.74329031193034
 30
0.0
 10
39.24968372205724
 20
20.74329031193034
 30
0.0
 10
39.36212165278489
 20
20.58069873241266
 30
0.0
 10
39.36212165278489
 20
20.38043150521835
 30
0.0
 10
39.36212165278489
 20
20.23797123781046
 30
0.0
 10
39.30522580341651
 20
20.11457560420715
 30
0.0
 10
39.22252865191795
 20
20.0552090707325
 30
0.0
  0
SPLINE
  5
121
330
1F
100
AcDbEntity
  8
0
  6
Continuous
 62
    18
420
        0
370
     9
100
AcDbSpline
210
0.0
220
0.0
230
1.0
 70
    11
 71
     3
 72
    17
 73
    13
 74
     0
 42
0.000000001
 43
0.0
 40
0.0
 40
0.0
 40
0.0
 40
0.0
 40
1.0
 40
1.0
 40
1.0
 40
2.0
 40
2.0
 40
2.0
 40
3.0
 40
3.0
 40
3.0
 40
4.0
 40
4.0
 40
4.0
 40
4.0
 10
27.1919709130362
 20
45.04144133751153
 30
0.0
 10
27.24684298228026
 20
45.10666560384435
 30
0.0
 10
27.34282475300578
 20
45.116350048092
 30
0.0
 10
27.40617530722986
 20
45.06305430107216
 30
0.0
 10
27.4695258614539
 20
45.0097585540523
 30
0.0
 10
27.47640931554732
 20
44.91353534047188
 30
0.0
 10
27.42153724630331
 20
44.84831107413908
 30
0.0
 10
27.36666517705927
 20
44.78308680780627
 30
0.0
 10
27.27068340633373
 20
44.77340236355857
 30
0.0
 10
27.20733285210967
 20
44.82669811057848
 30
0.0
 10
27.14398229788561
 20
44.87999385759832
 30
0.0
 10
27.13709884379216
 20
44.97621707117871
 30
0.0
 10
27.1919709130362
 20
45.04144133751153
 30
0.0
  0
SPLINE
  5
122
330
1F
100
AcDbEntity
  8
0
  6
Continuous
 62
    18
420
        0
370
     9
100
AcDbSpline
210
0.0
220
0.0
230
1.0
 70
    11
 71
     3
 72
    17
 73
    13
 74
     0
 42
0.000000001
 43
0.0
 40
0.0
 40
0.0
 40
0.0
 40
0.0
 40
1.0
 40
1.0
 40
1.0
 40
2.0
 40
2.0
 40
2.0
 40
3.0
 40
3.0
 40
3.0
 40
4.0
 40
4.0
 40
4.0
 40
4.0
 10
37.79040479830564
 20
18.4226591574342
 30
0.0
 10
37.88273279661524
 20
18.4226591574342
 30
0.0
 10
37.95769141710036
 20
18.32652929931692
 30
0.0
 10
37.95769141710036
 20
18.20812427371322
 30
0.0
 10
37.95769141710036
 20
18.08971924810959
 30
0.0
 10
37.88273279661524
 20
17.99358938999228
 30
0.0
 10
37.79040479830564
 20
17.99358938999228
 30
0.0
 10
37.69807679999607
 20
17.99358938999228
 30
0.0
 10
37.62311817951093
 20
18.08971924810959
 30
0.0
 10
37.62311817951093
 20
18.20812427371322
 30
0.0
 10
37.62311817951093
 20
18.32652929931692
 30
0.0
 10
37.69807679999607
 20
18.4226591574342
 30
0.0
 10
37.79040479830564
 20
18.4226591574342
 30
0.0
  0
LWPOLYLINE
  5
123
330
1F
100
AcDbEntity
  8
0
  6
Continuous
 62
    18
420
        0
370
     9
100
AcDbPolyline
 90
       25
 70
     1
 43
0.0
 10
28.41630728741483
 20
56.6216908394574
 10
28.14316501591073
 20
56.98525262152828
 10
28.50672679798157
 20
56.71211035002426
 10
28.50139801488857
 20
56.72076962255048
 10
28.65139801488854
 20
57.77701962255043
 10
28.80139801488857
 20
56.72076962255048
 10
28.79606923179551
 20
56.71211035002422
 10
29.1596310138664
 20
56.98525262152828
 10
28.88648874236244
 20
56.62169083945744
 10
28.89514801488855
 20
56.62701962255043
 10
29.95139801488857
 20
56.47701962255044
 10
28.89514801488855
 20
56.32701962255048
 10
28.88648874236238
 20
56.33234840564347
 10
29.1596310138664
 20
55.9687866235726
 10
28.79606923179553
 20
56.24192889507665
 10
28.80139801488859
 20
56.23326962255044
 10
28.6513980148886
 20
55.17701962255045
 10
28.50139801488859
 20
56.23326962255044
 10
28.50672679798162
 20
56.24192889507661
 10
28.14316501591076
 20
55.9687866235726
 10
28.41630728741475
 20
56.33234840564347
 10
28.40764801488858
 20
56.32701962255042
 10
27.35139801488859
 20
56.47701962255042
 10
28.40764801488858
 20
56.62701962255043
 10
28.41630728741483
 20
56.6216908394574
  0
SPLINE
  5
124
330
1F
100
AcDbEntity
  8
0
  6
Continuous
 62
    18
420
        0
370
     9
100
AcDbSpline
210
0.0
220
0.0
230
1.0
 70
    11
 71
     3
 72
    17
 73
    13
 74
     0
 42
0.000000001
 43
0.0
 40
0.0
 40
0.0
 40
0.0
 40
0.0
 40
1.0
 40
1.0
 40
1.0
 40
2.0
 40
2.0
 40
2.0
 40
3.0
 40
3.0
 40
3.0
 40
4.0
 40
4.0
 40
4.0
 40
4.0
 10
27.30181208779442
 20
15.66946148301557
 30
0.0
 10
27.39414008610399
 20
15.66946148301557
 30
0.0
 10
27.4690987065891
 20
15.57333162489823
 30
0.0
 10
27.4690987065891
 20
15.45492659929462
 30
0.0
 10
27.4690987065891
 20
15.33652157369093
 30
0.0
 10
27.39414008610399
 20
15.24039171557368
 30
0.0
 10
27.30181208779442
 20
15.24039171557368
 30
0.0
 10
27.20948408948484
 20
15.24039171557368
 30
0.0
 10
27.13452546899973
 20
15.33652157369093
 30
0.0
 10
27.13452546899973
 20
15.45492659929462
 30
0.0
 10
27.13452546899973
 20
15.57333162489823
 30
0.0
 10
27.20948408948484
 20
15.66946148301557
 30
0.0
 10
27.30181208779442
 20
15.66946148301557
 30
0.0
  0
SPLINE
  5
125
330
1F
100
AcDbEntity
  8
0
  6
Continuous
 62
    18
420
        0
370
     9
100
AcDbSpline
210
0.0
220
0.0
230
1.0
 70
    11
 71
     3
 72
    17
 73
    13
 74
     0
 42
0.000000001
 43
0.0
 40
0.0
 40
0.0
 40
0.0
 40
0.0
 40
1.0
 40
1.0
 40
1.0
 40
2.0
 40
2.0
 40
2.0
 40
3.0
 40
3.0
 40
3.0
 40
4.0
 40
4.0
 40
4.0
 40
4.0
 10
39.60002770037066
 20
50.97511573750907
 30
0.0
 10
39.6548997696147
 20
51.04034000384191
 30
0.0
 10
39.75088154034025
 20
51.05002444808954
 30
0.0
 10
39.8142320945643
 20
50.99672870106969
 30
0.0
 10
39.87758264878834
 20
50.94343295404984
 30
0.0
 10
39.88446610288178
 20
50.84720974046942
 30
0.0
 10
39.82959403363772
 20
50.7819854741366
 30
0.0
 10
39.77472196439371
 20
50.71676120780376
 30
0.0
 10
39.67874019366815
 20
50.70707676355613
 30
0.0
 10
39.61538963944411
 20
50.76037251057598
 30
0.0
 10
39.55203908522005
 20
50.81366825759585
 30
0.0
 10
39.54515563112659
 20
50.90989147117627
 30
0.0
 10
39.60002770037066
 20
50.97511573750907
 30
0.0
  0
SPLINE
  5
126
330
1F
100
AcDbEntity
  8
0
  6
Continuous
 62
    18
420
        0
370
     9
100
AcDbSpline
210
0.0
220
0.0
230
1.0
 70
    11
 71
     3
 72
   116
 73
   112
 74
     0
 42
0.000000001
 43
0.0
 40
0.0
 40
0.0
 40
0.0
 40
0.0
 40
1.0
 40
1.0
 40
1.0
 40
2.0
 40
2.0
 40
2.0
 40
3.0
 40
3.0
 40
3.0
 40
4.0
 40
4.0
 40
4.0
 40
5.0
 40
5.0
 40
5.0
 40
6.0
 40
6.0
 40
6.0
 40
7.0
 40
7.0
 40
7.0
 40
8.0
 40
8.0
 40
8.0
 40
9.0
 40
9.0
 40
9.0
 40
10.0
 40
10.0
 40
10.0
 40
11.0
 40
11.0
 40
11.0
 40
12.0
 40
12.0
 40
12.0
 40
13.0
 40
13.0
 40
13.0
 40
14.0
 40
14.0
 40
14.0
 40
15.0
 40
15.0
 40
15.0
 40
16.0
 40
16.0
 40
16.0
 40
17.0
 40
17.0
 40
17.0
 40
18.0
 40
18.0
 40
18.0
 40
19.0
 40
19.0
 40
19.0
 40
20.0
 40
20.0
 40
20.0
 40
21.0
 40
21.0
 40
21.0
 40
22.0
 40
22.0
 40
22.0
 40
23.0
 40
23.0
 40
23.0
 40
24.0
 40
24.0
 40
24.0
 40
25.0
 40
25.0
 40
25.0
 40
26.0
 40
26.0
 40
26.0
 40
27.0
 40
27.0
 40
27.0
 40
28.0
 40
28.0
 40
28.0
 40
29.0
 40
29.0
 40
29.0
 40
30.0
 40
30.0
 40
30.0
 40
31.0
 40
31.0
 40
31.0
 40
32.0
 40
32.0
 40
32.0
 40
33.0
 40
33.0
 40
33.0
 40
34.0
 40
34.0
 40
34.0
 40
35.0
 40
35.0
 40
35.0
 40
36.0
 40
36.0
 40
36.0
 40
37.0
 40
37.0
 40
37.0
 40
37.0
 10
22.18783706633091
 20
44.77409961681889
 30
0.0
 10
22.14358653905106
 20
44.80049084186308
 30
0.0
 10
22.11404778218866
 20
44.84793119320163
 30
0.0
 10
22.11404778218866
 20
44.90201962255043
 30
0.0
 10
22.11404778218866
 20
44.98480687622452
 30
0.0
 10
22.18324847223814
 20
45.05201962255043
 30
0.0
 10
22.26848431506134
 20
45.05201962255043
 30
0.0
 10
22.31512871988837
 20
45.05201962255043
 30
0.0
 10
22.3569710634768
 20
45.03189136256884
 30
0.0
 10
22.3852984585514
 20
45.00009743281653
 30
0.0
 10
22.3852984585514
 20
45.00009743281653
 30
0.0
 10
22.86406227131833
 20
45.54805050276769
 30
0.0
 10
22.86406227131833
 20
45.54805050276769
 30
0.0
 10
22.86406227131833
 20
45.54805050276769
 30
0.0
 10
22.87410000912132
 20
45.5496699933463
 30
0.0
 10
22.87410000912132
 20
45.5496699933463
 30
0.0
 10
22.87410000912132
 20
45.5496699933463
 30
0.0
 10
22.42982015552186
 20
45.64661988530389
 30
0.0
 10
22.42982015552186
 20
45.64661988530389
 30
0.0
 10
22.42982015552186
 20
45.64661988530389
 30
0.0
 10
22.88352606987615
 20
45.67719459944625
 30
0.0
 10
22.88352606987615
 20
45.67719459944625
 30
0.0
 10
22.88352606987615
 20
45.67719459944625
 30
0.0
 10
22.87383552921614
 20
45.68027231802552
 30
0.0
 10
22.87383552921614
 20
45.68027231802552
 30
0.0
 10
22.87383552921614
 20
45.68027231802552
 30
0.0
 10
22.73908588714173
 20
45.89024704680811
 30
0.0
 10
22.73908588714173
 20
45.89024704680811
 30
0.0
 10
22.65427323362247
 20
45.89072926787102
 30
0.0
 10
22.58557061523408
 20
45.95775564317221
 30
0.0
 10
22.58557061523408
 20
46.04024442837367
 30
0.0
 10
22.58557061523408
 20
46.06363194248981
 30
0.0
 10
22.59109331709405
 20
46.08577650136027
 30
0.0
 10
22.60094007197946
 20
46.10551389000408
 30
0.0
 10
22.60094007197946
 20
46.10551389000408
 30
0.0
 10
22.29763804794615
 20
46.57813674269001
 30
0.0
 10
22.29763804794615
 20
46.57813674269001
 30
0.0
 10
22.29763804794615
 20
46.57813674269001
 30
0.0
 10
22.74159610904835
 20
46.1902366364622
 30
0.0
 10
22.74159610904835
 20
46.1902366364622
 30
0.0
 10
22.82007865915013
 20
46.18946661392965
 30
0.0
 10
22.88462006271843
 20
46.13171571270443
 30
0.0
 10
22.89342115280016
 20
46.05758232570781
 30
0.0
 10
22.89342115280016
 20
46.05758232570781
 30
0.0
 10
23.10102764626509
 20
45.87619000980146
 30
0.0
 10
23.10102764626509
 20
45.87619000980146
 30
0.0
 10
23.10102764626509
 20
45.87619000980146
 30
0.0
 10
23.1026471368437
 20
45.86615227199844
 30
0.0
 10
23.1026471368437
 20
45.86615227199844
 30
0.0
 10
23.1026471368437
 20
45.86615227199844
 30
0.0
 10
23.19959702880126
 20
46.31043212559788
 30
0.0
 10
23.19959702880126
 20
46.31043212559788
 30
0.0
 10
23.19959702880126
 20
46.31043212559788
 30
0.0
 10
23.23017174294364
 20
45.85672621124364
 30
0.0
 10
23.23017174294364
 20
45.85672621124364
 30
0.0
 10
23.23017174294364
 20
45.85672621124364
 30
0.0
 10
23.23324946152287
 20
45.86641675190363
 30
0.0
 10
23.23324946152287
 20
45.86641675190363
 30
0.0
 10
23.23324946152287
 20
45.86641675190363
 30
0.0
 10
24.13111388618736
 20
46.44261423317359
 30
0.0
 10
24.13111388618736
 20
46.44261423317359
 30
0.0
 10
24.13111388618736
 20
46.44261423317359
 30
0.0
 10
23.42916715329882
 20
45.63922463485463
 30
0.0
 10
23.42916715329882
 20
45.63922463485463
 30
0.0
 10
23.42916715329882
 20
45.63922463485463
 30
0.0
 10
23.41912941549585
 20
45.63760514427605
 30
0.0
 10
23.41912941549585
 20
45.63760514427605
 30
0.0
 10
23.41912941549585
 20
45.63760514427605
 30
0.0
 10
23.86340926909527
 20
45.54065525231844
 30
0.0
 10
23.86340926909527
 20
45.54065525231844
 30
0.0
 10
23.86340926909527
 20
45.54065525231844
 30
0.0
 10
23.40970335474102
 20
45.5100805381761
 30
0.0
 10
23.40970335474102
 20
45.5100805381761
 30
0.0
 10
23.40970335474102
 20
45.5100805381761
 30
0.0
 10
23.41939389540101
 20
45.50700281959689
 30
0.0
 10
23.41939389540101
 20
45.50700281959689
 30
0.0
 10
23.41939389540101
 20
45.50700281959689
 30
0.0
 10
23.995591376671
 20
44.60913839493234
 30
0.0
 10
23.995591376671
 20
44.60913839493234
 30
0.0
 10
23.995591376671
 20
44.60913839493234
 30
0.0
 10
23.19220177835203
 20
45.31108512782095
 30
0.0
 10
23.19220177835203
 20
45.31108512782095
 30
0.0
 10
23.19220177835203
 20
45.31108512782095
 30
0.0
 10
23.19058228777343
 20
45.32112286562391
 30
0.0
 10
23.19058228777343
 20
45.32112286562391
 30
0.0
 10
23.19058228777343
 20
45.32112286562391
 30
0.0
 10
23.09363239581587
 20
44.87684301202445
 30
0.0
 10
23.09363239581587
 20
44.87684301202445
 30
0.0
 10
23.09363239581587
 20
44.87684301202445
 30
0.0
 10
23.06305768167351
 20
45.33054892637874
 30
0.0
 10
23.06305768167351
 20
45.33054892637874
 30
0.0
 10
23.06305768167351
 20
45.33054892637874
 30
0.0
 10
23.05997996309425
 20
45.32085838571876
 30
0.0
 10
23.05997996309425
 20
45.32085838571876
 30
0.0
 10
23.05997996309425
 20
45.32085838571876
 30
0.0
 10
22.42259569221332
 20
44.9118220085174
 30
0.0
 10
22.42259569221332
 20
44.9118220085174
 30
0.0
 10
22.42281134719554
 20
44.90858135798727
 30
0.0
 10
22.42292084793399
 20
44.90531281254523
 30
0.0
 10
22.42292084793399
 20
44.90201962255043
 30
0.0
 10
22.42292084793399
 20
44.81923236887634
 30
0.0
 10
22.3537201578845
 20
44.75201962255041
 30
0.0
 10
22.26848431506134
 20
44.75201962255041
 30
0.0
 10
22.24339804274444
 20
44.75201962255041
 30
0.0
 10
22.21970076595363
 20
44.75784171886964
 30
0.0
 10
22.19874789824354
 20
44.7681694352223
 30
0.0
 10
22.19874789824354
 20
44.7681694352223
 30
0.0
 10
22.16211553842976
 20
44.74466090444876
 30
0.0
 10
22.16211553842976
 20
44.74466090444876
 30
0.0
 10
22.16211553842976
 20
44.74466090444876
 30
0.0
 10
22.18783706633091
 20
44.77409961681889
 30
0.0
 10
22.18783706633091
 20
44.77409961681889
 30
0.0
  0
LWPOLYLINE
  5
127
330
1F
100
AcDbEntity
  8
0
  6
Continuous
 62
    18
420
        0
370
     9
100
AcDbPolyline
 90
       25
 70
     1
 43
0.0
 10
20.06190633840694
 20
53.58649704074894
 10
20.07191746740051
 20
53.7754679371328
 10
20.11610251080773
 20
53.57353471783286
 10
20.11672524334778
 20
53.57758997202815
 10
20.45390916778463
 20
53.76932328014391
 10
20.21468408923578
 20
53.46399391350369
 10
20.21058134708383
 20
53.46397418434906
 10
20.40382358754752
 20
53.39057950049309
 10
20.21543444735562
 20
53.40846117383774
 10
20.21971594737817
 20
53.4064361507729
 10
20.52368426735925
 20
52.97118897027769
 10
20.13785904754589
 20
53.33584736855906
 10
20.13648553194916
 20
53.34038007368534
 10
20.12647440295556
 20
53.15140917730143
 10
20.08228935954834
 20
53.35334239660138
 10
20.08166662700829
 20
53.34928714240613
 10
19.74448270257144
 20
53.15755383429033
 10
19.98370778112031
 20
53.46288320093062
 10
19.98781052327223
 20
53.46290293008521
 10
19.79456828280854
 20
53.53629761394114
 10
19.98295742300045
 20
53.5184159405965
 10
19.97867592297793
 20
53.52044096366131
 10
19.67470760299684
 20
53.95568814415653
 10
20.06053282281021
 20
53.59102974587522
 10
20.06190633840694
 20
53.58649704074894
  0
LWPOLYLINE
  5
128
330
1F
100
AcDbEntity
  8
0
  6
Continuous
 62
    18
420
        0
370
     9
100
AcDbPolyline
 90
       25
 70
     1
 43
0.0
 10
29.65908541918686
 20
47.63550123845229
 10
29.51032503464053
 20
47.75246520885973
 10
29.70088189815773
 20
47.6723563773601
 10
29.69792434724954
 20
47.67519992708364
 10
29.73523640096896
 20
48.06128601979731
 10
29.84720110713326
 20
47.68991213149441
 10
29.84485556821305
 20
47.68654592746337
 10
30.01610753699644
 20
47.80231339398814
 10
29.89304263302681
 20
47.65855925737006
 10
29.89716308213143
 20
47.66089460745788
 10
30.4280424542772
 20
47.65890968649023
 10
29.90776464224195
 20
47.55332632613008
 10
29.90326757037548
 20
47.55481236296822
 10
30.05202795492184
 20
47.43784839256071
 10
29.86147109140469
 20
47.51795722406032
 10
29.86442864231285
 20
47.5151136743368
 10
29.82711658859343
 20
47.12902758162312
 10
29.71515188242911
 20
47.50040146992603
 10
29.71749742134926
 20
47.50376767395703
 10
29.54624545256593
 20
47.38800020743231
 10
29.66931035653561
 20
47.53175434405044
 10
29.66518990743096
 20
47.52941899396262
 10
29.13431053528517
 20
47.53140391493021
 10
29.65458834732042
 20
47.63698727529038
 10
29.65908541918686
 20
47.63550123845229
  0
LWPOLYLINE
  5
129
330
1F
100
AcDbEntity
  8
0
  6
Continuous
 62
    18
420
        0
370
     9
100
AcDbPolyline
 90
       25
 70
     1
 43
0.0
 10
35.71630728741476
 20
53.35834274996853
 10
35.44316501591076
 20
53.7219045320394
 10
35.80672679798158
 20
53.44876226053539
 10
35.80139801488858
 20
53.45742153306158
 10
35.95139801488857
 20
54.51367153306155
 10
36.10139801488856
 20
53.45742153306158
 10
36.09606923179549
 20
53.44876226053533
 10
36.45963101386637
 20
53.7219045320394
 10
36.18648874236242
 20
53.35834274996853
 10
36.19514801488857
 20
53.36367153306156
 10
37.25139801488857
 20
53.21367153306154
 10
36.19514801488857
 20
53.06367153306155
 10
36.18648874236242
 20
53.0690003161546
 10
36.45963101386637
 20
52.70543853408375
 10
36.09606923179554
 20
52.9785808055878
 10
36.10139801488859
 20
52.96992153306157
 10
35.9513980148886
 20
51.91367153306157
 10
35.80139801488858
 20
52.96992153306157
 10
35.80672679798165
 20
52.9785808055878
 10
35.44316501591074
 20
52.70543853408375
 10
35.71630728741471
 20
53.06900031615456
 10
35.70764801488858
 20
53.06367153306155
 10
34.65139801488857
 20
53.21367153306154
 10
35.70764801488858
 20
53.36367153306156
 10
35.71630728741476
 20
53.35834274996853
  0
SPLINE
  5
12A
330
1F
100
AcDbEntity
  8
0
  6
Continuous
 62
    18
420
        0
370
     9
100
AcDbSpline
210
0.0
220
0.0
230
1.0
 70
    11
 71
     3
 72
    17
 73
    13
 74
     0
 42
0.000000001
 43
0.0
 40
0.0
 40
0.0
 40
0.0
 40
0.0
 40
1.0
 40
1.0
 40
1.0
 40
2.0
 40
2.0
 40
2.0
 40
3.0
 40
3.0
 40
3.0
 40
4.0
 40
4.0
 40
4.0
 40
4.0
 10
22.09110156246188
 20
6.186190372764941
 30
0.0
 10
22.18342956077148
 20
6.186190372764941
 30
0.0
 10
22.2583881812566
 20
6.090060514647689
 30
0.0
 10
22.2583881812566
 20
5.971655489044025
 30
0.0
 10
22.2583881812566
 20
5.853250463440332
 30
0.0
 10
22.18342956077148
 20
5.757120605323053
 30
0.0
 10
22.09110156246188
 20
5.757120605323053
 30
0.0
 10
21.99877356415231
 20
5.757120605323053
 30
0.0
 10
21.9238149436672
 20
5.853250463440332
 30
0.0
 10
21.9238149436672
 20
5.971655489044025
 30
0.0
 10
21.9238149436672
 20
6.090060514647689
 30
0.0
 10
21.99877356415231
 20
6.186190372764941
 30
0.0
 10
22.09110156246188
 20
6.186190372764941
 30
0.0
  0
SPLINE
  5
12B
330
1F
100
AcDbEntity
  8
0
  6
Continuous
 62
    18
420
        0
370
     9
100
AcDbSpline
210
0.0
220
0.0
230
1.0
 70
    11
 71
     3
 72
    17
 73
    13
 74
     0
 42
0.000000001
 43
0.0
 40
0.0
 40
0.0
 40
0.0
 40
0.0
 40
1.0
 40
1.0
 40
1.0
 40
2.0
 40
2.0
 40
2.0
 40
3.0
 40
3.0
 40
3.0
 40
4.0
 40
4.0
 40
4.0
 40
4.0
 10
27.23117716565965
 20
13.13068838376628
 30
0.0
 10
27.29061493442691
 20
13.20133971719901
 30
0.0
 10
27.41243145829953
 20
13.19681435331691
 30
0.0
 10
27.50303748352696
 20
13.12058904071873
 30
0.0
 10
27.59364350875437
 20
13.04436372812054
 30
0.0
 10
27.6189481785182
 20
12.92511852656159
 30
0.0
 10
27.55951040975094
 20
12.8544671931289
 30
0.0
 10
27.50007264098369
 20
12.7838158596962
 30
0.0
 10
27.37825611711104
 20
12.7883412235783
 30
0.0
 10
27.28765009188361
 20
12.86456653617645
 30
0.0
 10
27.19704406665618
 20
12.94079184877464
 30
0.0
 10
27.17173939689237
 20
13.06003705033353
 30
0.0
 10
27.23117716565965
 20
13.13068838376628
 30
0.0
  0
SPLINE
  5
12C
330
1F
100
AcDbEntity
  8
0
  6
Continuous
 62
    18
420
        0
370
     9
100
AcDbSpline
210
0.0
220
0.0
230
1.0
 70
    11
 71
     3
 72
    17
 73
    13
 74
     0
 42
0.000000001
 43
0.0
 40
0.0
 40
0.0
 40
0.0
 40
0.0
 40
1.0
 40
1.0
 40
1.0
 40
2.0
 40
2.0
 40
2.0
 40
3.0
 40
3.0
 40
3.0
 40
4.0
 40
4.0
 40
4.0
 40
4.0
 10
30.76580984212114
 20
48.70701443970253
 30
0.0
 10
30.82068191136517
 20
48.77223870603535
 30
0.0
 10
30.9166636820907
 20
48.78192315028303
 30
0.0
 10
30.98001423631474
 20
48.72862740326313
 30
0.0
 10
31.04336479053883
 20
48.67533165624323
 30
0.0
 10
31.05024824463224
 20
48.57910844266286
 30
0.0
 10
30.99537617538819
 20
48.51388417633002
 30
0.0
 10
30.94050410614417
 20
48.4486599099972
 30
0.0
 10
30.84452233541861
 20
48.43897546574956
 30
0.0
 10
30.78117178119457
 20
48.49227121276947
 30
0.0
 10
30.71782122697051
 20
48.54556695978933
 30
0.0
 10
30.71093777287707
 20
48.64179017336969
 30
0.0
 10
30.76580984212114
 20
48.70701443970253
 30
0.0
  0
LWPOLYLINE
  5
12D
330
1F
100
AcDbEntity
  8
0
  6
Continuous
 62
    18
420
        0
370
     9
100
AcDbPolyline
 90
       25
 70
     1
 43
0.0
 10
47.61303693732581
 20
32.73768476435137
 10
47.26554819169978
 20
33.03100275140334
 10
47.68096048731389
 20
32.84602574062222
 10
47.67383115798918
 20
32.85327498839803
 10
47.58396544499012
 20
33.91633106223759
 10
47.96624237292595
 20
32.92032483089767
 10
47.96298372932816
 20
32.91069362267447
 10
48.25630171638007
 20
33.2581823683005
 10
48.07132470559894
 20
32.84277007268639
 10
48.07857395337481
 20
32.84989940201108
 10
49.14163002721434
 20
32.93976511501019
 10
48.14562379587446
 20
32.55748818707434
 10
48.13599258765125
 20
32.56074683067212
 10
48.48348133327728
 20
32.26742884362021
 10
48.06806903766312
 20
32.45240585440131
 10
48.07519836698786
 20
32.44515660662549
 10
48.16506407998694
 20
31.3821005327859
 10
47.78278715205113
 20
32.37810676412586
 10
47.78604579564888
 20
32.38773797234906
 10
47.492727808597
 20
32.04024922672299
 10
47.67770481937814
 20
32.45566152233722
 10
47.67045557160225
 20
32.44853219301247
 10
46.60739949776269
 20
32.35866648001334
 10
47.6034057291026
 20
32.74094340794917
 10
47.61303693732581
 20
32.73768476435137
  0
LWPOLYLINE
  5
12E
330
1F
100
AcDbEntity
  8
0
  6
Continuous
 62
    18
420
        0
370
     9
100
AcDbPolyline
 90
       25
 70
     1
 43
0.0
 10
19.7516392269158
 20
41.99521464592189
 10
19.3330869930333
 20
42.17297262008043
 10
19.78458017872758
 20
42.1187713918973
 10
19.77562962628177
 20
42.1235949321791
 10
19.37616784273353
 20
43.1128342085852
 10
20.03524897746956
 20
42.2739205537106
 10
20.03497649518714
 20
42.26375666255902
 10
20.21273446934564
 20
42.68230889644147
 10
20.15853324116254
 20
42.23081571074714
 10
20.16335678144431
 20
42.23976626319296
 10
21.15259605785043
 20
42.63922804674122
 10
20.31368240297581
 20
41.9801469120052
 10
20.30351851182425
 20
41.98041939428762
 10
20.72207074570669
 20
41.80266142012913
 10
20.27057756001242
 20
41.85686264831222
 10
20.27952811245822
 20
41.85203910803044
 10
20.67898989600646
 20
40.8627998316243
 10
20.01990876127044
 20
41.70171348649895
 10
20.02018124355285
 20
41.71187737765052
 10
19.84242326939435
 20
41.29332514376809
 10
19.89662449757748
 20
41.74481832946238
 10
19.89180095729566
 20
41.73586777701652
 10
18.90256168088956
 20
41.3364059934683
 10
19.74147533576416
 20
41.99548712820433
 10
19.7516392269158
 20
41.99521464592189
  0
SPLINE
  5
12F
330
1F
100
AcDbEntity
  8
0
  6
Continuous
 62
    18
420
        0
370
     9
100
AcDbSpline
210
0.0
220
0.0
230
1.0
 70
    11
 71
     3
 72
   107
 73
   103
 74
     0
 42
0.000000001
 43
0.0
 40
0.0
 40
0.0
 40
0.0
 40
0.0
 40
1.0
 40
1.0
 40
1.0
 40
2.0
 40
2.0
 40
2.0
 40
3.0
 40
3.0
 40
3.0
 40
4.0
 40
4.0
 40
4.0
 40
5.0
 40
5.0
 40
5.0
 40
6.0
 40
6.0
 40
6.0
 40
7.0
 40
7.0
 40
7.0
 40
8.0
 40
8.0
 40
8.0
 40
9.0
 40
9.0
 40
9.0
 40
10.0
 40
10.0
 40
10.0
 40
11.0
 40
11.0
 40
11.0
 40
12.0
 40
12.0
 40
12.0
 40
13.0
 40
13.0
 40
13.0
 40
14.0
 40
14.0
 40
14.0
 40
15.0
 40
15.0
 40
15.0
 40
16.0
 40
16.0
 40
16.0
 40
17.0
 40
17.0
 40
17.0
 40
18.0
 40
18.0
 40
18.0
 40
19.0
 40
19.0
 40
19.0
 40
20.0
 40
20.0
 40
20.0
 40
21.0
 40
21.0
 40
21.0
 40
22.0
 40
22.0
 40
22.0
 40
23.0
 40
23.0
 40
23.0
 40
24.0
 40
24.0
 40
24.0
 40
25.0
 40
25.0
 40
25.0
 40
26.0
 40
26.0
 40
26.0
 40
27.0
 40
27.0
 40
27.0
 40
28.0
 40
28.0
 40
28.0
 40
29.0
 40
29.0
 40
29.0
 40
30.0
 40
30.0
 40
30.0
 40
31.0
 40
31.0
 40
31.0
 40
32.0
 40
32.0
 40
32.0
 40
33.0
 40
33.0
 40
33.0
 40
34.0
 40
34.0
 40
34.0
 40
34.0
 10
15.05522143034537
 20
23.58884583382041
 30
0.0
 10
15.05522143034537
 20
23.58884583382041
 30
0.0
 10
14.57210558616614
 20
24.20378147255713
 30
0.0
 10
14.57210558616614
 20
24.20378147255713
 30
0.0
 10
14.57210558616614
 20
24.20378147255713
 30
0.0
 10
14.57237806844855
 20
24.21394536370867
 30
0.0
 10
14.57237806844855
 20
24.21394536370867
 30
0.0
 10
14.57237806844855
 20
24.21394536370867
 30
0.0
 10
14.39462009429008
 20
23.79539312982627
 30
0.0
 10
14.39462009429008
 20
23.79539312982627
 30
0.0
 10
14.39462009429008
 20
23.79539312982627
 30
0.0
 10
14.44882132247316
 20
24.2468863155205
 30
0.0
 10
14.44882132247316
 20
24.2468863155205
 30
0.0
 10
14.44882132247316
 20
24.2468863155205
 30
0.0
 10
14.44399778219136
 20
24.23793576307467
 30
0.0
 10
14.44399778219136
 20
24.23793576307467
 30
0.0
 10
14.44399778219136
 20
24.23793576307467
 30
0.0
 10
13.45475850578526
 20
23.83847397952641
 30
0.0
 10
13.45475850578526
 20
23.83847397952641
 30
0.0
 10
13.45475850578526
 20
23.83847397952641
 30
0.0
 10
14.29367216065989
 20
24.49755511426248
 30
0.0
 10
14.29367216065989
 20
24.49755511426248
 30
0.0
 10
14.29367216065989
 20
24.49755511426248
 30
0.0
 10
14.3038360518115
 20
24.49728263198006
 30
0.0
 10
14.3038360518115
 20
24.49728263198006
 30
0.0
 10
14.3038360518115
 20
24.49728263198006
 30
0.0
 10
13.88528381792901
 20
24.67504060613858
 30
0.0
 10
13.88528381792901
 20
24.67504060613858
 30
0.0
 10
13.88528381792901
 20
24.67504060613858
 30
0.0
 10
14.33677700362328
 20
24.62083937795549
 30
0.0
 10
14.33677700362328
 20
24.62083937795549
 30
0.0
 10
14.33677700362328
 20
24.62083937795549
 30
0.0
 10
14.32782645117747
 20
24.62566291823728
 30
0.0
 10
14.32782645117747
 20
24.62566291823728
 30
0.0
 10
14.32782645117747
 20
24.62566291823728
 30
0.0
 10
13.92836466762924
 20
25.61490219464336
 30
0.0
 10
13.92836466762924
 20
25.61490219464336
 30
0.0
 10
13.92836466762924
 20
25.61490219464336
 30
0.0
 10
14.58744580236529
 20
24.77598853976875
 30
0.0
 10
14.58744580236529
 20
24.77598853976875
 30
0.0
 10
14.58744580236529
 20
24.77598853976875
 30
0.0
 10
14.58717332008285
 20
24.76582464861714
 30
0.0
 10
14.58717332008285
 20
24.76582464861714
 30
0.0
 10
14.58717332008285
 20
24.76582464861714
 30
0.0
 10
14.71575472757239
 20
25.06858482348566
 30
0.0
 10
14.71575472757239
 20
25.06858482348566
 30
0.0
 10
14.6748280171822
 20
25.06256012226099
 30
0.0
 10
14.6320902528674
 20
25.07311630119862
 30
0.0
 10
14.59851713584968
 20
25.10136079523913
 30
0.0
 10
14.53516658162564
 20
25.15465654225903
 30
0.0
 10
14.52828312753216
 20
25.25087975583941
 30
0.0
 10
14.58315519677621
 20
25.31610402217223
 30
0.0
 10
14.63802726602027
 20
25.38132828850506
 30
0.0
 10
14.73400903674578
 20
25.39101273275273
 30
0.0
 10
14.79735959096984
 20
25.33771698573283
 30
0.0
 10
14.86071014519393
 20
25.28442123871295
 30
0.0
 10
14.86759359928736
 20
25.18819802513254
 30
0.0
 10
14.81272153004329
 20
25.12297375879973
 30
0.0
 10
14.79576145478853
 20
25.10281398570051
 30
0.0
 10
14.77487405132221
 20
25.08796009180452
 30
0.0
 10
14.75223671780114
 20
25.07863177394464
 30
0.0
 10
14.75223671780114
 20
25.07863177394464
 30
0.0
 10
14.71073006605824
 20
24.7328836968053
 30
0.0
 10
14.71073006605824
 20
24.7328836968053
 30
0.0
 10
14.71073006605824
 20
24.7328836968053
 30
0.0
 10
14.71555360634004
 20
24.74183424925114
 30
0.0
 10
14.71555360634004
 20
24.74183424925114
 30
0.0
 10
14.71555360634004
 20
24.74183424925114
 30
0.0
 10
15.70479288274614
 20
25.1412960327994
 30
0.0
 10
15.70479288274614
 20
25.1412960327994
 30
0.0
 10
15.70479288274614
 20
25.1412960327994
 30
0.0
 10
14.86587922787151
 20
24.48221489806338
 30
0.0
 10
14.86587922787151
 20
24.48221489806338
 30
0.0
 10
14.86587922787151
 20
24.48221489806338
 30
0.0
 10
14.85571533671998
 20
24.4824873803458
 30
0.0
 10
14.85571533671998
 20
24.4824873803458
 30
0.0
 10
14.85571533671998
 20
24.4824873803458
 30
0.0
 10
15.27426757060242
 20
24.30472940618731
 30
0.0
 10
15.27426757060242
 20
24.30472940618731
 30
0.0
 10
15.27426757060242
 20
24.30472940618731
 30
0.0
 10
14.82277438490812
 20
24.35893063437037
 30
0.0
 10
14.82277438490812
 20
24.35893063437037
 30
0.0
 10
14.82277438490812
 20
24.35893063437037
 30
0.0
 10
14.83172493735393
 20
24.35410709408859
 30
0.0
 10
14.83172493735393
 20
24.35410709408859
 30
0.0
 10
14.83172493735393
 20
24.35410709408859
 30
0.0
 10
15.1346273540489
 20
23.60399036239178
 30
0.0
 10
15.1346273540489
 20
23.60399036239178
 30
0.0
 10
15.18368170239222
 20
23.6020322317481
 30
0.0
 10
15.23655953001999
 20
23.58185328058704
 30
0.0
 10
15.28169301862064
 20
23.54388324196546
 30
0.0
 10
15.37229904384808
 20
23.46765792936728
 30
0.0
 10
15.39760371361188
 20
23.34841272780835
 30
0.0
 10
15.3381659448446
 20
23.27776139437563
 30
0.0
 10
15.27872817607734
 20
23.20711006094288
 30
0.0
 10
15.15691165220472
 20
23.211635424825
 30
0.0
 10
15.06630562697729
 20
23.28786073742313
 30
0.0
 10
14.97569960174988
 20
23.36408605002134
 30
0.0
 10
14.95039493198602
 20
23.48333125158027
 30
0.0
 10
15.00983270075333
 20
23.55398258501302
 30
0.0
 10
15.02244985094017
 20
23.56898009422832
 30
0.0
 10
15.03787782900626
 20
23.58059009184092
 30
0.0
 10
15.05522143034537
 20
23.58884583382041
 30
0.0
  0
SPLINE
  5
130
330
1F
100
AcDbEntity
  8
0
  6
Continuous
 62
    18
420
        0
370
     9
100
AcDbSpline
210
0.0
220
0.0
230
1.0
 70
    11
 71
     3
 72
    17
 73
    13
 74
     0
 42
0.000000001
 43
0.0
 40
0.0
 40
0.0
 40
0.0
 40
0.0
 40
1.0
 40
1.0
 40
1.0
 40
2.0
 40
2.0
 40
2.0
 40
3.0
 40
3.0
 40
3.0
 40
4.0
 40
4.0
 40
4.0
 40
4.0
 10
16.47045412578142
 20
34.04472203093857
 30
0.0
 10
16.52532619502549
 20
34.10994629727142
 30
0.0
 10
16.621307965751
 20
34.11963074151909
 30
0.0
 10
16.68465851997506
 20
34.0663349944992
 30
0.0
 10
16.74800907419915
 20
34.01303924747934
 30
0.0
 10
16.75489252829257
 20
33.91681603389893
 30
0.0
 10
16.7000204590485
 20
33.85159176756611
 30
0.0
 10
16.64514838980449
 20
33.78636750123331
 30
0.0
 10
16.54916661907892
 20
33.7766830569856
 30
0.0
 10
16.48581606485489
 20
33.82997880400548
 30
0.0
 10
16.42246551063086
 20
33.88327455102538
 30
0.0
 10
16.41558205653741
 20
33.97949776460577
 30
0.0
 10
16.47045412578142
 20
34.04472203093857
 30
0.0
  0
SPLINE
  5
131
330
1F
100
AcDbEntity
  8
0
  6
Continuous
 62
    18
420
        0
370
     9
100
AcDbSpline
210
0.0
220
0.0
230
1.0
 70
    11
 71
     3
 72
    17
 73
    13
 74
     0
 42
0.000000001
 43
0.0
 40
0.0
 40
0.0
 40
0.0
 40
0.0
 40
1.0
 40
1.0
 40
1.0
 40
2.0
 40
2.0
 40
2.0
 40
3.0
 40
3.0
 40
3.0
 40
4.0
 40
4.0
 40
4.0
 40
4.0
 10
34.86376587836325
 20
42.98795818790198
 30
0.0
 10
34.92320364713051
 20
43.05860952133473
 30
0.0
 10
35.04502017100315
 20
43.05408415745264
 30
0.0
 10
35.13562619623055
 20
42.97785884485444
 30
0.0
 10
35.22623222145799
 20
42.90163353225623
 30
0.0
 10
35.2515368912218
 20
42.78238833069733
 30
0.0
 10
35.19209912245451
 20
42.71173699726459
 30
0.0
 10
35.13266135368727
 20
42.6410856638319
 30
0.0
 10
35.01084482981463
 20
42.64561102771395
 30
0.0
 10
34.92023880458719
 20
42.72183634031212
 30
0.0
 10
34.82963277935977
 20
42.79806165291035
 30
0.0
 10
34.80432810959596
 20
42.91730685446925
 30
0.0
 10
34.86376587836325
 20
42.98795818790198
 30
0.0
  0
SPLINE
  5
132
330
1F
100
AcDbEntity
  8
0
  6
Continuous
 62
    18
420
        0
370
     9
100
AcDbSpline
210
0.0
220
0.0
230
1.0
 70
    11
 71
     3
 72
    17
 73
    13
 74
     0
 42
0.000000001
 43
0.0
 40
0.0
 40
0.0
 40
0.0
 40
0.0
 40
1.0
 40
1.0
 40
1.0
 40
2.0
 40
2.0
 40
2.0
 40
3.0
 40
3.0
 40
3.0
 40
4.0
 40
4.0
 40
4.0
 40
4.0
 10
15.66831982889821
 20
20.56800799464349
 30
0.0
 10
15.76064782720779
 20
20.56800799464349
 30
0.0
 10
15.83560644769289
 20
20.47187813652624
 30
0.0
 10
15.83560644769289
 20
20.35347311092249
 30
0.0
 10
15.83560644769289
 20
20.23506808531889
 30
0.0
 10
15.76064782720779
 20
20.13893822720161
 30
0.0
 10
15.66831982889821
 20
20.13893822720161
 30
0.0
 10
15.57599183058863
 20
20.13893822720161
 30
0.0
 10
15.50103321010353
 20
20.23506808531889
 30
0.0
 10
15.50103321010353
 20
20.35347311092249
 30
0.0
 10
15.50103321010353
 20
20.47187813652624
 30
0.0
 10
15.57599183058863
 20
20.56800799464349
 30
0.0
 10
15.66831982889821
 20
20.56800799464349
 30
0.0
  0
LWPOLYLINE
  5
133
330
1F
100
AcDbEntity
  8
0
  6
Continuous
 62
    18
420
        0
370
     9
100
AcDbPolyline
 90
       25
 70
     1
 43
0.0
 10
13.9999173767626
 20
51.46025672443859
 10
13.9179612007919
 20
51.65002639624629
 10
14.03636475360292
 20
51.50240925271075
 10
14.03483510102867
 20
51.50689167659277
 10
14.13535935057179
 20
52.02817060666281
 10
14.14250129338275
 20
51.49733556605787
 10
14.1402060807203
 20
51.49319262511084
 10
14.28275794631631
 20
51.61764819147479
 10
14.16865953332838
 20
51.44527970458878
 10
14.17200279328342
 20
51.44765783311297
 10
14.54444681586091
 20
51.33930604316028
 10
14.15874140061142
 20
51.29824519822425
 10
14.15586925455676
 20
51.30117498651788
 10
14.23782543052749
 20
51.11140531471017
 10
14.1194218777165
 20
51.2590224582457
 10
14.12095153029074
 20
51.25454003436364
 10
14.0204272807476
 20
50.73326110429365
 10
14.01328533793662
 20
51.2640961448986
 10
14.01558055059906
 20
51.26823908584559
 10
13.87302868500307
 20
51.14378351948169
 10
13.98712709799098
 20
51.31615200636767
 10
13.98378383803597
 20
51.31377387784345
 10
13.61133981545845
 20
51.42212566779615
 10
13.997045230708
 20
51.46318651273221
 10
13.9999173767626
 20
51.46025672443859
  0
SPLINE
  5
134
330
1F
100
AcDbEntity
  8
0
  6
Continuous
 62
    18
420
        0
370
     9
100
AcDbSpline
210
0.0
220
0.0
230
1.0
 70
    11
 71
     3
 72
    17
 73
    13
 74
     0
 42
0.000000001
 43
0.0
 40
0.0
 40
0.0
 40
0.0
 40
0.0
 40
1.0
 40
1.0
 40
1.0
 40
2.0
 40
2.0
 40
2.0
 40
3.0
 40
3.0
 40
3.0
 40
4.0
 40
4.0
 40
4.0
 40
4.0
 10
31.20196380118164
 20
17.01748350434409
 30
0.0
 10
31.26140156994889
 20
17.08813483777683
 30
0.0
 10
31.38321809382154
 20
17.08360947389474
 30
0.0
 10
31.47382411904895
 20
17.00738416129653
 30
0.0
 10
31.56443014427638
 20
16.93115884869835
 30
0.0
 10
31.58973481404017
 20
16.81191364713948
 30
0.0
 10
31.5302970452729
 20
16.74126231370667
 30
0.0
 10
31.47085927650566
 20
16.67061098027398
 30
0.0
 10
31.34904275263302
 20
16.67513634415607
 30
0.0
 10
31.25843672740559
 20
16.75136165675426
 30
0.0
 10
31.16783070217815
 20
16.82758696935247
 30
0.0
 10
31.14252603241435
 20
16.94683217091136
 30
0.0
 10
31.20196380118164
 20
17.01748350434409
 30
0.0
  0
SPLINE
  5
135
330
1F
100
AcDbEntity
  8
0
  6
Continuous
 62
    18
420
        0
370
     9
100
AcDbSpline
210
0.0
220
0.0
230
1.0
 70
    11
 71
     3
 72
    17
 73
    13
 74
     0
 42
0.000000001
 43
0.0
 40
0.0
 40
0.0
 40
0.0
 40
0.0
 40
1.0
 40
1.0
 40
1.0
 40
2.0
 40
2.0
 40
2.0
 40
3.0
 40
3.0
 40
3.0
 40
4.0
 40
4.0
 40
4.0
 40
4.0
 10
39.19254766903831
 20
22.21510101789929
 30
0.0
 10
39.28487566734788
 20
22.21510101789929
 30
0.0
 10
39.359834287833
 20
22.11897115978198
 30
0.0
 10
39.359834287833
 20
22.00056613417834
 30
0.0
 10
39.359834287833
 20
21.88216110857471
 30
0.0
 10
39.28487566734788
 20
21.78603125045737
 30
0.0
 10
39.19254766903831
 20
21.78603125045737
 30
0.0
 10
39.10021967072871
 20
21.78603125045737
 30
0.0
 10
39.02526105024363
 20
21.88216110857471
 30
0.0
 10
39.02526105024363
 20
22.00056613417834
 30
0.0
 10
39.02526105024363
 20
22.11897115978198
 30
0.0
 10
39.10021967072871
 20
22.21510101789929
 30
0.0
 10
39.19254766903831
 20
22.21510101789929
 30
0.0
  0
SPLINE
  5
136
330
1F
100
AcDbEntity
  8
0
  6
Continuous
 62
    18
420
        0
370
     9
100
AcDbSpline
210
0.0
220
0.0
230
1.0
 70
    11
 71
     3
 72
    17
 73
    13
 74
     0
 42
0.000000001
 43
0.0
 40
0.0
 40
0.0
 40
0.0
 40
0.0
 40
1.0
 40
1.0
 40
1.0
 40
2.0
 40
2.0
 40
2.0
 40
3.0
 40
3.0
 40
3.0
 40
4.0
 40
4.0
 40
4.0
 40
4.0
 10
20.42292084793401
 20
12.73342680649523
 30
0.0
 10
20.50815669075717
 20
12.73342680649523
 30
0.0
 10
20.57735738080665
 20
12.66621406016932
 30
0.0
 10
20.57735738080665
 20
12.58342680649523
 30
0.0
 10
20.57735738080665
 20
12.5006395528211
 30
0.0
 10
20.50815669075717
 20
12.43342680649519
 30
0.0
 10
20.42292084793401
 20
12.43342680649519
 30
0.0
 10
20.33768500511081
 20
12.43342680649519
 30
0.0
 10
20.26848431506133
 20
12.5006395528211
 30
0.0
 10
20.26848431506133
 20
12.58342680649523
 30
0.0
 10
20.26848431506133
 20
12.66621406016932
 30
0.0
 10
20.33768500511081
 20
12.73342680649523
 30
0.0
 10
20.42292084793401
 20
12.73342680649523
 30
0.0
  0
SPLINE
  5
137
330
1F
100
AcDbEntity
  8
0
  6
Continuous
 62
    18
420
        0
370
     9
100
AcDbSpline
210
0.0
220
0.0
230
1.0
 70
    11
 71
     3
 72
    92
 73
    88
 74
     0
 42
0.000000001
 43
0.0
 40
0.0
 40
0.0
 40
0.0
 40
0.0
 40
1.0
 40
1.0
 40
1.0
 40
2.0
 40
2.0
 40
2.0
 40
3.0
 40
3.0
 40
3.0
 40
4.0
 40
4.0
 40
4.0
 40
5.0
 40
5.0
 40
5.0
 40
6.0
 40
6.0
 40
6.0
 40
7.0
 40
7.0
 40
7.0
 40
8.0
 40
8.0
 40
8.0
 40
9.0
 40
9.0
 40
9.0
 40
10.0
 40
10.0
 40
10.0
 40
11.0
 40
11.0
 40
11.0
 40
12.0
 40
12.0
 40
12.0
 40
13.0
 40
13.0
 40
13.0
 40
14.0
 40
14.0
 40
14.0
 40
15.0
 40
15.0
 40
15.0
 40
16.0
 40
16.0
 40
16.0
 40
17.0
 40
17.0
 40
17.0
 40
18.0
 40
18.0
 40
18.0
 40
19.0
 40
19.0
 40
19.0
 40
20.0
 40
20.0
 40
20.0
 40
21.0
 40
21.0
 40
21.0
 40
22.0
 40
22.0
 40
22.0
 40
23.0
 40
23.0
 40
23.0
 40
24.0
 40
24.0
 40
24.0
 40
25.0
 40
25.0
 40
25.0
 40
26.0
 40
26.0
 40
26.0
 40
27.0
 40
27.0
 40
27.0
 40
28.0
 40
28.0
 40
28.0
 40
29.0
 40
29.0
 40
29.0
 40
29.0
 10
9.47073331160069
 20
28.03238576228901
 30
0.0
 10
9.47073331160069
 20
28.03238576228901
 30
0.0
 10
9.014907535512458
 20
28.61258514541564
 30
0.0
 10
9.014907535512458
 20
28.61258514541564
 30
0.0
 10
9.014907535512458
 20
28.61258514541564
 30
0.0
 10
9.015180017794888
 20
28.62274903656717
 30
0.0
 10
9.015180017794888
 20
28.62274903656717
 30
0.0
 10
9.015180017794888
 20
28.62274903656717
 30
0.0
 10
8.837422043636387
 20
28.20419680268473
 30
0.0
 10
8.837422043636387
 20
28.20419680268473
 30
0.0
 10
8.837422043636387
 20
28.20419680268473
 30
0.0
 10
8.89162327181948
 20
28.65568998837901
 30
0.0
 10
8.89162327181948
 20
28.65568998837901
 30
0.0
 10
8.89162327181948
 20
28.65568998837901
 30
0.0
 10
8.88679973153768
 20
28.64673943593317
 30
0.0
 10
8.88679973153768
 20
28.64673943593317
 30
0.0
 10
8.88679973153768
 20
28.64673943593317
 30
0.0
 10
7.897560455131584
 20
28.24727765238491
 30
0.0
 10
7.897560455131584
 20
28.24727765238491
 30
0.0
 10
7.897560455131584
 20
28.24727765238491
 30
0.0
 10
8.736474110006192
 20
28.90635878712094
 30
0.0
 10
8.736474110006192
 20
28.90635878712094
 30
0.0
 10
8.736474110006192
 20
28.90635878712094
 30
0.0
 10
8.74663800115782
 20
28.90608630483857
 30
0.0
 10
8.74663800115782
 20
28.90608630483857
 30
0.0
 10
8.74663800115782
 20
28.90608630483857
 30
0.0
 10
8.328085767275326
 20
29.08384427899708
 30
0.0
 10
8.328085767275326
 20
29.08384427899708
 30
0.0
 10
8.328085767275326
 20
29.08384427899708
 30
0.0
 10
8.779578952969601
 20
29.02964305081397
 30
0.0
 10
8.779578952969601
 20
29.02964305081397
 30
0.0
 10
8.779578952969601
 20
29.02964305081397
 30
0.0
 10
8.77062840052378
 20
29.03446659109579
 30
0.0
 10
8.77062840052378
 20
29.03446659109579
 30
0.0
 10
8.77062840052378
 20
29.03446659109579
 30
0.0
 10
8.371166616975543
 20
30.02370586750187
 30
0.0
 10
8.371166616975543
 20
30.02370586750187
 30
0.0
 10
8.371166616975543
 20
30.02370586750187
 30
0.0
 10
9.030247751711567
 20
29.18479221262724
 30
0.0
 10
9.030247751711567
 20
29.18479221262724
 30
0.0
 10
9.030247751711567
 20
29.18479221262724
 30
0.0
 10
9.029975269429166
 20
29.17462832147565
 30
0.0
 10
9.029975269429166
 20
29.17462832147565
 30
0.0
 10
9.029975269429166
 20
29.17462832147565
 30
0.0
 10
9.207733243587667
 20
29.5931805553581
 30
0.0
 10
9.207733243587667
 20
29.5931805553581
 30
0.0
 10
9.207733243587667
 20
29.5931805553581
 30
0.0
 10
9.15353201540456
 20
29.14168736966381
 30
0.0
 10
9.15353201540456
 20
29.14168736966381
 30
0.0
 10
9.15353201540456
 20
29.14168736966381
 30
0.0
 10
9.158355555686345
 20
29.15063792210965
 30
0.0
 10
9.158355555686345
 20
29.15063792210965
 30
0.0
 10
9.158355555686345
 20
29.15063792210965
 30
0.0
 10
10.14759483209244
 20
29.55009970565789
 30
0.0
 10
10.14759483209244
 20
29.55009970565789
 30
0.0
 10
10.14759483209244
 20
29.55009970565789
 30
0.0
 10
9.308681177217833
 20
28.89101857092186
 30
0.0
 10
9.308681177217833
 20
28.89101857092186
 30
0.0
 10
9.308681177217833
 20
28.89101857092186
 30
0.0
 10
9.298517286066259
 20
28.89129105320428
 30
0.0
 10
9.298517286066259
 20
28.89129105320428
 30
0.0
 10
9.298517286066259
 20
28.89129105320428
 30
0.0
 10
9.717069519948726
 20
28.7135330790458
 30
0.0
 10
9.717069519948726
 20
28.7135330790458
 30
0.0
 10
9.717069519948726
 20
28.7135330790458
 30
0.0
 10
9.265576334254424
 20
28.76773430722886
 30
0.0
 10
9.265576334254424
 20
28.76773430722886
 30
0.0
 10
9.265576334254424
 20
28.76773430722886
 30
0.0
 10
9.274526886700245
 20
28.76291076694709
 30
0.0
 10
9.274526886700245
 20
28.76291076694709
 30
0.0
 10
9.274526886700245
 20
28.76291076694709
 30
0.0
 10
9.54207001676519
 20
28.10035884510373
 30
0.0
 10
9.54207001676519
 20
28.10035884510373
 30
0.0
 10
9.560819343835755
 20
28.10969058123135
 30
0.0
 10
9.581201563761352
 20
28.11481032022483
 30
0.0
 10
9.602508851950626
 20
28.11481032022483
 30
0.0
 10
9.694836850260215
 20
28.11481032022483
 30
0.0
 10
9.769795470745338
 20
28.01868046210754
 30
0.0
 10
9.769795470745338
 20
27.90027543650386
 30
0.0
 10
9.769795470745338
 20
27.7818704109002
 30
0.0
 10
9.694836850260215
 20
27.68574055278293
 30
0.0
 10
9.602508851950626
 20
27.68574055278293
 30
0.0
 10
9.510180853641076
 20
27.68574055278293
 30
0.0
 10
9.435222233155942
 20
27.7818704109002
 30
0.0
 10
9.435222233155942
 20
27.90027543650386
 30
0.0
 10
9.435222233155942
 20
27.95008744553064
 30
0.0
 10
9.44848852140815
 20
27.99595716225228
 30
0.0
 10
9.47073331160069
 20
28.03238576228901
 30
0.0
  0
SPLINE
  5
138
330
1F
100
AcDbEntity
  8
0
  6
Continuous
 62
    18
420
        0
370
     9
100
AcDbSpline
210
0.0
220
0.0
230
1.0
 70
    11
 71
     3
 72
    17
 73
    13
 74
     0
 42
0.000000001
 43
0.0
 40
0.0
 40
0.0
 40
0.0
 40
0.0
 40
1.0
 40
1.0
 40
1.0
 40
2.0
 40
2.0
 40
2.0
 40
3.0
 40
3.0
 40
3.0
 40
4.0
 40
4.0
 40
4.0
 40
4.0
 10
15.31722541454308
 20
13.10842680649523
 30
0.0
 10
15.40246125736627
 20
13.10842680649523
 30
0.0
 10
15.47166194741575
 20
13.04121406016927
 30
0.0
 10
15.47166194741575
 20
12.95842680649523
 30
0.0
 10
15.47166194741575
 20
12.8756395528211
 30
0.0
 10
15.40246125736627
 20
12.80842680649519
 30
0.0
 10
15.31722541454308
 20
12.80842680649519
 30
0.0
 10
15.23198957171991
 20
12.80842680649519
 30
0.0
 10
15.16278888167042
 20
12.8756395528211
 30
0.0
 10
15.16278888167042
 20
12.95842680649523
 30
0.0
 10
15.16278888167042
 20
13.04121406016927
 30
0.0
 10
15.23198957171991
 20
13.10842680649523
 30
0.0
 10
15.31722541454308
 20
13.10842680649523
 30
0.0
  0
SPLINE
  5
139
330
1F
100
AcDbEntity
  8
0
  6
Continuous
 62
    18
420
        0
370
     9
100
AcDbSpline
210
0.0
220
0.0
230
1.0
 70
    11
 71
     3
 72
    95
 73
    91
 74
     0
 42
0.000000001
 43
0.0
 40
0.0
 40
0.0
 40
0.0
 40
0.0
 40
1.0
 40
1.0
 40
1.0
 40
2.0
 40
2.0
 40
2.0
 40
3.0
 40
3.0
 40
3.0
 40
4.0
 40
4.0
 40
4.0
 40
5.0
 40
5.0
 40
5.0
 40
6.0
 40
6.0
 40
6.0
 40
7.0
 40
7.0
 40
7.0
 40
8.0
 40
8.0
 40
8.0
 40
9.0
 40
9.0
 40
9.0
 40
10.0
 40
10.0
 40
10.0
 40
11.0
 40
11.0
 40
11.0
 40
12.0
 40
12.0
 40
12.0
 40
13.0
 40
13.0
 40
13.0
 40
14.0
 40
14.0
 40
14.0
 40
15.0
 40
15.0
 40
15.0
 40
16.0
 40
16.0
 40
16.0
 40
17.0
 40
17.0
 40
17.0
 40
18.0
 40
18.0
 40
18.0
 40
19.0
 40
19.0
 40
19.0
 40
20.0
 40
20.0
 40
20.0
 40
21.0
 40
21.0
 40
21.0
 40
22.0
 40
22.0
 40
22.0
 40
23.0
 40
23.0
 40
23.0
 40
24.0
 40
24.0
 40
24.0
 40
25.0
 40
25.0
 40
25.0
 40
26.0
 40
26.0
 40
26.0
 40
27.0
 40
27.0
 40
27.0
 40
28.0
 40
28.0
 40
28.0
 40
29.0
 40
29.0
 40
29.0
 40
30.0
 40
30.0
 40
30.0
 40
30.0
 10
10.62652308791029
 20
16.87820294313622
 30
0.0
 10
10.62652308791029
 20
16.87820294313622
 30
0.0
 10
9.116778017762902
 20
16.88384777471708
 30
0.0
 10
9.116778017762902
 20
16.88384777471708
 30
0.0
 10
9.116778017762902
 20
16.88384777471708
 30
0.0
 10
10.56882784830496
 20
17.17852169117583
 30
0.0
 10
10.56882784830496
 20
17.17852169117583
 30
0.0
 10
10.59849197237252
 20
17.23857282699558
 30
0.0
 10
10.65076544310967
 20
17.27847311092253
 30
0.0
 10
10.71024836073885
 20
17.27847311092253
 30
0.0
 10
10.75088054106449
 20
17.27847311092253
 30
0.0
 10
10.78814870830436
 20
17.25985516709599
 30
0.0
 10
10.81714433201663
 20
17.22891417030252
 30
0.0
 10
10.81714433201663
 20
17.22891417030252
 30
0.0
 10
10.87032110908893
 20
17.23970567954345
 30
0.0
 10
10.87032110908893
 20
17.23970567954345
 30
0.0
 10
10.87032110908893
 20
17.23970567954345
 30
0.0
 10
10.8854780293347
 20
17.23469714454416
 30
0.0
 10
10.8854780293347
 20
17.23469714454416
 30
0.0
 10
10.8854780293347
 20
17.23469714454416
 30
0.0
 10
10.38409638562432
 20
17.62891223021117
 30
0.0
 10
10.38409638562432
 20
17.62891223021117
 30
0.0
 10
10.38409638562432
 20
17.62891223021117
 30
0.0
 10
11.02634878193188
 20
17.35891361643047
 30
0.0
 10
11.02634878193188
 20
17.35891361643047
 30
0.0
 10
11.02634878193188
 20
17.35891361643047
 30
0.0
 10
11.01638065943597
 20
17.36849750960684
 30
0.0
 10
11.01638065943597
 20
17.36849750960684
 30
0.0
 10
11.01638065943597
 20
17.36849750960684
 30
0.0
 10
11.14213711590858
 20
18.66976115159579
 30
0.0
 10
11.14213711590858
 20
18.66976115159579
 30
0.0
 10
11.14213711590858
 20
18.66976115159579
 30
0.0
 10
11.51950269334629
 20
17.41808348810886
 30
0.0
 10
11.51950269334629
 20
17.41808348810886
 30
0.0
 10
11.51950269334629
 20
17.41808348810886
 30
0.0
 10
11.51159729458867
 20
17.40673804210661
 30
0.0
 10
11.51159729458867
 20
17.40673804210661
 30
0.0
 10
11.51159729458867
 20
17.40673804210661
 30
0.0
 10
12.08878451993143
 20
17.79692043395352
 30
0.0
 10
12.08878451993143
 20
17.79692043395352
 30
0.0
 10
12.08878451993143
 20
17.79692043395352
 30
0.0
 10
11.67400686240177
 20
17.31241183626784
 30
0.0
 10
11.67400686240177
 20
17.31241183626784
 30
0.0
 10
11.67400686240177
 20
17.31241183626784
 30
0.0
 10
11.68789441419322
 20
17.32028289460931
 30
0.0
 10
11.68789441419322
 20
17.32028289460931
 30
0.0
 10
11.68789441419322
 20
17.32028289460931
 30
0.0
 10
13.47716897831901
 20
17.31359292173494
 30
0.0
 10
13.47716897831901
 20
17.31359292173494
 30
0.0
 10
13.47716897831901
 20
17.31359292173494
 30
0.0
 10
11.72362588699299
 20
16.9577350169086
 30
0.0
 10
11.72362588699299
 20
16.9577350169086
 30
0.0
 10
11.72362588699299
 20
16.9577350169086
 30
0.0
 10
11.70846896674735
 20
16.96274355190786
 30
0.0
 10
11.70846896674735
 20
16.96274355190786
 30
0.0
 10
11.70846896674735
 20
16.96274355190786
 30
0.0
 10
12.20985061045759
 20
16.56852846624091
 30
0.0
 10
12.20985061045759
 20
16.56852846624091
 30
0.0
 10
12.20985061045759
 20
16.56852846624091
 30
0.0
 10
11.56759821414999
 20
16.83852708002161
 30
0.0
 10
11.56759821414999
 20
16.83852708002161
 30
0.0
 10
11.56759821414999
 20
16.83852708002161
 30
0.0
 10
11.57756633664595
 20
16.82894318684521
 30
0.0
 10
11.57756633664595
 20
16.82894318684521
 30
0.0
 10
11.57756633664595
 20
16.82894318684521
 30
0.0
 10
11.45180988017331
 20
15.52767954485628
 30
0.0
 10
11.45180988017331
 20
15.52767954485628
 30
0.0
 10
11.45180988017331
 20
15.52767954485628
 30
0.0
 10
11.07444430273563
 20
16.77935720834319
 30
0.0
 10
11.07444430273563
 20
16.77935720834319
 30
0.0
 10
11.07444430273563
 20
16.77935720834319
 30
0.0
 10
11.0823497014933
 20
16.79070265434549
 30
0.0
 10
11.0823497014933
 20
16.79070265434549
 30
0.0
 10
11.0823497014933
 20
16.79070265434549
 30
0.0
 10
10.50516247615049
 20
16.40052026249859
 30
0.0
 10
10.50516247615049
 20
16.40052026249859
 30
0.0
 10
10.50516247615049
 20
16.40052026249859
 30
0.0
 10
10.91994013368013
 20
16.88502886018421
 30
0.0
 10
10.91994013368013
 20
16.88502886018421
 30
0.0
 10
10.91994013368013
 20
16.88502886018421
 30
0.0
 10
10.90605258188871
 20
16.87715780184277
 30
0.0
 10
10.90605258188871
 20
16.87715780184277
 30
0.0
 10
10.90605258188871
 20
16.87715780184277
 30
0.0
 10
10.79313015365379
 20
16.87758001093073
 30
0.0
 10
10.79313015365379
 20
16.87758001093073
 30
0.0
 10
10.76869140030196
 20
16.85965262222848
 30
0.0
 10
10.74039583421722
 20
16.84940334348065
 30
0.0
 10
10.71024836073885
 20
16.84940334348065
 30
0.0
 10
10.67975341701974
 20
16.84940334348065
 30
0.0
 10
10.6511533157016
 20
16.85989024364488
 30
0.0
 10
10.62652308791029
 20
16.87820294313622
 30
0.0
  0
SPLINE
  5
13A
330
1F
100
AcDbEntity
  8
0
  6
Continuous
 62
    18
420
        0
370
     9
100
AcDbSpline
210
0.0
220
0.0
230
1.0
 70
    11
 71
     3
 72
    17
 73
    13
 74
     0
 42
0.000000001
 43
0.0
 40
0.0
 40
0.0
 40
0.0
 40
0.0
 40
1.0
 40
1.0
 40
1.0
 40
2.0
 40
2.0
 40
2.0
 40
3.0
 40
3.0
 40
3.0
 40
4.0
 40
4.0
 40
4.0
 40
4.0
 10
42.16278888167041
 20
46.22701962255049
 30
0.0
 10
42.2480247244936
 20
46.22701962255049
 30
0.0
 10
42.31722541454306
 20
46.15980687622455
 30
0.0
 10
42.31722541454306
 20
46.07701962255047
 30
0.0
 10
42.31722541454306
 20
45.99423236887635
 30
0.0
 10
42.2480247244936
 20
45.92701962255043
 30
0.0
 10
42.16278888167041
 20
45.92701962255043
 30
0.0
 10
42.07755303884721
 20
45.92701962255043
 30
0.0
 10
42.00835234879775
 20
45.99423236887635
 30
0.0
 10
42.00835234879775
 20
46.07701962255047
 30
0.0
 10
42.00835234879775
 20
46.15980687622455
 30
0.0
 10
42.07755303884721
 20
46.22701962255049
 30
0.0
 10
42.16278888167041
 20
46.22701962255049
 30
0.0
  0
LWPOLYLINE
  5
13B
330
1F
100
AcDbEntity
  8
0
  6
Continuous
 62
    18
420
        0
370
     9
100
AcDbPolyline
 90
       45
 70
     1
 43
0.0
 10
27.15045799134144
 20
52.40027377041127
 10
26.72944039965103
 20
51.918412201683
 10
26.71940266184803
 20
51.91679271110435
 10
27.16368251544747
 20
51.81984281914681
 10
26.7099766010932
 20
51.78926810500444
 10
26.71966714175321
 20
51.78619038642519
 10
27.29586462302321
 20
50.88832596176073
 10
26.49247502470427
 20
51.59027269464924
 10
26.49085553412563
 20
51.60031043245226
 10
26.3939056421681
 20
51.15603057885279
 10
26.36333092802571
 20
51.60973649320712
 10
26.36025320944648
 20
51.60004595254708
 10
25.46238878478199
 20
51.02384847127711
 10
26.16433551767056
 20
51.82723806959608
 10
26.1743732554735
 20
51.82885756017465
 10
25.73009340187409
 20
51.92580745213226
 10
26.18379931622833
 20
51.95638216627461
 10
26.17410877556835
 20
51.95945988485381
 10
25.59791129429836
 20
52.8573243095183
 10
26.4013008926173
 20
52.15537757662976
 10
26.40292038319593
 20
52.14533983882681
 10
26.49987027515349
 20
52.58961969242623
 10
26.53044498929587
 20
52.13591377807201
 10
26.53352270787508
 20
52.14560431873194
 10
27.02704780039188
 20
52.46232019190843
 10
26.5548298397769
 20
52.24981052283329
 10
26.98478705080861
 20
52.56121643858147
 10
26.98949596794066
 20
52.56172443493996
 10
26.80567010547953
 20
52.6066496469516
 10
27.01229604081568
 20
52.61257129910251
 10
27.00842693581396
 20
52.61393618330648
 10
26.88263624518392
 20
52.98085764968653
 10
27.13823661140786
 20
52.68909899407222
 10
27.13749419904546
 20
52.6850639344334
 10
27.24549384363569
 20
52.86131778513212
 10
27.19294297506401
 20
52.67952496735259
 10
27.19572777364871
 20
52.68335600607585
 10
27.6798470282573
 20
52.90122154946978
 10
27.43011938211591
 20
52.72035083875951
 10
27.30322795813975
 20
52.5751215138522
 10
27.42900676255467
 20
52.54438242535147
 10
27.27245005557891
 20
52.53989569739501
 10
27.23857980265009
 20
52.5011306350042
 10
27.35204062285025
 20
52.17017442261657
 10
27.15045799134144
 20
52.40027377041127
  0
LWPOLYLINE
  5
13C
330
1F
100
AcDbEntity
  8
0
  6
Continuous
 62
    18
420
        0
370
     9
100
AcDbPolyline
 90
       25
 70
     1
 43
0.0
 10
8.979561370510652
 20
48.90608630483857
 10
8.561009136628158
 20
49.08384427899711
 10
9.012502322322419
 20
49.02964305081397
 10
9.003551769876612
 20
49.03446659109578
 10
8.604089986328388
 20
50.0237058675019
 10
9.263171121064412
 20
49.18479221262727
 10
9.262898638781984
 20
49.17462832147574
 10
9.440656612940472
 20
49.59318055535815
 10
9.386455384757378
 20
49.14168736966381
 10
9.39127892503919
 20
49.15063792210964
 10
10.38051820144529
 20
49.55009970565793
 10
9.541604546570678
 20
48.89101857092186
 10
9.531440655419104
 20
48.8912910532043
 10
9.949992889301544
 20
48.7135330790458
 10
9.498499703607296
 20
48.76773430722889
 10
9.507450256053092
 20
48.76291076694712
 10
9.906912039601327
 20
47.77367149054099
 10
9.247830904865305
 20
48.61258514541559
 10
9.248103387147733
 20
48.62274903656726
 10
9.070345412989203
 20
48.20419680268475
 10
9.124546641172337
 20
48.65568998837905
 10
9.119723100890512
 20
48.6467394359332
 10
8.130483824484415
 20
48.24727765238498
 10
8.969397479359023
 20
48.90635878712101
 10
8.979561370510652
 20
48.90608630483857
  0
LWPOLYLINE
  5
13D
330
1F
100
AcDbEntity
  8
0
  6
Continuous
 62
    18
420
        0
370
     9
100
AcDbPolyline
 90
       25
 70
     1
 43
0.0
 10
37.7615738243458
 20
45.65085277602327
 10
37.57774796188468
 20
45.69577798803492
 10
37.78437389722083
 20
45.70169964018582
 10
37.78050479221908
 20
45.7030645243898
 10
37.65471410158907
 20
46.06998599076984
 10
37.91031446781294
 20
45.77822733515555
 10
37.90957205545062
 20
45.77419227551668
 10
38.01757170004085
 20
45.95044612621538
 10
37.96502083146918
 20
45.76865330843593
 10
37.96780563005383
 20
45.77248434715916
 10
38.45192488466247
 20
45.99034989055309
 10
38.02196767363071
 20
45.67894397480491
 10
38.01725875649873
 20
45.67843597844646
 10
38.20108461895981
 20
45.63351076643485
 10
37.99445868362369
 20
45.62758911428388
 10
37.99832778862539
 20
45.62622423007996
 10
38.12411847925542
 20
45.25930276369988
 10
37.86851811303148
 20
45.55106141931419
 10
37.86926052539386
 20
45.55509647895295
 10
37.76126088080369
 20
45.37884262825429
 10
37.81381174937535
 20
45.56063544603384
 10
37.81102695079066
 20
45.55680440731059
 10
37.32690769618204
 20
45.33893886391661
 10
37.75686490721377
 20
45.65034477966479
 10
37.7615738243458
 20
45.65085277602327
  0
SPLINE
  5
13E
330
1F
100
AcDbEntity
  8
0
  6
Continuous
 62
    18
420
        0
370
     9
100
AcDbSpline
210
0.0
220
0.0
230
1.0
 70
    11
 71
     3
 72
    17
 73
    13
 74
     0
 42
0.000000001
 43
0.0
 40
0.0
 40
0.0
 40
0.0
 40
0.0
 40
1.0
 40
1.0
 40
1.0
 40
2.0
 40
2.0
 40
2.0
 40
3.0
 40
3.0
 40
3.0
 40
4.0
 40
4.0
 40
4.0
 40
4.0
 10
32.83233333014628
 20
15.13312427371324
 30
0.0
 10
32.92466132845586
 20
15.13312427371324
 30
0.0
 10
32.99961994894096
 20
15.03699441559598
 30
0.0
 10
32.99961994894096
 20
14.91858938999229
 30
0.0
 10
32.99961994894096
 20
14.80018436438866
 30
0.0
 10
32.92466132845586
 20
14.70405450627135
 30
0.0
 10
32.83233333014628
 20
14.70405450627135
 30
0.0
 10
32.74000533183668
 20
14.70405450627135
 30
0.0
 10
32.66504671135159
 20
14.80018436438866
 30
0.0
 10
32.66504671135159
 20
14.91858938999229
 30
0.0
 10
32.66504671135159
 20
15.03699441559598
 30
0.0
 10
32.74000533183668
 20
15.13312427371324
 30
0.0
 10
32.83233333014628
 20
15.13312427371324
 30
0.0
  0
SPLINE
  5
13F
330
1F
100
AcDbEntity
  8
0
  6
Continuous
 62
    18
420
        0
370
     9
100
AcDbSpline
210
0.0
220
0.0
230
1.0
 70
    11
 71
     3
 72
    17
 73
    13
 74
     0
 42
0.000000001
 43
0.0
 40
0.0
 40
0.0
 40
0.0
 40
0.0
 40
1.0
 40
1.0
 40
1.0
 40
2.0
 40
2.0
 40
2.0
 40
3.0
 40
3.0
 40
3.0
 40
4.0
 40
4.0
 40
4.0
 40
4.0
 10
32.95673519977636
 20
51.29324843691673
 30
0.0
 10
33.09522719724072
 20
51.29324843691673
 30
0.0
 10
33.20766512796839
 20
51.13065685739907
 30
0.0
 10
33.20766512796839
 20
50.93038963020476
 30
0.0
 10
33.20766512796839
 20
50.7301224030105
 30
0.0
 10
33.09522719724072
 20
50.5675308234928
 30
0.0
 10
32.95673519977636
 20
50.5675308234928
 30
0.0
 10
32.81824320231199
 20
50.5675308234928
 30
0.0
 10
32.70580527158432
 20
50.7301224030105
 30
0.0
 10
32.70580527158432
 20
50.93038963020476
 30
0.0
 10
32.70580527158432
 20
51.13065685739907
 30
0.0
 10
32.81824320231199
 20
51.29324843691673
 30
0.0
 10
32.95673519977636
 20
51.29324843691673
 30
0.0
  0
LWPOLYLINE
  5
140
330
1F
100
AcDbEntity
  8
0
  6
Continuous
 62
    18
420
        0
370
     9
100
AcDbPolyline
 90
       50
 70
     1
 43
0.0
 10
48.7685331687965
 20
40.85958672909632
 10
47.97157793423958
 20
40.1241059997259
 10
47.95884207009339
 20
40.12704650875607
 10
48.52723932663746
 20
39.75015327505432
 10
47.95039106452155
 20
39.94543611295038
 10
47.96281564646132
 20
39.93580621243385
 10
48.72148509147487
 20
38.31720872820107
 10
47.67898958721198
 20
39.76932451778316
 10
47.67664798864485
 20
39.78486871723133
 10
47.56557419810181
 20
39.18607666873936
 10
47.51400957179371
 20
39.86612449071275
 10
47.51036058795943
 20
39.85357324591845
 10
46.3831629685064
 20
39.48545775834428
 10
47.25457384960066
 20
40.28965087060223
 10
47.26730971374693
 20
40.28671036157202
 10
46.69891245720286
 20
40.66360359527377
 10
47.27576071931869
 20
40.46832075737777
 10
47.26333613737892
 20
40.47795065789428
 10
46.50466669236537
 20
42.09654814212703
 10
47.54716219662826
 20
40.64443235254497
 10
47.54950379519542
 20
40.62888815309664
 10
47.66057758573847
 20
41.22768020158874
 10
47.71214221204653
 20
40.54763237961541
 10
47.71579119588079
 20
40.56018362440962
 10
48.78208742917747
 20
40.90841019182285
 10
48.79128486540599
 20
40.94154004710522
 10
48.78883935697048
 20
40.9382457534182
 10
48.40113872504623
 20
40.92629249674069
 10
48.75531443572066
 20
41.08445136088653
 10
48.75895092437982
 20
41.0825516681124
 10
48.62239977675501
 20
41.23773906193057
 10
48.7806004593116
 20
41.13389896166825
 10
48.77776140415843
 20
41.13768996769485
 10
48.71240335405006
 20
41.66453451114877
 10
48.88311662440915
 20
41.16184790201298
 10
48.88221291211946
 20
41.15719868004005
 10
48.97936644039489
 20
41.31959145798129
 10
48.92407116019248
 20
41.12041371046639
 10
48.92651666862805
 20
41.12370800415349
 10
49.31421730055227
 20
41.13566126083106
 10
48.96004158987784
 20
40.97750239668514
 10
48.95640510121866
 20
40.97940208945933
 10
49.09295624884348
 20
40.82421469564115
 10
48.93475556628683
 20
40.92805479590346
 10
48.93759462144011
 20
40.92426378987685
 10
49.00295267154844
 20
40.39741924642294
 10
48.83223940118939
 20
40.90010585555876
 10
48.83314311347908
 20
40.9047550775317
 10
48.73598958520362
 20
40.74236229959045
 10
48.7685331687965
 20
40.85958672909632
  0
LWPOLYLINE
  5
141
330
1F
100
AcDbEntity
  8
0
  6
Continuous
 62
    18
420
        0
370
     9
100
AcDbPolyline
 90
       25
 70
     1
 43
0.0
 10
45.83385265115165
 20
50.76075679750431
 10
45.69728151539965
 20
50.89174743557918
 10
45.87906240643508
 20
50.7933347800307
 10
45.87639801488857
 20
50.79645469991614
 10
45.95139801488855
 20
51.17701962255046
 10
46.02639801488856
 20
50.79645469991614
 10
46.02373362334198
 20
50.79333478003063
 10
46.20551451437753
 20
50.89174743557918
 10
46.06894337862549
 20
50.76075679750433
 10
46.07327301488858
 20
50.76267674820303
 10
46.60139801488855
 20
50.70863202546208
 10
46.07327301488858
 20
50.65458730272111
 10
46.0689433786254
 20
50.65650725341989
 10
46.20551451437745
 20
50.52551661534497
 10
46.02373362334205
 20
50.62392927089347
 10
46.02639801488858
 20
50.62080935100801
 10
45.95139801488858
 20
50.24024442837371
 10
45.87639801488857
 20
50.62080935100801
 10
45.87906240643514
 20
50.62392927089351
 10
45.69728151539965
 20
50.52551661534497
 10
45.83385265115165
 20
50.65650725341986
 10
45.82952301488854
 20
50.65458730272111
 10
45.30139801488858
 20
50.70863202546208
 10
45.82952301488854
 20
50.76267674820303
 10
45.83385265115165
 20
50.76075679750431
  0
SPLINE
  5
142
330
1F
100
AcDbEntity
  8
0
  6
Continuous
 62
    18
420
        0
370
     9
100
AcDbSpline
210
0.0
220
0.0
230
1.0
 70
    11
 71
     3
 72
    17
 73
    13
 74
     0
 42
0.000000001
 43
0.0
 40
0.0
 40
0.0
 40
0.0
 40
0.0
 40
1.0
 40
1.0
 40
1.0
 40
2.0
 40
2.0
 40
2.0
 40
3.0
 40
3.0
 40
3.0
 40
4.0
 40
4.0
 40
4.0
 40
4.0
 10
26.0570934482795
 20
9.683426806495191
 30
0.0
 10
26.14232929110267
 20
9.683426806495191
 30
0.0
 10
26.21152998115215
 20
9.616214060169312
 30
0.0
 10
26.21152998115215
 20
9.533426806495186
 30
0.0
 10
26.21152998115215
 20
9.450639552821059
 30
0.0
 10
26.14232929110267
 20
9.383426806495152
 30
0.0
 10
26.0570934482795
 20
9.383426806495152
 30
0.0
 10
25.97185760545631
 20
9.383426806495152
 30
0.0
 10
25.90265691540683
 20
9.450639552821059
 30
0.0
 10
25.90265691540683
 20
9.533426806495186
 30
0.0
 10
25.90265691540683
 20
9.616214060169312
 30
0.0
 10
25.97185760545631
 20
9.683426806495191
 30
0.0
 10
26.0570934482795
 20
9.683426806495191
 30
0.0
  0
LWPOLYLINE
  5
143
330
1F
100
AcDbEntity
  8
0
  6
Continuous
 62
    18
420
        0
370
     9
100
AcDbPolyline
 90
       25
 70
     1
 43
0.0
 10
31.01630728741475
 20
50.02169083945748
 10
30.74316501591076
 20
50.38525262152831
 10
31.1067267979816
 20
50.1121103500243
 10
31.10139801488854
 20
50.12076962255045
 10
31.25139801488857
 20
51.17701962255046
 10
31.40139801488854
 20
50.12076962255045
 10
31.39606923179551
 20
50.11211035002424
 10
31.7596310138664
 20
50.38525262152831
 10
31.4864887423624
 20
50.02169083945748
 10
31.49514801488855
 20
50.02701962255048
 10
32.55139801488856
 20
49.87701962255046
 10
31.49514801488855
 20
49.72701962255046
 10
31.4864887423624
 20
49.73234840564351
 10
31.7596310138664
 20
49.36878662357265
 10
31.39606923179555
 20
49.64192889507666
 10
31.40139801488859
 20
49.6332696225505
 10
31.25139801488857
 20
48.57701962255047
 10
31.10139801488854
 20
49.63326962255047
 10
31.1067267979816
 20
49.64192889507666
 10
30.74316501591073
 20
49.36878662357265
 10
31.01630728741475
 20
49.73234840564351
 10
31.00764801488858
 20
49.72701962255046
 10
29.95139801488857
 20
49.87701962255046
 10
31.00764801488858
 20
50.02701962255048
 10
31.01630728741475
 20
50.02169083945748
  0
SPLINE
  5
144
330
1F
100
AcDbEntity
  8
0
  6
Continuous
 62
    18
420
        0
370
     9
100
AcDbSpline
210
0.0
220
0.0
230
1.0
 70
    11
 71
     3
 72
    80
 73
    76
 74
     0
 42
0.000000001
 43
0.0
 40
0.0
 40
0.0
 40
0.0
 40
0.0
 40
1.0
 40
1.0
 40
1.0
 40
2.0
 40
2.0
 40
2.0
 40
3.0
 40
3.0
 40
3.0
 40
4.0
 40
4.0
 40
4.0
 40
5.0
 40
5.0
 40
5.0
 40
6.0
 40
6.0
 40
6.0
 40
7.0
 40
7.0
 40
7.0
 40
8.0
 40
8.0
 40
8.0
 40
9.0
 40
9.0
 40
9.0
 40
10.0
 40
10.0
 40
10.0
 40
11.0
 40
11.0
 40
11.0
 40
12.0
 40
12.0
 40
12.0
 40
13.0
 40
13.0
 40
13.0
 40
14.0
 40
14.0
 40
14.0
 40
15.0
 40
15.0
 40
15.0
 40
16.0
 40
16.0
 40
16.0
 40
17.0
 40
17.0
 40
17.0
 40
18.0
 40
18.0
 40
18.0
 40
19.0
 40
19.0
 40
19.0
 40
20.0
 40
20.0
 40
20.0
 40
21.0
 40
21.0
 40
21.0
 40
22.0
 40
22.0
 40
22.0
 40
23.0
 40
23.0
 40
23.0
 40
24.0
 40
24.0
 40
24.0
 40
25.0
 40
25.0
 40
25.0
 40
25.0
 10
42.20992089127802
 20
15.17008021712385
 30
0.0
 10
42.20992089127802
 20
15.17008021712385
 30
0.0
 10
42.3466722162034
 20
15.53326726637076
 30
0.0
 10
42.3466722162034
 20
15.53326726637076
 30
0.0
 10
42.3466722162034
 20
15.53326726637076
 30
0.0
 10
42.28525452698866
 20
14.92736531742656
 30
0.0
 10
42.28525452698866
 20
14.92736531742656
 30
0.0
 10
42.28525452698866
 20
14.92736531742656
 30
0.0
 10
42.29186394248058
 20
14.94162788546996
 30
0.0
 10
42.29186394248058
 20
14.94162788546996
 30
0.0
 10
42.29186394248058
 20
14.94162788546996
 30
0.0
 10
43.69995524268258
 20
16.04286175393628
 30
0.0
 10
43.69995524268258
 20
16.04286175393628
 30
0.0
 10
43.69995524268258
 20
16.04286175393628
 30
0.0
 10
42.51756929970556
 20
14.70219004743532
 30
0.0
 10
42.51756929970556
 20
14.70219004743532
 30
0.0
 10
42.51756929970556
 20
14.70219004743532
 30
0.0
 10
42.50294165160307
 20
14.69643356141299
 30
0.0
 10
42.50294165160307
 20
14.69643356141299
 30
0.0
 10
42.50294165160307
 20
14.69643356141299
 30
0.0
 10
43.11141162012223
 20
14.72199919641665
 30
0.0
 10
43.11141162012223
 20
14.72199919641665
 30
0.0
 10
43.11141162012223
 20
14.72199919641665
 30
0.0
 10
42.46009092090281
 20
14.51974861514319
 30
0.0
 10
42.46009092090281
 20
14.51974861514319
 30
0.0
 10
42.46009092090281
 20
14.51974861514319
 30
0.0
 10
42.473140216005
 20
14.51899713244438
 30
0.0
 10
42.473140216005
 20
14.51899713244438
 30
0.0
 10
42.473140216005
 20
14.51899713244438
 30
0.0
 10
43.08387194870124
 20
13.50258666606265
 30
0.0
 10
43.08387194870124
 20
13.50258666606265
 30
0.0
 10
43.08387194870124
 20
13.50258666606265
 30
0.0
 10
42.10526179093817
 20
14.17221764250826
 30
0.0
 10
42.10526179093817
 20
14.17221764250826
 30
0.0
 10
42.10526179093817
 20
14.17221764250826
 30
0.0
 10
42.10528145804802
 20
14.18528854309361
 30
0.0
 10
42.10528145804802
 20
14.18528854309361
 30
0.0
 10
42.10528145804802
 20
14.18528854309361
 30
0.0
 10
41.86495858524914
 20
13.54703399538818
 30
0.0
 10
41.86495858524914
 20
13.54703399538818
 30
0.0
 10
41.86495858524914
 20
13.54703399538818
 30
0.0
 10
41.92637627446383
 20
14.1529359443324
 30
0.0
 10
41.92637627446383
 20
14.1529359443324
 30
0.0
 10
41.92637627446383
 20
14.1529359443324
 30
0.0
 10
41.91976685897195
 20
14.13867337628901
 30
0.0
 10
41.91976685897195
 20
14.13867337628901
 30
0.0
 10
41.91976685897195
 20
14.13867337628901
 30
0.0
 10
40.51167555876992
 20
13.03743950782265
 30
0.0
 10
40.51167555876992
 20
13.03743950782265
 30
0.0
 10
40.51167555876992
 20
13.03743950782265
 30
0.0
 10
41.69406150174695
 20
14.37811121432367
 30
0.0
 10
41.69406150174695
 20
14.37811121432367
 30
0.0
 10
41.69406150174695
 20
14.37811121432367
 30
0.0
 10
41.70868914984943
 20
14.38386770034597
 30
0.0
 10
41.70868914984943
 20
14.38386770034597
 30
0.0
 10
41.70868914984943
 20
14.38386770034597
 30
0.0
 10
41.1002191813303
 20
14.35830206534229
 30
0.0
 10
41.1002191813303
 20
14.35830206534229
 30
0.0
 10
41.1002191813303
 20
14.35830206534229
 30
0.0
 10
41.75153988054966
 20
14.56055264661569
 30
0.0
 10
41.75153988054966
 20
14.56055264661569
 30
0.0
 10
41.75153988054966
 20
14.56055264661569
 30
0.0
 10
41.73849058544752
 20
14.56130412931458
 30
0.0
 10
41.73849058544752
 20
14.56130412931458
 30
0.0
 10
41.73849058544752
 20
14.56130412931458
 30
0.0
 10
41.12775885275129
 20
15.57771459569631
 30
0.0
 10
41.12775885275129
 20
15.57771459569631
 30
0.0
 10
41.12775885275129
 20
15.57771459569631
 30
0.0
 10
41.79962560825624
 20
15.11797811333804
 30
0.0
 10
41.79962560825624
 20
15.11797811333804
 30
0.0
 10
41.84293996707693
 20
15.22695463071969
 30
0.0
 10
41.92425511040467
 20
15.30040821125127
 30
0.0
 10
42.01734063258537
 20
15.30040821125127
 30
0.0
 10
42.09466952103798
 20
15.30040821125127
 30
0.0
 10
42.1638755358369
 20
15.24971705155983
 30
0.0
 10
42.20992089127802
 20
15.17008021712385
 30
0.0
  0
SPLINE
  5
145
330
1F
100
AcDbEntity
  8
0
  6
Continuous
 62
    18
420
        0
370
     9
100
AcDbSpline
210
0.0
220
0.0
230
1.0
 70
    11
 71
     3
 72
    17
 73
    13
 74
     0
 42
0.000000001
 43
0.0
 40
0.0
 40
0.0
 40
0.0
 40
0.0
 40
1.0
 40
1.0
 40
1.0
 40
2.0
 40
2.0
 40
2.0
 40
3.0
 40
3.0
 40
3.0
 40
4.0
 40
4.0
 40
4.0
 40
4.0
 10
49.58557061523408
 20
40.92701962255042
 30
0.0
 10
49.67080645805726
 20
40.92701962255042
 30
0.0
 10
49.74000714810675
 20
40.85980687622452
 30
0.0
 10
49.74000714810675
 20
40.77701962255045
 30
0.0
 10
49.74000714810675
 20
40.6942323688763
 30
0.0
 10
49.67080645805726
 20
40.62701962255043
 30
0.0
 10
49.58557061523408
 20
40.62701962255043
 30
0.0
 10
49.50033477241089
 20
40.62701962255043
 30
0.0
 10
49.43113408236141
 20
40.6942323688763
 30
0.0
 10
49.43113408236141
 20
40.77701962255045
 30
0.0
 10
49.43113408236141
 20
40.85980687622452
 30
0.0
 10
49.50033477241089
 20
40.92701962255042
 30
0.0
 10
49.58557061523408
 20
40.92701962255042
 30
0.0
  0
SPLINE
  5
146
330
1F
100
AcDbEntity
  8
0
  6
Continuous
 62
    18
420
        0
370
     9
100
AcDbSpline
210
0.0
220
0.0
230
1.0
 70
    11
 71
     3
 72
    17
 73
    13
 74
     0
 42
0.000000001
 43
0.0
 40
0.0
 40
0.0
 40
0.0
 40
0.0
 40
1.0
 40
1.0
 40
1.0
 40
2.0
 40
2.0
 40
2.0
 40
3.0
 40
3.0
 40
3.0
 40
4.0
 40
4.0
 40
4.0
 40
4.0
 10
18.95139801488859
 20
43.17701962255043
 30
0.0
 10
19.03663385771175
 20
43.17701962255043
 30
0.0
 10
19.10583454776124
 20
43.10980687622455
 30
0.0
 10
19.10583454776124
 20
43.02701962255044
 30
0.0
 10
19.10583454776124
 20
42.94423236887634
 30
0.0
 10
19.03663385771175
 20
42.87701962255042
 30
0.0
 10
18.95139801488859
 20
42.87701962255042
 30
0.0
 10
18.8661621720654
 20
42.87701962255042
 30
0.0
 10
18.79696148201591
 20
42.94423236887634
 30
0.0
 10
18.79696148201591
 20
43.02701962255044
 30
0.0
 10
18.79696148201591
 20
43.10980687622455
 30
0.0
 10
18.8661621720654
 20
43.17701962255043
 30
0.0
 10
18.95139801488859
 20
43.17701962255043
 30
0.0
  0
LWPOLYLINE
  5
147
330
1F
100
AcDbEntity
  8
0
  6
Continuous
 62
    18
420
        0
370
     9
100
AcDbPolyline
 90
       25
 70
     1
 43
0.0
 10
6.386064143052319
 20
42.94293568389753
 10
6.202238280591232
 20
42.98786089590918
 10
6.408864215927458
 20
42.99378254806011
 10
6.404995110925638
 20
42.99514743226409
 10
6.279204420295626
 20
43.36206889864414
 10
6.534804786519531
 20
43.07031024302981
 10
6.534062374157172
 20
43.06627518339099
 10
6.642062018747389
 20
43.24252903408969
 10
6.589511150175714
 20
43.06073621631019
 10
6.592295948760399
 20
43.06456725503342
 10
7.076415203369022
 20
43.28243279842735
 10
6.646457992337273
 20
42.97102688267917
 10
6.641749075205303
 20
42.97051888632076
 10
6.82557493766639
 20
42.92559367430911
 10
6.618949002330218
 20
42.91967202215814
 10
6.62281810733197
 20
42.91830713795423
 10
6.748608797961982
 20
42.55138567157418
 10
6.49300843173809
 20
42.84314432718845
 10
6.493750844100449
 20
42.84717938682726
 10
6.385751199510233
 20
42.67092553612856
 10
6.43830206808192
 20
42.85271835390813
 10
6.435517269497196
 20
42.84888731518485
 10
5.951398014888587
 20
42.63102177179091
 10
6.381355225920335
 20
42.94242768753905
 10
6.386064143052319
 20
42.94293568389753
  0
SPLINE
  5
148
330
1F
100
AcDbEntity
  8
0
  6
Continuous
 62
    18
420
        0
370
     9
100
AcDbSpline
210
0.0
220
0.0
230
1.0
 70
    11
 71
     3
 72
    17
 73
    13
 74
     0
 42
0.000000001
 43
0.0
 40
0.0
 40
0.0
 40
0.0
 40
0.0
 40
1.0
 40
1.0
 40
1.0
 40
2.0
 40
2.0
 40
2.0
 40
3.0
 40
3.0
 40
3.0
 40
4.0
 40
4.0
 40
4.0
 40
4.0
 10
36.59363132519997
 20
7.834153598907506
 30
0.0
 10
36.64850339444404
 20
7.899377865240268
 30
0.0
 10
36.74448516516956
 20
7.90906230948795
 30
0.0
 10
36.80783571939358
 20
7.855766562468091
 30
0.0
 10
36.87118627361767
 20
7.802470815448174
 30
0.0
 10
36.87806972771113
 20
7.706247601867801
 30
0.0
 10
36.82319765846708
 20
7.641023335534953
 30
0.0
 10
36.76832558922304
 20
7.575799069202162
 30
0.0
 10
36.67234381849751
 20
7.566114624954508
 30
0.0
 10
36.60899326427344
 20
7.61941037197434
 30
0.0
 10
36.54564271004938
 20
7.672706118994256
 30
0.0
 10
36.53875925595595
 20
7.768929332574629
 30
0.0
 10
36.59363132519997
 20
7.834153598907506
 30
0.0
  0
SPLINE
  5
149
330
1F
100
AcDbEntity
  8
0
  6
Continuous
 62
    18
420
        0
370
     9
100
AcDbSpline
210
0.0
220
0.0
230
1.0
 70
    11
 71
     3
 72
    17
 73
    13
 74
     0
 42
0.000000001
 43
0.0
 40
0.0
 40
0.0
 40
0.0
 40
0.0
 40
1.0
 40
1.0
 40
1.0
 40
2.0
 40
2.0
 40
2.0
 40
3.0
 40
3.0
 40
3.0
 40
4.0
 40
4.0
 40
4.0
 40
4.0
 10
33.01979239611507
 20
4.168580496716487
 30
0.0
 10
33.07466446535912
 20
4.233804763049335
 30
0.0
 10
33.17064623608464
 20
4.243489207296989
 30
0.0
 10
33.23399679030871
 20
4.190193460277101
 30
0.0
 10
33.29734734453279
 20
4.136897713257241
 30
0.0
 10
33.30423079862621
 20
4.040674499676811
 30
0.0
 10
33.24935872938217
 20
3.975450233343992
 30
0.0
 10
33.1944866601381
 20
3.910225967011172
 30
0.0
 10
33.0985048894126
 20
3.900541522763518
 30
0.0
 10
33.03515433518853
 20
3.953837269783406
 30
0.0
 10
32.97180378096451
 20
4.007133016803266
 30
0.0
 10
32.96492032687103
 20
4.103356230383696
 30
0.0
 10
33.01979239611507
 20
4.168580496716487
 30
0.0
  0
SPLINE
  5
14A
330
1F
100
AcDbEntity
  8
0
  6
Continuous
 62
    18
420
        0
370
     9
100
AcDbSpline
210
0.0
220
0.0
230
1.0
 70
    11
 71
     3
 72
    17
 73
    13
 74
     0
 42
0.000000001
 43
0.0
 40
0.0
 40
0.0
 40
0.0
 40
0.0
 40
1.0
 40
1.0
 40
1.0
 40
2.0
 40
2.0
 40
2.0
 40
3.0
 40
3.0
 40
3.0
 40
4.0
 40
4.0
 40
4.0
 40
4.0
 10
39.37417974845221
 20
41.67701962255046
 30
0.0
 10
39.45941559127542
 20
41.67701962255046
 30
0.0
 10
39.52861628132492
 20
41.60980687622454
 30
0.0
 10
39.52861628132492
 20
41.52701962255044
 30
0.0
 10
39.52861628132492
 20
41.44423236887633
 30
0.0
 10
39.45941559127542
 20
41.37701962255042
 30
0.0
 10
39.37417974845221
 20
41.37701962255042
 30
0.0
 10
39.28894390562903
 20
41.37701962255042
 30
0.0
 10
39.21974321557959
 20
41.44423236887633
 30
0.0
 10
39.21974321557959
 20
41.52701962255044
 30
0.0
 10
39.21974321557959
 20
41.60980687622454
 30
0.0
 10
39.28894390562903
 20
41.67701962255046
 30
0.0
 10
39.37417974845221
 20
41.67701962255046
 30
0.0
  0
SPLINE
  5
14B
330
1F
100
AcDbEntity
  8
0
  6
Continuous
 62
    18
420
        0
370
     9
100
AcDbSpline
210
0.0
220
0.0
230
1.0
 70
    11
 71
     3
 72
    17
 73
    13
 74
     0
 42
0.000000001
 43
0.0
 40
0.0
 40
0.0
 40
0.0
 40
0.0
 40
1.0
 40
1.0
 40
1.0
 40
2.0
 40
2.0
 40
2.0
 40
3.0
 40
3.0
 40
3.0
 40
4.0
 40
4.0
 40
4.0
 40
4.0
 10
27.37417974845224
 20
6.295202000671935
 30
0.0
 10
27.45941559127541
 20
6.295202000671935
 30
0.0
 10
27.52861628132491
 20
6.227989254346028
 30
0.0
 10
27.52861628132491
 20
6.145202000671929
 30
0.0
 10
27.52861628132491
 20
6.062414746997831
 30
0.0
 10
27.45941559127541
 20
5.995202000671895
 30
0.0
 10
27.37417974845224
 20
5.995202000671895
 30
0.0
 10
27.28894390562907
 20
5.995202000671895
 30
0.0
 10
27.21974321557957
 20
6.062414746997831
 30
0.0
 10
27.21974321557957
 20
6.145202000671929
 30
0.0
 10
27.21974321557957
 20
6.227989254346028
 30
0.0
 10
27.28894390562907
 20
6.295202000671935
 30
0.0
 10
27.37417974845224
 20
6.295202000671935
 30
0.0
  0
SPLINE
  5
14C
330
1F
100
AcDbEntity
  8
0
  6
Continuous
 62
    18
420
        0
370
     9
100
AcDbSpline
210
0.0
220
0.0
230
1.0
 70
    11
 71
     3
 72
    17
 73
    13
 74
     0
 42
0.000000001
 43
0.0
 40
0.0
 40
0.0
 40
0.0
 40
0.0
 40
1.0
 40
1.0
 40
1.0
 40
2.0
 40
2.0
 40
2.0
 40
3.0
 40
3.0
 40
3.0
 40
4.0
 40
4.0
 40
4.0
 40
4.0
 10
31.47277614499322
 20
15.06579849208831
 30
0.0
 10
31.53221391376047
 20
15.13644982552103
 30
0.0
 10
31.65403043763309
 20
15.13192446163899
 30
0.0
 10
31.74463646286049
 20
15.05569914904078
 30
0.0
 10
31.83524248808792
 20
14.97947383644257
 30
0.0
 10
31.86054715785177
 20
14.86022863488367
 30
0.0
 10
31.80110938908447
 20
14.78957730145095
 30
0.0
 10
31.74167162031722
 20
14.71892596801823
 30
0.0
 10
31.61985509644455
 20
14.72345133190032
 30
0.0
 10
31.52924907121713
 20
14.79967664449848
 30
0.0
 10
31.43864304598971
 20
14.87590195709669
 30
0.0
 10
31.41333837622592
 20
14.99514715865556
 30
0.0
 10
31.47277614499322
 20
15.06579849208831
 30
0.0
  0
SPLINE
  5
14D
330
1F
100
AcDbEntity
  8
0
  6
Continuous
 62
    18
420
        0
370
     9
100
AcDbSpline
210
0.0
220
0.0
230
1.0
 70
    11
 71
     3
 72
    17
 73
    13
 74
     0
 42
0.000000001
 43
0.0
 40
0.0
 40
0.0
 40
0.0
 40
0.0
 40
1.0
 40
1.0
 40
1.0
 40
2.0
 40
2.0
 40
2.0
 40
3.0
 40
3.0
 40
3.0
 40
4.0
 40
4.0
 40
4.0
 40
4.0
 10
9.030059077758152
 20
31.9406824132481
 30
0.0
 10
9.12238707606774
 20
31.9406824132481
 30
0.0
 10
9.197345696552851
 20
31.84455255513085
 30
0.0
 10
9.197345696552851
 20
31.72614752952715
 30
0.0
 10
9.197345696552851
 20
31.60774250392349
 30
0.0
 10
9.12238707606774
 20
31.51161264580621
 30
0.0
 10
9.030059077758152
 20
31.51161264580621
 30
0.0
 10
8.93773107944859
 20
31.51161264580621
 30
0.0
 10
8.86277245896348
 20
31.60774250392349
 30
0.0
 10
8.86277245896348
 20
31.72614752952715
 30
0.0
 10
8.86277245896348
 20
31.84455255513085
 30
0.0
 10
8.93773107944859
 20
31.9406824132481
 30
0.0
 10
9.030059077758152
 20
31.9406824132481
 30
0.0
  0
SPLINE
  5
14E
330
1F
100
AcDbEntity
  8
0
  6
Continuous
 62
    18
420
        0
370
     9
100
AcDbSpline
210
0.0
220
0.0
230
1.0
 70
    11
 71
     3
 72
    17
 73
    13
 74
     0
 42
0.000000001
 43
0.0
 40
0.0
 40
0.0
 40
0.0
 40
0.0
 40
1.0
 40
1.0
 40
1.0
 40
2.0
 40
2.0
 40
2.0
 40
3.0
 40
3.0
 40
3.0
 40
4.0
 40
4.0
 40
4.0
 40
4.0
 10
10.13779858654636
 20
21.1043452039458
 30
0.0
 10
10.23012658485596
 20
21.1043452039458
 30
0.0
 10
10.30508520534104
 20
21.00821534582852
 30
0.0
 10
10.30508520534104
 20
20.88981032022483
 30
0.0
 10
10.30508520534104
 20
20.77140529462122
 30
0.0
 10
10.23012658485596
 20
20.67527543650391
 30
0.0
 10
10.13779858654636
 20
20.67527543650391
 30
0.0
 10
10.04547058823678
 20
20.67527543650391
 30
0.0
 10
9.970511967751674
 20
20.77140529462122
 30
0.0
 10
9.970511967751674
 20
20.88981032022483
 30
0.0
 10
9.970511967751674
 20
21.00821534582852
 30
0.0
 10
10.04547058823678
 20
21.1043452039458
 30
0.0
 10
10.13779858654636
 20
21.1043452039458
 30
0.0
  0
SPLINE
  5
14F
330
1F
100
AcDbEntity
  8
0
  6
Continuous
 62
    18
420
        0
370
     9
100
AcDbSpline
210
0.0
220
0.0
230
1.0
 70
    11
 71
     3
 72
    17
 73
    13
 74
     0
 42
0.000000001
 43
0.0
 40
0.0
 40
0.0
 40
0.0
 40
0.0
 40
1.0
 40
1.0
 40
1.0
 40
2.0
 40
2.0
 40
2.0
 40
3.0
 40
3.0
 40
3.0
 40
4.0
 40
4.0
 40
4.0
 40
4.0
 10
44.47987518184317
 20
41.30201962255045
 30
0.0
 10
44.56511102466632
 20
41.30201962255045
 30
0.0
 10
44.63431171471583
 20
41.23480687622452
 30
0.0
 10
44.63431171471583
 20
41.15201962255041
 30
0.0
 10
44.63431171471583
 20
41.06923236887633
 30
0.0
 10
44.56511102466632
 20
41.00201962255039
 30
0.0
 10
44.47987518184317
 20
41.00201962255039
 30
0.0
 10
44.39463933901998
 20
41.00201962255039
 30
0.0
 10
44.32543864897048
 20
41.06923236887633
 30
0.0
 10
44.32543864897048
 20
41.15201962255041
 30
0.0
 10
44.32543864897048
 20
41.23480687622452
 30
0.0
 10
44.39463933901998
 20
41.30201962255045
 30
0.0
 10
44.47987518184317
 20
41.30201962255045
 30
0.0
  0
SPLINE
  5
150
330
1F
100
AcDbEntity
  8
0
  6
Continuous
 62
    18
420
        0
370
     9
100
AcDbSpline
210
0.0
220
0.0
230
1.0
 70
    11
 71
     3
 72
    17
 73
    13
 74
     0
 42
0.000000001
 43
0.0
 40
0.0
 40
0.0
 40
0.0
 40
0.0
 40
1.0
 40
1.0
 40
1.0
 40
2.0
 40
2.0
 40
2.0
 40
3.0
 40
3.0
 40
3.0
 40
4.0
 40
4.0
 40
4.0
 40
4.0
 10
21.19884107125008
 20
20.03167078534116
 30
0.0
 10
21.29116906955965
 20
20.03167078534116
 30
0.0
 10
21.36612769004476
 20
19.93554092722391
 30
0.0
 10
21.36612769004476
 20
19.81713590162022
 30
0.0
 10
21.36612769004476
 20
19.69873087601653
 30
0.0
 10
21.29116906955965
 20
19.60260101789927
 30
0.0
 10
21.19884107125008
 20
19.60260101789927
 30
0.0
 10
21.1065130729405
 20
19.60260101789927
 30
0.0
 10
21.03155445245539
 20
19.69873087601653
 30
0.0
 10
21.03155445245539
 20
19.81713590162022
 30
0.0
 10
21.03155445245539
 20
19.93554092722391
 30
0.0
 10
21.1065130729405
 20
20.03167078534116
 30
0.0
 10
21.19884107125008
 20
20.03167078534116
 30
0.0
  0
LWPOLYLINE
  5
151
330
1F
100
AcDbEntity
  8
0
  6
Continuous
 62
    18
420
        0
370
     9
100
AcDbPolyline
 90
       25
 70
     1
 43
0.0
 10
16.932181682167
 20
49.73991538312816
 10
16.51362944828451
 20
49.91767335728667
 10
16.96512263397878
 20
49.86347212910357
 10
16.95617208153298
 20
49.86829566938535
 10
16.55671029798476
 20
50.85753494579149
 10
17.21579143272079
 20
50.01862129091688
 10
17.21551895043835
 20
50.00845739976531
 10
17.39327692459685
 20
50.42700963364773
 10
17.33907569641374
 20
49.97551644795341
 10
17.34389923669557
 20
49.98446700039925
 10
18.33313851310167
 20
50.38392878394748
 10
17.49422485822704
 20
49.72484764921145
 10
17.48406096707548
 20
49.72512013149391
 10
17.90261320095792
 20
49.54736215733536
 10
17.45112001526368
 20
49.6015633855185
 10
17.46007056770946
 20
49.59673984523668
 10
17.85953235125769
 20
48.60750056883059
 10
17.20045121652167
 20
49.44641422370519
 10
17.20072369880409
 20
49.45657811485687
 10
17.02296572464558
 20
49.03802588097433
 10
17.07716695282872
 20
49.48951906666866
 10
17.07234341254686
 20
49.48056851422282
 10
16.08310413614077
 20
49.08110673067456
 10
16.92201779101539
 20
49.7401878654106
 10
16.932181682167
 20
49.73991538312816
  0
SPLINE
  5
152
330
1F
100
AcDbEntity
  8
0
  6
Continuous
 62
    18
420
        0
370
     9
100
AcDbSpline
210
0.0
220
0.0
230
1.0
 70
    11
 71
     3
 72
    17
 73
    13
 74
     0
 42
0.000000001
 43
0.0
 40
0.0
 40
0.0
 40
0.0
 40
0.0
 40
1.0
 40
1.0
 40
1.0
 40
2.0
 40
2.0
 40
2.0
 40
3.0
 40
3.0
 40
3.0
 40
4.0
 40
4.0
 40
4.0
 40
4.0
 10
21.77129084544258
 20
16.2057986923179
 30
0.0
 10
21.86361884375215
 20
16.2057986923179
 30
0.0
 10
21.93857746423726
 20
16.10966883420062
 30
0.0
 10
21.93857746423726
 20
15.99126380859695
 30
0.0
 10
21.93857746423726
 20
15.87285878299326
 30
0.0
 10
21.86361884375215
 20
15.77672892487601
 30
0.0
 10
21.77129084544258
 20
15.77672892487601
 30
0.0
 10
21.67896284713298
 20
15.77672892487601
 30
0.0
 10
21.60400422664789
 20
15.87285878299326
 30
0.0
 10
21.60400422664789
 20
15.99126380859695
 30
0.0
 10
21.60400422664789
 20
16.10966883420062
 30
0.0
 10
21.67896284713298
 20
16.2057986923179
 30
0.0
 10
21.77129084544258
 20
16.2057986923179
 30
0.0
  0
SPLINE
  5
153
330
1F
100
AcDbEntity
  8
0
  6
Continuous
 62
    18
420
        0
370
     9
100
AcDbSpline
210
0.0
220
0.0
230
1.0
 70
    11
 71
     3
 72
    17
 73
    13
 74
     0
 42
0.000000001
 43
0.0
 40
0.0
 40
0.0
 40
0.0
 40
0.0
 40
1.0
 40
1.0
 40
1.0
 40
2.0
 40
2.0
 40
2.0
 40
3.0
 40
3.0
 40
3.0
 40
4.0
 40
4.0
 40
4.0
 40
4.0
 10
32.95139801488858
 20
7.05842680649522
 30
0.0
 10
33.03663385771174
 20
7.05842680649522
 30
0.0
 10
33.10583454776123
 20
6.991214060169312
 30
0.0
 10
33.10583454776123
 20
6.908426806495186
 30
0.0
 10
33.10583454776123
 20
6.825639552821059
 30
0.0
 10
33.03663385771174
 20
6.758426806495152
 30
0.0
 10
32.95139801488858
 20
6.758426806495152
 30
0.0
 10
32.86616217206537
 20
6.758426806495152
 30
0.0
 10
32.7969614820159
 20
6.825639552821059
 30
0.0
 10
32.7969614820159
 20
6.908426806495186
 30
0.0
 10
32.7969614820159
 20
6.991214060169312
 30
0.0
 10
32.86616217206537
 20
7.05842680649522
 30
0.0
 10
32.95139801488858
 20
7.05842680649522
 30
0.0
  0
SPLINE
  5
154
330
1F
100
AcDbEntity
  8
0
  6
Continuous
 62
    18
420
        0
370
     9
100
AcDbSpline
210
0.0
220
0.0
230
1.0
 70
    11
 71
     3
 72
    17
 73
    13
 74
     0
 42
0.000000001
 43
0.0
 40
0.0
 40
0.0
 40
0.0
 40
0.0
 40
1.0
 40
1.0
 40
1.0
 40
2.0
 40
2.0
 40
2.0
 40
3.0
 40
3.0
 40
3.0
 40
4.0
 40
4.0
 40
4.0
 40
4.0
 10
12.64768096606719
 20
14.0604498551086
 30
0.0
 10
12.74000896437679
 20
14.0604498551086
 30
0.0
 10
12.8149675848619
 20
13.96431999699135
 30
0.0
 10
12.8149675848619
 20
13.84591497138766
 30
0.0
 10
12.8149675848619
 20
13.72750994578402
 30
0.0
 10
12.74000896437679
 20
13.63138008766668
 30
0.0
 10
12.64768096606719
 20
13.63138008766668
 30
0.0
 10
12.55535296775761
 20
13.63138008766668
 30
0.0
 10
12.4803943472725
 20
13.72750994578402
 30
0.0
 10
12.4803943472725
 20
13.84591497138766
 30
0.0
 10
12.4803943472725
 20
13.96431999699135
 30
0.0
 10
12.55535296775761
 20
14.0604498551086
 30
0.0
 10
12.64768096606719
 20
14.0604498551086
 30
0.0
  0
SPLINE
  5
155
330
1F
100
AcDbEntity
  8
0
  6
Continuous
 62
    18
420
        0
370
     9
100
AcDbSpline
210
0.0
220
0.0
230
1.0
 70
    11
 71
     3
 72
    17
 73
    13
 74
     0
 42
0.000000001
 43
0.0
 40
0.0
 40
0.0
 40
0.0
 40
0.0
 40
1.0
 40
1.0
 40
1.0
 40
2.0
 40
2.0
 40
2.0
 40
3.0
 40
3.0
 40
3.0
 40
4.0
 40
4.0
 40
4.0
 40
4.0
 10
40.84570258149763
 20
11.2334268064952
 30
0.0
 10
40.93093842432086
 20
11.2334268064952
 30
0.0
 10
41.00013911437029
 20
11.1662140601693
 30
0.0
 10
41.00013911437029
 20
11.0834268064952
 30
0.0
 10
41.00013911437029
 20
11.00063955282113
 30
0.0
 10
40.93093842432086
 20
10.93342680649522
 30
0.0
 10
40.84570258149763
 20
10.93342680649522
 30
0.0
 10
40.76046673867447
 20
10.93342680649522
 30
0.0
 10
40.69126604862498
 20
11.00063955282113
 30
0.0
 10
40.69126604862498
 20
11.0834268064952
 30
0.0
 10
40.69126604862498
 20
11.1662140601693
 30
0.0
 10
40.76046673867447
 20
11.2334268064952
 30
0.0
 10
40.84570258149763
 20
11.2334268064952
 30
0.0
  0
SPLINE
  5
156
330
1F
100
AcDbEntity
  8
0
  6
Continuous
 62
    18
420
        0
370
     9
100
AcDbSpline
210
0.0
220
0.0
230
1.0
 70
    11
 71
     3
 72
    29
 73
    25
 74
     0
 42
0.000000001
 43
0.0
 40
0.0
 40
0.0
 40
0.0
 40
0.0
 40
1.0
 40
1.0
 40
1.0
 40
2.0
 40
2.0
 40
2.0
 40
3.0
 40
3.0
 40
3.0
 40
4.0
 40
4.0
 40
4.0
 40
5.0
 40
5.0
 40
5.0
 40
6.0
 40
6.0
 40
6.0
 40
7.0
 40
7.0
 40
7.0
 40
8.0
 40
8.0
 40
8.0
 40
8.0
 10
36.15675008903678
 20
47.06173730262725
 30
0.0
 10
36.11644618157502
 20
47.05635383060336
 30
0.0
 10
36.07456689135977
 20
47.06702345517164
 30
0.0
 10
36.0415507103592
 20
47.09479940838501
 30
0.0
 10
35.97820015613513
 20
47.1480951554049
 30
0.0
 10
35.97131670204168
 20
47.24431836898532
 30
0.0
 10
36.02618877128572
 20
47.3095426353181
 30
0.0
 10
36.0810608405298
 20
47.37476690165094
 30
0.0
 10
36.17704261125531
 20
47.38445134589858
 30
0.0
 10
36.2403931654794
 20
47.33115559887871
 30
0.0
 10
36.24642403376394
 20
47.32608193165761
 30
0.0
 10
36.25194315619228
 20
47.32061922456943
 30
0.0
 10
36.25694597004573
 20
47.31483125822513
 30
0.0
 10
36.26075549444838
 20
47.3151050800585
 30
0.0
 10
36.26460328237556
 20
47.31524442837369
 30
0.0
 10
36.2684843150613
 20
47.31524442837369
 30
0.0
 10
36.3537201578845
 20
47.31524442837369
 30
0.0
 10
36.42292084793401
 20
47.24803168204777
 30
0.0
 10
36.42292084793401
 20
47.16524442837367
 30
0.0
 10
36.42292084793401
 20
47.08245717469956
 30
0.0
 10
36.3537201578845
 20
47.01524442837366
 30
0.0
 10
36.2684843150613
 20
47.01524442837366
 30
0.0
 10
36.22455374847043
 20
47.01524442837366
 30
0.0
 10
36.18488271688223
 20
47.03309864215279
 30
0.0
 10
36.15675008903678
 20
47.06173730262725
 30
0.0
  0
SPLINE
  5
157
330
1F
100
AcDbEntity
  8
0
  6
Continuous
 62
    18
420
        0
370
     9
100
AcDbSpline
210
0.0
220
0.0
230
1.0
 70
    11
 71
     3
 72
    17
 73
    13
 74
     0
 42
0.000000001
 43
0.0
 40
0.0
 40
0.0
 40
0.0
 40
0.0
 40
1.0
 40
1.0
 40
1.0
 40
2.0
 40
2.0
 40
2.0
 40
3.0
 40
3.0
 40
3.0
 40
4.0
 40
4.0
 40
4.0
 40
4.0
 10
11.70995918737721
 20
25.39589952959597
 30
0.0
 10
11.76483125662125
 20
25.46112379592881
 30
0.0
 10
11.86081302734679
 20
25.47080824017648
 30
0.0
 10
11.92416358157084
 20
25.41751249315658
 30
0.0
 10
11.98751413579488
 20
25.36421674613675
 30
0.0
 10
11.99439758988833
 20
25.26799353255636
 30
0.0
 10
11.93952552064432
 20
25.20276926622356
 30
0.0
 10
11.88465345140025
 20
25.13754499989072
 30
0.0
 10
11.78867168067471
 20
25.12786055564304
 30
0.0
 10
11.72532112645068
 20
25.1811563026629
 30
0.0
 10
11.66197057222659
 20
25.23445204968279
 30
0.0
 10
11.65508711813317
 20
25.33067526326319
 30
0.0
 10
11.70995918737721
 20
25.39589952959597
 30
0.0
  0
SPLINE
  5
158
330
1F
100
AcDbEntity
  8
0
  6
Continuous
 62
    18
420
        0
370
     9
100
AcDbSpline
210
0.0
220
0.0
230
1.0
 70
    11
 71
     3
 72
    17
 73
    13
 74
     0
 42
0.000000001
 43
0.0
 40
0.0
 40
0.0
 40
0.0
 40
0.0
 40
1.0
 40
1.0
 40
1.0
 40
2.0
 40
2.0
 40
2.0
 40
3.0
 40
3.0
 40
3.0
 40
4.0
 40
4.0
 40
4.0
 40
4.0
 10
8.9280642704817
 20
47.54370743422665
 30
0.0
 10
9.06655626794609
 20
47.54370743422665
 30
0.0
 10
9.178994198673728
 20
47.3811158547089
 30
0.0
 10
9.178994198673728
 20
47.18084862751464
 30
0.0
 10
9.178994198673728
 20
46.9805814003203
 30
0.0
 10
9.06655626794609
 20
46.81798982080265
 30
0.0
 10
8.9280642704817
 20
46.81798982080265
 30
0.0
 10
8.789572273017336
 20
46.81798982080265
 30
0.0
 10
8.677134342289671
 20
46.9805814003203
 30
0.0
 10
8.677134342289671
 20
47.18084862751464
 30
0.0
 10
8.677134342289671
 20
47.3811158547089
 30
0.0
 10
8.789572273017336
 20
47.54370743422665
 30
0.0
 10
8.9280642704817
 20
47.54370743422665
 30
0.0
  0
SPLINE
  5
159
330
1F
100
AcDbEntity
  8
0
  6
Continuous
 62
    18
420
        0
370
     9
100
AcDbSpline
210
0.0
220
0.0
230
1.0
 70
    11
 71
     3
 72
    17
 73
    13
 74
     0
 42
0.000000001
 43
0.0
 40
0.0
 40
0.0
 40
0.0
 40
0.0
 40
1.0
 40
1.0
 40
1.0
 40
2.0
 40
2.0
 40
2.0
 40
3.0
 40
3.0
 40
3.0
 40
4.0
 40
4.0
 40
4.0
 40
4.0
 10
43.32092604065748
 20
17.88632194813187
 30
0.0
 10
43.41325403896711
 20
17.88632194813187
 30
0.0
 10
43.48821265945222
 20
17.79019209001461
 30
0.0
 10
43.48821265945222
 20
17.67178706441092
 30
0.0
 10
43.48821265945222
 20
17.55338203880729
 30
0.0
 10
43.41325403896711
 20
17.45725218069001
 30
0.0
 10
43.32092604065748
 20
17.45725218069001
 30
0.0
 10
43.22859804234793
 20
17.45725218069001
 30
0.0
 10
43.15363942186281
 20
17.55338203880729
 30
0.0
 10
43.15363942186281
 20
17.67178706441092
 30
0.0
 10
43.15363942186281
 20
17.79019209001461
 30
0.0
 10
43.22859804234793
 20
17.88632194813187
 30
0.0
 10
43.32092604065748
 20
17.88632194813187
 30
0.0
  0
SPLINE
  5
15A
330
1F
100
AcDbEntity
  8
0
  6
Continuous
 62
    18
420
        0
370
     9
100
AcDbSpline
210
0.0
220
0.0
230
1.0
 70
    11
 71
     3
 72
    17
 73
    13
 74
     0
 42
0.000000001
 43
0.0
 40
0.0
 40
0.0
 40
0.0
 40
0.0
 40
1.0
 40
1.0
 40
1.0
 40
2.0
 40
2.0
 40
2.0
 40
3.0
 40
3.0
 40
3.0
 40
4.0
 40
4.0
 40
4.0
 40
4.0
 10
7.048085172548017
 20
33.31846218247874
 30
0.0
 10
7.186577170012394
 20
33.31846218247874
 30
0.0
 10
7.299015100740045
 20
33.15587060296106
 30
0.0
 10
7.299015100740045
 20
32.95560337576677
 30
0.0
 10
7.299015100740045
 20
32.75533614857244
 30
0.0
 10
7.186577170012394
 20
32.59274456905477
 30
0.0
 10
7.048085172548017
 20
32.59274456905477
 30
0.0
 10
6.90959317508364
 20
32.59274456905477
 30
0.0
 10
6.797155244355989
 20
32.75533614857244
 30
0.0
 10
6.797155244355989
 20
32.95560337576677
 30
0.0
 10
6.797155244355989
 20
33.15587060296106
 30
0.0
 10
6.90959317508364
 20
33.31846218247874
 30
0.0
 10
7.048085172548017
 20
33.31846218247874
 30
0.0
  0
SPLINE
  5
15B
330
1F
100
AcDbEntity
  8
0
  6
Continuous
 62
    18
420
        0
370
     9
100
AcDbSpline
210
0.0
220
0.0
230
1.0
 70
    11
 71
     3
 72
    17
 73
    13
 74
     0
 42
0.000000001
 43
0.0
 40
0.0
 40
0.0
 40
0.0
 40
0.0
 40
1.0
 40
1.0
 40
1.0
 40
2.0
 40
2.0
 40
2.0
 40
3.0
 40
3.0
 40
3.0
 40
4.0
 40
4.0
 40
4.0
 40
4.0
 10
23.32256259943087
 20
10.70026323076758
 30
0.0
 10
23.46105459689523
 20
10.70026323076758
 30
0.0
 10
23.57349252762287
 20
10.53767165124989
 30
0.0
 10
23.57349252762287
 20
10.33740442405562
 30
0.0
 10
23.57349252762287
 20
10.13713719686129
 30
0.0
 10
23.46105459689523
 20
9.974545617343608
 30
0.0
 10
23.32256259943087
 20
9.974545617343608
 30
0.0
 10
23.1840706019665
 20
9.974545617343608
 30
0.0
 10
23.07163267123881
 20
10.13713719686129
 30
0.0
 10
23.07163267123881
 20
10.33740442405562
 30
0.0
 10
23.07163267123881
 20
10.53767165124989
 30
0.0
 10
23.1840706019665
 20
10.70026323076758
 30
0.0
 10
23.32256259943087
 20
10.70026323076758
 30
0.0
  0
SPLINE
  5
15C
330
1F
100
AcDbEntity
  8
0
  6
Continuous
 62
    18
420
        0
370
     9
100
AcDbSpline
210
0.0
220
0.0
230
1.0
 70
    11
 71
     3
 72
    17
 73
    13
 74
     0
 42
0.000000001
 43
0.0
 40
0.0
 40
0.0
 40
0.0
 40
0.0
 40
1.0
 40
1.0
 40
1.0
 40
2.0
 40
2.0
 40
2.0
 40
3.0
 40
3.0
 40
3.0
 40
4.0
 40
4.0
 40
4.0
 40
4.0
 10
43.99603619594045
 20
17.77600996165046
 30
0.0
 10
44.13452819340483
 20
17.77600996165046
 30
0.0
 10
44.24696612413246
 20
17.61341838213283
 30
0.0
 10
44.24696612413246
 20
17.4131511549385
 30
0.0
 10
44.24696612413246
 20
17.2128839277442
 30
0.0
 10
44.13452819340483
 20
17.05029234822649
 30
0.0
 10
43.99603619594045
 20
17.05029234822649
 30
0.0
 10
43.85754419847605
 20
17.05029234822649
 30
0.0
 10
43.7451062677484
 20
17.2128839277442
 30
0.0
 10
43.7451062677484
 20
17.4131511549385
 30
0.0
 10
43.7451062677484
 20
17.61341838213283
 30
0.0
 10
43.85754419847605
 20
17.77600996165046
 30
0.0
 10
43.99603619594045
 20
17.77600996165046
 30
0.0
  0
SPLINE
  5
15D
330
1F
100
AcDbEntity
  8
0
  6
Continuous
 62
    18
420
        0
370
     9
100
AcDbSpline
210
0.0
220
0.0
230
1.0
 70
    11
 71
     3
 72
    17
 73
    13
 74
     0
 42
0.000000001
 43
0.0
 40
0.0
 40
0.0
 40
0.0
 40
0.0
 40
1.0
 40
1.0
 40
1.0
 40
2.0
 40
2.0
 40
2.0
 40
3.0
 40
3.0
 40
3.0
 40
4.0
 40
4.0
 40
4.0
 40
4.0
 10
16.36517147272079
 20
53.10754247047647
 30
0.0
 10
16.50366347018515
 20
53.10754247047647
 30
0.0
 10
16.61610140091279
 20
52.94495089095881
 30
0.0
 10
16.61610140091279
 20
52.74468366376448
 30
0.0
 10
16.61610140091279
 20
52.5444164365702
 30
0.0
 10
16.50366347018515
 20
52.38182485705251
 30
0.0
 10
16.36517147272079
 20
52.38182485705251
 30
0.0
 10
16.22667947525642
 20
52.38182485705251
 30
0.0
 10
16.11424154452873
 20
52.5444164365702
 30
0.0
 10
16.11424154452873
 20
52.74468366376448
 30
0.0
 10
16.11424154452873
 20
52.94495089095881
 30
0.0
 10
16.22667947525642
 20
53.10754247047647
 30
0.0
 10
16.36517147272079
 20
53.10754247047647
 30
0.0
  0
SPLINE
  5
15E
330
1F
100
AcDbEntity
  8
0
  6
Continuous
 62
    18
420
        0
370
     9
100
AcDbSpline
210
0.0
220
0.0
230
1.0
 70
    11
 71
     3
 72
    17
 73
    13
 74
     0
 42
0.000000001
 43
0.0
 40
0.0
 40
0.0
 40
0.0
 40
0.0
 40
1.0
 40
1.0
 40
1.0
 40
2.0
 40
2.0
 40
2.0
 40
3.0
 40
3.0
 40
3.0
 40
4.0
 40
4.0
 40
4.0
 40
4.0
 10
18.38959307520086
 20
25.82411264580627
 30
0.0
 10
18.48192107351046
 20
25.82411264580627
 30
0.0
 10
18.55687969399557
 20
25.727982787689
 30
0.0
 10
18.55687969399557
 20
25.60957776208531
 30
0.0
 10
18.55687969399557
 20
25.49117273648166
 30
0.0
 10
18.48192107351046
 20
25.39504287836439
 30
0.0
 10
18.38959307520086
 20
25.39504287836439
 30
0.0
 10
18.29726507689129
 20
25.39504287836439
 30
0.0
 10
18.2223064564062
 20
25.49117273648166
 30
0.0
 10
18.2223064564062
 20
25.60957776208531
 30
0.0
 10
18.2223064564062
 20
25.727982787689
 30
0.0
 10
18.29726507689129
 20
25.82411264580627
 30
0.0
 10
18.38959307520086
 20
25.82411264580627
 30
0.0
  0
SPLINE
  5
15F
330
1F
100
AcDbEntity
  8
0
  6
Continuous
 62
    18
420
        0
370
     9
100
AcDbSpline
210
0.0
220
0.0
230
1.0
 70
    11
 71
     3
 72
    17
 73
    13
 74
     0
 42
0.000000001
 43
0.0
 40
0.0
 40
0.0
 40
0.0
 40
0.0
 40
1.0
 40
1.0
 40
1.0
 40
2.0
 40
2.0
 40
2.0
 40
3.0
 40
3.0
 40
3.0
 40
4.0
 40
4.0
 40
4.0
 40
4.0
 10
17.07046269963088
 20
24.36044985510858
 30
0.0
 10
17.16279069794045
 20
24.36044985510858
 30
0.0
 10
17.23774931842556
 20
24.26431999699129
 30
0.0
 10
17.23774931842556
 20
24.14591497138763
 30
0.0
 10
17.23774931842556
 20
24.02750994578399
 30
0.0
 10
17.16279069794045
 20
23.9313800876667
 30
0.0
 10
17.07046269963088
 20
23.9313800876667
 30
0.0
 10
16.97813470132127
 20
23.9313800876667
 30
0.0
 10
16.90317608083616
 20
24.02750994578399
 30
0.0
 10
16.90317608083616
 20
24.14591497138763
 30
0.0
 10
16.90317608083616
 20
24.26431999699129
 30
0.0
 10
16.97813470132127
 20
24.36044985510858
 30
0.0
 10
17.07046269963088
 20
24.36044985510858
 30
0.0
  0
SPLINE
  5
160
330
1F
100
AcDbEntity
  8
0
  6
Continuous
 62
    18
420
        0
370
     9
100
AcDbSpline
210
0.0
220
0.0
230
1.0
 70
    11
 71
     3
 72
    17
 73
    13
 74
     0
 42
0.000000001
 43
0.0
 40
0.0
 40
0.0
 40
0.0
 40
0.0
 40
1.0
 40
1.0
 40
1.0
 40
2.0
 40
2.0
 40
2.0
 40
3.0
 40
3.0
 40
3.0
 40
4.0
 40
4.0
 40
4.0
 40
4.0
 10
16.56058032011001
 20
45.10434520394575
 30
0.0
 10
16.65290831841962
 20
45.10434520394575
 30
0.0
 10
16.72786693890473
 20
45.00821534582846
 30
0.0
 10
16.72786693890473
 20
44.88981032022483
 30
0.0
 10
16.72786693890473
 20
44.77140529462116
 30
0.0
 10
16.65290831841962
 20
44.67527543650388
 30
0.0
 10
16.56058032011001
 20
44.67527543650388
 30
0.0
 10
16.46825232180046
 20
44.67527543650388
 30
0.0
 10
16.39329370131536
 20
44.77140529462116
 30
0.0
 10
16.39329370131536
 20
44.88981032022483
 30
0.0
 10
16.39329370131536
 20
45.00821534582846
 30
0.0
 10
16.46825232180046
 20
45.10434520394575
 30
0.0
 10
16.56058032011001
 20
45.10434520394575
 30
0.0
  0
SPLINE
  5
161
330
1F
100
AcDbEntity
  8
0
  6
Continuous
 62
    18
420
        0
370
     9
100
AcDbSpline
210
0.0
220
0.0
230
1.0
 70
    11
 71
     3
 72
    17
 73
    13
 74
     0
 42
0.000000001
 43
0.0
 40
0.0
 40
0.0
 40
0.0
 40
0.0
 40
1.0
 40
1.0
 40
1.0
 40
2.0
 40
2.0
 40
2.0
 40
3.0
 40
3.0
 40
3.0
 40
4.0
 40
4.0
 40
4.0
 40
4.0
 10
35.74000714810673
 20
11.60842680649526
 30
0.0
 10
35.82524299092993
 20
11.60842680649526
 30
0.0
 10
35.89444368097941
 20
11.5412140601693
 30
0.0
 10
35.89444368097941
 20
11.45842680649525
 30
0.0
 10
35.89444368097941
 20
11.37563955282113
 30
0.0
 10
35.82524299092993
 20
11.30842680649522
 30
0.0
 10
35.74000714810673
 20
11.30842680649522
 30
0.0
 10
35.65477130528354
 20
11.30842680649522
 30
0.0
 10
35.58557061523409
 20
11.37563955282113
 30
0.0
 10
35.58557061523409
 20
11.45842680649525
 30
0.0
 10
35.58557061523409
 20
11.5412140601693
 30
0.0
 10
35.65477130528354
 20
11.60842680649526
 30
0.0
 10
35.74000714810673
 20
11.60842680649526
 30
0.0
  0
SPLINE
  5
162
330
1F
100
AcDbEntity
  8
0
  6
Continuous
 62
    18
420
        0
370
     9
100
AcDbSpline
210
0.0
220
0.0
230
1.0
 70
    11
 71
     3
 72
    17
 73
    13
 74
     0
 42
0.000000001
 43
0.0
 40
0.0
 40
0.0
 40
0.0
 40
0.0
 40
1.0
 40
1.0
 40
1.0
 40
2.0
 40
2.0
 40
2.0
 40
3.0
 40
3.0
 40
3.0
 40
4.0
 40
4.0
 40
4.0
 40
4.0
 10
48.0305466439316
 20
36.52469572602391
 30
0.0
 10
48.08998441269885
 20
36.59534705945664
 30
0.0
 10
48.21180093657151
 20
36.59082169557455
 30
0.0
 10
48.30240696179889
 20
36.51459638297635
 30
0.0
 10
48.39301298702635
 20
36.43837107037812
 30
0.0
 10
48.41831765679015
 20
36.31912586881923
 30
0.0
 10
48.35887988802288
 20
36.24847453538649
 30
0.0
 10
48.29944211925562
 20
36.1778232019538
 30
0.0
 10
48.17762559538299
 20
36.18234856583589
 30
0.0
 10
48.08701957015553
 20
36.25857387843408
 30
0.0
 10
47.99641354492813
 20
36.33479919103225
 30
0.0
 10
47.97110887516433
 20
36.45404439259117
 30
0.0
 10
48.0305466439316
 20
36.52469572602391
 30
0.0
  0
SPLINE
  5
163
330
1F
100
AcDbEntity
  8
0
  6
Continuous
 62
    18
420
        0
370
     9
100
AcDbSpline
210
0.0
220
0.0
230
1.0
 70
    11
 71
     3
 72
    17
 73
    13
 74
     0
 42
0.000000001
 43
0.0
 40
0.0
 40
0.0
 40
0.0
 40
0.0
 40
1.0
 40
1.0
 40
1.0
 40
2.0
 40
2.0
 40
2.0
 40
3.0
 40
3.0
 40
3.0
 40
4.0
 40
4.0
 40
4.0
 40
4.0
 10
40.95139801488857
 20
53.67567381414145
 30
0.0
 10
41.07925177912335
 20
53.67567381414145
 30
0.0
 10
41.18305281419759
 20
53.56199189675509
 30
0.0
 10
41.18305281419759
 20
53.42196765660296
 30
0.0
 10
41.18305281419759
 20
53.2819434164509
 30
0.0
 10
41.07925177912335
 20
53.16826149906454
 30
0.0
 10
40.95139801488857
 20
53.16826149906454
 30
0.0
 10
40.8235442506538
 20
53.16826149906454
 30
0.0
 10
40.71974321557957
 20
53.2819434164509
 30
0.0
 10
40.71974321557957
 20
53.42196765660296
 30
0.0
 10
40.71974321557957
 20
53.56199189675509
 30
0.0
 10
40.8235442506538
 20
53.67567381414145
 30
0.0
 10
40.95139801488857
 20
53.67567381414145
 30
0.0
  0
SPLINE
  5
164
330
1F
100
AcDbEntity
  8
0
  6
Continuous
 62
    18
420
        0
370
     9
100
AcDbSpline
210
0.0
220
0.0
230
1.0
 70
    11
 71
     3
 72
    17
 73
    13
 74
     0
 42
0.000000001
 43
0.0
 40
0.0
 40
0.0
 40
0.0
 40
0.0
 40
1.0
 40
1.0
 40
1.0
 40
2.0
 40
2.0
 40
2.0
 40
3.0
 40
3.0
 40
3.0
 40
4.0
 40
4.0
 40
4.0
 40
4.0
 10
5.391117985168813
 20
30.11481032022481
 30
0.0
 10
5.483445983478402
 20
30.11481032022481
 30
0.0
 10
5.558404603963499
 20
30.01868046210757
 30
0.0
 10
5.558404603963499
 20
29.90027543650388
 30
0.0
 10
5.558404603963499
 20
29.78187041090021
 30
0.0
 10
5.483445983478402
 20
29.68574055278295
 30
0.0
 10
5.391117985168813
 20
29.68574055278295
 30
0.0
 10
5.298789986859224
 20
29.68574055278295
 30
0.0
 10
5.223831366374127
 20
29.78187041090021
 30
0.0
 10
5.223831366374127
 20
29.90027543650388
 30
0.0
 10
5.223831366374127
 20
30.01868046210757
 30
0.0
 10
5.298789986859224
 20
30.11481032022481
 30
0.0
 10
5.391117985168813
 20
30.11481032022481
 30
0.0
  0
SPLINE
  5
165
330
1F
100
AcDbEntity
  8
0
  6
Continuous
 62
    18
420
        0
370
     9
100
AcDbSpline
210
0.0
220
0.0
230
1.0
 70
    11
 71
     3
 72
    17
 73
    13
 74
     0
 42
0.000000001
 43
0.0
 40
0.0
 40
0.0
 40
0.0
 40
0.0
 40
1.0
 40
1.0
 40
1.0
 40
2.0
 40
2.0
 40
2.0
 40
3.0
 40
3.0
 40
3.0
 40
4.0
 40
4.0
 40
4.0
 40
4.0
 10
34.76976593547463
 20
11.9151010178993
 30
0.0
 10
34.86209393378423
 20
11.9151010178993
 30
0.0
 10
34.93705255426934
 20
11.81897115978208
 30
0.0
 10
34.93705255426934
 20
11.70056613417839
 30
0.0
 10
34.93705255426934
 20
11.58216110857475
 30
0.0
 10
34.86209393378423
 20
11.48603125045739
 30
0.0
 10
34.76976593547463
 20
11.48603125045739
 30
0.0
 10
34.67743793716502
 20
11.48603125045739
 30
0.0
 10
34.60247931667993
 20
11.58216110857475
 30
0.0
 10
34.60247931667993
 20
11.70056613417839
 30
0.0
 10
34.60247931667993
 20
11.81897115978208
 30
0.0
 10
34.67743793716502
 20
11.9151010178993
 30
0.0
 10
34.76976593547463
 20
11.9151010178993
 30
0.0
  0
SPLINE
  5
166
330
1F
100
AcDbEntity
  8
0
  6
Continuous
 62
    18
420
        0
370
     9
100
AcDbSpline
210
0.0
220
0.0
230
1.0
 70
    11
 71
     3
 72
    17
 73
    13
 74
     0
 42
0.000000001
 43
0.0
 40
0.0
 40
0.0
 40
0.0
 40
0.0
 40
1.0
 40
1.0
 40
1.0
 40
2.0
 40
2.0
 40
2.0
 40
3.0
 40
3.0
 40
3.0
 40
4.0
 40
4.0
 40
4.0
 40
4.0
 10
26.84570258149765
 20
8.970202000671975
 30
0.0
 10
26.93093842432084
 20
8.970202000671975
 30
0.0
 10
27.00013911437035
 20
8.902989254346068
 30
0.0
 10
27.00013911437035
 20
8.82020200067197
 30
0.0
 10
27.00013911437035
 20
8.737414746997871
 30
0.0
 10
26.93093842432084
 20
8.670202000671935
 30
0.0
 10
26.84570258149765
 20
8.670202000671935
 30
0.0
 10
26.76046673867448
 20
8.670202000671935
 30
0.0
 10
26.691266048625
 20
8.737414746997871
 30
0.0
 10
26.691266048625
 20
8.82020200067197
 30
0.0
 10
26.691266048625
 20
8.902989254346068
 30
0.0
 10
26.76046673867448
 20
8.970202000671975
 30
0.0
 10
26.84570258149765
 20
8.970202000671975
 30
0.0
  0
SPLINE
  5
167
330
1F
100
AcDbEntity
  8
0
  6
Continuous
 62
    18
420
        0
370
     9
100
AcDbSpline
210
0.0
220
0.0
230
1.0
 70
    11
 71
     3
 72
    17
 73
    13
 74
     0
 42
0.000000001
 43
0.0
 40
0.0
 40
0.0
 40
0.0
 40
0.0
 40
1.0
 40
1.0
 40
1.0
 40
2.0
 40
2.0
 40
2.0
 40
3.0
 40
3.0
 40
3.0
 40
4.0
 40
4.0
 40
4.0
 40
4.0
 10
41.25251706330415
 20
50.38610142013688
 30
0.0
 10
41.39100906076854
 20
50.38610142013688
 30
0.0
 10
41.50344699149618
 20
50.22350984061924
 30
0.0
 10
41.50344699149618
 20
50.02324261342491
 30
0.0
 10
41.50344699149618
 20
49.82297538623064
 30
0.0
 10
41.39100906076854
 20
49.66038380671294
 30
0.0
 10
41.25251706330415
 20
49.66038380671294
 30
0.0
 10
41.11402506583978
 20
49.66038380671294
 30
0.0
 10
41.00158713511212
 20
49.82297538623064
 30
0.0
 10
41.00158713511212
 20
50.02324261342491
 30
0.0
 10
41.00158713511212
 20
50.22350984061924
 30
0.0
 10
41.11402506583978
 20
50.38610142013688
 30
0.0
 10
41.25251706330415
 20
50.38610142013688
 30
0.0
  0
SPLINE
  5
168
330
1F
100
AcDbEntity
  8
0
  6
Continuous
 62
    18
420
        0
370
     9
100
AcDbSpline
210
0.0
220
0.0
230
1.0
 70
    11
 71
     3
 72
    17
 73
    13
 74
     0
 42
0.000000001
 43
0.0
 40
0.0
 40
0.0
 40
0.0
 40
0.0
 40
1.0
 40
1.0
 40
1.0
 40
2.0
 40
2.0
 40
2.0
 40
3.0
 40
3.0
 40
3.0
 40
4.0
 40
4.0
 40
4.0
 40
4.0
 10
39.4513980148886
 20
56.27493601090794
 30
0.0
 10
39.57925177912337
 20
56.27493601090794
 30
0.0
 10
39.68305281419759
 20
56.16125409352156
 30
0.0
 10
39.68305281419759
 20
56.0212298533695
 30
0.0
 10
39.68305281419759
 20
55.88120561321738
 30
0.0
 10
39.57925177912337
 20
55.76752369583102
 30
0.0
 10
39.4513980148886
 20
55.76752369583102
 30
0.0
 10
39.32354425065382
 20
55.76752369583102
 30
0.0
 10
39.21974321557959
 20
55.88120561321738
 30
0.0
 10
39.21974321557959
 20
56.0212298533695
 30
0.0
 10
39.21974321557959
 20
56.16125409352156
 30
0.0
 10
39.32354425065382
 20
56.27493601090794
 30
0.0
 10
39.4513980148886
 20
56.27493601090794
 30
0.0
  0
SPLINE
  5
169
330
1F
100
AcDbEntity
  8
0
  6
Continuous
 62
    18
420
        0
370
     9
100
AcDbSpline
210
0.0
220
0.0
230
1.0
 70
    11
 71
     3
 72
    17
 73
    13
 74
     0
 42
0.000000001
 43
0.0
 40
0.0
 40
0.0
 40
0.0
 40
0.0
 40
1.0
 40
1.0
 40
1.0
 40
2.0
 40
2.0
 40
2.0
 40
3.0
 40
3.0
 40
3.0
 40
4.0
 40
4.0
 40
4.0
 40
4.0
 10
46.72306891139018
 20
35.37876380859697
 30
0.0
 10
46.81539690969976
 20
35.37876380859697
 30
0.0
 10
46.89035553018484
 20
35.28263395047968
 30
0.0
 10
46.89035553018484
 20
35.16422892487599
 30
0.0
 10
46.89035553018484
 20
35.04582389927232
 30
0.0
 10
46.81539690969976
 20
34.94969404115506
 30
0.0
 10
46.72306891139018
 20
34.94969404115506
 30
0.0
 10
46.63074091308059
 20
34.94969404115506
 30
0.0
 10
46.5557822925955
 20
35.04582389927232
 30
0.0
 10
46.5557822925955
 20
35.16422892487599
 30
0.0
 10
46.5557822925955
 20
35.28263395047968
 30
0.0
 10
46.63074091308059
 20
35.37876380859697
 30
0.0
 10
46.72306891139018
 20
35.37876380859697
 30
0.0
  0
SPLINE
  5
16A
330
1F
100
AcDbEntity
  8
0
  6
Continuous
 62
    18
420
        0
370
     9
100
AcDbSpline
210
0.0
220
0.0
230
1.0
 70
    11
 71
     3
 72
    17
 73
    13
 74
     0
 42
0.000000001
 43
0.0
 40
0.0
 40
0.0
 40
0.0
 40
0.0
 40
1.0
 40
1.0
 40
1.0
 40
2.0
 40
2.0
 40
2.0
 40
3.0
 40
3.0
 40
3.0
 40
4.0
 40
4.0
 40
4.0
 40
4.0
 10
10.81290874182927
 20
21.40459802876995
 30
0.0
 10
10.95140073929369
 20
21.40459802876995
 30
0.0
 10
11.0638386700213
 20
21.24200644925224
 30
0.0
 10
11.0638386700213
 20
21.04173922205794
 30
0.0
 10
11.0638386700213
 20
20.84147199486367
 30
0.0
 10
10.95140073929369
 20
20.67888041534593
 30
0.0
 10
10.81290874182927
 20
20.67888041534593
 30
0.0
 10
10.67441674436491
 20
20.67888041534593
 30
0.0
 10
10.56197881363727
 20
20.84147199486367
 30
0.0
 10
10.56197881363727
 20
21.04173922205794
 30
0.0
 10
10.56197881363727
 20
21.24200644925224
 30
0.0
 10
10.67441674436491
 20
21.40459802876995
 30
0.0
 10
10.81290874182927
 20
21.40459802876995
 30
0.0
  0
SPLINE
  5
16B
330
1F
100
AcDbEntity
  8
0
  6
Continuous
 62
    18
420
        0
370
     9
100
AcDbSpline
210
0.0
220
0.0
230
1.0
 70
    11
 71
     3
 72
    17
 73
    13
 74
     0
 42
0.000000001
 43
0.0
 40
0.0
 40
0.0
 40
0.0
 40
0.0
 40
1.0
 40
1.0
 40
1.0
 40
2.0
 40
2.0
 40
2.0
 40
3.0
 40
3.0
 40
3.0
 40
4.0
 40
4.0
 40
4.0
 40
4.0
 10
35.26848431506136
 20
48.57918256557539
 30
0.0
 10
35.39633807929614
 20
48.57918256557539
 30
0.0
 10
35.50013911437038
 20
48.46550064818906
 30
0.0
 10
35.50013911437038
 20
48.32547640803696
 30
0.0
 10
35.50013911437038
 20
48.18545216788488
 30
0.0
 10
35.39633807929614
 20
48.07177025049853
 30
0.0
 10
35.26848431506136
 20
48.07177025049853
 30
0.0
 10
35.14063055082655
 20
48.07177025049853
 30
0.0
 10
35.03682951575238
 20
48.18545216788488
 30
0.0
 10
35.03682951575238
 20
48.32547640803696
 30
0.0
 10
35.03682951575238
 20
48.46550064818906
 30
0.0
 10
35.14063055082655
 20
48.57918256557539
 30
0.0
 10
35.26848431506136
 20
48.57918256557539
 30
0.0
  0
SPLINE
  5
16C
330
1F
100
AcDbEntity
  8
0
  6
Continuous
 62
    18
420
        0
370
     9
100
AcDbSpline
210
0.0
220
0.0
230
1.0
 70
    11
 71
     3
 72
    17
 73
    13
 74
     0
 42
0.000000001
 43
0.0
 40
0.0
 40
0.0
 40
0.0
 40
0.0
 40
1.0
 40
1.0
 40
1.0
 40
2.0
 40
2.0
 40
2.0
 40
3.0
 40
3.0
 40
3.0
 40
4.0
 40
4.0
 40
4.0
 40
4.0
 10
37.0570934482795
 20
8.220202000671975
 30
0.0
 10
37.1423292911027
 20
8.220202000671975
 30
0.0
 10
37.21152998115218
 20
8.152989254346096
 30
0.0
 10
37.21152998115218
 20
8.07020200067194
 30
0.0
 10
37.21152998115218
 20
7.987414746997871
 30
0.0
 10
37.1423292911027
 20
7.920202000671935
 30
0.0
 10
37.0570934482795
 20
7.920202000671935
 30
0.0
 10
36.97185760545631
 20
7.920202000671935
 30
0.0
 10
36.90265691540682
 20
7.987414746997871
 30
0.0
 10
36.90265691540682
 20
8.07020200067194
 30
0.0
 10
36.90265691540682
 20
8.152989254346096
 30
0.0
 10
36.97185760545631
 20
8.220202000671975
 30
0.0
 10
37.0570934482795
 20
8.220202000671975
 30
0.0
  0
SPLINE
  5
16D
330
1F
100
AcDbEntity
  8
0
  6
Continuous
 62
    18
420
        0
370
     9
100
AcDbSpline
210
0.0
220
0.0
230
1.0
 70
    11
 71
     3
 72
    17
 73
    13
 74
     0
 42
0.000000001
 43
0.0
 40
0.0
 40
0.0
 40
0.0
 40
0.0
 40
1.0
 40
1.0
 40
1.0
 40
2.0
 40
2.0
 40
2.0
 40
3.0
 40
3.0
 40
3.0
 40
4.0
 40
4.0
 40
4.0
 40
4.0
 10
10.92163922752068
 20
29.57847311092252
 30
0.0
 10
11.01396722583025
 20
29.57847311092252
 30
0.0
 10
11.08892584631536
 20
29.48234325280524
 30
0.0
 10
11.08892584631536
 20
29.36393822720159
 30
0.0
 10
11.08892584631536
 20
29.24553320159791
 30
0.0
 10
11.01396722583025
 20
29.14940334348061
 30
0.0
 10
10.92163922752068
 20
29.14940334348061
 30
0.0
 10
10.8293112292111
 20
29.14940334348061
 30
0.0
 10
10.75435260872599
 20
29.24553320159791
 30
0.0
 10
10.75435260872599
 20
29.36393822720159
 30
0.0
 10
10.75435260872599
 20
29.48234325280524
 30
0.0
 10
10.8293112292111
 20
29.57847311092252
 30
0.0
 10
10.92163922752068
 20
29.57847311092252
 30
0.0
  0
LWPOLYLINE
  5
16E
330
1F
100
AcDbEntity
  8
0
  6
Continuous
 62
    18
420
        0
370
     9
100
AcDbPolyline
 90
       25
 70
     1
 43
0.0
 10
17.15814199945745
 20
36.03206402498084
 10
16.97431613699635
 20
36.07698923699249
 10
17.18094207233258
 20
36.08291088914342
 10
17.17707296733078
 20
36.08427577334741
 10
17.05128227670077
 20
36.45119723972741
 10
17.30688264292468
 20
36.15943858411315
 10
17.30614023056231
 20
36.15540352447429
 10
17.41413987515253
 20
36.33165737517299
 10
17.36158900658084
 20
36.14986455739347
 10
17.36437380516556
 20
36.15369559611675
 10
17.84849305977418
 20
36.37156113951067
 10
17.41853584874242
 20
36.06015522376249
 10
17.4138269316105
 20
36.05964722740404
 10
17.59765279407152
 20
36.01472201539244
 10
17.39102685873535
 20
36.00880036324146
 10
17.39489596373712
 20
36.00743547903755
 10
17.52068665436713
 20
35.6405140126575
 10
17.26508628814322
 20
35.93227266827178
 10
17.26582870050559
 20
35.9363077279106
 10
17.15782905591536
 20
35.76005387721189
 10
17.21037992448704
 20
35.94184669499145
 10
17.20759512590234
 20
35.93801565626818
 10
16.72347587129372
 20
35.72015011287421
 10
17.15343308232545
 20
36.03155602862238
 10
17.15814199945745
 20
36.03206402498084
  0
SPLINE
  5
16F
330
1F
100
AcDbEntity
  8
0
  6
Continuous
 62
    18
420
        0
370
     9
100
AcDbSpline
210
0.0
220
0.0
230
1.0
 70
    11
 71
     3
 72
    17
 73
    13
 74
     0
 42
0.000000001
 43
0.0
 40
0.0
 40
0.0
 40
0.0
 40
0.0
 40
1.0
 40
1.0
 40
1.0
 40
2.0
 40
2.0
 40
2.0
 40
3.0
 40
3.0
 40
3.0
 40
4.0
 40
4.0
 40
4.0
 40
4.0
 10
18.02379376008947
 20
24.14273710021628
 30
0.0
 10
18.07866582933351
 20
24.20796136654911
 30
0.0
 10
18.17464760005905
 20
24.21764581079678
 30
0.0
 10
18.23799815428311
 20
24.16435006377694
 30
0.0
 10
18.30134870850717
 20
24.11105431675705
 30
0.0
 10
18.30823216260059
 20
24.01483110317665
 30
0.0
 10
18.25336009335658
 20
23.94960683684383
 30
0.0
 10
18.19848802411251
 20
23.88438257051101
 30
0.0
 10
18.102506253387
 20
23.87469812626335
 30
0.0
 10
18.03915569916297
 20
23.92799387328321
 30
0.0
 10
17.97580514493888
 20
23.98128962030307
 30
0.0
 10
17.96892169084546
 20
24.07751283388347
 30
0.0
 10
18.02379376008947
 20
24.14273710021628
 30
0.0
  0
SPLINE
  5
170
330
1F
100
AcDbEntity
  8
0
  6
Continuous
 62
    18
420
        0
370
     9
100
AcDbSpline
210
0.0
220
0.0
230
1.0
 70
    11
 71
     3
 72
    17
 73
    13
 74
     0
 42
0.000000001
 43
0.0
 40
0.0
 40
0.0
 40
0.0
 40
0.0
 40
1.0
 40
1.0
 40
1.0
 40
2.0
 40
2.0
 40
2.0
 40
3.0
 40
3.0
 40
3.0
 40
4.0
 40
4.0
 40
4.0
 40
4.0
 10
49.54829892683193
 20
49.47895440335702
 30
0.0
 10
49.68679092429632
 20
49.47895440335702
 30
0.0
 10
49.79922885502398
 20
49.31636282383933
 30
0.0
 10
49.79922885502398
 20
49.11609559664507
 30
0.0
 10
49.79922885502398
 20
48.91582836945074
 30
0.0
 10
49.68679092429632
 20
48.75323678993308
 30
0.0
 10
49.54829892683193
 20
48.75323678993308
 30
0.0
 10
49.40980692936758
 20
48.75323678993308
 30
0.0
 10
49.29736899863995
 20
48.91582836945074
 30
0.0
 10
49.29736899863995
 20
49.11609559664507
 30
0.0
 10
49.29736899863995
 20
49.31636282383933
 30
0.0
 10
49.40980692936758
 20
49.47895440335702
 30
0.0
 10
49.54829892683193
 20
49.47895440335702
 30
0.0
  0
SPLINE
  5
171
330
1F
100
AcDbEntity
  8
0
  6
Continuous
 62
    18
420
        0
370
     9
100
AcDbSpline
210
0.0
220
0.0
230
1.0
 70
    11
 71
     3
 72
    17
 73
    13
 74
     0
 42
0.000000001
 43
0.0
 40
0.0
 40
0.0
 40
0.0
 40
0.0
 40
1.0
 40
1.0
 40
1.0
 40
2.0
 40
2.0
 40
2.0
 40
3.0
 40
3.0
 40
3.0
 40
4.0
 40
4.0
 40
4.0
 40
4.0
 10
21.74000714810674
 20
9.345202000671975
 30
0.0
 10
21.82524299092993
 20
9.345202000671975
 30
0.0
 10
21.89444368097942
 20
9.277989254346068
 30
0.0
 10
21.89444368097942
 20
9.19520200067197
 30
0.0
 10
21.89444368097942
 20
9.112414746997814
 30
0.0
 10
21.82524299092993
 20
9.045202000671964
 30
0.0
 10
21.74000714810674
 20
9.045202000671964
 30
0.0
 10
21.65477130528355
 20
9.045202000671964
 30
0.0
 10
21.58557061523407
 20
9.112414746997814
 30
0.0
 10
21.58557061523407
 20
9.19520200067197
 30
0.0
 10
21.58557061523407
 20
9.277989254346068
 30
0.0
 10
21.65477130528355
 20
9.345202000671975
 30
0.0
 10
21.74000714810674
 20
9.345202000671975
 30
0.0
  0
SPLINE
  5
172
330
1F
100
AcDbEntity
  8
0
  6
Continuous
 62
    18
420
        0
370
     9
100
AcDbSpline
210
0.0
220
0.0
230
1.0
 70
    11
 71
     3
 72
    17
 73
    13
 74
     0
 42
0.000000001
 43
0.0
 40
0.0
 40
0.0
 40
0.0
 40
0.0
 40
1.0
 40
1.0
 40
1.0
 40
2.0
 40
2.0
 40
2.0
 40
3.0
 40
3.0
 40
3.0
 40
4.0
 40
4.0
 40
4.0
 40
4.0
 10
27.40447246888487
 20
19.59030399521021
 30
0.0
 10
27.54296446634924
 20
19.59030399521021
 30
0.0
 10
27.6554023970769
 20
19.42771241569253
 30
0.0
 10
27.6554023970769
 20
19.22744518849822
 30
0.0
 10
27.6554023970769
 20
19.02717796130392
 30
0.0
 10
27.54296446634924
 20
18.86458638178627
 30
0.0
 10
27.40447246888487
 20
18.86458638178627
 30
0.0
 10
27.26598047142048
 20
18.86458638178627
 30
0.0
 10
27.15354254069281
 20
19.02717796130392
 30
0.0
 10
27.15354254069281
 20
19.22744518849822
 30
0.0
 10
27.15354254069281
 20
19.42771241569253
 30
0.0
 10
27.26598047142048
 20
19.59030399521021
 30
0.0
 10
27.40447246888487
 20
19.59030399521021
 30
0.0
  0
SPLINE
  5
173
330
1F
100
AcDbEntity
  8
0
  6
Continuous
 62
    18
420
        0
370
     9
100
AcDbSpline
210
0.0
220
0.0
230
1.0
 70
    11
 71
     3
 72
    17
 73
    13
 74
     0
 42
0.000000001
 43
0.0
 40
0.0
 40
0.0
 40
0.0
 40
0.0
 40
1.0
 40
1.0
 40
1.0
 40
2.0
 40
2.0
 40
2.0
 40
3.0
 40
3.0
 40
3.0
 40
4.0
 40
4.0
 40
4.0
 40
4.0
 10
16.2025416973645
 20
25.94033311266918
 30
0.0
 10
16.34103369482889
 20
25.94033311266918
 30
0.0
 10
16.45347162555656
 20
25.77774153315147
 30
0.0
 10
16.45347162555656
 20
25.57747430595717
 30
0.0
 10
16.45347162555656
 20
25.37720707876289
 30
0.0
 10
16.34103369482889
 20
25.21461549924521
 30
0.0
 10
16.2025416973645
 20
25.21461549924521
 30
0.0
 10
16.06404969990014
 20
25.21461549924521
 30
0.0
 10
15.95161176917247
 20
25.37720707876289
 30
0.0
 10
15.95161176917247
 20
25.57747430595717
 30
0.0
 10
15.95161176917247
 20
25.77774153315147
 30
0.0
 10
16.06404969990014
 20
25.94033311266918
 30
0.0
 10
16.2025416973645
 20
25.94033311266918
 30
0.0
  0
SPLINE
  5
174
330
1F
100
AcDbEntity
  8
0
  6
Continuous
 62
    18
420
        0
370
     9
100
AcDbSpline
210
0.0
220
0.0
230
1.0
 70
    11
 71
     3
 72
    17
 73
    13
 74
     0
 42
0.000000001
 43
0.0
 40
0.0
 40
0.0
 40
0.0
 40
0.0
 40
1.0
 40
1.0
 40
1.0
 40
2.0
 40
2.0
 40
2.0
 40
3.0
 40
3.0
 40
3.0
 40
4.0
 40
4.0
 40
4.0
 40
4.0
 10
47.40697358812064
 20
19.83614329515052
 30
0.0
 10
47.54546558558503
 20
19.83614329515052
 30
0.0
 10
47.65790351631267
 20
19.67355171563284
 30
0.0
 10
47.65790351631267
 20
19.47328448843851
 30
0.0
 10
47.65790351631267
 20
19.27301726124421
 30
0.0
 10
47.54546558558503
 20
19.11042568172653
 30
0.0
 10
47.40697358812064
 20
19.11042568172653
 30
0.0
 10
47.26848159065627
 20
19.11042568172653
 30
0.0
 10
47.15604365992863
 20
19.27301726124421
 30
0.0
 10
47.15604365992863
 20
19.47328448843851
 30
0.0
 10
47.15604365992863
 20
19.67355171563284
 30
0.0
 10
47.26848159065627
 20
19.83614329515052
 30
0.0
 10
47.40697358812064
 20
19.83614329515052
 30
0.0
  0
SPLINE
  5
175
330
1F
100
AcDbEntity
  8
0
  6
Continuous
 62
    18
420
        0
370
     9
100
AcDbSpline
210
0.0
220
0.0
230
1.0
 70
    11
 71
     3
 72
    17
 73
    13
 74
     0
 42
0.000000001
 43
0.0
 40
0.0
 40
0.0
 40
0.0
 40
0.0
 40
1.0
 40
1.0
 40
1.0
 40
2.0
 40
2.0
 40
2.0
 40
3.0
 40
3.0
 40
3.0
 40
4.0
 40
4.0
 40
4.0
 40
4.0
 10
12.85907183284902
 20
26.36044985510857
 30
0.0
 10
12.9513998311586
 20
26.36044985510857
 30
0.0
 10
13.02635845164373
 20
26.26431999699132
 30
0.0
 10
13.02635845164373
 20
26.14591497138765
 30
0.0
 10
13.02635845164373
 20
26.02750994578396
 30
0.0
 10
12.9513998311586
 20
25.93138008766667
 30
0.0
 10
12.85907183284902
 20
25.93138008766667
 30
0.0
 10
12.76674383453945
 20
25.93138008766667
 30
0.0
 10
12.69178521405434
 20
26.02750994578396
 30
0.0
 10
12.69178521405434
 20
26.14591497138765
 30
0.0
 10
12.69178521405434
 20
26.26431999699132
 30
0.0
 10
12.76674383453945
 20
26.36044985510857
 30
0.0
 10
12.85907183284902
 20
26.36044985510857
 30
0.0
  0
LWPOLYLINE
  5
176
330
1F
100
AcDbEntity
  8
0
  6
Continuous
 62
    18
420
        0
370
     9
100
AcDbPolyline
 90
       25
 70
     1
 43
0.0
 10
23.18385265115165
 20
52.76075679750431
 10
23.04728151539967
 20
52.89174743557921
 10
23.22906240643509
 20
52.7933347800307
 10
23.22639801488859
 20
52.79645469991614
 10
23.30139801488857
 20
53.17701962255046
 10
23.37639801488859
 20
52.79645469991614
 10
23.37373362334206
 20
52.7933347800307
 10
23.55551451437747
 20
52.89174743557921
 10
23.41894337862547
 20
52.76075679750429
 10
23.42327301488858
 20
52.76267674820305
 10
23.95139801488859
 20
52.70863202546209
 10
23.42327301488858
 20
52.65458730272114
 10
23.41894337862544
 20
52.65650725341986
 10
23.55551451437747
 20
52.525516615345
 10
23.37373362334206
 20
52.62392927089344
 10
23.37639801488859
 20
52.62080935100803
 10
23.30139801488857
 20
52.24024442837371
 10
23.22639801488859
 20
52.62080935100803
 10
23.22906240643509
 20
52.62392927089347
 10
23.04728151539967
 20
52.525516615345
 10
23.18385265115168
 20
52.65650725341986
 10
23.17952301488857
 20
52.65458730272114
 10
22.65139801488856
 20
52.70863202546209
 10
23.17952301488857
 20
52.76267674820305
 10
23.18385265115165
 20
52.76075679750431
  0
SPLINE
  5
177
330
1F
100
AcDbEntity
  8
0
  6
Continuous
 62
    18
420
        0
370
     9
100
AcDbSpline
210
0.0
220
0.0
230
1.0
 70
    11
 71
     3
 72
    17
 73
    13
 74
     0
 42
0.000000001
 43
0.0
 40
0.0
 40
0.0
 40
0.0
 40
0.0
 40
1.0
 40
1.0
 40
1.0
 40
2.0
 40
2.0
 40
2.0
 40
3.0
 40
3.0
 40
3.0
 40
4.0
 40
4.0
 40
4.0
 40
4.0
 10
37.78028733451928
 20
51.19922061993758
 30
0.0
 10
37.83515940376335
 20
51.26444488627043
 30
0.0
 10
37.93114117448886
 20
51.27412933051806
 30
0.0
 10
37.99449172871292
 20
51.22083358349819
 30
0.0
 10
38.05784228293701
 20
51.1675378364783
 30
0.0
 10
38.06472573703044
 20
51.07131462289793
 30
0.0
 10
38.00985366778638
 20
51.0060903565651
 30
0.0
 10
37.95498159854235
 20
50.94086609023229
 30
0.0
 10
37.85899982781682
 20
50.93118164598462
 30
0.0
 10
37.79564927359277
 20
50.9844773930045
 30
0.0
 10
37.73229871936872
 20
51.03777314002434
 30
0.0
 10
37.72541526527527
 20
51.13399635360476
 30
0.0
 10
37.78028733451928
 20
51.19922061993758
 30
0.0
  0
SPLINE
  5
178
330
1F
100
AcDbEntity
  8
0
  6
Continuous
 62
    18
420
        0
370
     9
100
AcDbSpline
210
0.0
220
0.0
230
1.0
 70
    11
 71
     3
 72
    17
 73
    13
 74
     0
 42
0.000000001
 43
0.0
 40
0.0
 40
0.0
 40
0.0
 40
0.0
 40
1.0
 40
1.0
 40
1.0
 40
2.0
 40
2.0
 40
2.0
 40
3.0
 40
3.0
 40
3.0
 40
4.0
 40
4.0
 40
4.0
 40
4.0
 10
48.41967015692163
 20
16.71097219331821
 30
0.0
 10
48.47910792568893
 20
16.78162352675096
 30
0.0
 10
48.60092444956153
 20
16.77709816286887
 30
0.0
 10
48.69153047478899
 20
16.70087285027066
 30
0.0
 10
48.78213650001642
 20
16.62464753767247
 30
0.0
 10
48.80744116978022
 20
16.50540233611358
 30
0.0
 10
48.74800340101295
 20
16.43475100268083
 30
0.0
 10
48.68856563224566
 20
16.36409966924811
 30
0.0
 10
48.56674910837305
 20
16.3686250331302
 30
0.0
 10
48.47614308314561
 20
16.44485034572838
 30
0.0
 10
48.38553705791823
 20
16.52107565832659
 30
0.0
 10
48.36023238815437
 20
16.64032085988546
 30
0.0
 10
48.41967015692163
 20
16.71097219331821
 30
0.0
  0
SPLINE
  5
179
330
1F
100
AcDbEntity
  8
0
  6
Continuous
 62
    18
420
        0
370
     9
100
AcDbSpline
210
0.0
220
0.0
230
1.0
 70
    11
 71
     3
 72
    17
 73
    13
 74
     0
 42
0.000000001
 43
0.0
 40
0.0
 40
0.0
 40
0.0
 40
0.0
 40
1.0
 40
1.0
 40
1.0
 40
2.0
 40
2.0
 40
2.0
 40
3.0
 40
3.0
 40
3.0
 40
4.0
 40
4.0
 40
4.0
 40
4.0
 10
28.17661346632167
 20
17.09072012313493
 30
0.0
 10
28.23605123508895
 20
17.16137145656765
 30
0.0
 10
28.35786775896157
 20
17.15684609268556
 30
0.0
 10
28.448473784189
 20
17.08062078008734
 30
0.0
 10
28.53907980941641
 20
17.00439546748913
 30
0.0
 10
28.56438447918024
 20
16.88515026593026
 30
0.0
 10
28.50494671041298
 20
16.81449893249754
 30
0.0
 10
28.4455089416457
 20
16.74384759906479
 30
0.0
 10
28.32369241777308
 20
16.74837296294689
 30
0.0
 10
28.23308639254562
 20
16.82459827554507
 30
0.0
 10
28.14248036731821
 20
16.90082358814328
 30
0.0
 10
28.11717569755441
 20
17.02006878970218
 30
0.0
 10
28.17661346632167
 20
17.09072012313493
 30
0.0
  0
SPLINE
  5
17A
330
1F
100
AcDbEntity
  8
0
  6
Continuous
 62
    18
420
        0
370
     9
100
AcDbSpline
210
0.0
220
0.0
230
1.0
 70
    11
 71
     3
 72
    17
 73
    13
 74
     0
 42
0.000000001
 43
0.0
 40
0.0
 40
0.0
 40
0.0
 40
0.0
 40
1.0
 40
1.0
 40
1.0
 40
2.0
 40
2.0
 40
2.0
 40
3.0
 40
3.0
 40
3.0
 40
4.0
 40
4.0
 40
4.0
 40
4.0
 10
50.58557061523412
 20
47.31065177788325
 30
0.0
 10
50.71342437946885
 20
47.31065177788325
 30
0.0
 10
50.81722541454308
 20
47.19696986049692
 30
0.0
 10
50.81722541454308
 20
47.05694562034478
 30
0.0
 10
50.81722541454308
 20
46.91692138019269
 30
0.0
 10
50.71342437946885
 20
46.80323946280635
 30
0.0
 10
50.58557061523412
 20
46.80323946280635
 30
0.0
 10
50.45771685099931
 20
46.80323946280635
 30
0.0
 10
50.35391581592512
 20
46.91692138019269
 30
0.0
 10
50.35391581592512
 20
47.05694562034478
 30
0.0
 10
50.35391581592512
 20
47.19696986049692
 30
0.0
 10
50.45771685099931
 20
47.31065177788325
 30
0.0
 10
50.58557061523412
 20
47.31065177788325
 30
0.0
  0
SPLINE
  5
17B
330
1F
100
AcDbEntity
  8
0
  6
Continuous
 62
    18
420
        0
370
     9
100
AcDbSpline
210
0.0
220
0.0
230
1.0
 70
    11
 71
     3
 72
    17
 73
    13
 74
     0
 42
0.000000001
 43
0.0
 40
0.0
 40
0.0
 40
0.0
 40
0.0
 40
1.0
 40
1.0
 40
1.0
 40
2.0
 40
2.0
 40
2.0
 40
3.0
 40
3.0
 40
3.0
 40
4.0
 40
4.0
 40
4.0
 40
4.0
 10
51.06567824887711
 20
30.02388437514377
 30
0.0
 10
51.12511601764438
 20
30.09453570857649
 30
0.0
 10
51.24693254151701
 20
30.09001034469439
 30
0.0
 10
51.33753856674444
 20
30.01378503209617
 30
0.0
 10
51.42814459197187
 20
29.93755971949801
 30
0.0
 10
51.45344926173568
 20
29.81831451793911
 30
0.0
 10
51.3940114929684
 20
29.74766318450638
 30
0.0
 10
51.33457372420114
 20
29.67701185107363
 30
0.0
 10
51.21275720032849
 20
29.68153721495572
 30
0.0
 10
51.12215117510109
 20
29.75776252755391
 30
0.0
 10
51.03154514987362
 20
29.83398784015213
 30
0.0
 10
51.00624048010982
 20
29.95323304171102
 30
0.0
 10
51.06567824887711
 20
30.02388437514377
 30
0.0
  0
SPLINE
  5
17C
330
1F
100
AcDbEntity
  8
0
  6
Continuous
 62
    18
420
        0
370
     9
100
AcDbSpline
210
0.0
220
0.0
230
1.0
 70
    11
 71
     3
 72
    17
 73
    13
 74
     0
 42
0.000000001
 43
0.0
 40
0.0
 40
0.0
 40
0.0
 40
0.0
 40
1.0
 40
1.0
 40
1.0
 40
2.0
 40
2.0
 40
2.0
 40
3.0
 40
3.0
 40
3.0
 40
4.0
 40
4.0
 40
4.0
 40
4.0
 10
44.05976000840963
 20
32.63790060544608
 30
0.0
 10
44.11919777717691
 20
32.70855193887883
 30
0.0
 10
44.24101430104953
 20
32.70402657499677
 30
0.0
 10
44.33162032627693
 20
32.62780126239858
 30
0.0
 10
44.42222635150439
 20
32.55157594980035
 30
0.0
 10
44.4475310212682
 20
32.43233074824145
 30
0.0
 10
44.38809325250089
 20
32.36167941480872
 30
0.0
 10
44.32865548373366
 20
32.29102808137597
 30
0.0
 10
44.20683895986101
 20
32.29555344525809
 30
0.0
 10
44.11623293463357
 20
32.37177875785625
 30
0.0
 10
44.02562690940616
 20
32.44800407045447
 30
0.0
 10
44.00032223964234
 20
32.56724927201337
 30
0.0
 10
44.05976000840963
 20
32.63790060544608
 30
0.0
  0
SPLINE
  5
17D
330
1F
100
AcDbEntity
  8
0
  6
Continuous
 62
    18
420
        0
370
     9
100
AcDbSpline
210
0.0
220
0.0
230
1.0
 70
    11
 71
     3
 72
    17
 73
    13
 74
     0
 42
0.000000001
 43
0.0
 40
0.0
 40
0.0
 40
0.0
 40
0.0
 40
1.0
 40
1.0
 40
1.0
 40
2.0
 40
2.0
 40
2.0
 40
3.0
 40
3.0
 40
3.0
 40
4.0
 40
4.0
 40
4.0
 40
4.0
 10
15.28379811646212
 20
29.06147263178697
 30
0.0
 10
15.33867018570618
 20
29.1266968981198
 30
0.0
 10
15.4346519564317
 20
29.13638134236746
 30
0.0
 10
15.49800251065575
 20
29.0830855953476
 30
0.0
 10
15.56135306487981
 20
29.02978984832772
 30
0.0
 10
15.56823651897324
 20
28.93356663474734
 30
0.0
 10
15.5133644497292
 20
28.8683423684145
 30
0.0
 10
15.45849238048516
 20
28.80311810208167
 30
0.0
 10
15.36251060975962
 20
28.79343365783402
 30
0.0
 10
15.29916005553559
 20
28.84672940485392
 30
0.0
 10
15.23580950131153
 20
28.90002515187378
 30
0.0
 10
15.22892604721808
 20
28.99624836545412
 30
0.0
 10
15.28379811646212
 20
29.06147263178697
 30
0.0
  0
SPLINE
  5
17E
330
1F
100
AcDbEntity
  8
0
  6
Continuous
 62
    18
420
        0
370
     9
100
AcDbSpline
210
0.0
220
0.0
230
1.0
 70
    11
 71
     3
 72
    17
 73
    13
 74
     0
 42
0.000000001
 43
0.0
 40
0.0
 40
0.0
 40
0.0
 40
0.0
 40
1.0
 40
1.0
 40
1.0
 40
2.0
 40
2.0
 40
2.0
 40
3.0
 40
3.0
 40
3.0
 40
4.0
 40
4.0
 40
4.0
 40
4.0
 10
46.61450519276881
 20
53.46732191774413
 30
0.0
 10
46.66937726201289
 20
53.53254618407695
 30
0.0
 10
46.76535903273839
 20
53.54223062832462
 30
0.0
 10
46.82870958696248
 20
53.48893488130471
 30
0.0
 10
46.89206014118653
 20
53.43563913428487
 30
0.0
 10
46.89894359527995
 20
53.3394159207045
 30
0.0
 10
46.84407152603593
 20
53.27419165437165
 30
0.0
 10
46.78919945679188
 20
53.20896738803883
 30
0.0
 10
46.69321768606635
 20
53.19928294379113
 30
0.0
 10
46.62986713184231
 20
53.25257869081103
 30
0.0
 10
46.56651657761825
 20
53.30587443783091
 30
0.0
 10
46.5596331235248
 20
53.40209765141132
 30
0.0
 10
46.61450519276881
 20
53.46732191774413
 30
0.0
  0
SPLINE
  5
17F
330
1F
100
AcDbEntity
  8
0
  6
Continuous
 62
    18
420
        0
370
     9
100
AcDbSpline
210
0.0
220
0.0
230
1.0
 70
    11
 71
     3
 72
    17
 73
    13
 74
     0
 42
0.000000001
 43
0.0
 40
0.0
 40
0.0
 40
0.0
 40
0.0
 40
1.0
 40
1.0
 40
1.0
 40
2.0
 40
2.0
 40
2.0
 40
3.0
 40
3.0
 40
3.0
 40
4.0
 40
4.0
 40
4.0
 40
4.0
 10
45.12350747825016
 20
18.73589382436484
 30
0.0
 10
45.18294524701741
 20
18.80654515779756
 30
0.0
 10
45.30476177089005
 20
18.80201979391546
 30
0.0
 10
45.3953677961175
 20
18.72579448131728
 30
0.0
 10
45.4859738213449
 20
18.6495691687191
 30
0.0
 10
45.51127849110873
 20
18.5303239671602
 30
0.0
 10
45.45184072234144
 20
18.45967263372745
 30
0.0
 10
45.39240295357419
 20
18.3890213002947
 30
0.0
 10
45.27058642970153
 20
18.39354666417682
 30
0.0
 10
45.17998040447414
 20
18.46977197677495
 30
0.0
 10
45.08937437924668
 20
18.54599728937316
 30
0.0
 10
45.06406970948289
 20
18.66524249093209
 30
0.0
 10
45.12350747825016
 20
18.73589382436484
 30
0.0
  0
SPLINE
  5
180
330
1F
100
AcDbEntity
  8
0
  6
Continuous
 62
    18
420
        0
370
     9
100
AcDbSpline
210
0.0
220
0.0
230
1.0
 70
    11
 71
     3
 72
    17
 73
    13
 74
     0
 42
0.000000001
 43
0.0
 40
0.0
 40
0.0
 40
0.0
 40
0.0
 40
1.0
 40
1.0
 40
1.0
 40
2.0
 40
2.0
 40
2.0
 40
3.0
 40
3.0
 40
3.0
 40
4.0
 40
4.0
 40
4.0
 40
4.0
 10
17.22384613400951
 20
46.63656041744673
 30
0.0
 10
17.3623381314739
 20
46.63656041744673
 30
0.0
 10
17.47477606220154
 20
46.47396883792905
 30
0.0
 10
17.47477606220154
 20
46.27370161073479
 30
0.0
 10
17.47477606220154
 20
46.07343438354046
 30
0.0
 10
17.3623381314739
 20
45.91084280402281
 30
0.0
 10
17.22384613400951
 20
45.91084280402281
 30
0.0
 10
17.08535413654515
 20
45.91084280402281
 30
0.0
 10
16.97291620581748
 20
46.07343438354046
 30
0.0
 10
16.97291620581748
 20
46.27370161073479
 30
0.0
 10
16.97291620581748
 20
46.47396883792905
 30
0.0
 10
17.08535413654515
 20
46.63656041744673
 30
0.0
 10
17.22384613400951
 20
46.63656041744673
 30
0.0
  0
SPLINE
  5
181
330
1F
100
AcDbEntity
  8
0
  6
Continuous
 62
    18
420
        0
370
     9
100
AcDbSpline
210
0.0
220
0.0
230
1.0
 70
    11
 71
     3
 72
    17
 73
    13
 74
     0
 42
0.000000001
 43
0.0
 40
0.0
 40
0.0
 40
0.0
 40
0.0
 40
1.0
 40
1.0
 40
1.0
 40
2.0
 40
2.0
 40
2.0
 40
3.0
 40
3.0
 40
3.0
 40
4.0
 40
4.0
 40
4.0
 40
4.0
 10
18.30599537942483
 20
21.52906095396639
 30
0.0
 10
18.36543314819211
 20
21.59971228739911
 30
0.0
 10
18.48724967206473
 20
21.59518692351702
 30
0.0
 10
18.57785569729214
 20
21.51896161091884
 30
0.0
 10
18.66846172251957
 20
21.44273629832065
 30
0.0
 10
18.69376639228338
 20
21.32349109676173
 30
0.0
 10
18.63432862351612
 20
21.25283976332901
 30
0.0
 10
18.57489085474886
 20
21.18218842989629
 30
0.0
 10
18.45307433087622
 20
21.18671379377838
 30
0.0
 10
18.36246830564878
 20
21.26293910637656
 30
0.0
 10
18.27186228042135
 20
21.33916441897475
 30
0.0
 10
18.24655761065754
 20
21.45840962053364
 30
0.0
 10
18.30599537942483
 20
21.52906095396639
 30
0.0
  0
SPLINE
  5
182
330
1F
100
AcDbEntity
  8
0
  6
Continuous
 62
    18
420
        0
370
     9
100
AcDbSpline
210
0.0
220
0.0
230
1.0
 70
    11
 71
     3
 72
    17
 73
    13
 74
     0
 42
0.000000001
 43
0.0
 40
0.0
 40
0.0
 40
0.0
 40
0.0
 40
1.0
 40
1.0
 40
1.0
 40
2.0
 40
2.0
 40
2.0
 40
3.0
 40
3.0
 40
3.0
 40
4.0
 40
4.0
 40
4.0
 40
4.0
 10
15.15059775069045
 20
24.22253260764008
 30
0.0
 10
15.20546981993452
 20
24.28775687397291
 30
0.0
 10
15.30145159066003
 20
24.29744131822055
 30
0.0
 10
15.36480214488411
 20
24.24414557120069
 30
0.0
 10
15.42815269910815
 20
24.1908498241808
 30
0.0
 10
15.4350361532016
 20
24.09462661060041
 30
0.0
 10
15.38016408395756
 20
24.02940234426757
 30
0.0
 10
15.32529201471349
 20
23.96417807793478
 30
0.0
 10
15.22931024398798
 20
23.95449363368712
 30
0.0
 10
15.16595968976392
 20
24.00778938070698
 30
0.0
 10
15.10260913553986
 20
24.06108512772688
 30
0.0
 10
15.09572568144641
 20
24.15730834130726
 30
0.0
 10
15.15059775069045
 20
24.22253260764008
 30
0.0
  0
SPLINE
  5
183
330
1F
100
AcDbEntity
  8
0
  6
Continuous
 62
    18
420
        0
370
     9
100
AcDbSpline
210
0.0
220
0.0
230
1.0
 70
    11
 71
     3
 72
    17
 73
    13
 74
     0
 42
0.000000001
 43
0.0
 40
0.0
 40
0.0
 40
0.0
 40
0.0
 40
1.0
 40
1.0
 40
1.0
 40
2.0
 40
2.0
 40
2.0
 40
3.0
 40
3.0
 40
3.0
 40
4.0
 40
4.0
 40
4.0
 40
4.0
 10
12.76341483092485
 20
25.54020890460073
 30
0.0
 10
12.81828690016891
 20
25.60543317093354
 30
0.0
 10
12.91426867089445
 20
25.61511761518122
 30
0.0
 10
12.97761922511851
 20
25.56182186816136
 30
0.0
 10
13.04096977934257
 20
25.50852612114146
 30
0.0
 10
13.047853233436
 20
25.41230290756108
 30
0.0
 10
12.99298116419196
 20
25.34707864122825
 30
0.0
 10
12.93810909494792
 20
25.28185437489543
 30
0.0
 10
12.84212732422238
 20
25.27216993064778
 30
0.0
 10
12.77877676999832
 20
25.32546567766761
 30
0.0
 10
12.71542621577428
 20
25.37876142468751
 30
0.0
 10
12.70854276168081
 20
25.47498463826791
 30
0.0
 10
12.76341483092485
 20
25.54020890460073
 30
0.0
  0
SPLINE
  5
184
330
1F
100
AcDbEntity
  8
0
  6
Continuous
 62
    18
420
        0
370
     9
100
AcDbSpline
210
0.0
220
0.0
230
1.0
 70
    11
 71
     3
 72
    17
 73
    13
 74
     0
 42
0.000000001
 43
0.0
 40
0.0
 40
0.0
 40
0.0
 40
0.0
 40
1.0
 40
1.0
 40
1.0
 40
2.0
 40
2.0
 40
2.0
 40
3.0
 40
3.0
 40
3.0
 40
4.0
 40
4.0
 40
4.0
 40
4.0
 10
17.26848431506137
 20
15.27148809446555
 30
0.0
 10
17.3963380792961
 20
15.27148809446555
 30
0.0
 10
17.50013911437037
 20
15.15780617707924
 30
0.0
 10
17.50013911437037
 20
15.01778193692712
 30
0.0
 10
17.50013911437037
 20
14.87775769677498
 30
0.0
 10
17.3963380792961
 20
14.76407577938869
 30
0.0
 10
17.26848431506137
 20
14.76407577938869
 30
0.0
 10
17.14063055082658
 20
14.76407577938869
 30
0.0
 10
17.03682951575234
 20
14.87775769677498
 30
0.0
 10
17.03682951575234
 20
15.01778193692712
 30
0.0
 10
17.03682951575234
 20
15.15780617707924
 30
0.0
 10
17.14063055082658
 20
15.27148809446555
 30
0.0
 10
17.26848431506137
 20
15.27148809446555
 30
0.0
  0
SPLINE
  5
185
330
1F
100
AcDbEntity
  8
0
  6
Continuous
 62
    18
420
        0
370
     9
100
AcDbSpline
210
0.0
220
0.0
230
1.0
 70
    11
 71
     3
 72
    17
 73
    13
 74
     0
 42
0.000000001
 43
0.0
 40
0.0
 40
0.0
 40
0.0
 40
0.0
 40
1.0
 40
1.0
 40
1.0
 40
2.0
 40
2.0
 40
2.0
 40
3.0
 40
3.0
 40
3.0
 40
4.0
 40
4.0
 40
4.0
 40
4.0
 10
38.15992855703474
 20
40.96303655685537
 30
0.0
 10
38.21936632580206
 20
41.03368789028811
 30
0.0
 10
38.34118284967465
 20
41.029162526406
 30
0.0
 10
38.4317888749021
 20
40.95293721380783
 30
0.0
 10
38.52239490012951
 20
40.87671190120965
 30
0.0
 10
38.54769956989335
 20
40.75746669965071
 30
0.0
 10
38.48826180112606
 20
40.68681536621801
 30
0.0
 10
38.42882403235877
 20
40.61616403278526
 30
0.0
 10
38.30700750848613
 20
40.62068939666736
 30
0.0
 10
38.21640148325872
 20
40.69691470926554
 30
0.0
 10
38.12579545803128
 20
40.77314002186374
 30
0.0
 10
38.10049078826748
 20
40.89238522342266
 30
0.0
 10
38.15992855703474
 20
40.96303655685537
 30
0.0
  0
SPLINE
  5
186
330
1F
100
AcDbEntity
  8
0
  6
Continuous
 62
    18
420
        0
370
     9
100
AcDbSpline
210
0.0
220
0.0
230
1.0
 70
    11
 71
     3
 72
    17
 73
    13
 74
     0
 42
0.000000001
 43
0.0
 40
0.0
 40
0.0
 40
0.0
 40
0.0
 40
1.0
 40
1.0
 40
1.0
 40
2.0
 40
2.0
 40
2.0
 40
3.0
 40
3.0
 40
3.0
 40
4.0
 40
4.0
 40
4.0
 40
4.0
 10
16.63431171471584
 20
48.10201962255046
 30
0.0
 10
16.71954755753903
 20
48.10201962255046
 30
0.0
 10
16.78874824758849
 20
48.03480687622456
 30
0.0
 10
16.78874824758849
 20
47.95201962255044
 30
0.0
 10
16.78874824758849
 20
47.86923236887634
 30
0.0
 10
16.71954755753903
 20
47.80201962255046
 30
0.0
 10
16.63431171471584
 20
47.80201962255046
 30
0.0
 10
16.54907587189265
 20
47.80201962255046
 30
0.0
 10
16.47987518184319
 20
47.86923236887634
 30
0.0
 10
16.47987518184319
 20
47.95201962255044
 30
0.0
 10
16.47987518184319
 20
48.03480687622456
 30
0.0
 10
16.54907587189265
 20
48.10201962255046
 30
0.0
 10
16.63431171471584
 20
48.10201962255046
 30
0.0
  0
SPLINE
  5
187
330
1F
100
AcDbEntity
  8
0
  6
Continuous
 62
    18
420
        0
370
     9
100
AcDbSpline
210
0.0
220
0.0
230
1.0
 70
    11
 71
     3
 72
    17
 73
    13
 74
     0
 42
0.000000001
 43
0.0
 40
0.0
 40
0.0
 40
0.0
 40
0.0
 40
1.0
 40
1.0
 40
1.0
 40
2.0
 40
2.0
 40
2.0
 40
3.0
 40
3.0
 40
3.0
 40
4.0
 40
4.0
 40
4.0
 40
4.0
 10
15.02678073590304
 20
11.60741024754742
 30
0.0
 10
15.16527273336746
 20
11.60741024754742
 30
0.0
 10
15.27771066409507
 20
11.4448186680298
 30
0.0
 10
15.27771066409507
 20
11.24455144083547
 30
0.0
 10
15.27771066409507
 20
11.04428421364116
 30
0.0
 10
15.16527273336746
 20
10.88169263412348
 30
0.0
 10
15.02678073590304
 20
10.88169263412348
 30
0.0
 10
14.88828873843868
 20
10.88169263412348
 30
0.0
 10
14.77585080771104
 20
11.04428421364116
 30
0.0
 10
14.77585080771104
 20
11.24455144083547
 30
0.0
 10
14.77585080771104
 20
11.4448186680298
 30
0.0
 10
14.88828873843868
 20
11.60741024754742
 30
0.0
 10
15.02678073590304
 20
11.60741024754742
 30
0.0
  0
SPLINE
  5
188
330
1F
100
AcDbEntity
  8
0
  6
Continuous
 62
    18
420
        0
370
     9
100
AcDbSpline
210
0.0
220
0.0
230
1.0
 70
    11
 71
     3
 72
    17
 73
    13
 74
     0
 42
0.000000001
 43
0.0
 40
0.0
 40
0.0
 40
0.0
 40
0.0
 40
1.0
 40
1.0
 40
1.0
 40
2.0
 40
2.0
 40
2.0
 40
3.0
 40
3.0
 40
3.0
 40
4.0
 40
4.0
 40
4.0
 40
4.0
 10
43.04066626368393
 20
49.80174881555317
 30
0.0
 10
43.095538332928
 20
49.86697308188599
 30
0.0
 10
43.19152010365352
 20
49.87665752613364
 30
0.0
 10
43.25487065787754
 20
49.82336177911375
 30
0.0
 10
43.3182212121016
 20
49.77006603209388
 30
0.0
 10
43.32510466619506
 20
49.67384281851349
 30
0.0
 10
43.27023259695104
 20
49.60861855218067
 30
0.0
 10
43.21536052770694
 20
49.54339428584785
 30
0.0
 10
43.11937875698144
 20
49.53370984160019
 30
0.0
 10
43.05602820275738
 20
49.58700558862006
 30
0.0
 10
42.99267764853334
 20
49.64030133563996
 30
0.0
 10
42.9857941944399
 20
49.73652454922035
 30
0.0
 10
43.04066626368393
 20
49.80174881555317
 30
0.0
  0
SPLINE
  5
189
330
1F
100
AcDbEntity
  8
0
  6
Continuous
 62
    18
420
        0
370
     9
100
AcDbSpline
210
0.0
220
0.0
230
1.0
 70
    11
 71
     3
 72
    17
 73
    13
 74
     0
 42
0.000000001
 43
0.0
 40
0.0
 40
0.0
 40
0.0
 40
0.0
 40
1.0
 40
1.0
 40
1.0
 40
2.0
 40
2.0
 40
2.0
 40
3.0
 40
3.0
 40
3.0
 40
4.0
 40
4.0
 40
4.0
 40
4.0
 10
39.41434941603718
 20
22.83938873324391
 30
0.0
 10
39.47378718480443
 20
22.91004006667663
 30
0.0
 10
39.59560370867705
 20
22.90551470279456
 30
0.0
 10
39.68620973390446
 20
22.82928939019638
 30
0.0
 10
39.77681575913186
 20
22.75306407759817
 30
0.0
 10
39.80212042889573
 20
22.63381887603927
 30
0.0
 10
39.74268266012844
 20
22.56316754260652
 30
0.0
 10
39.68324489136119
 20
22.4925162091738
 30
0.0
 10
39.56142836748852
 20
22.4970415730559
 30
0.0
 10
39.47082234226113
 20
22.57326688565408
 30
0.0
 10
39.38021631703368
 20
22.64949219825232
 30
0.0
 10
39.35491164726989
 20
22.76873739981119
 30
0.0
 10
39.41434941603718
 20
22.83938873324391
 30
0.0
  0
SPLINE
  5
18A
330
1F
100
AcDbEntity
  8
0
  6
Continuous
 62
    18
420
        0
370
     9
100
AcDbSpline
210
0.0
220
0.0
230
1.0
 70
    11
 71
     3
 72
    17
 73
    13
 74
     0
 42
0.000000001
 43
0.0
 40
0.0
 40
0.0
 40
0.0
 40
0.0
 40
1.0
 40
1.0
 40
1.0
 40
2.0
 40
2.0
 40
2.0
 40
3.0
 40
3.0
 40
3.0
 40
4.0
 40
4.0
 40
4.0
 40
4.0
 10
49.74370777422121
 20
41.88632194813182
 30
0.0
 10
49.83603577253076
 20
41.88632194813182
 30
0.0
 10
49.91099439301587
 20
41.79019209001454
 30
0.0
 10
49.91099439301587
 20
41.67178706441089
 30
0.0
 10
49.91099439301587
 20
41.55338203880724
 30
0.0
 10
49.83603577253076
 20
41.45725218068995
 30
0.0
 10
49.74370777422121
 20
41.45725218068995
 30
0.0
 10
49.65137977591161
 20
41.45725218068995
 30
0.0
 10
49.57642115542652
 20
41.55338203880724
 30
0.0
 10
49.57642115542652
 20
41.67178706441089
 30
0.0
 10
49.57642115542652
 20
41.79019209001454
 30
0.0
 10
49.65137977591161
 20
41.88632194813182
 30
0.0
 10
49.74370777422121
 20
41.88632194813182
 30
0.0
  0
SPLINE
  5
18B
330
1F
100
AcDbEntity
  8
0
  6
Continuous
 62
    18
420
        0
370
     9
100
AcDbSpline
210
0.0
220
0.0
230
1.0
 70
    11
 71
     3
 72
    17
 73
    13
 74
     0
 42
0.000000001
 43
0.0
 40
0.0
 40
0.0
 40
0.0
 40
0.0
 40
1.0
 40
1.0
 40
1.0
 40
2.0
 40
2.0
 40
2.0
 40
3.0
 40
3.0
 40
3.0
 40
4.0
 40
4.0
 40
4.0
 40
4.0
 10
31.79285486480224
 20
56.909201404754
 30
0.0
 10
31.92070862903701
 20
56.909201404754
 30
0.0
 10
32.02450966411121
 20
56.79551948736766
 30
0.0
 10
32.02450966411121
 20
56.65549524721554
 30
0.0
 10
32.02450966411121
 20
56.51547100706344
 30
0.0
 10
31.92070862903701
 20
56.4017890896771
 30
0.0
 10
31.79285486480224
 20
56.4017890896771
 30
0.0
 10
31.66500110056743
 20
56.4017890896771
 30
0.0
 10
31.56120006549324
 20
56.51547100706344
 30
0.0
 10
31.56120006549324
 20
56.65549524721554
 30
0.0
 10
31.56120006549324
 20
56.79551948736766
 30
0.0
 10
31.66500110056743
 20
56.909201404754
 30
0.0
 10
31.79285486480224
 20
56.909201404754
 30
0.0
  0
SPLINE
  5
18C
330
1F
100
AcDbEntity
  8
0
  6
Continuous
 62
    18
420
        0
370
     9
100
AcDbSpline
210
0.0
220
0.0
230
1.0
 70
    11
 71
     3
 72
    17
 73
    13
 74
     0
 42
0.000000001
 43
0.0
 40
0.0
 40
0.0
 40
0.0
 40
0.0
 40
1.0
 40
1.0
 40
1.0
 40
2.0
 40
2.0
 40
2.0
 40
3.0
 40
3.0
 40
3.0
 40
4.0
 40
4.0
 40
4.0
 40
4.0
 10
34.20644840543439
 20
47.53364751774659
 30
0.0
 10
34.26132047467844
 20
47.59887178407942
 30
0.0
 10
34.35730224540397
 20
47.60855622832707
 30
0.0
 10
34.42065279962802
 20
47.55526048130723
 30
0.0
 10
34.48400335385207
 20
47.50196473428734
 30
0.0
 10
34.49088680794551
 20
47.40574152070697
 30
0.0
 10
34.43601473870148
 20
47.34051725437412
 30
0.0
 10
34.3811426694574
 20
47.2752929880413
 30
0.0
 10
34.2851608987319
 20
47.26560854379365
 30
0.0
 10
34.22181034450784
 20
47.31890429081349
 30
0.0
 10
34.15845979028378
 20
47.37220003783338
 30
0.0
 10
34.15157633619035
 20
47.46842325141378
 30
0.0
 10
34.20644840543439
 20
47.53364751774659
 30
0.0
  0
SPLINE
  5
18D
330
1F
100
AcDbEntity
  8
0
  6
Continuous
 62
    18
420
        0
370
     9
100
AcDbSpline
210
0.0
220
0.0
230
1.0
 70
    11
 71
     3
 72
    17
 73
    13
 74
     0
 42
0.000000001
 43
0.0
 40
0.0
 40
0.0
 40
0.0
 40
0.0
 40
1.0
 40
1.0
 40
1.0
 40
2.0
 40
2.0
 40
2.0
 40
3.0
 40
3.0
 40
3.0
 40
4.0
 40
4.0
 40
4.0
 40
4.0
 10
20.12999504200205
 20
41.19367831676765
 30
0.0
 10
20.26848703946645
 20
41.19367831676765
 30
0.0
 10
20.38092497019408
 20
41.03108673724996
 30
0.0
 10
20.38092497019408
 20
40.83081951005563
 30
0.0
 10
20.38092497019408
 20
40.63055228286136
 30
0.0
 10
20.26848703946645
 20
40.46796070334368
 30
0.0
 10
20.12999504200205
 20
40.46796070334368
 30
0.0
 10
19.99150304453769
 20
40.46796070334368
 30
0.0
 10
19.87906511381003
 20
40.63055228286136
 30
0.0
 10
19.87906511381003
 20
40.83081951005563
 30
0.0
 10
19.87906511381003
 20
41.03108673724996
 30
0.0
 10
19.99150304453769
 20
41.19367831676765
 30
0.0
 10
20.12999504200205
 20
41.19367831676765
 30
0.0
  0
SPLINE
  5
18E
330
1F
100
AcDbEntity
  8
0
  6
Continuous
 62
    18
420
        0
370
     9
100
AcDbSpline
210
0.0
220
0.0
230
1.0
 70
    11
 71
     3
 72
    17
 73
    13
 74
     0
 42
0.000000001
 43
0.0
 40
0.0
 40
0.0
 40
0.0
 40
0.0
 40
1.0
 40
1.0
 40
1.0
 40
2.0
 40
2.0
 40
2.0
 40
3.0
 40
3.0
 40
3.0
 40
4.0
 40
4.0
 40
4.0
 40
4.0
 10
42.92702746514774
 20
47.94491717172933
 30
0.0
 10
43.0548812293825
 20
47.94491717172933
 30
0.0
 10
43.15868226445671
 20
47.83123525434297
 30
0.0
 10
43.15868226445671
 20
47.6912110141909
 30
0.0
 10
43.15868226445671
 20
47.55118677403877
 30
0.0
 10
43.0548812293825
 20
47.43750485665247
 30
0.0
 10
42.92702746514774
 20
47.43750485665247
 30
0.0
 10
42.79917370091293
 20
47.43750485665247
 30
0.0
 10
42.69537266583873
 20
47.55118677403877
 30
0.0
 10
42.69537266583873
 20
47.6912110141909
 30
0.0
 10
42.69537266583873
 20
47.83123525434297
 30
0.0
 10
42.79917370091293
 20
47.94491717172933
 30
0.0
 10
42.92702746514774
 20
47.94491717172933
 30
0.0
  0
SPLINE
  5
18F
330
1F
100
AcDbEntity
  8
0
  6
Continuous
 62
    18
420
        0
370
     9
100
AcDbSpline
210
0.0
220
0.0
230
1.0
 70
    11
 71
     3
 72
    17
 73
    13
 74
     0
 42
0.000000001
 43
0.0
 40
0.0
 40
0.0
 40
0.0
 40
0.0
 40
1.0
 40
1.0
 40
1.0
 40
2.0
 40
2.0
 40
2.0
 40
3.0
 40
3.0
 40
3.0
 40
4.0
 40
4.0
 40
4.0
 40
4.0
 10
8.136120258292287
 20
21.730326427405
 30
0.0
 10
8.190992327536327
 20
21.79555069373782
 30
0.0
 10
8.286974098261865
 20
21.80523513798548
 30
0.0
 10
8.350324652485925
 20
21.75193939096565
 30
0.0
 10
8.413675206709971
 20
21.69864364394579
 30
0.0
 10
8.42055866080341
 20
21.60242043036536
 30
0.0
 10
8.365686591559369
 20
21.53719616403257
 30
0.0
 10
8.31081452231533
 20
21.47197189769972
 30
0.0
 10
8.21483275158979
 20
21.46228745345206
 30
0.0
 10
8.151482197365745
 20
21.51558320047195
 30
0.0
 10
8.088131643141683
 20
21.56887894749181
 30
0.0
 10
8.081248189048232
 20
21.66510216107221
 30
0.0
 10
8.136120258292287
 20
21.730326427405
 30
0.0
  0
SPLINE
  5
190
330
1F
100
AcDbEntity
  8
0
  6
Continuous
 62
    18
420
        0
370
     9
100
AcDbSpline
210
0.0
220
0.0
230
1.0
 70
    11
 71
     3
 72
    17
 73
    13
 74
     0
 42
0.000000001
 43
0.0
 40
0.0
 40
0.0
 40
0.0
 40
0.0
 40
1.0
 40
1.0
 40
1.0
 40
2.0
 40
2.0
 40
2.0
 40
3.0
 40
3.0
 40
3.0
 40
4.0
 40
4.0
 40
4.0
 40
4.0
 10
50.40697358812064
 20
43.00797235032732
 30
0.0
 10
50.54546558558502
 20
43.00797235032732
 30
0.0
 10
50.65790351631267
 20
42.84538077080968
 30
0.0
 10
50.65790351631267
 20
42.64511354361535
 30
0.0
 10
50.65790351631267
 20
42.44484631642102
 30
0.0
 10
50.54546558558502
 20
42.28225473690338
 30
0.0
 10
50.40697358812064
 20
42.28225473690338
 30
0.0
 10
50.26848159065626
 20
42.28225473690338
 30
0.0
 10
50.15604365992863
 20
42.44484631642102
 30
0.0
 10
50.15604365992863
 20
42.64511354361535
 30
0.0
 10
50.15604365992863
 20
42.84538077080968
 30
0.0
 10
50.26848159065626
 20
43.00797235032732
 30
0.0
 10
50.40697358812064
 20
43.00797235032732
 30
0.0
  0
SPLINE
  5
191
330
1F
100
AcDbEntity
  8
0
  6
Continuous
 62
    18
420
        0
370
     9
100
AcDbSpline
210
0.0
220
0.0
230
1.0
 70
    11
 71
     3
 72
    17
 73
    13
 74
     0
 42
0.000000001
 43
0.0
 40
0.0
 40
0.0
 40
0.0
 40
0.0
 40
1.0
 40
1.0
 40
1.0
 40
2.0
 40
2.0
 40
2.0
 40
3.0
 40
3.0
 40
3.0
 40
4.0
 40
4.0
 40
4.0
 40
4.0
 10
39.15331834231115
 20
18.36349901341035
 30
0.0
 10
39.21275611107843
 20
18.43415034684307
 30
0.0
 10
39.33457263495103
 20
18.429624982961
 30
0.0
 10
39.4251786601785
 20
18.35339967036279
 30
0.0
 10
39.5157846854059
 20
18.27717435776461
 30
0.0
 10
39.5410893551697
 20
18.15792915620571
 30
0.0
 10
39.48165158640244
 20
18.08727782277293
 30
0.0
 10
39.42221381763518
 20
18.01662648934024
 30
0.0
 10
39.30039729376254
 20
18.02115185322231
 30
0.0
 10
39.20979126853511
 20
18.09737716582055
 30
0.0
 10
39.1191852433077
 20
18.17360247841873
 30
0.0
 10
39.09388057354386
 20
18.29284767997763
 30
0.0
 10
39.15331834231115
 20
18.36349901341035
 30
0.0
  0
SPLINE
  5
192
330
1F
100
AcDbEntity
  8
0
  6
Continuous
 62
    18
420
        0
370
     9
100
AcDbSpline
210
0.0
220
0.0
230
1.0
 70
    11
 71
     3
 72
    17
 73
    13
 74
     0
 42
0.000000001
 43
0.0
 40
0.0
 40
0.0
 40
0.0
 40
0.0
 40
1.0
 40
1.0
 40
1.0
 40
2.0
 40
2.0
 40
2.0
 40
3.0
 40
3.0
 40
3.0
 40
4.0
 40
4.0
 40
4.0
 40
4.0
 10
42.11119172459289
 20
43.91511936710717
 30
0.0
 10
42.24968372205726
 20
43.91511936710717
 30
0.0
 10
42.36212165278491
 20
43.75252778758949
 30
0.0
 10
42.36212165278491
 20
43.55226056039515
 30
0.0
 10
42.36212165278491
 20
43.35199333320089
 30
0.0
 10
42.24968372205726
 20
43.1894017536832
 30
0.0
 10
42.11119172459289
 20
43.1894017536832
 30
0.0
 10
41.97269972712851
 20
43.1894017536832
 30
0.0
 10
41.86026179640083
 20
43.35199333320089
 30
0.0
 10
41.86026179640083
 20
43.55226056039515
 30
0.0
 10
41.86026179640083
 20
43.75252778758949
 30
0.0
 10
41.97269972712851
 20
43.91511936710717
 30
0.0
 10
42.11119172459289
 20
43.91511936710717
 30
0.0
  0
SPLINE
  5
193
330
1F
100
AcDbEntity
  8
0
  6
Continuous
 62
    18
420
        0
370
     9
100
AcDbSpline
210
0.0
220
0.0
230
1.0
 70
    11
 71
     3
 72
    17
 73
    13
 74
     0
 42
0.000000001
 43
0.0
 40
0.0
 40
0.0
 40
0.0
 40
0.0
 40
1.0
 40
1.0
 40
1.0
 40
2.0
 40
2.0
 40
2.0
 40
3.0
 40
3.0
 40
3.0
 40
4.0
 40
4.0
 40
4.0
 40
4.0
 10
25.63431171471584
 20
54.94420460183363
 30
0.0
 10
25.76216547895062
 20
54.94420460183363
 30
0.0
 10
25.86596651402486
 20
54.83052268444727
 30
0.0
 10
25.86596651402486
 20
54.69049844429517
 30
0.0
 10
25.86596651402486
 20
54.55047420414303
 30
0.0
 10
25.76216547895062
 20
54.43679228675668
 30
0.0
 10
25.63431171471584
 20
54.43679228675668
 30
0.0
 10
25.5064579504811
 20
54.43679228675668
 30
0.0
 10
25.40265691540687
 20
54.55047420414303
 30
0.0
 10
25.40265691540687
 20
54.69049844429517
 30
0.0
 10
25.40265691540687
 20
54.83052268444727
 30
0.0
 10
25.5064579504811
 20
54.94420460183363
 30
0.0
 10
25.63431171471584
 20
54.94420460183363
 30
0.0
  0
SPLINE
  5
194
330
1F
100
AcDbEntity
  8
0
  6
Continuous
 62
    18
420
        0
370
     9
100
AcDbSpline
210
0.0
220
0.0
230
1.0
 70
    11
 71
     3
 72
    17
 73
    13
 74
     0
 42
0.000000001
 43
0.0
 40
0.0
 40
0.0
 40
0.0
 40
0.0
 40
1.0
 40
1.0
 40
1.0
 40
2.0
 40
2.0
 40
2.0
 40
3.0
 40
3.0
 40
3.0
 40
4.0
 40
4.0
 40
4.0
 40
4.0
 10
35.89298840551409
 20
42.47060261117119
 30
0.0
 10
35.94786047475813
 20
42.53582687750399
 30
0.0
 10
36.04384224548364
 20
42.54551132175166
 30
0.0
 10
36.10719279970773
 20
42.49221557473182
 30
0.0
 10
36.17054335393179
 20
42.43891982771196
 30
0.0
 10
36.17742680802522
 20
42.34269661413154
 30
0.0
 10
36.12255473878118
 20
42.27747234779872
 30
0.0
 10
36.06768266953712
 20
42.21224808146587
 30
0.0
 10
35.9717008988116
 20
42.20256363721822
 30
0.0
 10
35.90835034458755
 20
42.25585938423809
 30
0.0
 10
35.8449997903635
 20
42.309155131258
 30
0.0
 10
35.83811633627005
 20
42.40537834483837
 30
0.0
 10
35.89298840551409
 20
42.47060261117119
 30
0.0
  0
SPLINE
  5
195
330
1F
100
AcDbEntity
  8
0
  6
Continuous
 62
    18
420
        0
370
     9
100
AcDbSpline
210
0.0
220
0.0
230
1.0
 70
    11
 71
     3
 72
    17
 73
    13
 74
     0
 42
0.000000001
 43
0.0
 40
0.0
 40
0.0
 40
0.0
 40
0.0
 40
1.0
 40
1.0
 40
1.0
 40
2.0
 40
2.0
 40
2.0
 40
3.0
 40
3.0
 40
3.0
 40
4.0
 40
4.0
 40
4.0
 40
4.0
 10
41.15272084272816
 20
14.84909870378701
 30
0.0
 10
41.21215861149546
 20
14.91975003721976
 30
0.0
 10
41.33397513536809
 20
14.91522467333763
 30
0.0
 10
41.42458116059549
 20
14.83899936073948
 30
0.0
 10
41.51518718582291
 20
14.76277404814127
 30
0.0
 10
41.54049185558674
 20
14.64352884658237
 30
0.0
 10
41.48105408681947
 20
14.57287751314962
 30
0.0
 10
41.42161631805217
 20
14.5022261797169
 30
0.0
 10
41.29979979417953
 20
14.50675154359899
 30
0.0
 10
41.20919376895213
 20
14.58297685619712
 30
0.0
 10
41.11858774372469
 20
14.65920216879536
 30
0.0
 10
41.09328307396088
 20
14.77844737035429
 30
0.0
 10
41.15272084272816
 20
14.84909870378701
 30
0.0
  0
SPLINE
  5
196
330
1F
100
AcDbEntity
  8
0
  6
Continuous
 62
    18
420
        0
370
     9
100
AcDbSpline
210
0.0
220
0.0
230
1.0
 70
    11
 71
     3
 72
    17
 73
    13
 74
     0
 42
0.000000001
 43
0.0
 40
0.0
 40
0.0
 40
0.0
 40
0.0
 40
1.0
 40
1.0
 40
1.0
 40
2.0
 40
2.0
 40
2.0
 40
3.0
 40
3.0
 40
3.0
 40
4.0
 40
4.0
 40
4.0
 40
4.0
 10
22.01575094122084
 20
20.93996635471061
 30
0.0
 10
22.0751887099881
 20
21.01061768814333
 30
0.0
 10
22.19700523386071
 20
21.00609232426123
 30
0.0
 10
22.28761125908815
 20
20.92986701166308
 30
0.0
 10
22.37821728431558
 20
20.85364169906487
 30
0.0
 10
22.40352195407939
 20
20.734396497506
 30
0.0
 10
22.34408418531211
 20
20.66374516407328
 30
0.0
 10
22.28464641654487
 20
20.59309383064053
 30
0.0
 10
22.16282989267222
 20
20.59761919452257
 30
0.0
 10
22.07222386744479
 20
20.67384450712078
 30
0.0
 10
21.98161784221736
 20
20.75006981971899
 30
0.0
 10
21.95631317245356
 20
20.86931502127788
 30
0.0
 10
22.01575094122084
 20
20.93996635471061
 30
0.0
  0
SPLINE
  5
197
330
1F
100
AcDbEntity
  8
0
  6
Continuous
 62
    18
420
        0
370
     9
100
AcDbSpline
210
0.0
220
0.0
230
1.0
 70
    11
 71
     3
 72
    17
 73
    13
 74
     0
 42
0.000000001
 43
0.0
 40
0.0
 40
0.0
 40
0.0
 40
0.0
 40
1.0
 40
1.0
 40
1.0
 40
2.0
 40
2.0
 40
2.0
 40
3.0
 40
3.0
 40
3.0
 40
4.0
 40
4.0
 40
4.0
 40
4.0
 10
19.10869060535707
 20
20.49745101199011
 30
0.0
 10
19.24718260282146
 20
20.49745101199011
 30
0.0
 10
19.3596205335491
 20
20.33485943247243
 30
0.0
 10
19.3596205335491
 20
20.13459220527807
 30
0.0
 10
19.3596205335491
 20
19.93432497808382
 30
0.0
 10
19.24718260282146
 20
19.77173339856611
 30
0.0
 10
19.10869060535707
 20
19.77173339856611
 30
0.0
 10
18.9701986078927
 20
19.77173339856611
 30
0.0
 10
18.85776067716504
 20
19.93432497808382
 30
0.0
 10
18.85776067716504
 20
20.13459220527807
 30
0.0
 10
18.85776067716504
 20
20.33485943247243
 30
0.0
 10
18.9701986078927
 20
20.49745101199011
 30
0.0
 10
19.10869060535707
 20
20.49745101199011
 30
0.0
  0
SPLINE
  5
198
330
1F
100
AcDbEntity
  8
0
  6
Continuous
 62
    18
420
        0
370
     9
100
AcDbSpline
210
0.0
220
0.0
230
1.0
 70
    11
 71
     3
 72
    17
 73
    13
 74
     0
 42
0.000000001
 43
0.0
 40
0.0
 40
0.0
 40
0.0
 40
0.0
 40
1.0
 40
1.0
 40
1.0
 40
2.0
 40
2.0
 40
2.0
 40
3.0
 40
3.0
 40
3.0
 40
4.0
 40
4.0
 40
4.0
 40
4.0
 10
15.84570258149764
 20
48.8152444283737
 30
0.0
 10
15.93093842432083
 20
48.8152444283737
 30
0.0
 10
16.00013911437032
 20
48.74803168204777
 30
0.0
 10
16.00013911437032
 20
48.66524442837367
 30
0.0
 10
16.00013911437032
 20
48.58245717469957
 30
0.0
 10
15.93093842432083
 20
48.51524442837365
 30
0.0
 10
15.84570258149764
 20
48.51524442837365
 30
0.0
 10
15.76046673867448
 20
48.51524442837365
 30
0.0
 10
15.69126604862499
 20
48.58245717469957
 30
0.0
 10
15.69126604862499
 20
48.66524442837367
 30
0.0
 10
15.69126604862499
 20
48.74803168204777
 30
0.0
 10
15.76046673867448
 20
48.8152444283737
 30
0.0
 10
15.84570258149764
 20
48.8152444283737
 30
0.0
  0
SPLINE
  5
199
330
1F
100
AcDbEntity
  8
0
  6
Continuous
 62
    18
420
        0
370
     9
100
AcDbSpline
210
0.0
220
0.0
230
1.0
 70
    11
 71
     3
 72
    17
 73
    13
 74
     0
 42
0.000000001
 43
0.0
 40
0.0
 40
0.0
 40
0.0
 40
0.0
 40
1.0
 40
1.0
 40
1.0
 40
2.0
 40
2.0
 40
2.0
 40
3.0
 40
3.0
 40
3.0
 40
4.0
 40
4.0
 40
4.0
 40
4.0
 10
44.21318653186933
 20
42.42265915743417
 30
0.0
 10
44.30551453017893
 20
42.42265915743417
 30
0.0
 10
44.38047315066402
 20
42.32652929931687
 30
0.0
 10
44.38047315066402
 20
42.2081242737132
 30
0.0
 10
44.38047315066402
 20
42.08971924810952
 30
0.0
 10
44.30551453017893
 20
41.99358938999222
 30
0.0
 10
44.21318653186933
 20
41.99358938999222
 30
0.0
 10
44.12085853355978
 20
41.99358938999222
 30
0.0
 10
44.04589991307466
 20
42.08971924810952
 30
0.0
 10
44.04589991307466
 20
42.2081242737132
 30
0.0
 10
44.04589991307466
 20
42.32652929931687
 30
0.0
 10
44.12085853355978
 20
42.42265915743417
 30
0.0
 10
44.21318653186933
 20
42.42265915743417
 30
0.0
  0
SPLINE
  5
19A
330
1F
100
AcDbEntity
  8
0
  6
Continuous
 62
    18
420
        0
370
     9
100
AcDbSpline
210
0.0
220
0.0
230
1.0
 70
    11
 71
     3
 72
    17
 73
    13
 74
     0
 42
0.000000001
 43
0.0
 40
0.0
 40
0.0
 40
0.0
 40
0.0
 40
1.0
 40
1.0
 40
1.0
 40
2.0
 40
2.0
 40
2.0
 40
3.0
 40
3.0
 40
3.0
 40
4.0
 40
4.0
 40
4.0
 40
4.0
 10
10.21152998115217
 20
51.8652444283737
 30
0.0
 10
10.29676582397535
 20
51.8652444283737
 30
0.0
 10
10.36596651402484
 20
51.79803168204781
 30
0.0
 10
10.36596651402484
 20
51.71524442837372
 30
0.0
 10
10.36596651402484
 20
51.63245717469958
 30
0.0
 10
10.29676582397535
 20
51.5652444283737
 30
0.0
 10
10.21152998115217
 20
51.5652444283737
 30
0.0
 10
10.12629413832898
 20
51.5652444283737
 30
0.0
 10
10.0570934482795
 20
51.63245717469958
 30
0.0
 10
10.0570934482795
 20
51.71524442837372
 30
0.0
 10
10.0570934482795
 20
51.79803168204781
 30
0.0
 10
10.12629413832898
 20
51.8652444283737
 30
0.0
 10
10.21152998115217
 20
51.8652444283737
 30
0.0
  0
SPLINE
  5
19B
330
1F
100
AcDbEntity
  8
0
  6
Continuous
 62
    18
420
        0
370
     9
100
AcDbSpline
210
0.0
220
0.0
230
1.0
 70
    11
 71
     3
 72
    17
 73
    13
 74
     0
 42
0.000000001
 43
0.0
 40
0.0
 40
0.0
 40
0.0
 40
0.0
 40
1.0
 40
1.0
 40
1.0
 40
2.0
 40
2.0
 40
2.0
 40
3.0
 40
3.0
 40
3.0
 40
4.0
 40
4.0
 40
4.0
 40
4.0
 10
15.84570258149764
 20
10.43342680649519
 30
0.0
 10
15.93093842432083
 20
10.43342680649519
 30
0.0
 10
16.00013911437032
 20
10.36621406016928
 30
0.0
 10
16.00013911437032
 20
10.28342680649519
 30
0.0
 10
16.00013911437032
 20
10.20063955282106
 30
0.0
 10
15.93093842432083
 20
10.13342680649515
 30
0.0
 10
15.84570258149764
 20
10.13342680649515
 30
0.0
 10
15.76046673867448
 20
10.13342680649515
 30
0.0
 10
15.69126604862499
 20
10.20063955282106
 30
0.0
 10
15.69126604862499
 20
10.28342680649519
 30
0.0
 10
15.69126604862499
 20
10.36621406016928
 30
0.0
 10
15.76046673867448
 20
10.43342680649519
 30
0.0
 10
15.84570258149764
 20
10.43342680649519
 30
0.0
  0
SPLINE
  5
19C
330
1F
100
AcDbEntity
  8
0
  6
Continuous
 62
    18
420
        0
370
     9
100
AcDbSpline
210
0.0
220
0.0
230
1.0
 70
    11
 71
     3
 72
    17
 73
    13
 74
     0
 42
0.000000001
 43
0.0
 40
0.0
 40
0.0
 40
0.0
 40
0.0
 40
1.0
 40
1.0
 40
1.0
 40
2.0
 40
2.0
 40
2.0
 40
3.0
 40
3.0
 40
3.0
 40
4.0
 40
4.0
 40
4.0
 40
4.0
 10
31.1627888816704
 20
47.69024442837366
 30
0.0
 10
31.2480247244936
 20
47.69024442837366
 30
0.0
 10
31.31722541454305
 20
47.62303168204778
 30
0.0
 10
31.31722541454305
 20
47.54024442837363
 30
0.0
 10
31.31722541454305
 20
47.45745717469956
 30
0.0
 10
31.2480247244936
 20
47.39024442837365
 30
0.0
 10
31.1627888816704
 20
47.39024442837365
 30
0.0
 10
31.07755303884721
 20
47.39024442837365
 30
0.0
 10
31.00835234879772
 20
47.45745717469956
 30
0.0
 10
31.00835234879772
 20
47.54024442837363
 30
0.0
 10
31.00835234879772
 20
47.62303168204778
 30
0.0
 10
31.07755303884721
 20
47.69024442837366
 30
0.0
 10
31.1627888816704
 20
47.69024442837366
 30
0.0
  0
SPLINE
  5
19D
330
1F
100
AcDbEntity
  8
0
  6
Continuous
 62
    18
420
        0
370
     9
100
AcDbSpline
210
0.0
220
0.0
230
1.0
 70
    11
 71
     3
 72
    17
 73
    13
 74
     0
 42
0.000000001
 43
0.0
 40
0.0
 40
0.0
 40
0.0
 40
0.0
 40
1.0
 40
1.0
 40
1.0
 40
2.0
 40
2.0
 40
2.0
 40
3.0
 40
3.0
 40
3.0
 40
4.0
 40
4.0
 40
4.0
 40
4.0
 10
5.928064270481684
 20
24.37187837904978
 30
0.0
 10
6.066556267946101
 20
24.37187837904978
 30
0.0
 10
6.178994198673712
 20
24.20928679953209
 30
0.0
 10
6.178994198673712
 20
24.00901957233778
 30
0.0
 10
6.178994198673712
 20
23.80875234514349
 30
0.0
 10
6.066556267946101
 20
23.64616076562578
 30
0.0
 10
5.928064270481684
 20
23.64616076562578
 30
0.0
 10
5.78957227301732
 20
23.64616076562578
 30
0.0
 10
5.677134342289683
 20
23.80875234514349
 30
0.0
 10
5.677134342289683
 20
24.00901957233778
 30
0.0
 10
5.677134342289683
 20
24.20928679953209
 30
0.0
 10
5.78957227301732
 20
24.37187837904978
 30
0.0
 10
5.928064270481684
 20
24.37187837904978
 30
0.0
  0
SPLINE
  5
19E
330
1F
100
AcDbEntity
  8
0
  6
Continuous
 62
    18
420
        0
370
     9
100
AcDbSpline
210
0.0
220
0.0
230
1.0
 70
    11
 71
     3
 72
    17
 73
    13
 74
     0
 42
0.000000001
 43
0.0
 40
0.0
 40
0.0
 40
0.0
 40
0.0
 40
1.0
 40
1.0
 40
1.0
 40
2.0
 40
2.0
 40
2.0
 40
3.0
 40
3.0
 40
3.0
 40
4.0
 40
4.0
 40
4.0
 40
4.0
 10
38.26848431506134
 20
19.09944855533942
 30
0.0
 10
38.39633807929606
 20
19.09944855533942
 30
0.0
 10
38.50013911437034
 20
18.98576663795305
 30
0.0
 10
38.50013911437034
 20
18.84574239780099
 30
0.0
 10
38.50013911437034
 20
18.70571815764887
 30
0.0
 10
38.39633807929606
 20
18.59203624026247
 30
0.0
 10
38.26848431506134
 20
18.59203624026247
 30
0.0
 10
38.14063055082656
 20
18.59203624026247
 30
0.0
 10
38.03682951575234
 20
18.70571815764887
 30
0.0
 10
38.03682951575234
 20
18.84574239780099
 30
0.0
 10
38.03682951575234
 20
18.98576663795305
 30
0.0
 10
38.14063055082656
 20
19.09944855533942
 30
0.0
 10
38.26848431506134
 20
19.09944855533942
 30
0.0
  0
SPLINE
  5
19F
330
1F
100
AcDbEntity
  8
0
  6
Continuous
 62
    18
420
        0
370
     9
100
AcDbSpline
210
0.0
220
0.0
230
1.0
 70
    11
 71
     3
 72
    17
 73
    13
 74
     0
 42
0.000000001
 43
0.0
 40
0.0
 40
0.0
 40
0.0
 40
0.0
 40
1.0
 40
1.0
 40
1.0
 40
2.0
 40
2.0
 40
2.0
 40
3.0
 40
3.0
 40
3.0
 40
4.0
 40
4.0
 40
4.0
 40
4.0
 10
17.13303009430249
 20
41.27847311092249
 30
0.0
 10
17.22535809261209
 20
41.27847311092249
 30
0.0
 10
17.3003167130972
 20
41.1823432528052
 30
0.0
 10
17.3003167130972
 20
41.06393822720156
 30
0.0
 10
17.3003167130972
 20
40.9455332015979
 30
0.0
 10
17.22535809261209
 20
40.8494033434806
 30
0.0
 10
17.13303009430249
 20
40.8494033434806
 30
0.0
 10
17.04070209599291
 20
40.8494033434806
 30
0.0
 10
16.96574347550783
 20
40.9455332015979
 30
0.0
 10
16.96574347550783
 20
41.06393822720156
 30
0.0
 10
16.96574347550783
 20
41.1823432528052
 30
0.0
 10
17.04070209599291
 20
41.27847311092249
 30
0.0
 10
17.13303009430249
 20
41.27847311092249
 30
0.0
  0
SPLINE
  5
1A0
330
1F
100
AcDbEntity
  8
0
  6
Continuous
 62
    18
420
        0
370
     9
100
AcDbSpline
210
0.0
220
0.0
230
1.0
 70
    11
 71
     3
 72
    17
 73
    13
 74
     0
 42
0.000000001
 43
0.0
 40
0.0
 40
0.0
 40
0.0
 40
0.0
 40
1.0
 40
1.0
 40
1.0
 40
2.0
 40
2.0
 40
2.0
 40
3.0
 40
3.0
 40
3.0
 40
4.0
 40
4.0
 40
4.0
 40
4.0
 10
17.63431171471582
 20
46.5652444283737
 30
0.0
 10
17.71954755753901
 20
46.5652444283737
 30
0.0
 10
17.78874824758849
 20
46.49803168204778
 30
0.0
 10
17.78874824758849
 20
46.41524442837368
 30
0.0
 10
17.78874824758849
 20
46.33245717469957
 30
0.0
 10
17.71954755753901
 20
46.26524442837366
 30
0.0
 10
17.63431171471582
 20
46.26524442837366
 30
0.0
 10
17.54907587189265
 20
46.26524442837366
 30
0.0
 10
17.47987518184317
 20
46.33245717469957
 30
0.0
 10
17.47987518184317
 20
46.41524442837368
 30
0.0
 10
17.47987518184317
 20
46.49803168204778
 30
0.0
 10
17.54907587189265
 20
46.5652444283737
 30
0.0
 10
17.63431171471582
 20
46.5652444283737
 30
0.0
  0
SPLINE
  5
1A1
330
1F
100
AcDbEntity
  8
0
  6
Continuous
 62
    18
420
        0
370
     9
100
AcDbSpline
210
0.0
220
0.0
230
1.0
 70
    11
 71
     3
 72
    17
 73
    13
 74
     0
 42
0.000000001
 43
0.0
 40
0.0
 40
0.0
 40
0.0
 40
0.0
 40
1.0
 40
1.0
 40
1.0
 40
2.0
 40
2.0
 40
2.0
 40
3.0
 40
3.0
 40
3.0
 40
4.0
 40
4.0
 40
4.0
 40
4.0
 10
38.26848431506134
 20
57.48126617721792
 30
0.0
 10
38.39633807929606
 20
57.48126617721792
 30
0.0
 10
38.50013911437034
 20
57.36758425983157
 30
0.0
 10
38.50013911437034
 20
57.22756001967944
 30
0.0
 10
38.50013911437034
 20
57.08753577952736
 30
0.0
 10
38.39633807929606
 20
56.97385386214101
 30
0.0
 10
38.26848431506134
 20
56.97385386214101
 30
0.0
 10
38.14063055082656
 20
56.97385386214101
 30
0.0
 10
38.03682951575234
 20
57.08753577952736
 30
0.0
 10
38.03682951575234
 20
57.22756001967944
 30
0.0
 10
38.03682951575234
 20
57.36758425983157
 30
0.0
 10
38.14063055082656
 20
57.48126617721792
 30
0.0
 10
38.26848431506134
 20
57.48126617721792
 30
0.0
  0
SPLINE
  5
1A2
330
1F
100
AcDbEntity
  8
0
  6
Continuous
 62
    18
420
        0
370
     9
100
AcDbSpline
210
0.0
220
0.0
230
1.0
 70
    11
 71
     3
 72
    17
 73
    13
 74
     0
 42
0.000000001
 43
0.0
 40
0.0
 40
0.0
 40
0.0
 40
0.0
 40
1.0
 40
1.0
 40
1.0
 40
2.0
 40
2.0
 40
2.0
 40
3.0
 40
3.0
 40
3.0
 40
4.0
 40
4.0
 40
4.0
 40
4.0
 10
11.57675882160554
 20
20.5569595054491
 30
0.0
 10
11.63163089084958
 20
20.62218377178192
 30
0.0
 10
11.72761266157512
 20
20.6318682160296
 30
0.0
 10
11.79096321579918
 20
20.57857246900971
 30
0.0
 10
11.85431377002324
 20
20.5252767219898
 30
0.0
 10
11.86119722411667
 20
20.42905350840942
 30
0.0
 10
11.80632515487262
 20
20.3638292420766
 30
0.0
 10
11.75145308562858
 20
20.29860497574381
 30
0.0
 10
11.65547131490305
 20
20.28892053149613
 30
0.0
 10
11.59212076067901
 20
20.34221627851599
 30
0.0
 10
11.52877020645495
 20
20.39551202553585
 30
0.0
 10
11.5218867523615
 20
20.49173523911628
 30
0.0
 10
11.57675882160554
 20
20.5569595054491
 30
0.0
  0
SPLINE
  5
1A3
330
1F
100
AcDbEntity
  8
0
  6
Continuous
 62
    18
420
        0
370
     9
100
AcDbSpline
210
0.0
220
0.0
230
1.0
 70
    11
 71
     3
 72
    17
 73
    13
 74
     0
 42
0.000000001
 43
0.0
 40
0.0
 40
0.0
 40
0.0
 40
0.0
 40
1.0
 40
1.0
 40
1.0
 40
2.0
 40
2.0
 40
2.0
 40
3.0
 40
3.0
 40
3.0
 40
4.0
 40
4.0
 40
4.0
 40
4.0
 10
24.92702746514772
 20
53.019040322498
 30
0.0
 10
25.05488122938248
 20
53.019040322498
 30
0.0
 10
25.15868226445672
 20
52.90535840511163
 30
0.0
 10
25.15868226445672
 20
52.76533416495951
 30
0.0
 10
25.15868226445672
 20
52.62530992480744
 30
0.0
 10
25.05488122938248
 20
52.51162800742108
 30
0.0
 10
24.92702746514772
 20
52.51162800742108
 30
0.0
 10
24.79917370091296
 20
52.51162800742108
 30
0.0
 10
24.69537266583872
 20
52.62530992480744
 30
0.0
 10
24.69537266583872
 20
52.76533416495951
 30
0.0
 10
24.69537266583872
 20
52.90535840511163
 30
0.0
 10
24.79917370091296
 20
53.019040322498
 30
0.0
 10
24.92702746514772
 20
53.019040322498
 30
0.0
  0
SPLINE
  5
1A4
330
1F
100
AcDbEntity
  8
0
  6
Continuous
 62
    18
420
        0
370
     9
100
AcDbSpline
210
0.0
220
0.0
230
1.0
 70
    11
 71
     3
 72
    17
 73
    13
 74
     0
 42
0.000000001
 43
0.0
 40
0.0
 40
0.0
 40
0.0
 40
0.0
 40
1.0
 40
1.0
 40
1.0
 40
2.0
 40
2.0
 40
2.0
 40
3.0
 40
3.0
 40
3.0
 40
4.0
 40
4.0
 40
4.0
 40
4.0
 10
17.97576856462948
 20
55.5784699956797
 30
0.0
 10
18.10362232886424
 20
55.5784699956797
 30
0.0
 10
18.20742336393848
 20
55.46478807829338
 30
0.0
 10
18.20742336393848
 20
55.32476383814125
 30
0.0
 10
18.20742336393848
 20
55.18473959798912
 30
0.0
 10
18.10362232886424
 20
55.07105768060281
 30
0.0
 10
17.97576856462948
 20
55.07105768060281
 30
0.0
 10
17.84791480039472
 20
55.07105768060281
 30
0.0
 10
17.74411376532048
 20
55.18473959798912
 30
0.0
 10
17.74411376532048
 20
55.32476383814125
 30
0.0
 10
17.74411376532048
 20
55.46478807829338
 30
0.0
 10
17.84791480039472
 20
55.5784699956797
 30
0.0
 10
17.97576856462948
 20
55.5784699956797
 30
0.0
  0
SPLINE
  5
1A5
330
1F
100
AcDbEntity
  8
0
  6
Continuous
 62
    18
420
        0
370
     9
100
AcDbSpline
210
0.0
220
0.0
230
1.0
 70
    11
 71
     3
 72
    17
 73
    13
 74
     0
 42
0.000000001
 43
0.0
 40
0.0
 40
0.0
 40
0.0
 40
0.0
 40
1.0
 40
1.0
 40
1.0
 40
2.0
 40
2.0
 40
2.0
 40
3.0
 40
3.0
 40
3.0
 40
4.0
 40
4.0
 40
4.0
 40
4.0
 10
24.13431171471587
 20
57.54346679860009
 30
0.0
 10
24.26216547895063
 20
57.54346679860009
 30
0.0
 10
24.36596651402487
 20
57.42978488121375
 30
0.0
 10
24.36596651402487
 20
57.28976064106165
 30
0.0
 10
24.36596651402487
 20
57.1497364009095
 30
0.0
 10
24.26216547895063
 20
57.03605448352316
 30
0.0
 10
24.13431171471587
 20
57.03605448352316
 30
0.0
 10
24.00645795048108
 20
57.03605448352316
 30
0.0
 10
23.90265691540687
 20
57.1497364009095
 30
0.0
 10
23.90265691540687
 20
57.28976064106165
 30
0.0
 10
23.90265691540687
 20
57.42978488121375
 30
0.0
 10
24.00645795048108
 20
57.54346679860009
 30
0.0
 10
24.13431171471587
 20
57.54346679860009
 30
0.0
  0
SPLINE
  5
1A6
330
1F
100
AcDbEntity
  8
0
  6
Continuous
 62
    18
420
        0
370
     9
100
AcDbSpline
210
0.0
220
0.0
230
1.0
 70
    11
 71
     3
 72
    17
 73
    13
 74
     0
 42
0.000000001
 43
0.0
 40
0.0
 40
0.0
 40
0.0
 40
0.0
 40
1.0
 40
1.0
 40
1.0
 40
2.0
 40
2.0
 40
2.0
 40
3.0
 40
3.0
 40
3.0
 40
4.0
 40
4.0
 40
4.0
 40
4.0
 10
7.906759833836743
 20
26.84748012944901
 30
0.0
 10
8.045251831301133
 20
26.84748012944901
 30
0.0
 10
8.15768976202877
 20
26.68488854993134
 30
0.0
 10
8.15768976202877
 20
26.48462132273707
 30
0.0
 10
8.15768976202877
 20
26.28435409554275
 30
0.0
 10
8.045251831301133
 20
26.1217625160251
 30
0.0
 10
7.906759833836743
 20
26.1217625160251
 30
0.0
 10
7.768267836372379
 20
26.1217625160251
 30
0.0
 10
7.655829905644715
 20
26.28435409554275
 30
0.0
 10
7.655829905644715
 20
26.48462132273707
 30
0.0
 10
7.655829905644715
 20
26.68488854993134
 30
0.0
 10
7.768267836372379
 20
26.84748012944901
 30
0.0
 10
7.906759833836743
 20
26.84748012944901
 30
0.0
  0
SPLINE
  5
1A7
330
1F
100
AcDbEntity
  8
0
  6
Continuous
 62
    18
420
        0
370
     9
100
AcDbSpline
210
0.0
220
0.0
230
1.0
 70
    11
 71
     3
 72
    17
 73
    13
 74
     0
 42
0.000000001
 43
0.0
 40
0.0
 40
0.0
 40
0.0
 40
0.0
 40
1.0
 40
1.0
 40
1.0
 40
2.0
 40
2.0
 40
2.0
 40
3.0
 40
3.0
 40
3.0
 40
4.0
 40
4.0
 40
4.0
 40
4.0
 10
25.51962799753728
 20
45.72941340066689
 30
0.0
 10
25.65811999500168
 20
45.72941340066689
 30
0.0
 10
25.77055792572931
 20
45.5668218211492
 30
0.0
 10
25.77055792572931
 20
45.36655459395487
 30
0.0
 10
25.77055792572931
 20
45.16628736676061
 30
0.0
 10
25.65811999500168
 20
45.00369578724296
 30
0.0
 10
25.51962799753728
 20
45.00369578724296
 30
0.0
 10
25.38113600007292
 20
45.00369578724296
 30
0.0
 10
25.26869806934526
 20
45.16628736676061
 30
0.0
 10
25.26869806934526
 20
45.36655459395487
 30
0.0
 10
25.26869806934526
 20
45.5668218211492
 30
0.0
 10
25.38113600007292
 20
45.72941340066689
 30
0.0
 10
25.51962799753728
 20
45.72941340066689
 30
0.0
  0
SPLINE
  5
1A8
330
1F
100
AcDbEntity
  8
0
  6
Continuous
 62
    18
420
        0
370
     9
100
AcDbSpline
210
0.0
220
0.0
230
1.0
 70
    11
 71
     3
 72
    17
 73
    13
 74
     0
 42
0.000000001
 43
0.0
 40
0.0
 40
0.0
 40
0.0
 40
0.0
 40
1.0
 40
1.0
 40
1.0
 40
2.0
 40
2.0
 40
2.0
 40
3.0
 40
3.0
 40
3.0
 40
4.0
 40
4.0
 40
4.0
 40
4.0
 10
38.68266528951745
 20
42.95899636673644
 30
0.0
 10
38.77499328782707
 20
42.95899636673644
 30
0.0
 10
38.84995190831216
 20
42.86286650861921
 30
0.0
 10
38.84995190831216
 20
42.74446148301551
 30
0.0
 10
38.84995190831216
 20
42.62605645741185
 30
0.0
 10
38.77499328782707
 20
42.52992659929455
 30
0.0
 10
38.68266528951745
 20
42.52992659929455
 30
0.0
 10
38.5903372912079
 20
42.52992659929455
 30
0.0
 10
38.51537867072279
 20
42.62605645741185
 30
0.0
 10
38.51537867072279
 20
42.74446148301551
 30
0.0
 10
38.51537867072279
 20
42.86286650861921
 30
0.0
 10
38.5903372912079
 20
42.95899636673644
 30
0.0
 10
38.68266528951745
 20
42.95899636673644
 30
0.0
  0
SPLINE
  5
1A9
330
1F
100
AcDbEntity
  8
0
  6
Continuous
 62
    18
420
        0
370
     9
100
AcDbSpline
210
0.0
220
0.0
230
1.0
 70
    11
 71
     3
 72
    17
 73
    13
 74
     0
 42
0.000000001
 43
0.0
 40
0.0
 40
0.0
 40
0.0
 40
0.0
 40
1.0
 40
1.0
 40
1.0
 40
2.0
 40
2.0
 40
2.0
 40
3.0
 40
3.0
 40
3.0
 40
4.0
 40
4.0
 40
4.0
 40
4.0
 10
31.9513980148886
 20
8.595202000671975
 30
0.0
 10
32.03663385771174
 20
8.595202000671975
 30
0.0
 10
32.10583454776123
 20
8.527989254346068
 30
0.0
 10
32.10583454776123
 20
8.44520200067194
 30
0.0
 10
32.10583454776123
 20
8.362414746997842
 30
0.0
 10
32.03663385771174
 20
8.295202000671964
 30
0.0
 10
31.9513980148886
 20
8.295202000671964
 30
0.0
 10
31.86616217206541
 20
8.295202000671964
 30
0.0
 10
31.7969614820159
 20
8.362414746997842
 30
0.0
 10
31.7969614820159
 20
8.44520200067194
 30
0.0
 10
31.7969614820159
 20
8.527989254346068
 30
0.0
 10
31.86616217206541
 20
8.595202000671975
 30
0.0
 10
31.9513980148886
 20
8.595202000671975
 30
0.0
  0
SPLINE
  5
1AA
330
1F
100
AcDbEntity
  8
0
  6
Continuous
 62
    18
420
        0
370
     9
100
AcDbSpline
210
0.0
220
0.0
230
1.0
 70
    11
 71
     3
 72
    17
 73
    13
 74
     0
 42
0.000000001
 43
0.0
 40
0.0
 40
0.0
 40
0.0
 40
0.0
 40
1.0
 40
1.0
 40
1.0
 40
2.0
 40
2.0
 40
2.0
 40
3.0
 40
3.0
 40
3.0
 40
4.0
 40
4.0
 40
4.0
 40
4.0
 10
32.5855706152341
 20
52.38477492865189
 30
0.0
 10
32.71342437946885
 20
52.38477492865189
 30
0.0
 10
32.8172254145431
 20
52.27109301126556
 30
0.0
 10
32.8172254145431
 20
52.13106877111346
 30
0.0
 10
32.8172254145431
 20
51.99104453096133
 30
0.0
 10
32.71342437946885
 20
51.87736261357497
 30
0.0
 10
32.5855706152341
 20
51.87736261357497
 30
0.0
 10
32.4577168509993
 20
51.87736261357497
 30
0.0
 10
32.3539158159251
 20
51.99104453096133
 30
0.0
 10
32.3539158159251
 20
52.13106877111346
 30
0.0
 10
32.3539158159251
 20
52.27109301126556
 30
0.0
 10
32.4577168509993
 20
52.38477492865189
 30
0.0
 10
32.5855706152341
 20
52.38477492865189
 30
0.0
  0
SPLINE
  5
1AB
330
1F
100
AcDbEntity
  8
0
  6
Continuous
 62
    18
420
        0
370
     9
100
AcDbSpline
210
0.0
220
0.0
230
1.0
 70
    11
 71
     3
 72
    17
 73
    13
 74
     0
 42
0.000000001
 43
0.0
 40
0.0
 40
0.0
 40
0.0
 40
0.0
 40
1.0
 40
1.0
 40
1.0
 40
2.0
 40
2.0
 40
2.0
 40
3.0
 40
3.0
 40
3.0
 40
4.0
 40
4.0
 40
4.0
 40
4.0
 10
19.95139801488859
 20
49.84771335326758
 30
0.0
 10
20.07925177912338
 20
49.84771335326758
 30
0.0
 10
20.18305281419762
 20
49.73403143588125
 30
0.0
 10
20.18305281419762
 20
49.59400719572915
 30
0.0
 10
20.18305281419762
 20
49.45398295557702
 30
0.0
 10
20.07925177912338
 20
49.3403010381907
 30
0.0
 10
19.95139801488859
 20
49.3403010381907
 30
0.0
 10
19.82354425065386
 20
49.3403010381907
 30
0.0
 10
19.71974321557962
 20
49.45398295557702
 30
0.0
 10
19.71974321557962
 20
49.59400719572915
 30
0.0
 10
19.71974321557962
 20
49.73403143588125
 30
0.0
 10
19.82354425065386
 20
49.84771335326758
 30
0.0
 10
19.95139801488859
 20
49.84771335326758
 30
0.0
  0
SPLINE
  5
1AC
330
1F
100
AcDbEntity
  8
0
  6
Continuous
 62
    18
420
        0
370
     9
100
AcDbSpline
210
0.0
220
0.0
230
1.0
 70
    11
 71
     3
 72
    17
 73
    13
 74
     0
 42
0.000000001
 43
0.0
 40
0.0
 40
0.0
 40
0.0
 40
0.0
 40
1.0
 40
1.0
 40
1.0
 40
2.0
 40
2.0
 40
2.0
 40
3.0
 40
3.0
 40
3.0
 40
4.0
 40
4.0
 40
4.0
 40
4.0
 10
17.26848431506137
 20
53.65330571634406
 30
0.0
 10
17.3963380792961
 20
53.65330571634406
 30
0.0
 10
17.50013911437037
 20
53.53962379895772
 30
0.0
 10
17.50013911437037
 20
53.39959955880563
 30
0.0
 10
17.50013911437037
 20
53.2595753186535
 30
0.0
 10
17.3963380792961
 20
53.14589340126716
 30
0.0
 10
17.26848431506137
 20
53.14589340126716
 30
0.0
 10
17.14063055082658
 20
53.14589340126716
 30
0.0
 10
17.03682951575234
 20
53.2595753186535
 30
0.0
 10
17.03682951575234
 20
53.39959955880563
 30
0.0
 10
17.03682951575234
 20
53.53962379895772
 30
0.0
 10
17.14063055082658
 20
53.65330571634406
 30
0.0
 10
17.26848431506137
 20
53.65330571634406
 30
0.0
  0
SPLINE
  5
1AD
330
1F
100
AcDbEntity
  8
0
  6
Continuous
 62
    18
420
        0
370
     9
100
AcDbSpline
210
0.0
220
0.0
230
1.0
 70
    11
 71
     3
 72
    17
 73
    13
 74
     0
 42
0.000000001
 43
0.0
 40
0.0
 40
0.0
 40
0.0
 40
0.0
 40
1.0
 40
1.0
 40
1.0
 40
2.0
 40
2.0
 40
2.0
 40
3.0
 40
3.0
 40
3.0
 40
4.0
 40
4.0
 40
4.0
 40
4.0
 10
17.63431171471582
 20
8.183426806495191
 30
0.0
 10
17.71954755753901
 20
8.183426806495191
 30
0.0
 10
17.78874824758849
 20
8.116214060169284
 30
0.0
 10
17.78874824758849
 20
8.033426806495243
 30
0.0
 10
17.78874824758849
 20
7.950639552821087
 30
0.0
 10
17.71954755753901
 20
7.88342680649518
 30
0.0
 10
17.63431171471582
 20
7.88342680649518
 30
0.0
 10
17.54907587189265
 20
7.88342680649518
 30
0.0
 10
17.47987518184317
 20
7.950639552821087
 30
0.0
 10
17.47987518184317
 20
8.033426806495243
 30
0.0
 10
17.47987518184317
 20
8.116214060169284
 30
0.0
 10
17.54907587189265
 20
8.183426806495191
 30
0.0
 10
17.63431171471582
 20
8.183426806495191
 30
0.0
  0
SPLINE
  5
1AE
330
1F
100
AcDbEntity
  8
0
  6
Continuous
 62
    18
420
        0
370
     9
100
AcDbSpline
210
0.0
220
0.0
230
1.0
 70
    11
 71
     3
 72
    17
 73
    13
 74
     0
 42
0.000000001
 43
0.0
 40
0.0
 40
0.0
 40
0.0
 40
0.0
 40
1.0
 40
1.0
 40
1.0
 40
2.0
 40
2.0
 40
2.0
 40
3.0
 40
3.0
 40
3.0
 40
4.0
 40
4.0
 40
4.0
 40
4.0
 10
14.2238461340095
 20
23.46473136226996
 30
0.0
 10
14.36233813147389
 20
23.46473136226996
 30
0.0
 10
14.47477606220152
 20
23.30213978275225
 30
0.0
 10
14.47477606220152
 20
23.10187255555795
 30
0.0
 10
14.47477606220152
 20
22.90160532836364
 30
0.0
 10
14.36233813147389
 20
22.73901374884599
 30
0.0
 10
14.2238461340095
 20
22.73901374884599
 30
0.0
 10
14.08535413654513
 20
22.73901374884599
 30
0.0
 10
13.97291620581747
 20
22.90160532836364
 30
0.0
 10
13.97291620581747
 20
23.10187255555795
 30
0.0
 10
13.97291620581747
 20
23.30213978275225
 30
0.0
 10
14.08535413654513
 20
23.46473136226996
 30
0.0
 10
14.2238461340095
 20
23.46473136226996
 30
0.0
  0
VIEWPORT
  5
1B3
330
1AF
100
AcDbEntity
 67
     1
  8
0
100
AcDbViewport
 10
128.5
 20
97.5
 30
0.0
 40
314.226
 41
222.18
 68
     1
 69
     1
 12
25.1461885023699
 22
32.43738975891137
 13
0.0
 23
0.0
 14
10.0
 24
10.0
 15
10.0
 25
10.0
 16
0.0
 26
0.0
 36
1.0
 17
0.0
 27
0.0
 37
0.0
 42
50.0
 43
0.0
 44
0.0
 45
222.18
 50
0.0
 51
0.0
 72
   100
 90
   557152
  1

281
     0
 71
     1
 74
     0
110
0.0
120
0.0
130
0.0
111
1.0
121
0.0
131
0.0
112
0.0
122
1.0
132
0.0
 79
     0
146
0.0
170
     0
 61
     5
348
2F
292
     1
282
     1
141
0.0
142
0.0
 63
   256
361
1B4
  0
VIEWPORT
  5
1B5
330
1AF
100
AcDbEntity
 67
     1
  8
0
100
AcDbViewport
 10
25.1461885023699
 20
32.43738975891137
 30
0.0
 40
50.29237700473979
 41
64.87477951782273
 68
     2
 69
     2
 12
29.0900033159144
 22
32.43738975891134
 13
0.0
 23
0.0
 14
10.0
 24
10.0
 15
10.0
 25
10.0
 16
0.0
 26
0.0
 36
1.0
 17
0.0
 27
0.0
 37
0.0
 42
50.0
 43
0.0
 44
0.0
 45
64.87477951782273
 50
0.0
 51
0.0
 72
   100
 90
   557152
  1

281
     0
 71
     1
 74
     0
110
0.0
120
0.0
130
0.0
111
1.0
121
0.0
131
0.0
112
0.0
122
1.0
132
0.0
 79
     0
146
0.0
170
     0
 61
     5
348
2F
292
     1
282
     1
141
0.0
142
0.0
 63
   256
361
1B6
  0
ENDSEC
  0
SECTION
  2
OBJECTS
  0
DICTIONARY
  5
C
330
0
100
AcDbDictionary
281
     1
  3
ACAD_DETAILVIEWSTYLE
350
1BE
  3
ACAD_GROUP
350
D
  3
ACAD_LAYOUT
350
1A
  3
ACAD_MATERIAL
350
43
  3
ACAD_MLEADERSTYLE
350
5B
  3
ACAD_MLINESTYLE
350
17
  3
ACAD_PLOTSETTINGS
350
19
  3
ACAD_PLOTSTYLENAME
350
E
  3
ACAD_SCALELIST
350
47
  3
ACAD_SECTIONVIEWSTYLE
350
1BF
  3
ACAD_TABLESTYLE
350
59
  3
ACAD_VISUALSTYLE
350
2A
  3
ACDB_RECOMPOSE_DATA
350
1BB
  3
AcDbVariableDictionary
350
1B7
  0
SUN
  5
5D
330
29
100
AcDbSun
 90
        1
290
     0
 63
     7
421
 16777215
 40
1.0
291
     1
 91
  2455826
 92
 54000000
292
     0
 70
     2
 71
   256
280
     1
  0
SUN
  5
1B4
330
1B3
100
AcDbSun
 90
        1
290
     0
 63
     7
421
 16777215
 40
1.0
291
     1
 91
  2455826
 92
 54000000
292
     0
 70
     2
 71
   256
280
     1
  0
SUN
  5
1B6
330
1B5
100
AcDbSun
 90
        1
290
     0
 63
     7
421
 16777215
 40
1.0
291
     1
 91
  2455826
 92
 54000000
292
     0
 70
     2
 71
   256
280
     1
  0
DICTIONARY
  5
1BE
102
{ACAD_REACTORS
330
C
102
}
330
C
100
AcDbDictionary
281
     1
  0
DICTIONARY
  5
D
102
{ACAD_REACTORS
330
C
102
}
330
C
100
AcDbDictionary
281
     1
  0
DICTIONARY
  5
1A
102
{ACAD_REACTORS
330
C
102
}
330
C
100
AcDbDictionary
281
     1
  3
Layout1
350
1B0
  3
Model
350
22
  0
DICTIONARY
  5
43
102
{ACAD_REACTORS
330
C
102
}
330
C
100
AcDbDictionary
281
     1
  3
ByBlock
350
45
  3
ByLayer
350
44
  3
Global
350
46
  0
DICTIONARY
  5
5B
102
{ACAD_REACTORS
330
C
102
}
330
C
100
AcDbDictionary
281
     1
  3
Standard
350
5C
  0
DICTIONARY
  5
17
102
{ACAD_REACTORS
330
C
102
}
330
C
100
AcDbDictionary
281
     1
  3
Standard
350
18
  0
DICTIONARY
  5
19
102
{ACAD_REACTORS
330
C
102
}
330
C
100
AcDbDictionary
281
     1
  0
ACDBDICTIONARYWDFLT
  5
E
102
{ACAD_REACTORS
330
C
102
}
330
C
100
AcDbDictionary
281
     1
  3
Normal
350
F
100
AcDbDictionaryWithDefault
340
F
  0
DICTIONARY
  5
47
102
{ACAD_REACTORS
330
C
102
}
330
C
100
AcDbDictionary
281
     1
  3
A0
350
48
  3
A1
350
49
  3
A2
350
4A
  3
A3
350
4B
  3
A4
350
4C
  3
A5
350
4D
  3
A6
350
4E
  3
A7
350
4F
  3
A8
350
50
  3
A9
350
51
  3
B0
350
52
  3
B1
350
53
  3
B2
350
54
  3
B3
350
55
  3
B4
350
56
  3
B5
350
57
  3
B6
350
58
  0
DICTIONARY
  5
1BF
102
{ACAD_REACTORS
330
C
102
}
330
C
100
AcDbDictionary
281
     1
  0
DICTIONARY
  5
59
102
{ACAD_REACTORS
330
C
102
}
330
C
100
AcDbDictionary
281
     1
  3
Standard
350
5A
  0
DICTIONARY
  5
2A
102
{ACAD_REACTORS
330
C
102
}
330
C
100
AcDbDictionary
281
     1
  3
2dWireframe
350
2F
  3
Basic
350
32
  3
Brighten
350
36
  3
ColorChange
350
3A
  3
Conceptual
350
34
  3
Dim
350
35
  3
EdgeColorOff
350
3D
  3
Facepattern
350
39
  3
Flat
350
2B
  3
FlatWithEdges
350
2C
  3
Gouraud
350
2D
  3
GouraudWithEdges
350
2E
  3
Hidden
350
31
  3
JitterOff
350
3B
  3
Linepattern
350
38
  3
OverhangOff
350
3C
  3
Realistic
350
33
  3
Shaded
350
42
  3
Shaded with edges
350
41
  3
Shades of Gray
350
3E
  3
Sketchy
350
3F
  3
Thicken
350
37
  3
Wireframe
350
30
  3
X-Ray
350
40
  0
XRECORD
  5
1BB
102
{ACAD_REACTORS
330
C
102
}
330
C
100
AcDbXrecord
280
     1
 90
        1
330
5A
  0
DICTIONARY
  5
1B7
102
{ACAD_REACTORS
330
C
102
}
330
C
100
AcDbDictionary
281
     1
  3
CANNOSCALE
350
1B8
  3
CENTEREXE
350
1C0
  3
CENTERLTYPEFILE
350
1C1
  3
CMLEADERSTYLE
350
1BD
  3
CTABLESTYLE
350
1BC
  0
LAYOUT
  5
1B0
102
{ACAD_REACTORS
330
1A
102
}
330
1A
100
AcDbPlotSettings
  1

  2
none_device
  4
ISO_A4_(210.00_x_297.00_MM)
  6

 40
0.0
 41
0.0
 42
0.0
 43
0.0
 44
50.29237700473979
 45
64.87477951782273
 46
0.0
 47
0.0
 48
0.0
 49
0.0
140
0.0
141
0.0
142
1.0
143
1.0
 70
   688
 72
     1
 73
     0
 74
     5
  7

 75
    16
 76
     0
 77
     2
 78
   300
147
1.0
148
0.0
149
0.0
100
AcDbLayout
  1
Layout1
 70
     1
 71
     1
 10
-20.0
 20
-7.5
 11
277.0
 21
202.5
 12
0.0
 22
0.0
 32
0.0
 14
50.29237700473979
 24
64.87477951782273
 34
0.0
 15
0.0
 25
0.0
 35
0.0
146
0.0
 13
0.0
 23
0.0
 33
0.0
 16
1.0
 26
0.0
 36
0.0
 17
0.0
 27
1.0
 37
0.0
 76
     0
330
1AF
331
1B3
  0
LAYOUT
  5
22
102
{ACAD_REACTORS
330
1A
102
}
330
1A
100
AcDbPlotSettings
  1

  2
none_device
  4
Letter_(8.50_x_11.00_Inches)
  6

 40
6.35
 41
6.35
 42
6.35000508
 43
6.35000508
 44
215.9
 45
279.4
 46
0.0
 47
0.0
 48
0.0
 49
0.0
140
0.0
141
0.0
142
1.0
143
1.0
 70
  1712
 72
     1
 73
     0
 74
     0
  7

 75
     0
 76
     0
 77
     2
 78
   300
147
1.0
148
0.0
149
0.0
100
AcDbLayout
  1
Model
 70
     1
 71
     0
 10
0.0
 20
0.0
 11
420.0
 21
297.0
 12
0.0
 22
0.0
 32
0.0
 14
1.000000000000000E+20
 24
1.000000000000000E+20
 34
1.000000000000000E+20
 15
-1.000000000000000E+20
 25
-1.000000000000000E+20
 35
-1.000000000000000E+20
146
0.0
 13
0.0
 23
0.0
 33
0.0
 16
1.0
 26
0.0
 36
0.0
 17
0.0
 27
1.0
 37
0.0
 76
     0
330
1F
331
29
  0
MATERIAL
  5
45
102
{ACAD_REACTORS
330
43
102
}
330
43
100
AcDbMaterial
  1
ByBlock
 72
     1
 94
      127
  0
MATERIAL
  5
44
102
{ACAD_REACTORS
330
43
102
}
330
43
100
AcDbMaterial
  1
ByLayer
 72
     1
 94
      127
  0
MATERIAL
  5
46
102
{ACAD_REACTORS
330
43
102
}
330
43
100
AcDbMaterial
  1
Global
 72
     1
 94
      127
  0
MLEADERSTYLE
  5
5C
102
{ACAD_REACTORS
330
5B
102
}
330
5B
100
AcDbMLeaderStyle
179
     2
170
     2
171
     1
172
     0
 90
        2
 40
0.0
 41
0.0
173
     1
 91
-1056964608
340
14
 92
       -2
290
     1
 42
2.0
291
     1
 43
8.0
  3
Standard
341
0
 44
4.0
300

342
11
174
     1
178
     6
175
     1
176
     0
 93
-1056964608
 45
4.0
292
     0
297
     0
 46
4.0
343
0
 94
-1056964608
 47
1.0
 49
1.0
140
1.0
293
     1
141
0.0
294
     1
177
     0
142
1.0
295
     0
296
     0
143
3.75
271
     0
272
     9
273
     9
298
     0
  0
MLINESTYLE
  5
18
102
{ACAD_REACTORS
330
17
102
}
330
17
100
AcDbMlineStyle
  2
Standard
 70
     0
  3

 62
   256
 51
90.0
 52
90.0
 71
     2
 49
0.5
 62
   256
  6
BYLAYER
 49
-0.5
 62
   256
  6
BYLAYER
  0
ACDBPLACEHOLDER
  5
F
102
{ACAD_REACTORS
330
E
102
}
330
E
  0
SCALE
  5
48
102
{ACAD_REACTORS
330
47
102
}
330
47
100
AcDbScale
 70
     0
300
1:1
140
1.0
141
1.0
290
     1
  0
SCALE
  5
49
102
{ACAD_REACTORS
330
47
102
}
330
47
100
AcDbScale
 70
     0
300
1:2
140
1.0
141
2.0
290
     0
  0
SCALE
  5
4A
102
{ACAD_REACTORS
330
47
102
}
330
47
100
AcDbScale
 70
     0
300
1:4
140
1.0
141
4.0
290
     0
  0
SCALE
  5
4B
102
{ACAD_REACTORS
330
47
102
}
330
47
100
AcDbScale
 70
     0
300
1:5
140
1.0
141
5.0
290
     0
  0
SCALE
  5
4C
102
{ACAD_REACTORS
330
47
102
}
330
47
100
AcDbScale
 70
     0
300
1:8
140
1.0
141
8.0
290
     0
  0
SCALE
  5
4D
102
{ACAD_REACTORS
330
47
102
}
330
47
100
AcDbScale
 70
     0
300
1:10
140
1.0
141
10.0
290
     0
  0
SCALE
  5
4E
102
{ACAD_REACTORS
330
47
102
}
330
47
100
AcDbScale
 70
     0
300
1:16
140
1.0
141
16.0
290
     0
  0
SCALE
  5
4F
102
{ACAD_REACTORS
330
47
102
}
330
47
100
AcDbScale
 70
     0
300
1:20
140
1.0
141
20.0
290
     0
  0
SCALE
  5
50
102
{ACAD_REACTORS
330
47
102
}
330
47
100
AcDbScale
 70
     0
300
1:30
140
1.0
141
30.0
290
     0
  0
SCALE
  5
51
102
{ACAD_REACTORS
330
47
102
}
330
47
100
AcDbScale
 70
     0
300
1:40
140
1.0
141
40.0
290
     0
  0
SCALE
  5
52
102
{ACAD_REACTORS
330
47
102
}
330
47
100
AcDbScale
 70
     0
300
1:50
140
1.0
141
50.0
290
     0
  0
SCALE
  5
53
102
{ACAD_REACTORS
330
47
102
}
330
47
100
AcDbScale
 70
     0
300
1:100
140
1.0
141
100.0
290
     0
  0
SCALE
  5
54
102
{ACAD_REACTORS
330
47
102
}
330
47
100
AcDbScale
 70
     0
300
2:1
140
2.0
141
1.0
290
     0
  0
SCALE
  5
55
102
{ACAD_REACTORS
330
47
102
}
330
47
100
AcDbScale
 70
     0
300
4:1
140
4.0
141
1.0
290
     0
  0
SCALE
  5
56
102
{ACAD_REACTORS
330
47
102
}
330
47
100
AcDbScale
 70
     0
300
8:1
140
8.0
141
1.0
290
     0
  0
SCALE
  5
57
102
{ACAD_REACTORS
330
47
102
}
330
47
100
AcDbScale
 70
     0
300
10:1
140
10.0
141
1.0
290
     0
  0
SCALE
  5
58
102
{ACAD_REACTORS
330
47
102
}
330
47
100
AcDbScale
 70
     0
300
100:1
140
100.0
141
1.0
290
     0
  0
TABLESTYLE
  5
5A
102
{ACAD_REACTORS
330
59
102
}
102
{ACAD_XDICTIONARY
360
1B9
102
}
330
59
100
AcDbTableStyle
  3
Standard
 70
     0
 71
     0
 40
0.06
 41
0.06
280
     0
281
     0
  7
Standard
140
4.5
170
     2
 62
     0
 63
   257
283
     0
 90
        4
 91
        0
  1

274
    -2
284
     1
 64
     0
275
    -2
285
     1
 65
     0
276
    -2
286
     1
 66
     0
277
    -2
287
     1
 67
     0
278
    -2
288
     1
 68
     0
279
    -2
289
     1
 69
     0
  7
Standard
140
6.0
170
     5
 62
     0
 63
   257
283
     0
 90
        4
 91
        0
  1

274
    -2
284
     1
 64
     0
275
    -2
285
     1
 65
     0
276
    -2
286
     1
 66
     0
277
    -2
287
     1
 67
     0
278
    -2
288
     1
 68
     0
279
    -2
289
     1
 69
     0
  7
Standard
140
4.5
170
     5
 62
     0
 63
   257
283
     0
 90
        4
 91
        0
  1

274
    -2
284
     1
 64
     0
275
    -2
285
     1
 65
     0
276
    -2
286
     1
 66
     0
277
    -2
287
     1
 67
     0
278
    -2
288
     1
 68
     0
279
    -2
289
     1
 69
     0
  0
VISUALSTYLE
  5
2F
102
{ACAD_REACTORS
330
2A
102
}
330
2A
100
AcDbVisualStyle
  2
2dWireframe
 70
     4
177
     3
291
     0
 70
    58
 90
        0
176
     1
 90
        2
176
     1
 90
        0
176
     1
 90
        0
176
     1
 40
0.6
176
     1
 40
30.0
176
     1
 62
     7
420
 16777215
176
     1
 90
        1
176
     1
 90
        4
176
     1
 62
     7
176
     1
 62
   257
176
     1
 90
        1
176
     1
 90
        1
176
     1
 40
1.0
176
     1
 90
        0
176
     1
 62
   257
176
     1
 40
1.0
176
     1
 90
        1
176
     1
 90
        6
176
     1
 90
        2
176
     1
 62
     7
176
     1
 90
        5
176
     1
 90
        0
176
     1
 90
        0
176
     1
290
     0
176
     1
 90
        1
176
     1
 40
0.0
176
     1
 90
        0
176
     1
290
     1
176
     1
290
     1
176
     1
290
     0
176
     1
290
     0
176
     1
290
     0
176
     1
290
     0
176
     1
290
     0
176
     1
290
     0
176
     1
290
     0
176
     1
 90
       50
176
     1
 40
0.0
176
     1
 40
1.0
176
     1
 90
        0
176
     1
 62
    18
420
        0
176
     1
 90
       50
176
     1
 90
        3
176
     1
 62
     5
420
      255
176
     1
290
     0
176
     1
 90
       50
176
     1
 90
       50
176
     1
 90
       50
176
     1
290
     0
176
     1
 90
       50
176
     1
 62
   256
176
     0
 40
1.0
176
     0
 90
        2
176
     1
  1
strokes_ogs.tif
176
     1
290
     0
176
     1
 40
1.0
176
     1
 40
1.0
176
     1
  0
VISUALSTYLE
  5
32
102
{ACAD_REACTORS
330
2A
102
}
330
2A
100
AcDbVisualStyle
  2
Basic
 70
     7
177
     3
291
     1
 70
    58
 90
        1
176
     1
 90
        0
176
     1
 90
        1
176
     1
 90
        0
176
     1
 40
0.6
176
     1
 40
30.0
176
     1
 62
     7
420
 16777215
176
     1
 90
        0
176
     1
 90
        4
176
     1
 62
     7
176
     1
 62
   257
176
     1
 90
        1
176
     1
 90
        1
176
     1
 40
1.0
176
     1
 90
        8
176
     1
 62
     7
176
     1
 40
1.0
176
     1
 90
        1
176
     1
 90
        6
176
     1
 90
        2
176
     1
 62
     7
176
     1
 90
        5
176
     1
 90
        0
176
     1
 90
        0
176
     1
290
     0
176
     1
 90
        1
176
     1
 40
0.0
176
     1
 90
        0
176
     1
290
     0
176
     1
290
     1
176
     1
290
     1
176
     1
290
     0
176
     1
290
     0
176
     1
290
     0
176
     1
290
     0
176
     1
290
     0
176
     1
290
     0
176
     1
 90
       50
176
     1
 40
0.0
176
     1
 40
1.0
176
     1
 90
        0
176
     1
 62
    18
420
        0
176
     1
 90
       50
176
     1
 90
        3
176
     1
 62
     5
420
      255
176
     1
290
     0
176
     1
 90
       50
176
     1
 90
       50
176
     1
 90
       50
176
     1
290
     0
176
     1
 90
       50
176
     1
 62
   256
176
     0
 40
1.0
176
     0
 90
        2
176
     1
  1
strokes_ogs.tif
176
     1
290
     0
176
     1
 40
1.0
176
     1
 40
1.0
176
     1
  0
VISUALSTYLE
  5
36
102
{ACAD_REACTORS
330
2A
102
}
330
2A
100
AcDbVisualStyle
  2
Brighten
 70
    12
177
     3
291
     1
 70
    58
 90
        2
176
     1
 90
        2
176
     1
 90
        0
176
     1
 90
        0
176
     1
 40
0.6
176
     1
 40
30.0
176
     1
 62
     7
420
 16777215
176
     1
 90
        1
176
     1
 90
        4
176
     1
 62
     7
176
     1
 62
   257
176
     1
 90
        1
176
     1
 90
        1
176
     1
 40
1.0
176
     1
 90
        8
176
     1
 62
     7
176
     1
 40
1.0
176
     1
 90
        1
176
     1
 90
        6
176
     1
 90
        2
176
     1
 62
     7
176
     1
 90
        5
176
     1
 90
        0
176
     1
 90
        0
176
     1
290
     0
176
     1
 90
        1
176
     1
 40
50.0
176
     1
 90
        0
176
     1
290
     0
176
     1
290
     1
176
     1
290
     1
176
     1
290
     0
176
     1
290
     0
176
     1
290
     0
176
     1
290
     0
176
     1
290
     0
176
     1
290
     0
176
     1
 90
       50
176
     1
 40
0.0
176
     1
 40
1.0
176
     1
 90
        0
176
     1
 62
    18
420
        0
176
     1
 90
       50
176
     1
 90
        3
176
     1
 62
     5
420
      255
176
     1
290
     0
176
     1
 90
       50
176
     1
 90
       50
176
     1
 90
       50
176
     1
290
     0
176
     1
 90
       50
176
     1
 62
   256
176
     0
 40
1.0
176
     0
 90
        2
176
     1
  1
strokes_ogs.tif
176
     1
290
     0
176
     1
 40
1.0
176
     1
 40
1.0
176
     1
  0
VISUALSTYLE
  5
3A
102
{ACAD_REACTORS
330
2A
102
}
330
2A
100
AcDbVisualStyle
  2
ColorChange
 70
    16
177
     3
291
     1
 70
    58
 90
        2
176
     1
 90
        2
176
     1
 90
        3
176
     1
 90
        0
176
     1
 40
0.6
176
     1
 40
30.0
176
     1
 62
     8
420
  8421504
176
     1
 90
        1
176
     1
 90
        4
176
     1
 62
     7
176
     1
 62
   257
176
     1
 90
        1
176
     1
 90
        1
176
     1
 40
1.0
176
     1
 90
        8
176
     1
 62
     8
420
  8421504
176
     1
 40
1.0
176
     1
 90
        1
176
     1
 90
        6
176
     1
 90
        2
176
     1
 62
     7
176
     1
 90
        5
176
     1
 90
        0
176
     1
 90
        0
176
     1
290
     0
176
     1
 90
        1
176
     1
 40
0.0
176
     1
 90
        0
176
     1
290
     0
176
     1
290
     1
176
     1
290
     1
176
     1
290
     0
176
     1
290
     0
176
     1
290
     0
176
     1
290
     0
176
     1
290
     0
176
     1
290
     0
176
     1
 90
       50
176
     1
 40
0.0
176
     1
 40
1.0
176
     1
 90
        0
176
     1
 62
    18
420
        0
176
     1
 90
       50
176
     1
 90
        3
176
     1
 62
     5
420
      255
176
     1
290
     0
176
     1
 90
       50
176
     1
 90
       50
176
     1
 90
       50
176
     1
290
     0
176
     1
 90
       50
176
     1
 62
   256
176
     0
 40
1.0
176
     0
 90
        2
176
     1
  1
strokes_ogs.tif
176
     1
290
     0
176
     1
 40
1.0
176
     1
 40
1.0
176
     1
  0
VISUALSTYLE
  5
34
102
{ACAD_REACTORS
330
2A
102
}
330
2A
100
AcDbVisualStyle
  2
Conceptual
 70
     9
177
     3
291
     0
 70
    58
 90
        3
176
     1
 90
        2
176
     1
 90
        0
176
     1
 90
        0
176
     1
 40
0.6
176
     1
 40
30.0
176
     1
 62
     7
420
 16777215
176
     1
 90
        2
176
     1
 90
        2
176
     1
 62
     7
176
     1
 62
   257
176
     1
 90
        1
176
     1
 90
        1
176
     1
 40
179.0
176
     1
 90
        8
176
     1
 62
     7
176
     1
 40
1.0
176
     1
 90
        1
176
     1
 90
        6
176
     1
 90
        2
176
     1
 62
     7
176
     1
 90
        3
176
     1
 90
        0
176
     1
 90
        0
176
     1
290
     0
176
     1
 90
        1
176
     1
 40
0.0
176
     1
 90
        0
176
     1
290
     0
176
     1
290
     1
176
     1
290
     1
176
     1
290
     0
176
     1
290
     0
176
     1
290
     0
176
     1
290
     0
176
     1
290
     0
176
     1
290
     0
176
     1
 90
       50
176
     1
 40
0.0
176
     1
 40
1.0
176
     1
 90
        0
176
     1
 62
    18
420
        0
176
     1
 90
       50
176
     1
 90
        3
176
     1
 62
     5
420
      255
176
     1
290
     0
176
     1
 90
       50
176
     1
 90
       50
176
     1
 90
       50
176
     1
290
     0
176
     1
 90
       50
176
     1
 62
   256
176
     0
 40
1.0
176
     0
 90
        2
176
     1
  1
strokes_ogs.tif
176
     1
290
     0
176
     1
 40
1.0
176
     1
 40
1.0
176
     1
  0
VISUALSTYLE
  5
35
102
{ACAD_REACTORS
330
2A
102
}
330
2A
100
AcDbVisualStyle
  2
Dim
 70
    11
177
     3
291
     1
 70
    58
 90
        2
176
     1
 90
        2
176
     1
 90
        0
176
     1
 90
        0
176
     1
 40
0.6
176
     1
 40
30.0
176
     1
 62
     7
420
 16777215
176
     1
 90
        1
176
     1
 90
        4
176
     1
 62
     7
176
     1
 62
   257
176
     1
 90
        1
176
     1
 90
        1
176
     1
 40
1.0
176
     1
 90
        8
176
     1
 62
     7
176
     1
 40
1.0
176
     1
 90
        1
176
     1
 90
        6
176
     1
 90
        2
176
     1
 62
     7
176
     1
 90
        5
176
     1
 90
        0
176
     1
 90
        0
176
     1
290
     0
176
     1
 90
        1
176
     1
 40
-50.0
176
     1
 90
        0
176
     1
290
     0
176
     1
290
     1
176
     1
290
     1
176
     1
290
     0
176
     1
290
     0
176
     1
290
     0
176
     1
290
     0
176
     1
290
     0
176
     1
290
     0
176
     1
 90
       50
176
     1
 40
0.0
176
     1
 40
1.0
176
     1
 90
        0
176
     1
 62
    18
420
        0
176
     1
 90
       50
176
     1
 90
        3
176
     1
 62
     5
420
      255
176
     1
290
     0
176
     1
 90
       50
176
     1
 90
       50
176
     1
 90
       50
176
     1
290
     0
176
     1
 90
       50
176
     1
 62
   256
176
     0
 40
1.0
176
     0
 90
        2
176
     1
  1
strokes_ogs.tif
176
     1
290
     0
176
     1
 40
1.0
176
     1
 40
1.0
176
     1
  0
VISUALSTYLE
  5
3D
102
{ACAD_REACTORS
330
2A
102
}
330
2A
100
AcDbVisualStyle
  2
EdgeColorOff
 70
    22
177
     3
291
     1
 70
    58
 90
        2
176
     0
 90
        2
176
     0
 90
        0
176
     0
 90
        0
176
     0
 40
0.6
176
     0
 40
30.0
176
     0
 62
     7
420
 16777215
176
     0
 90
        1
176
     0
 90
        4
176
     0
 62
     7
176
     0
 62
   257
176
     0
 90
        1
176
     0
 90
        1
176
     0
 40
1.0
176
     0
 90
        8
176
     2
 62
     7
176
     0
 40
1.0
176
     0
 90
        1
176
     0
 90
        6
176
     0
 90
        2
176
     0
 62
     7
176
     0
 90
        5
176
     0
 90
        0
176
     0
 90
        0
176
     0
290
     0
176
     0
 90
        1
176
     0
 40
0.0
176
     0
 90
        0
176
     0
290
     0
176
     0
290
     1
176
     0
290
     1
176
     0
290
     0
176
     0
290
     0
176
     0
290
     0
176
     0
290
     0
176
     0
290
     0
176
     0
290
     0
176
     0
 90
       50
176
     0
 40
0.0
176
     0
 40
1.0
176
     0
 90
        0
176
     0
 62
    18
420
        0
176
     0
 90
       50
176
     0
 90
        3
176
     0
 62
     5
420
      255
176
     0
290
     0
176
     0
 90
       50
176
     0
 90
       50
176
     0
 90
       50
176
     0
290
     0
176
     0
 90
       50
176
     0
 62
   256
176
     0
 40
1.0
176
     0
 90
        2
176
     0
  1
strokes_ogs.tif
176
     0
290
     0
176
     0
 40
1.0
176
     0
 40
1.0
176
     0
  0
VISUALSTYLE
  5
39
102
{ACAD_REACTORS
330
2A
102
}
330
2A
100
AcDbVisualStyle
  2
Facepattern
 70
    15
177
     3
291
     1
 70
    58
 90
        2
176
     1
 90
        2
176
     1
 90
        0
176
     1
 90
        0
176
     1
 40
0.6
176
     1
 40
30.0
176
     1
 62
     7
420
 16777215
176
     1
 90
        1
176
     1
 90
        4
176
     1
 62
     7
176
     1
 62
   257
176
     1
 90
        1
176
     1
 90
        1
176
     1
 40
1.0
176
     1
 90
        8
176
     1
 62
     7
176
     1
 40
1.0
176
     1
 90
        1
176
     1
 90
        6
176
     1
 90
        2
176
     1
 62
     7
176
     1
 90
        5
176
     1
 90
        0
176
     1
 90
        0
176
     1
290
     0
176
     1
 90
        1
176
     1
 40
0.0
176
     1
 90
        0
176
     1
290
     0
176
     1
290
     1
176
     1
290
     1
176
     1
290
     0
176
     1
290
     0
176
     1
290
     0
176
     1
290
     0
176
     1
290
     0
176
     1
290
     0
176
     1
 90
       50
176
     1
 40
0.0
176
     1
 40
1.0
176
     1
 90
        0
176
     1
 62
    18
420
        0
176
     1
 90
       50
176
     1
 90
        3
176
     1
 62
     5
420
      255
176
     1
290
     0
176
     1
 90
       50
176
     1
 90
       50
176
     1
 90
       50
176
     1
290
     0
176
     1
 90
       50
176
     1
 62
   256
176
     0
 40
1.0
176
     0
 90
        2
176
     1
  1
strokes_ogs.tif
176
     1
290
     0
176
     1
 40
1.0
176
     1
 40
1.0
176
     1
  0
VISUALSTYLE
  5
2B
102
{ACAD_REACTORS
330
2A
102
}
330
2A
100
AcDbVisualStyle
  2
Flat
 70
     0
177
     3
291
     1
 70
    58
 90
        2
176
     1
 90
        1
176
     1
 90
        1
176
     1
 90
        2
176
     1
 40
0.6
176
     1
 40
30.0
176
     1
 62
     7
420
 16777215
176
     1
 90
        0
176
     1
 90
        0
176
     1
 62
     7
176
     1
 62
   257
176
     1
 90
        1
176
     1
 90
        1
176
     1
 40
1.0
176
     1
 90
        8
176
     1
 62
     7
176
     1
 40
1.0
176
     1
 90
        1
176
     1
 90
        6
176
     1
 90
        2
176
     1
 62
     7
176
     1
 90
        5
176
     1
 90
        0
176
     1
 90
        0
176
     1
290
     0
176
     1
 90
       13
176
     1
 40
0.0
176
     1
 90
        0
176
     1
290
     0
176
     1
290
     1
176
     1
290
     1
176
     1
290
     0
176
     1
290
     0
176
     1
290
     0
176
     1
290
     0
176
     1
290
     0
176
     1
290
     0
176
     1
 90
       50
176
     1
 40
0.0
176
     1
 40
1.0
176
     1
 90
        0
176
     1
 62
    18
420
        0
176
     1
 90
       50
176
     1
 90
        3
176
     1
 62
     5
420
      255
176
     1
290
     0
176
     1
 90
       50
176
     1
 90
       50
176
     1
 90
       50
176
     1
290
     0
176
     1
 90
       50
176
     1
 62
   256
176
     0
 40
1.0
176
     0
 90
        2
176
     1
  1
strokes_ogs.tif
176
     1
290
     0
176
     1
 40
1.0
176
     1
 40
1.0
176
     1
  0
VISUALSTYLE
  5
2C
102
{ACAD_REACTORS
330
2A
102
}
330
2A
100
AcDbVisualStyle
  2
FlatWithEdges
 70
     1
177
     3
291
     1
 70
    58
 90
        2
176
     1
 90
        1
176
     1
 90
        1
176
     1
 90
        2
176
     1
 40
0.6
176
     1
 40
30.0
176
     1
 62
     7
420
 16777215
176
     1
 90
        1
176
     1
 90
        0
176
     1
 62
     7
176
     1
 62
   257
176
     1
 90
        1
176
     1
 90
        1
176
     1
 40
1.0
176
     1
 90
        0
176
     1
 62
   257
176
     1
 40
1.0
176
     1
 90
        1
176
     1
 90
        6
176
     1
 90
        2
176
     1
 62
     7
176
     1
 90
        5
176
     1
 90
        0
176
     1
 90
        0
176
     1
290
     0
176
     1
 90
       13
176
     1
 40
0.0
176
     1
 90
        0
176
     1
290
     0
176
     1
290
     1
176
     1
290
     1
176
     1
290
     0
176
     1
290
     0
176
     1
290
     0
176
     1
290
     0
176
     1
290
     0
176
     1
290
     0
176
     1
 90
       50
176
     1
 40
0.0
176
     1
 40
1.0
176
     1
 90
        0
176
     1
 62
    18
420
        0
176
     1
 90
       50
176
     1
 90
        3
176
     1
 62
     5
420
      255
176
     1
290
     0
176
     1
 90
       50
176
     1
 90
       50
176
     1
 90
       50
176
     1
290
     0
176
     1
 90
       50
176
     1
 62
   256
176
     0
 40
1.0
176
     0
 90
        2
176
     1
  1
strokes_ogs.tif
176
     1
290
     0
176
     1
 40
1.0
176
     1
 40
1.0
176
     1
  0
VISUALSTYLE
  5
2D
102
{ACAD_REACTORS
330
2A
102
}
330
2A
100
AcDbVisualStyle
  2
Gouraud
 70
     2
177
     3
291
     1
 70
    58
 90
        2
176
     1
 90
        2
176
     1
 90
        1
176
     1
 90
        2
176
     1
 40
0.6
176
     1
 40
30.0
176
     1
 62
     7
420
 16777215
176
     1
 90
        0
176
     1
 90
        0
176
     1
 62
     7
176
     1
 62
   257
176
     1
 90
        1
176
     1
 90
        1
176
     1
 40
1.0
176
     1
 90
        0
176
     1
 62
     7
176
     1
 40
1.0
176
     1
 90
        1
176
     1
 90
        6
176
     1
 90
        2
176
     1
 62
     7
176
     1
 90
        5
176
     1
 90
        0
176
     1
 90
        0
176
     1
290
     0
176
     1
 90
       13
176
     1
 40
0.0
176
     1
 90
        0
176
     1
290
     0
176
     1
290
     1
176
     1
290
     1
176
     1
290
     0
176
     1
290
     0
176
     1
290
     0
176
     1
290
     0
176
     1
290
     0
176
     1
290
     0
176
     1
 90
       50
176
     1
 40
0.0
176
     1
 40
1.0
176
     1
 90
        0
176
     1
 62
    18
420
        0
176
     1
 90
       50
176
     1
 90
        3
176
     1
 62
     5
420
      255
176
     1
290
     0
176
     1
 90
       50
176
     1
 90
       50
176
     1
 90
       50
176
     1
290
     0
176
     1
 90
       50
176
     1
 62
   256
176
     0
 40
1.0
176
     0
 90
        2
176
     1
  1
strokes_ogs.tif
176
     1
290
     0
176
     1
 40
1.0
176
     1
 40
1.0
176
     1
  0
VISUALSTYLE
  5
2E
102
{ACAD_REACTORS
330
2A
102
}
330
2A
100
AcDbVisualStyle
  2
GouraudWithEdges
 70
     3
177
     3
291
     1
 70
    58
 90
        2
176
     1
 90
        2
176
     1
 90
        1
176
     1
 90
        2
176
     1
 40
0.6
176
     1
 40
30.0
176
     1
 62
     7
420
 16777215
176
     1
 90
        1
176
     1
 90
        0
176
     1
 62
     7
176
     1
 62
   257
176
     1
 90
        1
176
     1
 90
        1
176
     1
 40
1.0
176
     1
 90
        0
176
     1
 62
   257
176
     1
 40
1.0
176
     1
 90
        1
176
     1
 90
        6
176
     1
 90
        2
176
     1
 62
     7
176
     1
 90
        5
176
     1
 90
        0
176
     1
 90
        0
176
     1
290
     0
176
     1
 90
       13
176
     1
 40
0.0
176
     1
 90
        0
176
     1
290
     0
176
     1
290
     1
176
     1
290
     1
176
     1
290
     0
176
     1
290
     0
176
     1
290
     0
176
     1
290
     0
176
     1
290
     0
176
     1
290
     0
176
     1
 90
       50
176
     1
 40
0.0
176
     1
 40
1.0
176
     1
 90
        0
176
     1
 62
    18
420
        0
176
     1
 90
       50
176
     1
 90
        3
176
     1
 62
     5
420
      255
176
     1
290
     0
176
     1
 90
       50
176
     1
 90
       50
176
     1
 90
       50
176
     1
290
     0
176
     1
 90
       50
176
     1
 62
   256
176
     0
 40
1.0
176
     0
 90
        2
176
     1
  1
strokes_ogs.tif
176
     1
290
     0
176
     1
 40
1.0
176
     1
 40
1.0
176
     1
  0
VISUALSTYLE
  5
31
102
{ACAD_REACTORS
330
2A
102
}
330
2A
100
AcDbVisualStyle
  2
Hidden
 70
     6
177
     3
291
     0
 70
    58
 90
        1
176
     1
 90
        2
176
     1
 90
        2
176
     1
 90
        0
176
     1
 40
0.6
176
     1
 40
30.0
176
     1
 62
     7
420
 16777215
176
     1
 90
        2
176
     1
 90
        2
176
     1
 62
     7
176
     1
 62
   257
176
     1
 90
        2
176
     1
 90
        1
176
     1
 40
40.0
176
     1
 90
        0
176
     1
 62
   257
176
     1
 40
1.0
176
     1
 90
        1
176
     1
 90
        6
176
     1
 90
        2
176
     1
 62
     7
176
     1
 90
        3
176
     1
 90
        0
176
     1
 90
        0
176
     1
290
     0
176
     1
 90
        1
176
     1
 40
0.0
176
     1
 90
        0
176
     1
290
     0
176
     1
290
     1
176
     1
290
     1
176
     1
290
     0
176
     1
290
     0
176
     1
290
     0
176
     1
290
     0
176
     1
290
     0
176
     1
290
     0
176
     1
 90
       50
176
     1
 40
0.0
176
     1
 40
1.0
176
     1
 90
        0
176
     1
 62
    18
420
        0
176
     1
 90
       50
176
     1
 90
        3
176
     1
 62
     5
420
      255
176
     1
290
     0
176
     1
 90
       50
176
     1
 90
       50
176
     1
 90
       50
176
     1
290
     0
176
     1
 90
       50
176
     1
 62
   256
176
     0
 40
1.0
176
     0
 90
        2
176
     1
  1
strokes_ogs.tif
176
     1
290
     0
176
     1
 40
1.0
176
     1
 40
1.0
176
     1
  0
VISUALSTYLE
  5
3B
102
{ACAD_REACTORS
330
2A
102
}
330
2A
100
AcDbVisualStyle
  2
JitterOff
 70
    20
177
     3
291
     1
 70
    58
 90
        2
176
     0
 90
        2
176
     0
 90
        0
176
     0
 90
        0
176
     0
 40
0.6
176
     0
 40
30.0
176
     0
 62
     7
420
 16777215
176
     0
 90
        1
176
     0
 90
        4
176
     0
 62
     7
176
     0
 62
   257
176
     0
 90
        1
176
     0
 90
        1
176
     0
 40
1.0
176
     0
 90
       10
176
     2
 62
     7
176
     0
 40
1.0
176
     0
 90
        1
176
     0
 90
        6
176
     0
 90
        2
176
     0
 62
     7
176
     0
 90
        5
176
     0
 90
        0
176
     0
 90
        0
176
     0
290
     0
176
     0
 90
        1
176
     0
 40
0.0
176
     0
 90
        0
176
     0
290
     0
176
     0
290
     1
176
     0
290
     1
176
     0
290
     0
176
     0
290
     0
176
     0
290
     0
176
     0
290
     0
176
     0
290
     0
176
     0
290
     0
176
     0
 90
       50
176
     0
 40
0.0
176
     0
 40
1.0
176
     0
 90
        0
176
     0
 62
    18
420
        0
176
     0
 90
       50
176
     0
 90
        3
176
     0
 62
     5
420
      255
176
     0
290
     0
176
     0
 90
       50
176
     0
 90
       50
176
     0
 90
       50
176
     0
290
     0
176
     0
 90
       50
176
     0
 62
   256
176
     0
 40
1.0
176
     0
 90
        2
176
     0
  1
strokes_ogs.tif
176
     0
290
     0
176
     0
 40
1.0
176
     0
 40
1.0
176
     0
  0
VISUALSTYLE
  5
38
102
{ACAD_REACTORS
330
2A
102
}
330
2A
100
AcDbVisualStyle
  2
Linepattern
 70
    14
177
     3
291
     1
 70
    58
 90
        2
176
     1
 90
        2
176
     1
 90
        0
176
     1
 90
        0
176
     1
 40
0.6
176
     1
 40
30.0
176
     1
 62
     7
420
 16777215
176
     1
 90
        1
176
     1
 90
        4
176
     1
 62
     7
176
     1
 62
   257
176
     1
 90
        7
176
     1
 90
        7
176
     1
 40
1.0
176
     1
 90
        8
176
     1
 62
     7
176
     1
 40
1.0
176
     1
 90
        1
176
     1
 90
        6
176
     1
 90
        2
176
     1
 62
     7
176
     1
 90
        5
176
     1
 90
        0
176
     1
 90
        0
176
     1
290
     0
176
     1
 90
        1
176
     1
 40
0.0
176
     1
 90
        0
176
     1
290
     0
176
     1
290
     1
176
     1
290
     1
176
     1
290
     0
176
     1
290
     0
176
     1
290
     0
176
     1
290
     0
176
     1
290
     0
176
     1
290
     0
176
     1
 90
       50
176
     1
 40
0.0
176
     1
 40
1.0
176
     1
 90
        0
176
     1
 62
    18
420
        0
176
     1
 90
       50
176
     1
 90
        3
176
     1
 62
     5
420
      255
176
     1
290
     0
176
     1
 90
       50
176
     1
 90
       50
176
     1
 90
       50
176
     1
290
     0
176
     1
 90
       50
176
     1
 62
   256
176
     0
 40
1.0
176
     0
 90
        2
176
     1
  1
strokes_ogs.tif
176
     1
290
     0
176
     1
 40
1.0
176
     1
 40
1.0
176
     1
  0
VISUALSTYLE
  5
3C
102
{ACAD_REACTORS
330
2A
102
}
330
2A
100
AcDbVisualStyle
  2
OverhangOff
 70
    21
177
     3
291
     1
 70
    58
 90
        2
176
     0
 90
        2
176
     0
 90
        0
176
     0
 90
        0
176
     0
 40
0.6
176
     0
 40
30.0
176
     0
 62
     7
420
 16777215
176
     0
 90
        1
176
     0
 90
        4
176
     0
 62
     7
176
     0
 62
   257
176
     0
 90
        1
176
     0
 90
        1
176
     0
 40
1.0
176
     0
 90
        9
176
     2
 62
     7
176
     0
 40
1.0
176
     0
 90
        1
176
     0
 90
        6
176
     0
 90
        2
176
     0
 62
     7
176
     0
 90
        5
176
     0
 90
        0
176
     0
 90
        0
176
     0
290
     0
176
     0
 90
        1
176
     0
 40
0.0
176
     0
 90
        0
176
     0
290
     0
176
     0
290
     1
176
     0
290
     1
176
     0
290
     0
176
     0
290
     0
176
     0
290
     0
176
     0
290
     0
176
     0
290
     0
176
     0
290
     0
176
     0
 90
       50
176
     0
 40
0.0
176
     0
 40
1.0
176
     0
 90
        0
176
     0
 62
    18
420
        0
176
     0
 90
       50
176
     0
 90
        3
176
     0
 62
     5
420
      255
176
     0
290
     0
176
     0
 90
       50
176
     0
 90
       50
176
     0
 90
       50
176
     0
290
     0
176
     0
 90
       50
176
     0
 62
   256
176
     0
 40
1.0
176
     0
 90
        2
176
     0
  1
strokes_ogs.tif
176
     0
290
     0
176
     0
 40
1.0
176
     0
 40
1.0
176
     0
  0
VISUALSTYLE
  5
33
102
{ACAD_REACTORS
330
2A
102
}
330
2A
100
AcDbVisualStyle
  2
Realistic
 70
     8
177
     3
291
     0
 70
    58
 90
        2
176
     1
 90
        3
176
     1
 90
        0
176
     1
 90
        2
176
     1
 40
0.6
176
     1
 40
30.0
176
     1
 62
     7
420
 16777215
176
     1
 90
        0
176
     1
 90
        0
176
     1
 62
     7
176
     1
 62
   257
176
     1
 90
        1
176
     1
 90
        1
176
     1
 40
1.0
176
     1
 90
        8
176
     1
 62
   257
176
     1
 40
1.0
176
     1
 90
        1
176
     1
 90
        6
176
     1
 90
        2
176
     1
 62
     7
176
     1
 90
        3
176
     1
 90
        0
176
     1
 90
        0
176
     1
290
     0
176
     1
 90
       13
176
     1
 40
0.0
176
     1
 90
        0
176
     1
290
     0
176
     1
290
     1
176
     1
290
     1
176
     1
290
     0
176
     1
290
     0
176
     1
290
     0
176
     1
290
     0
176
     1
290
     0
176
     1
290
     0
176
     1
 90
       50
176
     1
 40
0.0
176
     1
 40
1.0
176
     1
 90
        0
176
     1
 62
    18
420
        0
176
     1
 90
       50
176
     1
 90
        3
176
     1
 62
     5
420
      255
176
     1
290
     0
176
     1
 90
       50
176
     1
 90
       50
176
     1
 90
       50
176
     1
290
     0
176
     1
 90
       50
176
     1
 62
   256
176
     0
 40
1.0
176
     0
 90
        2
176
     1
  1
strokes_ogs.tif
176
     1
290
     0
176
     1
 40
1.0
176
     1
 40
1.0
176
     1
  0
VISUALSTYLE
  5
42
102
{ACAD_REACTORS
330
2A
102
}
330
2A
100
AcDbVisualStyle
  2
Shaded
 70
    27
177
     3
291
     0
 70
    58
 90
        2
176
     1
 90
        2
176
     1
 90
        1
176
     1
 90
        2
176
     1
 40
0.6
176
     1
 40
30.0
176
     1
 62
     7
420
 16777215
176
     1
 90
        0
176
     1
 90
        4
176
     1
 62
     7
176
     1
 62
   257
176
     1
 90
        1
176
     1
 90
        1
176
     1
 40
1.0
176
     1
 90
        8
176
     1
 62
   257
176
     1
 40
1.0
176
     1
 90
        1
176
     1
 90
        6
176
     1
 90
        2
176
     1
 62
     8
420
  7895160
176
     1
 90
        3
176
     1
 90
        0
176
     1
 90
        0
176
     1
290
     0
176
     1
 90
        5
176
     1
 40
0.0
176
     1
 90
        0
176
     1
290
     0
176
     1
290
     1
176
     1
290
     1
176
     1
290
     0
176
     1
290
     0
176
     1
290
     0
176
     1
290
     0
176
     1
290
     0
176
     1
290
     0
176
     1
 90
       50
176
     1
 40
0.0
176
     1
 40
1.0
176
     1
 90
        0
176
     1
 62
    18
420
        0
176
     1
 90
       50
176
     1
 90
        3
176
     1
 62
     5
420
      255
176
     1
290
     0
176
     1
 90
       50
176
     1
 90
       50
176
     1
 90
       50
176
     1
290
     0
176
     1
 90
       50
176
     1
 62
   256
176
     0
 40
1.0
176
     0
 90
        2
176
     1
  1
strokes_ogs.tif
176
     1
290
     0
176
     1
 40
1.0
176
     1
 40
1.0
176
     1
  0
VISUALSTYLE
  5
41
102
{ACAD_REACTORS
330
2A
102
}
330
2A
100
AcDbVisualStyle
  2
Shaded with edges
 70
    26
177
     3
291
     0
 70
    58
 90
        2
176
     1
 90
        2
176
     1
 90
        1
176
     1
 90
        2
176
     1
 40
0.6
176
     1
 40
30.0
176
     1
 62
     7
420
 16777215
176
     1
 90
        1
176
     1
 90
       10
176
     1
 62
     7
176
     1
 62
   257
176
     1
 90
        2
176
     1
 90
        1
176
     1
 40
1.0
176
     1
 90
        8
176
     1
 62
   257
176
     1
 40
1.0
176
     1
 90
        1
176
     1
 90
        6
176
     1
 90
        2
176
     1
 62
     7
176
     1
 90
        3
176
     1
 90
        0
176
     1
 90
        0
176
     1
290
     0
176
     1
 90
        5
176
     1
 40
0.0
176
     1
 90
        0
176
     1
290
     0
176
     1
290
     1
176
     1
290
     1
176
     1
290
     0
176
     1
290
     0
176
     1
290
     0
176
     1
290
     0
176
     1
290
     0
176
     1
290
     0
176
     1
 90
       50
176
     1
 40
0.0
176
     1
 40
1.0
176
     1
 90
        0
176
     1
 62
    18
420
        0
176
     1
 90
       50
176
     1
 90
        3
176
     1
 62
     5
420
      255
176
     1
290
     0
176
     1
 90
       50
176
     1
 90
       50
176
     1
 90
       50
176
     1
290
     0
176
     1
 90
       50
176
     1
 62
   256
176
     0
 40
1.0
176
     0
 90
        2
176
     1
  1
strokes_ogs.tif
176
     1
290
     0
176
     1
 40
1.0
176
     1
 40
1.0
176
     1
  0
VISUALSTYLE
  5
3E
102
{ACAD_REACTORS
330
2A
102
}
330
2A
100
AcDbVisualStyle
  2
Shades of Gray
 70
    23
177
     3
291
     0
 70
    58
 90
        2
176
     1
 90
        2
176
     1
 90
        3
176
     1
 90
        0
176
     1
 40
0.6
176
     1
 40
30.0
176
     1
 62
     7
420
 16777215
176
     1
 90
        2
176
     1
 90
        2
176
     1
 62
     7
176
     1
 62
     7
176
     1
 90
        1
176
     1
 90
        1
176
     1
 40
40.0
176
     1
 90
        8
176
     1
 62
     7
176
     1
 40
1.0
176
     1
 90
        1
176
     1
 90
        6
176
     1
 90
        2
176
     1
 62
     7
176
     1
 90
        3
176
     1
 90
        0
176
     1
 90
        0
176
     1
290
     0
176
     1
 90
        1
176
     1
 40
0.0
176
     1
 90
        0
176
     1
290
     0
176
     1
290
     1
176
     1
290
     1
176
     1
290
     0
176
     1
290
     0
176
     1
290
     0
176
     1
290
     0
176
     1
290
     0
176
     1
290
     0
176
     1
 90
       50
176
     1
 40
0.0
176
     1
 40
1.0
176
     1
 90
        0
176
     1
 62
    18
420
        0
176
     1
 90
       50
176
     1
 90
        3
176
     1
 62
     5
420
      255
176
     1
290
     0
176
     1
 90
       50
176
     1
 90
       50
176
     1
 90
       50
176
     1
290
     0
176
     1
 90
       50
176
     1
 62
   256
176
     0
 40
1.0
176
     0
 90
        2
176
     1
  1
strokes_ogs.tif
176
     1
290
     0
176
     1
 40
1.0
176
     1
 40
1.0
176
     1
  0
VISUALSTYLE
  5
3F
102
{ACAD_REACTORS
330
2A
102
}
330
2A
100
AcDbVisualStyle
  2
Sketchy
 70
    24
177
     3
291
     0
 70
    58
 90
        1
176
     1
 90
        2
176
     1
 90
        2
176
     1
 90
        0
176
     1
 40
0.6
176
     1
 40
30.0
176
     1
 62
     7
420
 16777215
176
     1
 90
        2
176
     1
 90
        2
176
     1
 62
     7
176
     1
 62
     7
176
     1
 90
        1
176
     1
 90
        1
176
     1
 40
40.0
176
     1
 90
       11
176
     1
 62
     7
176
     1
 40
1.0
176
     1
 90
        1
176
     1
 90
        6
176
     1
 90
        2
176
     1
 62
     7
176
     1
 90
        6
176
     1
 90
        0
176
     1
 90
        0
176
     1
290
     0
176
     1
 90
        1
176
     1
 40
0.0
176
     1
 90
        0
176
     1
290
     0
176
     1
290
     1
176
     1
290
     1
176
     1
290
     0
176
     1
290
     0
176
     1
290
     0
176
     1
290
     0
176
     1
290
     0
176
     1
290
     0
176
     1
 90
       50
176
     1
 40
0.0
176
     1
 40
1.0
176
     1
 90
        0
176
     1
 62
    18
420
        0
176
     1
 90
       50
176
     1
 90
        3
176
     1
 62
     5
420
      255
176
     1
290
     0
176
     1
 90
       50
176
     1
 90
       50
176
     1
 90
       50
176
     1
290
     0
176
     1
 90
       50
176
     1
 62
   256
176
     0
 40
1.0
176
     0
 90
        2
176
     1
  1
strokes_ogs.tif
176
     1
290
     0
176
     1
 40
1.0
176
     1
 40
1.0
176
     1
  0
VISUALSTYLE
  5
37
102
{ACAD_REACTORS
330
2A
102
}
330
2A
100
AcDbVisualStyle
  2
Thicken
 70
    13
177
     3
291
     1
 70
    58
 90
        2
176
     1
 90
        2
176
     1
 90
        0
176
     1
 90
        0
176
     1
 40
0.6
176
     1
 40
30.0
176
     1
 62
     7
420
 16777215
176
     1
 90
        1
176
     1
 90
        4
176
     1
 62
     7
176
     1
 62
   257
176
     1
 90
        1
176
     1
 90
        1
176
     1
 40
1.0
176
     1
 90
       12
176
     1
 62
     7
176
     1
 40
1.0
176
     1
 90
        1
176
     1
 90
        6
176
     1
 90
        2
176
     1
 62
     7
176
     1
 90
        5
176
     1
 90
        0
176
     1
 90
        0
176
     1
290
     0
176
     1
 90
        1
176
     1
 40
0.0
176
     1
 90
        0
176
     1
290
     0
176
     1
290
     1
176
     1
290
     1
176
     1
290
     0
176
     1
290
     0
176
     1
290
     0
176
     1
290
     0
176
     1
290
     0
176
     1
290
     0
176
     1
 90
       50
176
     1
 40
0.0
176
     1
 40
1.0
176
     1
 90
        0
176
     1
 62
    18
420
        0
176
     1
 90
       50
176
     1
 90
        3
176
     1
 62
     5
420
      255
176
     1
290
     0
176
     1
 90
       50
176
     1
 90
       50
176
     1
 90
       50
176
     1
290
     0
176
     1
 90
       50
176
     1
 62
   256
176
     0
 40
1.0
176
     0
 90
        2
176
     1
  1
strokes_ogs.tif
176
     1
290
     0
176
     1
 40
1.0
176
     1
 40
1.0
176
     1
  0
VISUALSTYLE
  5
30
102
{ACAD_REACTORS
330
2A
102
}
330
2A
100
AcDbVisualStyle
  2
Wireframe
 70
     5
177
     3
291
     0
 70
    58
 90
        0
176
     1
 90
        2
176
     1
 90
        0
176
     1
 90
        0
176
     1
 40
0.6
176
     1
 40
30.0
176
     1
 62
     7
420
 16777215
176
     1
 90
        1
176
     1
 90
        4
176
     1
 62
     7
176
     1
 62
   257
176
     1
 90
        1
176
     1
 90
        1
176
     1
 40
1.0
176
     1
 90
        0
176
     1
 62
   257
176
     1
 40
1.0
176
     1
 90
        1
176
     1
 90
        6
176
     1
 90
        2
176
     1
 62
     7
176
     1
 90
        3
176
     1
 90
        0
176
     1
 90
        0
176
     1
290
     0
176
     1
 90
        1
176
     1
 40
0.0
176
     1
 90
        0
176
     1
290
     0
176
     1
290
     1
176
     1
290
     1
176
     1
290
     0
176
     1
290
     0
176
     1
290
     0
176
     1
290
     0
176
     1
290
     0
176
     1
290
     0
176
     1
 90
       50
176
     1
 40
0.0
176
     1
 40
1.0
176
     1
 90
        0
176
     1
 62
    18
420
        0
176
     1
 90
       50
176
     1
 90
        3
176
     1
 62
     5
420
      255
176
     1
290
     0
176
     1
 90
       50
176
     1
 90
       50
176
     1
 90
       50
176
     1
290
     0
176
     1
 90
       50
176
     1
 62
   256
176
     0
 40
1.0
176
     0
 90
        2
176
     1
  1
strokes_ogs.tif
176
     1
290
     0
176
     1
 40
1.0
176
     1
 40
1.0
176
     1
  0
VISUALSTYLE
  5
40
102
{ACAD_REACTORS
330
2A
102
}
330
2A
100
AcDbVisualStyle
  2
X-Ray
 70
    25
177
     3
291
     0
 70
    58
 90
        2
176
     1
 90
        2
176
     1
 90
        1
176
     1
 90
        1
176
     1
 40
0.5
176
     1
 40
30.0
176
     1
 62
     7
420
 16777215
176
     1
 90
        1
176
     1
 90
        0
176
     1
 62
     7
176
     1
 62
   257
176
     1
 90
        1
176
     1
 90
        1
176
     1
 40
1.0
176
     1
 90
        8
176
     1
 62
     7
176
     1
 40
1.0
176
     1
 90
        1
176
     1
 90
        6
176
     1
 90
        2
176
     1
 62
     7
176
     1
 90
        3
176
     1
 90
        0
176
     1
 90
        0
176
     1
290
     0
176
     1
 90
       13
176
     1
 40
0.0
176
     1
 90
        0
176
     1
290
     0
176
     1
290
     1
176
     1
290
     1
176
     1
290
     0
176
     1
290
     0
176
     1
290
     0
176
     1
290
     0
176
     1
290
     0
176
     1
290
     0
176
     1
 90
       50
176
     1
 40
0.0
176
     1
 40
1.0
176
     1
 90
        0
176
     1
 62
    18
420
        0
176
     1
 90
       50
176
     1
 90
        3
176
     1
 62
     5
420
      255
176
     1
290
     0
176
     1
 90
       50
176
     1
 90
       50
176
     1
 90
       50
176
     1
290
     0
176
     1
 90
       50
176
     1
 62
   256
176
     0
 40
1.0
176
     0
 90
        2
176
     1
  1
strokes_ogs.tif
176
     1
290
     0
176
     1
 40
1.0
176
     1
 40
1.0
176
     1
  0
DICTIONARYVAR
  5
1B8
102
{ACAD_REACTORS
330
1B7
102
}
330
1B7
100
DictionaryVariables
280
     0
  1
1:1
  0
DICTIONARYVAR
  5
1C0
102
{ACAD_REACTORS
330
1B7
102
}
330
1B7
100
DictionaryVariables
280
     0
  1
3.500000
  0
DICTIONARYVAR
  5
1C1
102
{ACAD_REACTORS
330
1B7
102
}
330
1B7
100
DictionaryVariables
280
     0
  1
acadiso.lin
  0
DICTIONARYVAR
  5
1BD
102
{ACAD_REACTORS
330
1B7
102
}
330
1B7
100
DictionaryVariables
280
     0
  1
Standard
  0
DICTIONARYVAR
  5
1BC
102
{ACAD_REACTORS
330
1B7
102
}
330
1B7
100
DictionaryVariables
280
     0
  1
Standard
  0
DICTIONARY
  5
1B9
330
5A
100
AcDbDictionary
280
     1
281
     1
  3
ACAD_ROUNDTRIP_2008_TABLESTYLE_CELLSTYLEMAP
360
1BA
  0
CELLSTYLEMAP
  5
1BA
102
{ACAD_REACTORS
330
1B9
102
}
330
1B9
100
AcDbCellStyleMap
 90
        3
300
CELLSTYLE
  1
TABLEFORMAT_BEGIN
 90
        5
170
     1
 91
        0
 92
    32768
 62
   257
 93
        1
300
CONTENTFORMAT
  1
CONTENTFORMAT_BEGIN
 90
        0
 91
        0
 92
        4
 93
        0
300

 40
0.0
140
1.0
 94
        5
 62
     0
340
11
144
6.0
309
CONTENTFORMAT_END
171
     1
301
MARGIN
  1
CELLMARGIN_BEGIN
 40
1.5
 40
1.5
 40
1.5
 40
1.5
 40
1.5
 40
1.5
309
CELLMARGIN_END
 94
        6
 95
        1
302
GRIDFORMAT
  1
GRIDFORMAT_BEGIN
 90
        0
 91
        1
 62
     0
 92
       -2
340
14
 93
        0
 40
0.045
309
GRIDFORMAT_END
 95
        2
302
GRIDFORMAT
  1
GRIDFORMAT_BEGIN
 90
        0
 91
        1
 62
     0
 92
       -2
340
14
 93
        0
 40
0.045
309
GRIDFORMAT_END
 95
        4
302
GRIDFORMAT
  1
GRIDFORMAT_BEGIN
 90
        0
 91
        1
 62
     0
 92
       -2
340
14
 93
        0
 40
0.045
309
GRIDFORMAT_END
 95
        8
302
GRIDFORMAT
  1
GRIDFORMAT_BEGIN
 90
        0
 91
        1
 62
     0
 92
       -2
340
14
 93
        0
 40
0.045
309
GRIDFORMAT_END
 95
       16
302
GRIDFORMAT
  1
GRIDFORMAT_BEGIN
 90
        0
 91
        1
 62
     0
 92
       -2
340
14
 93
        0
 40
0.045
309
GRIDFORMAT_END
 95
       32
302
GRIDFORMAT
  1
GRIDFORMAT_BEGIN
 90
        0
 91
        1
 62
     0
 92
       -2
340
14
 93
        0
 40
0.045
309
GRIDFORMAT_END
309
TABLEFORMAT_END
  1
CELLSTYLE_BEGIN
 90
        1
 91
        1
300
_TITLE
309
CELLSTYLE_END
300
CELLSTYLE
  1
TABLEFORMAT_BEGIN
 90
        5
170
     1
 91
        0
 92
        0
 62
   257
 93
        1
300
CONTENTFORMAT
  1
CONTENTFORMAT_BEGIN
 90
        0
 91
        0
 92
        4
 93
        0
300

 40
0.0
140
1.0
 94
        5
 62
     0
340
11
144
4.5
309
CONTENTFORMAT_END
171
     1
301
MARGIN
  1
CELLMARGIN_BEGIN
 40
1.5
 40
1.5
 40
1.5
 40
1.5
 40
1.5
 40
1.5
309
CELLMARGIN_END
 94
        6
 95
        1
302
GRIDFORMAT
  1
GRIDFORMAT_BEGIN
 90
        0
 91
        1
 62
     0
 92
       -2
340
14
 93
        0
 40
0.045
309
GRIDFORMAT_END
 95
        2
302
GRIDFORMAT
  1
GRIDFORMAT_BEGIN
 90
        0
 91
        1
 62
     0
 92
       -2
340
14
 93
        0
 40
0.045
309
GRIDFORMAT_END
 95
        4
302
GRIDFORMAT
  1
GRIDFORMAT_BEGIN
 90
        0
 91
        1
 62
     0
 92
       -2
340
14
 93
        0
 40
0.045
309
GRIDFORMAT_END
 95
        8
302
GRIDFORMAT
  1
GRIDFORMAT_BEGIN
 90
        0
 91
        1
 62
     0
 92
       -2
340
14
 93
        0
 40
0.045
309
GRIDFORMAT_END
 95
       16
302
GRIDFORMAT
  1
GRIDFORMAT_BEGIN
 90
        0
 91
        1
 62
     0
 92
       -2
340
14
 93
        0
 40
0.045
309
GRIDFORMAT_END
 95
       32
302
GRIDFORMAT
  1
GRIDFORMAT_BEGIN
 90
        0
 91
        1
 62
     0
 92
       -2
340
14
 93
        0
 40
0.045
309
GRIDFORMAT_END
309
TABLEFORMAT_END
  1
CELLSTYLE_BEGIN
 90
        2
 91
        1
300
_HEADER
309
CELLSTYLE_END
300
CELLSTYLE
  1
TABLEFORMAT_BEGIN
 90
        5
170
     1
 91
        0
 92
        0
 62
   257
 93
        1
300
CONTENTFORMAT
  1
CONTENTFORMAT_BEGIN
 90
        0
 91
        0
 92
        4
 93
        0
300

 40
0.0
140
1.0
 94
        2
 62
     0
340
11
144
4.5
309
CONTENTFORMAT_END
171
     1
301
MARGIN
  1
CELLMARGIN_BEGIN
 40
1.5
 40
1.5
 40
1.5
 40
1.5
 40
1.5
 40
1.5
309
CELLMARGIN_END
 94
        6
 95
        1
302
GRIDFORMAT
  1
GRIDFORMAT_BEGIN
 90
        0
 91
        1
 62
     0
 92
       -2
340
14
 93
        0
 40
0.045
309
GRIDFORMAT_END
 95
        2
302
GRIDFORMAT
  1
GRIDFORMAT_BEGIN
 90
        0
 91
        1
 62
     0
 92
       -2
340
14
 93
        0
 40
0.045
309
GRIDFORMAT_END
 95
        4
302
GRIDFORMAT
  1
GRIDFORMAT_BEGIN
 90
        0
 91
        1
 62
     0
 92
       -2
340
14
 93
        0
 40
0.045
309
GRIDFORMAT_END
 95
        8
302
GRIDFORMAT
  1
GRIDFORMAT_BEGIN
 90
        0
 91
        1
 62
     0
 92
       -2
340
14
 93
        0
 40
0.045
309
GRIDFORMAT_END
 95
       16
302
GRIDFORMAT
  1
GRIDFORMAT_BEGIN
 90
        0
 91
        1
 62
     0
 92
       -2
340
14
 93
        0
 40
0.045
309
GRIDFORMAT_END
 95
       32
302
GRIDFORMAT
  1
GRIDFORMAT_BEGIN
 90
        0
 91
        1
 62
     0
 92
       -2
340
14
 93
        0
 40
0.045
309
GRIDFORMAT_END
309
TABLEFORMAT_END
  1
CELLSTYLE_BEGIN
 90
        3
 91
        2
300
_DATA
309
CELLSTYLE_END
  0
ENDSEC
  0
EOF
