  0
SECTION
  2
HEADER
  9
$ACADVER
  1
AC1032
  9
$ACADMAINTVER
 90
       55
  9
$DWGCODEPAGE
  3
ISO8859-1
  9
$LASTSAVEDBY
  1
Gabriel
  9
$REQUIREDVERSIONS
160
                 0
  9
$INSBASE
 10
0.0
 20
0.0
 30
0.0
  9
$EXTMIN
 10
1.000000000000000E+20
 20
1.000000000000000E+20
 30
1.000000000000000E+20
  9
$EXTMAX
 10
-1.000000000000000E+20
 20
-1.000000000000000E+20
 30
-1.000000000000000E+20
  9
$LIMMIN
 10
0.0
 20
0.0
  9
$LIMMAX
 10
420.0
 20
297.0
  9
$ORTHOMODE
 70
     0
  9
$REGENMODE
 70
     1
  9
$FILLMODE
 70
     1
  9
$QTEXTMODE
 70
     0
  9
$MIRRTEXT
 70
     1
  9
$LTSCALE
 40
1.0
  9
$ATTMODE
 70
     1
  9
$TEXTSIZE
 40
2.5
  9
$TRACEWID
 40
1.0
  9
$TEXTSTYLE
  7
Standard
  9
$CLAYER
  8
0
  9
$CELTYPE
  6
ByLayer
  9
$CECOLOR
 62
   256
  9
$CELTSCALE
 40
1.0
  9
$DISPSILH
 70
     0
  9
$DIMSCALE
 40
1.0
  9
$DIMASZ
 40
2.5
  9
$DIMEXO
 40
0.625
  9
$DIMDLI
 40
3.75
  9
$DIMRND
 40
0.0
  9
$DIMDLE
 40
0.0
  9
$DIMEXE
 40
1.25
  9
$DIMTP
 40
0.0
  9
$DIMTM
 40
0.0
  9
$DIMTXT
 40
2.5
  9
$DIMCEN
 40
2.5
  9
$DIMTSZ
 40
0.0
  9
$DIMTOL
 70
     0
  9
$DIMLIM
 70
     0
  9
$DIMTIH
 70
     0
  9
$DIMTOH
 70
     0
  9
$DIMSE1
 70
     0
  9
$DIMSE2
 70
     0
  9
$DIMTAD
 70
     1
  9
$DIMZIN
 70
     8
  9
$DIMBLK
  1

  9
$DIMASO
 70
     1
  9
$DIMSHO
 70
     1
  9
$DIMPOST
  1

  9
$DIMAPOST
  1

  9
$DIMALT
 70
     0
  9
$DIMALTD
 70
     3
  9
$DIMALTF
 40
0.03937007874016
  9
$DIMLFAC
 40
1.0
  9
$DIMTOFL
 70
     1
  9
$DIMTVP
 40
0.0
  9
$DIMTIX
 70
     0
  9
$DIMSOXD
 70
     0
  9
$DIMSAH
 70
     0
  9
$DIMBLK1
  1

  9
$DIMBLK2
  1

  9
$DIMSTYLE
  2
ISO-25
  9
$DIMCLRD
 70
     0
  9
$DIMCLRE
 70
     0
  9
$DIMCLRT
 70
     0
  9
$DIMTFAC
 40
1.0
  9
$DIMGAP
 40
0.625
  9
$DIMJUST
 70
     0
  9
$DIMSD1
 70
     0
  9
$DIMSD2
 70
     0
  9
$DIMTOLJ
 70
     0
  9
$DIMTZIN
 70
     8
  9
$DIMALTZ
 70
     0
  9
$DIMALTTZ
 70
     0
  9
$DIMUPT
 70
     0
  9
$DIMDEC
 70
     2
  9
$DIMTDEC
 70
     2
  9
$DIMALTU
 70
     2
  9
$DIMALTTD
 70
     3
  9
$DIMTXSTY
  7
Standard
  9
$DIMAUNIT
 70
     0
  9
$DIMADEC
 70
     0
  9
$DIMALTRND
 40
0.0
  9
$DIMAZIN
 70
     0
  9
$DIMDSEP
 70
    44
  9
$DIMATFIT
 70
     3
  9
$DIMFRAC
 70
     0
  9
$DIMLDRBLK
  1

  9
$DIMLUNIT
 70
     2
  9
$DIMLWD
 70
    -2
  9
$DIMLWE
 70
    -2
  9
$DIMTMOVE
 70
     0
  9
$DIMFXL
 40
1.0
  9
$DIMFXLON
 70
     0
  9
$DIMJOGANG
 40
0.7853981633974483
  9
$DIMTFILL
 70
     0
  9
$DIMTFILLCLR
 70
     0
  9
$DIMARCSYM
 70
     0
  9
$DIMLTYPE
  6

  9
$DIMLTEX1
  6

  9
$DIMLTEX2
  6

  9
$DIMTXTDIRECTION
 70
     0
  9
$LUNITS
 70
     2
  9
$LUPREC
 70
     4
  9
$SKETCHINC
 40
1.0
  9
$FILLETRAD
 40
0.0
  9
$AUNITS
 70
     0
  9
$AUPREC
 70
     0
  9
$MENU
  1
.
  9
$ELEVATION
 40
0.0
  9
$PELEVATION
 40
0.0
  9
$THICKNESS
 40
0.0
  9
$LIMCHECK
 70
     0
  9
$CHAMFERA
 40
0.0
  9
$CHAMFERB
 40
0.0
  9
$CHAMFERC
 40
0.0
  9
$CHAMFERD
 40
0.0
  9
$SKPOLY
 70
     0
  9
$TDCREATE
 40
2461166.796944595
  9
$TDUCREATE
 40
2461166.713611261
  9
$TDUPDATE
 40
2461166.796945023
  9
$TDUUPDATE
 40
2461166.71361169
  9
$TDINDWG
 40
0.0000000116
  9
$TDUSRTIMER
 40
0.0000000116
  9
$USRTIMER
 70
     1
  9
$ANGBASE
 50
0.0
  9
$ANGDIR
 70
     0
  9
$PDMODE
 70
     0
  9
$PDSIZE
 40
0.0
  9
$PLINEWID
 40
0.0
  9
$SPLFRAME
 70
     0
  9
$SPLINETYPE
 70
     6
  9
$SPLINESEGS
 70
     8
  9
$HANDSEED
  5
282
  9
$SURFTAB1
 70
     6
  9
$SURFTAB2
 70
     6
  9
$SURFTYPE
 70
     6
  9
$SURFU
 70
     6
  9
$SURFV
 70
     6
  9
$UCSBASE
  2

  9
$UCSNAME
  2

  9
$UCSORG
 10
0.0
 20
0.0
 30
0.0
  9
$UCSXDIR
 10
1.0
 20
0.0
 30
0.0
  9
$UCSYDIR
 10
0.0
 20
1.0
 30
0.0
  9
$UCSORTHOREF
  2

  9
$UCSORTHOVIEW
 70
     0
  9
$UCSORGTOP
 10
0.0
 20
0.0
 30
0.0
  9
$UCSORGBOTTOM
 10
0.0
 20
0.0
 30
0.0
  9
$UCSORGLEFT
 10
0.0
 20
0.0
 30
0.0
  9
$UCSORGRIGHT
 10
0.0
 20
0.0
 30
0.0
  9
$UCSORGFRONT
 10
0.0
 20
0.0
 30
0.0
  9
$UCSORGBACK
 10
0.0
 20
0.0
 30
0.0
  9
$PUCSBASE
  2

  9
$PUCSNAME
  2

  9
$PUCSORG
 10
0.0
 20
0.0
 30
0.0
  9
$PUCSXDIR
 10
1.0
 20
0.0
 30
0.0
  9
$PUCSYDIR
 10
0.0
 20
1.0
 30
0.0
  9
$PUCSORTHOREF
  2

  9
$PUCSORTHOVIEW
 70
     0
  9
$PUCSORGTOP
 10
0.0
 20
0.0
 30
0.0
  9
$PUCSORGBOTTOM
 10
0.0
 20
0.0
 30
0.0
  9
$PUCSORGLEFT
 10
0.0
 20
0.0
 30
0.0
  9
$PUCSORGRIGHT
 10
0.0
 20
0.0
 30
0.0
  9
$PUCSORGFRONT
 10
0.0
 20
0.0
 30
0.0
  9
$PUCSORGBACK
 10
0.0
 20
0.0
 30
0.0
  9
$USERI1
 70
     0
  9
$USERI2
 70
     0
  9
$USERI3
 70
     0
  9
$USERI4
 70
     0
  9
$USERI5
 70
     0
  9
$USERR1
 40
0.0
  9
$USERR2
 40
0.0
  9
$USERR3
 40
0.0
  9
$USERR4
 40
0.0
  9
$USERR5
 40
0.0
  9
$WORLDVIEW
 70
     1
  9
$SHADEDGE
 70
     3
  9
$SHADEDIF
 70
    70
  9
$TILEMODE
 70
     1
  9
$MAXACTVP
 70
    64
  9
$PINSBASE
 10
0.0
 20
0.0
 30
0.0
  9
$PLIMCHECK
 70
     0
  9
$PEXTMIN
 10
55.58389101538239
 20
71.39813411205456
 30
0.0
  9
$PEXTMAX
 10
0.0
 20
0.0
 30
0.0
  9
$PLIMMIN
 10
-20.0
 20
-7.5
  9
$PLIMMAX
 10
277.0
 20
202.5
  9
$UNITMODE
 70
     0
  9
$VISRETAIN
 70
     1
  9
$PLINEGEN
 70
     0
  9
$PSLTSCALE
 70
     1
  9
$TREEDEPTH
 70
  3020
  9
$CMLSTYLE
  2
Standard
  9
$CMLJUST
 70
     0
  9
$CMLSCALE
 40
20.0
  9
$PROXYGRAPHICS
 70
     1
  9
$MEASUREMENT
 70
     1
  9
$CELWEIGHT
370
    -1
  9
$ENDCAPS
280
     0
  9
$JOINSTYLE
280
     0
  9
$LWDISPLAY
290
     0
  9
$INSUNITS
 70
     4
  9
$HYPERLINKBASE
  1

  9
$STYLESHEET
  1

  9
$XEDIT
290
     1
  9
$CEPSNTYPE
380
     0
  9
$PSTYLEMODE
290
     1
  9
$FINGERPRINTGUID
  2
{2b5a58cd-66ac-4e7a-86c6-09eaf0dd8c86}
  9
$VERSIONGUID
  2
{FAEB1C32-E019-11D5-929B-00C0DF256EC4}
  9
$EXTNAMES
290
     1
  9
$PSVPSCALE
 40
0.0
  9
$OLESTARTUP
290
     0
  9
$SORTENTS
280
   127
  9
$INDEXCTL
280
     0
  9
$HIDETEXT
280
     1
  9
$XCLIPFRAME
280
     2
  9
$HALOGAP
280
     0
  9
$OBSCOLOR
 70
   257
  9
$OBSLTYPE
280
     0
  9
$INTERSECTIONDISPLAY
280
     0
  9
$INTERSECTIONCOLOR
 70
   257
  9
$DIMASSOC
280
     2
  9
$PROJECTNAME
  1

  9
$CAMERADISPLAY
290
     0
  9
$LENSLENGTH
 40
50.0
  9
$CAMERAHEIGHT
 40
0.0
  9
$STEPSPERSEC
 40
2.0
  9
$STEPSIZE
 40
6.0
  9
$3DDWFPREC
 40
2.0
  9
$PSOLWIDTH
 40
5.0
  9
$PSOLHEIGHT
 40
80.0
  9
$LOFTANG1
 40
1.570796326794897
  9
$LOFTANG2
 40
1.570796326794897
  9
$LOFTMAG1
 40
0.0
  9
$LOFTMAG2
 40
0.0
  9
$LOFTPARAM
 70
     7
  9
$LOFTNORMALS
280
     1
  9
$LATITUDE
 40
37.795
  9
$LONGITUDE
 40
-122.394
  9
$NORTHDIRECTION
 40
0.0
  9
$TIMEZONE
 70
 -8000
  9
$LIGHTGLYPHDISPLAY
280
     1
  9
$TILEMODELIGHTSYNCH
280
     1
  9
$CMATERIAL
347
44
  9
$SOLIDHIST
280
     0
  9
$SHOWHIST
280
     1
  9
$DWFFRAME
280
     2
  9
$DGNFRAME
280
     2
  9
$REALWORLDSCALE
290
     1
  9
$INTERFERECOLOR
 62
   256
  9
$CSHADOW
280
     0
  9
$SHADOWPLANELOCATION
 40
0.0
  0
ENDSEC
  0
SECTION
  2
CLASSES
  0
CLASS
  1
ACDBDICTIONARYWDFLT
  2
AcDbDictionaryWithDefault
  3
ObjectDBX Classes
 90
        0
 91
        3
280
     0
281
     0
  0
CLASS
  1
VISUALSTYLE
  2
AcDbVisualStyle
  3
ObjectDBX Classes
 90
     4095
 91
        3
280
     0
281
     0
  0
CLASS
  1
MATERIAL
  2
AcDbMaterial
  3
ObjectDBX Classes
 90
     1153
 91
        3
280
     0
281
     0
  0
CLASS
  1
SCALE
  2
AcDbScale
  3
ObjectDBX Classes
 90
     1153
 91
        3
280
     0
281
     0
  0
CLASS
  1
TABLESTYLE
  2
AcDbTableStyle
  3
ObjectDBX Classes
 90
     4095
 91
        3
280
     0
281
     0
  0
CLASS
  1
MLEADERSTYLE
  2
AcDbMLeaderStyle
  3
ACDB_MLEADERSTYLE_CLASS
 90
     4095
 91
        3
280
     0
281
     0
  0
CLASS
  1
SUN
  2
AcDbSun
  3
SCENEOE
 90
     1153
 91
        3
280
     0
281
     0
  0
CLASS
  1
DICTIONARYVAR
  2
AcDbDictionaryVar
  3
ObjectDBX Classes
 90
        0
 91
        3
280
     0
281
     0
  0
CLASS
  1
CELLSTYLEMAP
  2
AcDbCellStyleMap
  3
ObjectDBX Classes
 90
     1152
 91
        3
280
     0
281
     0
  0
ENDSEC
  0
SECTION
  2
TABLES
  0
TABLE
  2
VPORT
  5
8
330
0
100
AcDbSymbolTable
 70
     1
  0
VPORT
  5
29
330
8
100
AcDbSymbolTableRecord
100
AcDbViewportTableRecord
  2
*Active
 70
     0
 10
0.0
 20
0.0
 11
1.0
 21
1.0
 12
37.45308933381843
 22
35.69906705602728
 13
0.0
 23
0.0
 14
10.0
 24
10.0
 15
10.0
 25
10.0
 16
0.0
 26
0.0
 36
1.0
 17
0.0
 27
0.0
 37
0.0
 40
71.39813411205456
 41
1.972972972850329
 42
50.0
 43
0.0
 44
0.0
 50
0.0
 51
0.0
 71
     0
 72
   100
 73
     1
 74
     3
 75
     0
 76
     0
 77
     0
 78
     0
281
     0
 65
     1
110
0.0
120
0.0
130
0.0
111
1.0
121
0.0
131
0.0
112
0.0
122
1.0
132
0.0
 79
     0
146
0.0
348
2F
 60
     3
 61
     5
292
     1
282
     1
141
0.0
142
0.0
 63
   250
361
5D
  0
ENDTAB
  0
TABLE
  2
LTYPE
  5
5
330
0
100
AcDbSymbolTable
 70
     1
  0
LTYPE
  5
14
330
5
100
AcDbSymbolTableRecord
100
AcDbLinetypeTableRecord
  2
ByBlock
 70
     0
  3

 72
    65
 73
     0
 40
0.0
  0
LTYPE
  5
15
330
5
100
AcDbSymbolTableRecord
100
AcDbLinetypeTableRecord
  2
ByLayer
 70
     0
  3

 72
    65
 73
     0
 40
0.0
  0
LTYPE
  5
16
330
5
100
AcDbSymbolTableRecord
100
AcDbLinetypeTableRecord
  2
Continuous
 70
     0
  3
Solid line
 72
    65
 73
     0
 40
0.0
  0
ENDTAB
  0
TABLE
  2
LAYER
  5
2
330
0
100
AcDbSymbolTable
 70
     1
  0
LAYER
  5
10
330
2
100
AcDbSymbolTableRecord
100
AcDbLayerTableRecord
  2
0
 70
     0
 62
     7
  6
Continuous
370
    -3
390
F
347
46
348
0
  0
ENDTAB
  0
TABLE
  2
STYLE
  5
3
330
0
100
AcDbSymbolTable
 70
     1
  0
STYLE
  5
11
330
3
100
AcDbSymbolTableRecord
100
AcDbTextStyleTableRecord
  2
Standard
 70
     0
 40
0.0
 41
1.0
 50
0.0
 71
     0
 42
2.5
  3
txt
  4

  0
ENDTAB
  0
TABLE
  2
VIEW
  5
6
330
0
100
AcDbSymbolTable
 70
     0
  0
ENDTAB
  0
TABLE
  2
UCS
  5
7
330
0
100
AcDbSymbolTable
 70
     0
  0
ENDTAB
  0
TABLE
  2
APPID
  5
9
330
0
100
AcDbSymbolTable
 70
     1
  0
APPID
  5
12
330
9
100
AcDbSymbolTableRecord
100
AcDbRegAppTableRecord
  2
ACAD
 70
     0
  0
ENDTAB
  0
TABLE
  2
DIMSTYLE
  5
A
330
0
100
AcDbSymbolTable
 70
     1
100
AcDbDimStyleTable
  0
DIMSTYLE
105
27
330
A
100
AcDbSymbolTableRecord
100
AcDbDimStyleTableRecord
  2
ISO-25
 70
     0
 41
2.5
 42
0.625
 43
3.75
 44
1.25
 73
     0
 74
     0
 77
     1
 78
     8
140
2.5
141
2.5
143
0.03937007874016
147
0.625
171
     3
172
     1
178
     0
271
     2
272
     2
274
     3
278
    44
283
     0
284
     8
340
11
  0
ENDTAB
  0
TABLE
  2
BLOCK_RECORD
  5
1
330
0
100
AcDbSymbolTable
 70
     0
  0
BLOCK_RECORD
  5
1F
330
1
100
AcDbSymbolTableRecord
100
AcDbBlockTableRecord
  2
*Model_Space
340
22
 70
     0
280
     1
281
     0
  0
BLOCK_RECORD
  5
26F
330
1
100
AcDbSymbolTableRecord
100
AcDbBlockTableRecord
  2
*Paper_Space
340
270
 70
     0
280
     1
281
     0
  0
ENDTAB
  0
ENDSEC
  0
SECTION
  2
BLOCKS
  0
BLOCK
  5
20
330
1F
100
AcDbEntity
  8
0
100
AcDbBlockBegin
  2
*Model_Space
 70
     0
 10
0.0
 20
0.0
 30
0.0
  3
*Model_Space
  1

  0
ENDBLK
  5
21
330
1F
100
AcDbEntity
  8
0
100
AcDbBlockEnd
  0
BLOCK
  5
271
330
26F
100
AcDbEntity
 67
     1
  8
0
100
AcDbBlockBegin
  2
*Paper_Space
 70
     0
 10
0.0
 20
0.0
 30
0.0
  3
*Paper_Space
  1

  0
ENDBLK
  5
272
330
26F
100
AcDbEntity
 67
     1
  8
0
100
AcDbBlockEnd
  0
ENDSEC
  0
SECTION
  2
ENTITIES
  0
HATCH
  5
5E
330
1F
100
AcDbEntity
  8
0
 62
    18
420
        0
440
 33554687
100
AcDbHatch
 10
0.0
 20
0.0
 30
0.0
210
0.0
220
0.0
230
1.0
  2
SOLID
 70
     1
 71
     1
 91
        1
 92
        0
 93
        1
 72
     4
 94
        3
 73
     0
 74
     1
 95
       23
 96
       19
 40
0.0
 40
0.0
 40
0.0
 40
0.0
 40
1.0
 40
1.0
 40
1.0
 40
2.0
 40
2.0
 40
2.0
 40
3.0
 40
3.0
 40
3.0
 40
4.0
 40
4.0
 40
4.0
 40
5.0
 40
5.0
 40
5.0
 40
6.0
 40
6.0
 40
6.0
 40
6.0
 10
10.54329249849151
 20
58.84860406468811
 10
10.48373661177794
 20
62.16268836405916
 10
23.45892408131531
 20
70.57951775803714
 10
37.38597758556768
 20
70.51583023172974
 10
50.29822538085508
 20
70.45678334712495
 10
64.37851135746153
 20
62.17305717182437
 10
64.36307772065123
 20
58.84860406468811
 10
64.29189107845339
 20
43.51478114593606
 10
64.39688047943854
 20
43.39904590438714
 10
63.98671558623055
 20
27.61054690777023
 10
63.70398627972478
 20
16.72743271150745
 10
40.35336043391085
 20
0.4991033594217953
 10
37.38597758556768
 20
0.8888353639007107
 10
33.96535278814361
 20
1.338095546022032
 10
11.13944382092872
 20
14.30611921342751
 10
10.91965463291221
 20
29.11599544545302
 10
10.73476247212602
 20
41.5744336526577
 10
10.7213321318551
 20
48.94129873929285
 10
10.54329249849151
 20
58.84860406468811
 97
        0
 97
        0
 75
     0
 76
     1
 98
        0
  0
SPLINE
  5
5F
330
1F
100
AcDbEntity
  8
0
  6
Continuous
 62
     7
420
 16777215
370
   158
100
AcDbSpline
210
0.0
220
0.0
230
1.0
 70
    11
 71
     3
 72
    23
 73
    19
 74
     0
 42
0.000000001
 43
0.0
 40
0.0
 40
0.0
 40
0.0
 40
0.0
 40
1.0
 40
1.0
 40
1.0
 40
2.0
 40
2.0
 40
2.0
 40
3.0
 40
3.0
 40
3.0
 40
4.0
 40
4.0
 40
4.0
 40
5.0
 40
5.0
 40
5.0
 40
6.0
 40
6.0
 40
6.0
 40
6.0
 10
10.54329249849151
 20
58.84860406468811
 30
0.0
 10
10.7213321318551
 20
48.94129873929285
 30
0.0
 10
10.73476247212602
 20
41.5744336526577
 30
0.0
 10
10.91965463291221
 20
29.11599544545302
 30
0.0
 10
11.13944382092872
 20
14.30611921342751
 30
0.0
 10
33.96535278814361
 20
1.338095546022032
 30
0.0
 10
37.38597758556768
 20
0.8888353639007107
 30
0.0
 10
40.35336043391085
 20
0.4991033594217953
 30
0.0
 10
63.70398627972478
 20
16.72743271150745
 30
0.0
 10
63.98671558623055
 20
27.61054690777023
 30
0.0
 10
64.39688047943854
 20
43.39904590438714
 30
0.0
 10
64.29189107845339
 20
43.51478114593606
 30
0.0
 10
64.36307772065123
 20
58.84860406468811
 30
0.0
 10
64.37851135746153
 20
62.17305717182437
 30
0.0
 10
50.29822538085508
 20
70.45678334712495
 30
0.0
 10
37.38597758556768
 20
70.51583023172974
 30
0.0
 10
23.45892408131531
 20
70.57951775803714
 30
0.0
 10
10.48373661177794
 20
62.16268836405916
 30
0.0
 10
10.54329249849151
 20
58.84860406468811
 30
0.0
  0
SPLINE
  5
60
330
1F
100
AcDbEntity
  8
0
  6
Continuous
 62
     7
420
 16777215
370
    60
100
AcDbSpline
210
0.0
220
0.0
230
1.0
 70
    11
 71
     3
 72
    23
 73
    19
 74
     0
 42
0.000000001
 43
0.0
 40
0.0
 40
0.0
 40
0.0
 40
0.0
 40
1.0
 40
1.0
 40
1.0
 40
2.0
 40
2.0
 40
2.0
 40
3.0
 40
3.0
 40
3.0
 40
4.0
 40
4.0
 40
4.0
 40
5.0
 40
5.0
 40
5.0
 40
6.0
 40
6.0
 40
6.0
 40
6.0
 10
12.637209826748
 20
57.48987699010524
 30
0.0
 10
12.80139575933125
 20
48.35348340455408
 30
0.0
 10
12.8137810518677
 20
41.55985216855813
 30
0.0
 10
12.98428629989873
 20
30.07083561119778
 30
0.0
 10
13.18697315183417
 20
16.41335219214445
 30
0.0
 10
34.23674212764969
 20
4.454402269761573
 30
0.0
 10
37.39119971539095
 20
4.040100124893229
 30
0.0
 10
40.12768322236266
 20
3.680694124083118
 30
0.0
 10
61.66133956880097
 20
18.64625734504822
 30
0.0
 10
61.92206901415128
 20
28.68252971859488
 30
0.0
 10
62.30031797047629
 20
43.24248686339165
 30
0.0
 10
62.20349805242522
 20
43.34921646178197
 30
0.0
 10
62.26914548730201
 20
57.48987699010524
 30
0.0
 10
62.28337819495803
 20
60.55564624278482
 30
0.0
 10
49.29871382313896
 20
68.19479535616486
 30
0.0
 10
37.39119971539095
 20
68.24924765777779
 30
0.0
 10
24.5478444212204
 20
68.30797950137436
 30
0.0
 10
12.58228812972945
 20
60.54608425739682
 30
0.0
 10
12.637209826748
 20
57.48987699010524
 30
0.0
  0
SPLINE
  5
61
330
1F
100
AcDbEntity
  8
0
  6
Continuous
 62
     7
420
 16777215
370
    60
100
AcDbSpline
210
0.0
220
0.0
230
1.0
 70
     8
 71
     3
 72
    11
 73
     7
 74
     0
 42
0.000000001
 43
0.0
 40
0.0
 40
0.0
 40
0.0
 40
0.0
 40
1.0
 40
1.0
 40
1.0
 40
2.0
 40
2.0
 40
2.0
 40
2.0
 10
12.73236207501224
 20
51.30497552630359
 30
0.0
 10
12.73236207501224
 20
51.30497552630359
 30
0.0
 10
21.41393192536017
 20
62.83432087451697
 30
0.0
 10
37.45308933381843
 20
62.83872383510118
 30
0.0
 10
53.49286377224581
 20
62.84312696506827
 30
0.0
 10
62.26915717733306
 20
51.74246707674809
 30
0.0
 10
62.26915717733306
 20
51.74246707674809
 30
0.0
  0
HATCH
  5
62
330
1F
100
AcDbEntity
  8
0
 62
     7
420
 16777215
440
 33554687
100
AcDbHatch
 10
0.0
 20
0.0
 30
0.0
210
0.0
220
0.0
230
1.0
  2
SOLID
 70
     1
 71
     1
 91
        1
 92
        0
 93
        1
 72
     4
 94
        3
 73
     0
 74
     1
 95
      110
 96
      106
 40
0.0
 40
0.0
 40
0.0
 40
0.0
 40
1.0
 40
1.0
 40
1.0
 40
2.0
 40
2.0
 40
2.0
 40
3.0
 40
3.0
 40
3.0
 40
4.0
 40
4.0
 40
4.0
 40
5.0
 40
5.0
 40
5.0
 40
6.0
 40
6.0
 40
6.0
 40
7.0
 40
7.0
 40
7.0
 40
8.0
 40
8.0
 40
8.0
 40
9.0
 40
9.0
 40
9.0
 40
10.0
 40
10.0
 40
10.0
 40
11.0
 40
11.0
 40
11.0
 40
12.0
 40
12.0
 40
12.0
 40
13.0
 40
13.0
 40
13.0
 40
14.0
 40
14.0
 40
14.0
 40
15.0
 40
15.0
 40
15.0
 40
16.0
 40
16.0
 40
16.0
 40
17.0
 40
17.0
 40
17.0
 40
18.0
 40
18.0
 40
18.0
 40
19.0
 40
19.0
 40
19.0
 40
20.0
 40
20.0
 40
20.0
 40
21.0
 40
21.0
 40
21.0
 40
22.0
 40
22.0
 40
22.0
 40
23.0
 40
23.0
 40
23.0
 40
24.0
 40
24.0
 40
24.0
 40
25.0
 40
25.0
 40
25.0
 40
26.0
 40
26.0
 40
26.0
 40
27.0
 40
27.0
 40
27.0
 40
28.0
 40
28.0
 40
28.0
 40
29.0
 40
29.0
 40
29.0
 40
30.0
 40
30.0
 40
30.0
 40
31.0
 40
31.0
 40
31.0
 40
32.0
 40
32.0
 40
32.0
 40
33.0
 40
33.0
 40
33.0
 40
34.0
 40
34.0
 40
34.0
 40
35.0
 40
35.0
 40
35.0
 40
35.0
 10
27.31430687056972
 20
65.42140462884855
 10
27.31430687056972
 20
65.42140462884855
 10
27.67104301615328
 20
64.22063900992246
 10
27.67104301615328
 20
64.22063900992246
 10
27.67104301615328
 20
64.22063900992246
 10
27.84541162088182
 20
64.27244227858806
 10
27.84541162088182
 20
64.27244227858806
 10
28.02902704555809
 20
64.32699269028896
 10
28.1544963250184
 20
64.42967773699628
 10
28.22181945926278
 20
64.58049741871002
 10
28.28914259350714
 20
64.73131710042377
 10
28.30542714934771
 20
64.94747746360838
 10
28.27067312678448
 20
65.22897850826386
 10
28.27067312678448
 20
65.22897850826386
 10
28.34002427639242
 20
65.24958208102859
 10
28.34002427639242
 20
65.24958208102859
 10
28.34002427639242
 20
65.24958208102859
 10
28.81155175595089
 20
63.66243148571539
 10
28.81155175595089
 20
63.66243148571539
 10
28.81155175595089
 20
63.66243148571539
 10
28.73823768350821
 20
63.64065056593554
 10
28.73823768350821
 20
63.64065056593554
 10
28.67628739853185
 20
63.7717527067925
 10
28.61815135719005
 20
63.87308032914951
 10
28.56382955948279
 20
63.94463343300657
 10
28.50950776177553
 20
64.01618653686363
 10
28.44650860123595
 20
64.07581749136924
 10
28.37483207786406
 20
64.12352629652337
 10
28.22134211868365
 20
64.22887043031065
 10
28.03957968397285
 20
64.25034280130342
 10
27.82954477373165
 20
64.18794340950167
 10
27.82954477373165
 20
64.18794340950167
 10
27.69282393593313
 20
64.14732493747978
 10
27.69282393593313
 20
64.14732493747978
 10
27.69282393593313
 20
64.14732493747978
 10
27.94242150314011
 20
63.30718529651499
 10
27.94242150314011
 20
63.30718529651499
 10
27.99304742479059
 20
63.13677961462119
 10
28.0719048632186
 20
63.02256035888666
 10
28.17899381842416
 20
62.9645275293114
 10
28.28608277362972
 20
62.90649469973615
 10
28.42416960504027
 20
62.90259502127124
 10
28.59325431265583
 20
62.95282849391667
 10
28.59325431265583
 20
62.95282849391667
 10
28.76960437880174
 20
63.00522043608983
 10
28.76960437880174
 20
63.00522043608983
 10
28.76960437880174
 20
63.00522043608983
 10
28.79256264559672
 20
62.92794344081241
 10
28.79256264559672
 20
62.92794344081241
 10
28.79256264559672
 20
62.92794344081241
 10
26.9577293731123
 20
62.38283177280849
 10
26.9577293731123
 20
62.38283177280849
 10
26.9577293731123
 20
62.38283177280849
 10
26.93477110631732
 20
62.46010876808592
 10
26.93477110631732
 20
62.46010876808592
 10
26.93477110631732
 20
62.46010876808592
 10
27.00412225592526
 20
62.48071234085064
 10
27.00412225592526
 20
62.48071234085064
 10
27.17452793781906
 20
62.53133826250111
 10
27.28874719355359
 20
62.61019570092913
 10
27.34678002312885
 20
62.71728465613469
 10
27.4048128527041
 20
62.82437361134024
 10
27.4085163066665
 20
62.96312092988993
 10
27.35789038501603
 20
63.13352661178372
 10
27.35789038501603
 20
63.13352661178372
 10
26.8792988233668
 20
64.74445474410535
 10
26.8792988233668
 20
64.74445474410535
 10
26.82828045271128
 20
64.91618140027741
 10
26.74965514560157
 20
65.03082901183276
 10
26.64342290203766
 20
65.0883975787714
 10
26.53719065847374
 20
65.14596614571006
 10
26.39821120860576
 20
65.14924124385163
 10
26.22648455243371
 20
65.09822287319612
 10
26.22648455243371
 20
65.09822287319612
 10
26.15713340282577
 20
65.0776193004314
 10
26.15713340282577
 20
65.0776193004314
 10
26.15713340282577
 20
65.0776193004314
 10
26.13535248304592
 20
65.15093337287408
 10
26.13535248304592
 20
65.15093337287408
 10
26.13535248304592
 20
65.15093337287408
 10
29.16302552878695
 20
66.0504264924313
 10
29.16302552878695
 20
66.0504264924313
 10
29.16302552878695
 20
66.0504264924313
 10
29.51858432735537
 20
64.85362379633995
 10
29.51858432735537
 20
64.85362379633995
 10
29.51858432735537
 20
64.85362379633995
 10
29.45319610058217
 20
64.83419757059035
 10
29.45319610058217
 20
64.83419757059035
 10
29.40277046401517
 20
64.93134682921794
 10
29.35291428456357
 20
65.01932108152937
 10
29.30362756222737
 20
65.09812032752463
 10
29.25434083989118
 20
65.17691957351988
 10
29.21160133976974
 20
65.23610042984397
 10
29.17540906186307
 20
65.27566289649688
 10
29.06579850839103
 20
65.40266859113012
 10
28.94973834927744
 20
65.4993662169638
 10
28.82722858452228
 20
65.56575577399789
 10
28.70471881976712
 20
65.63214533103198
 10
28.57219858373677
 20
65.66932527042252
 10
28.42966787643126
 20
65.67729559216951
 10
28.28713716912574
 20
65.68526591391651
 10
28.13397141022169
 20
65.66491923647737
 10
27.97017059971912
 20
65.6162555598521
 10
27.97017059971912
 20
65.6162555598521
 10
27.31430687056972
 20
65.42140462884855
 10
27.31430687056972
 20
65.42140462884855
 97
        0
 97
        0
 75
     0
 76
     1
 98
        0
  0
SPLINE
  5
63
330
1F
100
AcDbEntity
  8
0
  6
Continuous
 62
     7
420
 16777215
370
     9
100
AcDbSpline
210
0.0
220
0.0
230
1.0
 70
    11
 71
     3
 72
   110
 73
   106
 74
     0
 42
0.000000001
 43
0.0
 40
0.0
 40
0.0
 40
0.0
 40
0.0
 40
1.0
 40
1.0
 40
1.0
 40
2.0
 40
2.0
 40
2.0
 40
3.0
 40
3.0
 40
3.0
 40
4.0
 40
4.0
 40
4.0
 40
5.0
 40
5.0
 40
5.0
 40
6.0
 40
6.0
 40
6.0
 40
7.0
 40
7.0
 40
7.0
 40
8.0
 40
8.0
 40
8.0
 40
9.0
 40
9.0
 40
9.0
 40
10.0
 40
10.0
 40
10.0
 40
11.0
 40
11.0
 40
11.0
 40
12.0
 40
12.0
 40
12.0
 40
13.0
 40
13.0
 40
13.0
 40
14.0
 40
14.0
 40
14.0
 40
15.0
 40
15.0
 40
15.0
 40
16.0
 40
16.0
 40
16.0
 40
17.0
 40
17.0
 40
17.0
 40
18.0
 40
18.0
 40
18.0
 40
19.0
 40
19.0
 40
19.0
 40
20.0
 40
20.0
 40
20.0
 40
21.0
 40
21.0
 40
21.0
 40
22.0
 40
22.0
 40
22.0
 40
23.0
 40
23.0
 40
23.0
 40
24.0
 40
24.0
 40
24.0
 40
25.0
 40
25.0
 40
25.0
 40
26.0
 40
26.0
 40
26.0
 40
27.0
 40
27.0
 40
27.0
 40
28.0
 40
28.0
 40
28.0
 40
29.0
 40
29.0
 40
29.0
 40
30.0
 40
30.0
 40
30.0
 40
31.0
 40
31.0
 40
31.0
 40
32.0
 40
32.0
 40
32.0
 40
33.0
 40
33.0
 40
33.0
 40
34.0
 40
34.0
 40
34.0
 40
35.0
 40
35.0
 40
35.0
 40
35.0
 10
27.31430687056972
 20
65.42140462884855
 30
0.0
 10
27.31430687056972
 20
65.42140462884855
 30
0.0
 10
27.67104301615328
 20
64.22063900992246
 30
0.0
 10
27.67104301615328
 20
64.22063900992246
 30
0.0
 10
27.67104301615328
 20
64.22063900992246
 30
0.0
 10
27.84541162088182
 20
64.27244227858806
 30
0.0
 10
27.84541162088182
 20
64.27244227858806
 30
0.0
 10
28.02902704555809
 20
64.32699269028896
 30
0.0
 10
28.1544963250184
 20
64.42967773699628
 30
0.0
 10
28.22181945926278
 20
64.58049741871002
 30
0.0
 10
28.28914259350714
 20
64.73131710042377
 30
0.0
 10
28.30542714934771
 20
64.94747746360838
 30
0.0
 10
28.27067312678448
 20
65.22897850826386
 30
0.0
 10
28.27067312678448
 20
65.22897850826386
 30
0.0
 10
28.34002427639242
 20
65.24958208102859
 30
0.0
 10
28.34002427639242
 20
65.24958208102859
 30
0.0
 10
28.34002427639242
 20
65.24958208102859
 30
0.0
 10
28.81155175595089
 20
63.66243148571539
 30
0.0
 10
28.81155175595089
 20
63.66243148571539
 30
0.0
 10
28.81155175595089
 20
63.66243148571539
 30
0.0
 10
28.73823768350821
 20
63.64065056593554
 30
0.0
 10
28.73823768350821
 20
63.64065056593554
 30
0.0
 10
28.67628739853185
 20
63.7717527067925
 30
0.0
 10
28.61815135719005
 20
63.87308032914951
 30
0.0
 10
28.56382955948279
 20
63.94463343300657
 30
0.0
 10
28.50950776177553
 20
64.01618653686363
 30
0.0
 10
28.44650860123595
 20
64.07581749136924
 30
0.0
 10
28.37483207786406
 20
64.12352629652337
 30
0.0
 10
28.22134211868365
 20
64.22887043031065
 30
0.0
 10
28.03957968397285
 20
64.25034280130342
 30
0.0
 10
27.82954477373165
 20
64.18794340950167
 30
0.0
 10
27.82954477373165
 20
64.18794340950167
 30
0.0
 10
27.69282393593313
 20
64.14732493747978
 30
0.0
 10
27.69282393593313
 20
64.14732493747978
 30
0.0
 10
27.69282393593313
 20
64.14732493747978
 30
0.0
 10
27.94242150314011
 20
63.30718529651499
 30
0.0
 10
27.94242150314011
 20
63.30718529651499
 30
0.0
 10
27.99304742479059
 20
63.13677961462119
 30
0.0
 10
28.0719048632186
 20
63.02256035888666
 30
0.0
 10
28.17899381842416
 20
62.9645275293114
 30
0.0
 10
28.28608277362972
 20
62.90649469973615
 30
0.0
 10
28.42416960504027
 20
62.90259502127124
 30
0.0
 10
28.59325431265583
 20
62.95282849391667
 30
0.0
 10
28.59325431265583
 20
62.95282849391667
 30
0.0
 10
28.76960437880174
 20
63.00522043608983
 30
0.0
 10
28.76960437880174
 20
63.00522043608983
 30
0.0
 10
28.76960437880174
 20
63.00522043608983
 30
0.0
 10
28.79256264559672
 20
62.92794344081241
 30
0.0
 10
28.79256264559672
 20
62.92794344081241
 30
0.0
 10
28.79256264559672
 20
62.92794344081241
 30
0.0
 10
26.9577293731123
 20
62.38283177280849
 30
0.0
 10
26.9577293731123
 20
62.38283177280849
 30
0.0
 10
26.9577293731123
 20
62.38283177280849
 30
0.0
 10
26.93477110631732
 20
62.46010876808592
 30
0.0
 10
26.93477110631732
 20
62.46010876808592
 30
0.0
 10
26.93477110631732
 20
62.46010876808592
 30
0.0
 10
27.00412225592526
 20
62.48071234085064
 30
0.0
 10
27.00412225592526
 20
62.48071234085064
 30
0.0
 10
27.17452793781906
 20
62.53133826250111
 30
0.0
 10
27.28874719355359
 20
62.61019570092913
 30
0.0
 10
27.34678002312885
 20
62.71728465613469
 30
0.0
 10
27.4048128527041
 20
62.82437361134024
 30
0.0
 10
27.4085163066665
 20
62.96312092988993
 30
0.0
 10
27.35789038501603
 20
63.13352661178372
 30
0.0
 10
27.35789038501603
 20
63.13352661178372
 30
0.0
 10
26.8792988233668
 20
64.74445474410535
 30
0.0
 10
26.8792988233668
 20
64.74445474410535
 30
0.0
 10
26.82828045271128
 20
64.91618140027741
 30
0.0
 10
26.74965514560157
 20
65.03082901183276
 30
0.0
 10
26.64342290203766
 20
65.0883975787714
 30
0.0
 10
26.53719065847374
 20
65.14596614571006
 30
0.0
 10
26.39821120860576
 20
65.14924124385163
 30
0.0
 10
26.22648455243371
 20
65.09822287319612
 30
0.0
 10
26.22648455243371
 20
65.09822287319612
 30
0.0
 10
26.15713340282577
 20
65.0776193004314
 30
0.0
 10
26.15713340282577
 20
65.0776193004314
 30
0.0
 10
26.15713340282577
 20
65.0776193004314
 30
0.0
 10
26.13535248304592
 20
65.15093337287408
 30
0.0
 10
26.13535248304592
 20
65.15093337287408
 30
0.0
 10
26.13535248304592
 20
65.15093337287408
 30
0.0
 10
29.16302552878695
 20
66.0504264924313
 30
0.0
 10
29.16302552878695
 20
66.0504264924313
 30
0.0
 10
29.16302552878695
 20
66.0504264924313
 30
0.0
 10
29.51858432735537
 20
64.85362379633995
 30
0.0
 10
29.51858432735537
 20
64.85362379633995
 30
0.0
 10
29.51858432735537
 20
64.85362379633995
 30
0.0
 10
29.45319610058217
 20
64.83419757059035
 30
0.0
 10
29.45319610058217
 20
64.83419757059035
 30
0.0
 10
29.40277046401517
 20
64.93134682921794
 30
0.0
 10
29.35291428456357
 20
65.01932108152937
 30
0.0
 10
29.30362756222737
 20
65.09812032752463
 30
0.0
 10
29.25434083989118
 20
65.17691957351988
 30
0.0
 10
29.21160133976974
 20
65.23610042984397
 30
0.0
 10
29.17540906186307
 20
65.27566289649688
 30
0.0
 10
29.06579850839103
 20
65.40266859113012
 30
0.0
 10
28.94973834927744
 20
65.4993662169638
 30
0.0
 10
28.82722858452228
 20
65.56575577399789
 30
0.0
 10
28.70471881976712
 20
65.63214533103198
 30
0.0
 10
28.57219858373677
 20
65.66932527042252
 30
0.0
 10
28.42966787643126
 20
65.67729559216951
 30
0.0
 10
28.28713716912574
 20
65.68526591391651
 30
0.0
 10
28.13397141022169
 20
65.66491923647737
 30
0.0
 10
27.97017059971912
 20
65.6162555598521
 30
0.0
 10
27.97017059971912
 20
65.6162555598521
 30
0.0
 10
27.31430687056972
 20
65.42140462884855
 30
0.0
 10
27.31430687056972
 20
65.42140462884855
 30
0.0
  0
HATCH
  5
64
330
1F
100
AcDbEntity
  8
0
 62
     7
420
 16777215
440
 33554687
100
AcDbHatch
 10
0.0
 20
0.0
 30
0.0
210
0.0
220
0.0
230
1.0
  2
SOLID
 70
     1
 71
     1
 91
        1
 92
        0
 93
        1
 72
     4
 94
        3
 73
     0
 74
     1
 95
      122
 96
      118
 40
0.0
 40
0.0
 40
0.0
 40
0.0
 40
1.0
 40
1.0
 40
1.0
 40
2.0
 40
2.0
 40
2.0
 40
3.0
 40
3.0
 40
3.0
 40
4.0
 40
4.0
 40
4.0
 40
5.0
 40
5.0
 40
5.0
 40
6.0
 40
6.0
 40
6.0
 40
7.0
 40
7.0
 40
7.0
 40
8.0
 40
8.0
 40
8.0
 40
9.0
 40
9.0
 40
9.0
 40
10.0
 40
10.0
 40
10.0
 40
11.0
 40
11.0
 40
11.0
 40
12.0
 40
12.0
 40
12.0
 40
13.0
 40
13.0
 40
13.0
 40
14.0
 40
14.0
 40
14.0
 40
15.0
 40
15.0
 40
15.0
 40
16.0
 40
16.0
 40
16.0
 40
17.0
 40
17.0
 40
17.0
 40
18.0
 40
18.0
 40
18.0
 40
19.0
 40
19.0
 40
19.0
 40
20.0
 40
20.0
 40
20.0
 40
21.0
 40
21.0
 40
21.0
 40
22.0
 40
22.0
 40
22.0
 40
23.0
 40
23.0
 40
23.0
 40
24.0
 40
24.0
 40
24.0
 40
25.0
 40
25.0
 40
25.0
 40
26.0
 40
26.0
 40
26.0
 40
27.0
 40
27.0
 40
27.0
 40
28.0
 40
28.0
 40
28.0
 40
29.0
 40
29.0
 40
29.0
 40
30.0
 40
30.0
 40
30.0
 40
31.0
 40
31.0
 40
31.0
 40
32.0
 40
32.0
 40
32.0
 40
33.0
 40
33.0
 40
33.0
 40
34.0
 40
34.0
 40
34.0
 40
35.0
 40
35.0
 40
35.0
 40
36.0
 40
36.0
 40
36.0
 40
37.0
 40
37.0
 40
37.0
 40
38.0
 40
38.0
 40
38.0
 40
39.0
 40
39.0
 40
39.0
 40
39.0
 10
29.76949571795882
 20
66.1946775204961
 10
29.76949571795882
 20
66.1946775204961
 10
32.79192407398453
 20
66.74234800281658
 10
32.79192407398453
 20
66.74234800281658
 10
32.79192407398453
 20
66.74234800281658
 10
32.99131151068398
 20
65.6419888234021
 10
32.99131151068398
 20
65.6419888234021
 10
32.99131151068398
 20
65.6419888234021
 10
32.93029344158521
 20
65.63093221877921
 10
32.93029344158521
 20
65.63093221877921
 10
32.83980947070743
 20
65.81340433039003
 10
32.76387217558383
 20
65.94844521087565
 10
32.70248155621442
 20
66.03605486023608
 10
32.641090936845
 20
66.12366450959651
 10
32.5674011195561
 20
66.20379372219709
 10
32.48141210434769
 20
66.2764424980378
 10
32.37755913323794
 20
66.36266003339703
 10
32.2715309981137
 20
66.41837312851072
 10
32.16332769897501
 20
66.44358178337887
 10
31.98401415819909
 20
66.48251420905493
 10
31.77503316379577
 20
66.48035861729707
 10
31.53638471576502
 20
66.43711500810532
 10
31.53638471576502
 20
66.43711500810532
 10
30.97705241569297
 20
66.33576279906217
 10
30.97705241569297
 20
66.33576279906217
 10
30.97705241569297
 20
66.33576279906217
 10
31.22177193134627
 20
64.98522953634273
 10
31.22177193134627
 20
64.98522953634273
 10
31.22177193134627
 20
64.98522953634273
 10
31.37228316845657
 20
65.01250249441253
 10
31.37228316845657
 20
65.01250249441253
 10
31.59601608848539
 20
65.0530433780298
 10
31.75620160234569
 20
65.1815033360656
 10
31.85283971003747
 20
65.39788236851994
 10
31.90270129487009
 20
65.50915235241672
 10
31.93149560496926
 20
65.63621160536427
 10
31.93922264033501
 20
65.7790601273626
 10
31.94492892545503
 20
65.84031471017865
 10
31.94424235582243
 20
65.92912071103694
 10
31.93716293143721
 20
66.04547812993751
 10
31.93716293143721
 20
66.04547812993751
 10
32.00835067871911
 20
66.05837750199754
 10
32.00835067871911
 20
66.05837750199754
 10
32.00835067871911
 20
66.05837750199754
 10
32.34594567320467
 20
64.19529245884846
 10
32.34594567320467
 20
64.19529245884846
 10
32.34594567320467
 20
64.19529245884846
 10
32.27475792592278
 20
64.18239308678842
 10
32.27475792592278
 20
64.18239308678842
 10
32.24030446878324
 20
64.27978548362918
 10
32.20384434306982
 20
64.3708622326017
 10
32.1653775487825
 20
64.45562333370594
 10
32.1269107544952
 20
64.5403844348102
 10
32.0887418995064
 20
64.60804365689879
 10
32.0508709838161
 20
64.65860099997168
 10
32.01300006812581
 20
64.70915834304458
 10
31.96733239916178
 20
64.75830289774899
 10
31.91386797692402
 20
64.80603466408493
 10
31.76455888065669
 20
64.93443269194945
 10
31.57735989396307
 20
64.9782384129106
 10
31.35227101684317
 20
64.93745182696838
 10
31.35227101684317
 20
64.93745182696838
 10
31.23430274991888
 20
64.91607572469746
 10
31.23430274991888
 20
64.91607572469746
 10
31.23430274991888
 20
64.91607572469746
 10
31.46464867956241
 20
63.64486595180644
 10
31.46464867956241
 20
63.64486595180644
 10
31.46464867956241
 20
63.64486595180644
 10
31.93245387598631
 20
63.72963325391525
 10
31.93245387598631
 20
63.72963325391525
 10
32.07076149927686
 20
63.75469489106047
 10
32.19338922052788
 20
63.78706876828528
 10
32.30033703973939
 20
63.82675488558967
 10
32.40728485895089
 20
63.86644100289406
 10
32.50108041356133
 20
63.91494773274626
 10
32.58172370357071
 20
63.97227507514627
 10
32.66236699358008
 20
64.02960241754627
 10
32.73531370871931
 20
64.098489553739
 10
32.80056384898838
 20
64.17893648372443
 10
32.91305435094348
 20
64.31555975012978
 10
32.9906768992332
 20
64.4745746857534
 10
33.03343149385753
 20
64.65598129059525
 10
33.05802129860947
 20
64.75987101613573
 10
33.07850248087419
 20
64.89802822244076
 10
33.09487504065171
 20
65.0704529095103
 10
33.09487504065171
 20
65.0704529095103
 10
33.17013065920686
 20
65.0840893885452
 10
33.17013065920686
 20
65.0840893885452
 10
33.17013065920686
 20
65.0840893885452
 10
33.38204891447891
 20
63.91457639748545
 10
33.38204891447891
 20
63.91457639748545
 10
33.38204891447891
 20
63.91457639748545
 10
30.2884328111713
 20
63.35400654310494
 10
30.2884328111713
 20
63.35400654310494
 10
30.2884328111713
 20
63.35400654310494
 10
30.27072846086316
 20
63.42852505468522
 10
30.27072846086316
 20
63.42852505468522
 10
30.27072846086316
 20
63.42852505468522
 10
30.34801801505493
 20
63.44253008720756
 10
30.34801801505493
 20
63.44253008720756
 10
30.69243111619021
 20
63.50493847774564
 10
30.83318776916385
 20
63.70970518067341
 10
30.77028797397585
 20
64.05683019599086
 10
30.77028797397585
 20
64.05683019599086
 10
30.47065398869554
 20
65.7104198685675
 10
30.47065398869554
 20
65.7104198685675
 10
30.43871268645164
 20
65.8866942904084
 10
30.37309059343254
 20
66.00924939907888
 10
30.27378770963826
 20
66.07808519457899
 10
30.17448482584397
 20
66.14692099007908
 10
30.03669617302639
 20
66.1653682367072
 10
29.86042175118549
 20
66.13342693446329
 10
29.86042175118549
 20
66.13342693446329
 10
29.78313219699372
 20
66.11942190194095
 10
29.78313219699372
 20
66.11942190194095
 10
29.78313219699372
 20
66.11942190194095
 10
29.76949571795882
 20
66.1946775204961
 10
29.76949571795882
 20
66.1946775204961
 97
        0
 97
        0
 75
     0
 76
     1
 98
        0
  0
SPLINE
  5
65
330
1F
100
AcDbEntity
  8
0
  6
Continuous
 62
     7
420
 16777215
370
     9
100
AcDbSpline
210
0.0
220
0.0
230
1.0
 70
    11
 71
     3
 72
   122
 73
   118
 74
     0
 42
0.000000001
 43
0.0
 40
0.0
 40
0.0
 40
0.0
 40
0.0
 40
1.0
 40
1.0
 40
1.0
 40
2.0
 40
2.0
 40
2.0
 40
3.0
 40
3.0
 40
3.0
 40
4.0
 40
4.0
 40
4.0
 40
5.0
 40
5.0
 40
5.0
 40
6.0
 40
6.0
 40
6.0
 40
7.0
 40
7.0
 40
7.0
 40
8.0
 40
8.0
 40
8.0
 40
9.0
 40
9.0
 40
9.0
 40
10.0
 40
10.0
 40
10.0
 40
11.0
 40
11.0
 40
11.0
 40
12.0
 40
12.0
 40
12.0
 40
13.0
 40
13.0
 40
13.0
 40
14.0
 40
14.0
 40
14.0
 40
15.0
 40
15.0
 40
15.0
 40
16.0
 40
16.0
 40
16.0
 40
17.0
 40
17.0
 40
17.0
 40
18.0
 40
18.0
 40
18.0
 40
19.0
 40
19.0
 40
19.0
 40
20.0
 40
20.0
 40
20.0
 40
21.0
 40
21.0
 40
21.0
 40
22.0
 40
22.0
 40
22.0
 40
23.0
 40
23.0
 40
23.0
 40
24.0
 40
24.0
 40
24.0
 40
25.0
 40
25.0
 40
25.0
 40
26.0
 40
26.0
 40
26.0
 40
27.0
 40
27.0
 40
27.0
 40
28.0
 40
28.0
 40
28.0
 40
29.0
 40
29.0
 40
29.0
 40
30.0
 40
30.0
 40
30.0
 40
31.0
 40
31.0
 40
31.0
 40
32.0
 40
32.0
 40
32.0
 40
33.0
 40
33.0
 40
33.0
 40
34.0
 40
34.0
 40
34.0
 40
35.0
 40
35.0
 40
35.0
 40
36.0
 40
36.0
 40
36.0
 40
37.0
 40
37.0
 40
37.0
 40
38.0
 40
38.0
 40
38.0
 40
39.0
 40
39.0
 40
39.0
 40
39.0
 10
29.76949571795882
 20
66.1946775204961
 30
0.0
 10
29.76949571795882
 20
66.1946775204961
 30
0.0
 10
32.79192407398453
 20
66.74234800281658
 30
0.0
 10
32.79192407398453
 20
66.74234800281658
 30
0.0
 10
32.79192407398453
 20
66.74234800281658
 30
0.0
 10
32.99131151068398
 20
65.6419888234021
 30
0.0
 10
32.99131151068398
 20
65.6419888234021
 30
0.0
 10
32.99131151068398
 20
65.6419888234021
 30
0.0
 10
32.93029344158521
 20
65.63093221877921
 30
0.0
 10
32.93029344158521
 20
65.63093221877921
 30
0.0
 10
32.83980947070743
 20
65.81340433039003
 30
0.0
 10
32.76387217558383
 20
65.94844521087565
 30
0.0
 10
32.70248155621442
 20
66.03605486023608
 30
0.0
 10
32.641090936845
 20
66.12366450959651
 30
0.0
 10
32.5674011195561
 20
66.20379372219709
 30
0.0
 10
32.48141210434769
 20
66.2764424980378
 30
0.0
 10
32.37755913323794
 20
66.36266003339703
 30
0.0
 10
32.2715309981137
 20
66.41837312851072
 30
0.0
 10
32.16332769897501
 20
66.44358178337887
 30
0.0
 10
31.98401415819909
 20
66.48251420905493
 30
0.0
 10
31.77503316379577
 20
66.48035861729707
 30
0.0
 10
31.53638471576502
 20
66.43711500810532
 30
0.0
 10
31.53638471576502
 20
66.43711500810532
 30
0.0
 10
30.97705241569297
 20
66.33576279906217
 30
0.0
 10
30.97705241569297
 20
66.33576279906217
 30
0.0
 10
30.97705241569297
 20
66.33576279906217
 30
0.0
 10
31.22177193134627
 20
64.98522953634273
 30
0.0
 10
31.22177193134627
 20
64.98522953634273
 30
0.0
 10
31.22177193134627
 20
64.98522953634273
 30
0.0
 10
31.37228316845657
 20
65.01250249441253
 30
0.0
 10
31.37228316845657
 20
65.01250249441253
 30
0.0
 10
31.59601608848539
 20
65.0530433780298
 30
0.0
 10
31.75620160234569
 20
65.1815033360656
 30
0.0
 10
31.85283971003747
 20
65.39788236851994
 30
0.0
 10
31.90270129487009
 20
65.50915235241672
 30
0.0
 10
31.93149560496926
 20
65.63621160536427
 30
0.0
 10
31.93922264033501
 20
65.7790601273626
 30
0.0
 10
31.94492892545503
 20
65.84031471017865
 30
0.0
 10
31.94424235582243
 20
65.92912071103694
 30
0.0
 10
31.93716293143721
 20
66.04547812993751
 30
0.0
 10
31.93716293143721
 20
66.04547812993751
 30
0.0
 10
32.00835067871911
 20
66.05837750199754
 30
0.0
 10
32.00835067871911
 20
66.05837750199754
 30
0.0
 10
32.00835067871911
 20
66.05837750199754
 30
0.0
 10
32.34594567320467
 20
64.19529245884846
 30
0.0
 10
32.34594567320467
 20
64.19529245884846
 30
0.0
 10
32.34594567320467
 20
64.19529245884846
 30
0.0
 10
32.27475792592278
 20
64.18239308678842
 30
0.0
 10
32.27475792592278
 20
64.18239308678842
 30
0.0
 10
32.24030446878324
 20
64.27978548362918
 30
0.0
 10
32.20384434306982
 20
64.3708622326017
 30
0.0
 10
32.1653775487825
 20
64.45562333370594
 30
0.0
 10
32.1269107544952
 20
64.5403844348102
 30
0.0
 10
32.0887418995064
 20
64.60804365689879
 30
0.0
 10
32.0508709838161
 20
64.65860099997168
 30
0.0
 10
32.01300006812581
 20
64.70915834304458
 30
0.0
 10
31.96733239916178
 20
64.75830289774899
 30
0.0
 10
31.91386797692402
 20
64.80603466408493
 30
0.0
 10
31.76455888065669
 20
64.93443269194945
 30
0.0
 10
31.57735989396307
 20
64.9782384129106
 30
0.0
 10
31.35227101684317
 20
64.93745182696838
 30
0.0
 10
31.35227101684317
 20
64.93745182696838
 30
0.0
 10
31.23430274991888
 20
64.91607572469746
 30
0.0
 10
31.23430274991888
 20
64.91607572469746
 30
0.0
 10
31.23430274991888
 20
64.91607572469746
 30
0.0
 10
31.46464867956241
 20
63.64486595180644
 30
0.0
 10
31.46464867956241
 20
63.64486595180644
 30
0.0
 10
31.46464867956241
 20
63.64486595180644
 30
0.0
 10
31.93245387598631
 20
63.72963325391525
 30
0.0
 10
31.93245387598631
 20
63.72963325391525
 30
0.0
 10
32.07076149927686
 20
63.75469489106047
 30
0.0
 10
32.19338922052788
 20
63.78706876828528
 30
0.0
 10
32.30033703973939
 20
63.82675488558967
 30
0.0
 10
32.40728485895089
 20
63.86644100289406
 30
0.0
 10
32.50108041356133
 20
63.91494773274626
 30
0.0
 10
32.58172370357071
 20
63.97227507514627
 30
0.0
 10
32.66236699358008
 20
64.02960241754627
 30
0.0
 10
32.73531370871931
 20
64.098489553739
 30
0.0
 10
32.80056384898838
 20
64.17893648372443
 30
0.0
 10
32.91305435094348
 20
64.31555975012978
 30
0.0
 10
32.9906768992332
 20
64.4745746857534
 30
0.0
 10
33.03343149385753
 20
64.65598129059525
 30
0.0
 10
33.05802129860947
 20
64.75987101613573
 30
0.0
 10
33.07850248087419
 20
64.89802822244076
 30
0.0
 10
33.09487504065171
 20
65.0704529095103
 30
0.0
 10
33.09487504065171
 20
65.0704529095103
 30
0.0
 10
33.17013065920686
 20
65.0840893885452
 30
0.0
 10
33.17013065920686
 20
65.0840893885452
 30
0.0
 10
33.17013065920686
 20
65.0840893885452
 30
0.0
 10
33.38204891447891
 20
63.91457639748545
 30
0.0
 10
33.38204891447891
 20
63.91457639748545
 30
0.0
 10
33.38204891447891
 20
63.91457639748545
 30
0.0
 10
30.2884328111713
 20
63.35400654310494
 30
0.0
 10
30.2884328111713
 20
63.35400654310494
 30
0.0
 10
30.2884328111713
 20
63.35400654310494
 30
0.0
 10
30.27072846086316
 20
63.42852505468522
 30
0.0
 10
30.27072846086316
 20
63.42852505468522
 30
0.0
 10
30.27072846086316
 20
63.42852505468522
 30
0.0
 10
30.34801801505493
 20
63.44253008720756
 30
0.0
 10
30.34801801505493
 20
63.44253008720756
 30
0.0
 10
30.69243111619021
 20
63.50493847774564
 30
0.0
 10
30.83318776916385
 20
63.70970518067341
 30
0.0
 10
30.77028797397585
 20
64.05683019599086
 30
0.0
 10
30.77028797397585
 20
64.05683019599086
 30
0.0
 10
30.47065398869554
 20
65.7104198685675
 30
0.0
 10
30.47065398869554
 20
65.7104198685675
 30
0.0
 10
30.43871268645164
 20
65.8866942904084
 30
0.0
 10
30.37309059343254
 20
66.00924939907888
 30
0.0
 10
30.27378770963826
 20
66.07808519457899
 30
0.0
 10
30.17448482584397
 20
66.14692099007908
 30
0.0
 10
30.03669617302639
 20
66.1653682367072
 30
0.0
 10
29.86042175118549
 20
66.13342693446329
 30
0.0
 10
29.86042175118549
 20
66.13342693446329
 30
0.0
 10
29.78313219699372
 20
66.11942190194095
 30
0.0
 10
29.78313219699372
 20
66.11942190194095
 30
0.0
 10
29.78313219699372
 20
66.11942190194095
 30
0.0
 10
29.76949571795882
 20
66.1946775204961
 30
0.0
 10
29.76949571795882
 20
66.1946775204961
 30
0.0
  0
HATCH
  5
66
330
1F
100
AcDbEntity
  8
0
 62
     7
420
 16777215
440
 33554687
100
AcDbHatch
 10
0.0
 20
0.0
 30
0.0
210
0.0
220
0.0
230
1.0
  2
SOLID
 70
     1
 71
     1
 91
        1
 92
        0
 93
        1
 72
     4
 94
        3
 73
     0
 74
     1
 95
      104
 96
      100
 40
0.0
 40
0.0
 40
0.0
 40
0.0
 40
1.0
 40
1.0
 40
1.0
 40
2.0
 40
2.0
 40
2.0
 40
3.0
 40
3.0
 40
3.0
 40
4.0
 40
4.0
 40
4.0
 40
5.0
 40
5.0
 40
5.0
 40
6.0
 40
6.0
 40
6.0
 40
7.0
 40
7.0
 40
7.0
 40
8.0
 40
8.0
 40
8.0
 40
9.0
 40
9.0
 40
9.0
 40
10.0
 40
10.0
 40
10.0
 40
11.0
 40
11.0
 40
11.0
 40
12.0
 40
12.0
 40
12.0
 40
13.0
 40
13.0
 40
13.0
 40
14.0
 40
14.0
 40
14.0
 40
15.0
 40
15.0
 40
15.0
 40
16.0
 40
16.0
 40
16.0
 40
17.0
 40
17.0
 40
17.0
 40
18.0
 40
18.0
 40
18.0
 40
19.0
 40
19.0
 40
19.0
 40
20.0
 40
20.0
 40
20.0
 40
21.0
 40
21.0
 40
21.0
 40
22.0
 40
22.0
 40
22.0
 40
23.0
 40
23.0
 40
23.0
 40
24.0
 40
24.0
 40
24.0
 40
25.0
 40
25.0
 40
25.0
 40
26.0
 40
26.0
 40
26.0
 40
27.0
 40
27.0
 40
27.0
 40
28.0
 40
28.0
 40
28.0
 40
29.0
 40
29.0
 40
29.0
 40
30.0
 40
30.0
 40
30.0
 40
31.0
 40
31.0
 40
31.0
 40
32.0
 40
32.0
 40
32.0
 40
33.0
 40
33.0
 40
33.0
 40
33.0
 10
33.58349697278162
 20
66.86205233703733
 10
33.58349697278162
 20
66.86205233703733
 10
34.74114823616637
 20
66.92958087683773
 10
34.74114823616637
 20
66.92958087683773
 10
34.74114823616637
 20
66.92958087683773
 10
36.86594874915352
 20
64.97053103937097
 10
36.86594874915352
 20
64.97053103937097
 10
36.86594874915352
 20
64.97053103937097
 10
36.79348496847643
 20
66.21278783180878
 10
36.79348496847643
 20
66.21278783180878
 10
36.7846577083718
 20
66.36411479434274
 10
36.75113948716651
 20
66.4950212399512
 10
36.69293030486055
 20
66.60550716863418
 10
36.6347211225546
 20
66.71599309731715
 10
36.55505386538157
 20
66.79796480675651
 10
36.45392853334149
 20
66.85142229695225
 10
36.39972599862512
 20
66.8813896716508
 10
36.34574127372782
 20
66.90170708677874
 10
36.2919743586496
 20
66.91237454233612
 10
36.23820744357139
 20
66.9230419978935
 10
36.16366172823517
 20
66.92904642506059
 10
36.06833721264093
 20
66.93038782383742
 10
36.06833721264093
 20
66.93038782383742
 10
36.06388345867905
 20
67.0067391549341
 10
36.06388345867905
 20
67.0067391549341
 10
36.06388345867905
 20
67.0067391549341
 10
37.49185970513581
 20
67.09003639119413
 10
37.49185970513581
 20
67.09003639119413
 10
37.49185970513581
 20
67.09003639119413
 10
37.49631345909769
 20
67.01368506009746
 10
37.49631345909769
 20
67.01368506009746
 10
37.49631345909769
 20
67.01368506009746
 10
37.4674237662503
 20
67.01199985589567
 10
37.4674237662503
 20
67.01199985589567
 10
37.25969311768096
 20
66.99988243520659
 10
37.1053395521684
 20
66.9246203523551
 10
37.0043630697126
 20
66.78621360734124
 10
36.9033865872568
 20
66.64780686232739
 10
36.86024102147957
 20
66.4527269709854
 10
36.87492637238091
 20
66.20097393331527
 10
36.87492637238091
 20
66.20097393331527
 10
36.99517772935168
 20
64.139487993705
 10
36.99517772935168
 20
64.139487993705
 10
36.99517772935168
 20
64.139487993705
 10
36.9270805962114
 20
64.13551572665793
 10
36.9270805962114
 20
64.13551572665793
 10
36.9270805962114
 20
64.13551572665793
 10
34.28929934049892
 20
66.54708523884047
 10
34.28929934049892
 20
66.54708523884047
 10
34.28929934049892
 20
66.54708523884047
 10
34.38920787531949
 20
64.83433916288799
 10
34.38920787531949
 20
64.83433916288799
 10
34.39891786143458
 20
64.66787950410064
 10
34.42662948299699
 20
64.53594415543117
 10
34.47234274000672
 20
64.43853311687955
 10
34.51805599701645
 20
64.34112207832794
 10
34.58726794474402
 20
64.26682277015627
 10
34.67997858318945
 20
64.21563519236452
 10
34.75545859534988
 20
64.17586593767778
 10
34.84583630367338
 20
64.15284007899417
 10
34.95111170815994
 20
64.14655761631369
 10
35.00945282858866
 20
64.14029812710147
 10
35.09239604724829
 20
64.13823449795245
 10
35.19994136413886
 20
64.14036672886662
 10
35.19994136413886
 20
64.14036672886662
 10
35.20439511810074
 20
64.06401539776995
 10
35.20439511810074
 20
64.06401539776995
 10
35.20439511810074
 20
64.06401539776995
 10
33.7000675405473
 20
63.97626440754803
 10
33.7000675405473
 20
63.97626440754803
 10
33.7000675405473
 20
63.97626440754803
 10
33.69561378658543
 20
64.0526157386447
 10
33.69561378658543
 20
64.0526157386447
 10
33.84921066152338
 20
64.069857692344
 10
33.97315836101571
 20
64.10435037411303
 10
34.06745688506243
 20
64.15609378395179
 10
34.16175540910915
 20
64.20783719379055
 10
34.22929946239606
 20
64.2804511384406
 10
34.27008904492317
 20
64.37393561790192
 10
34.31087862745027
 20
64.46742009736325
 10
34.32734127557632
 20
64.58157162040449
 10
34.31947698930128
 20
64.71639018702564
 10
34.31947698930128
 20
64.71639018702564
 10
34.22438332362869
 20
66.34659428341413
 10
34.22438332362869
 20
66.34659428341413
 10
34.21852523283199
 20
66.4470203585503
 10
34.19119474858049
 20
66.53100971037217
 10
34.14239187087423
 20
66.59856233887973
 10
34.09358899316796
 20
66.66611496738729
 10
34.02543745736036
 20
66.71631946956468
 10
33.93793726345143
 20
66.74917584541193
 10
33.8504370695425
 20
66.78203222125917
 10
33.74615618757445
 20
66.79492950514094
 10
33.62509461754729
 20
66.78786769705724
 10
33.62509461754729
 20
66.78786769705724
 10
33.5879507267435
 20
66.78570100594065
 10
33.5879507267435
 20
66.78570100594065
 10
33.5879507267435
 20
66.78570100594065
 10
33.58349697278162
 20
66.86205233703733
 10
33.58349697278162
 20
66.86205233703733
 97
        0
 97
        0
 75
     0
 76
     1
 98
        0
  0
SPLINE
  5
67
330
1F
100
AcDbEntity
  8
0
  6
Continuous
 62
     7
420
 16777215
370
     9
100
AcDbSpline
210
0.0
220
0.0
230
1.0
 70
    11
 71
     3
 72
   104
 73
   100
 74
     0
 42
0.000000001
 43
0.0
 40
0.0
 40
0.0
 40
0.0
 40
0.0
 40
1.0
 40
1.0
 40
1.0
 40
2.0
 40
2.0
 40
2.0
 40
3.0
 40
3.0
 40
3.0
 40
4.0
 40
4.0
 40
4.0
 40
5.0
 40
5.0
 40
5.0
 40
6.0
 40
6.0
 40
6.0
 40
7.0
 40
7.0
 40
7.0
 40
8.0
 40
8.0
 40
8.0
 40
9.0
 40
9.0
 40
9.0
 40
10.0
 40
10.0
 40
10.0
 40
11.0
 40
11.0
 40
11.0
 40
12.0
 40
12.0
 40
12.0
 40
13.0
 40
13.0
 40
13.0
 40
14.0
 40
14.0
 40
14.0
 40
15.0
 40
15.0
 40
15.0
 40
16.0
 40
16.0
 40
16.0
 40
17.0
 40
17.0
 40
17.0
 40
18.0
 40
18.0
 40
18.0
 40
19.0
 40
19.0
 40
19.0
 40
20.0
 40
20.0
 40
20.0
 40
21.0
 40
21.0
 40
21.0
 40
22.0
 40
22.0
 40
22.0
 40
23.0
 40
23.0
 40
23.0
 40
24.0
 40
24.0
 40
24.0
 40
25.0
 40
25.0
 40
25.0
 40
26.0
 40
26.0
 40
26.0
 40
27.0
 40
27.0
 40
27.0
 40
28.0
 40
28.0
 40
28.0
 40
29.0
 40
29.0
 40
29.0
 40
30.0
 40
30.0
 40
30.0
 40
31.0
 40
31.0
 40
31.0
 40
32.0
 40
32.0
 40
32.0
 40
33.0
 40
33.0
 40
33.0
 40
33.0
 10
33.58349697278162
 20
66.86205233703733
 30
0.0
 10
33.58349697278162
 20
66.86205233703733
 30
0.0
 10
34.74114823616637
 20
66.92958087683773
 30
0.0
 10
34.74114823616637
 20
66.92958087683773
 30
0.0
 10
34.74114823616637
 20
66.92958087683773
 30
0.0
 10
36.86594874915352
 20
64.97053103937097
 30
0.0
 10
36.86594874915352
 20
64.97053103937097
 30
0.0
 10
36.86594874915352
 20
64.97053103937097
 30
0.0
 10
36.79348496847643
 20
66.21278783180878
 30
0.0
 10
36.79348496847643
 20
66.21278783180878
 30
0.0
 10
36.7846577083718
 20
66.36411479434274
 30
0.0
 10
36.75113948716651
 20
66.4950212399512
 30
0.0
 10
36.69293030486055
 20
66.60550716863418
 30
0.0
 10
36.6347211225546
 20
66.71599309731715
 30
0.0
 10
36.55505386538157
 20
66.79796480675651
 30
0.0
 10
36.45392853334149
 20
66.85142229695225
 30
0.0
 10
36.39972599862512
 20
66.8813896716508
 30
0.0
 10
36.34574127372782
 20
66.90170708677874
 30
0.0
 10
36.2919743586496
 20
66.91237454233612
 30
0.0
 10
36.23820744357139
 20
66.9230419978935
 30
0.0
 10
36.16366172823517
 20
66.92904642506059
 30
0.0
 10
36.06833721264093
 20
66.93038782383742
 30
0.0
 10
36.06833721264093
 20
66.93038782383742
 30
0.0
 10
36.06388345867905
 20
67.0067391549341
 30
0.0
 10
36.06388345867905
 20
67.0067391549341
 30
0.0
 10
36.06388345867905
 20
67.0067391549341
 30
0.0
 10
37.49185970513581
 20
67.09003639119413
 30
0.0
 10
37.49185970513581
 20
67.09003639119413
 30
0.0
 10
37.49185970513581
 20
67.09003639119413
 30
0.0
 10
37.49631345909769
 20
67.01368506009746
 30
0.0
 10
37.49631345909769
 20
67.01368506009746
 30
0.0
 10
37.49631345909769
 20
67.01368506009746
 30
0.0
 10
37.4674237662503
 20
67.01199985589567
 30
0.0
 10
37.4674237662503
 20
67.01199985589567
 30
0.0
 10
37.25969311768096
 20
66.99988243520659
 30
0.0
 10
37.1053395521684
 20
66.9246203523551
 30
0.0
 10
37.0043630697126
 20
66.78621360734124
 30
0.0
 10
36.9033865872568
 20
66.64780686232739
 30
0.0
 10
36.86024102147957
 20
66.4527269709854
 30
0.0
 10
36.87492637238091
 20
66.20097393331527
 30
0.0
 10
36.87492637238091
 20
66.20097393331527
 30
0.0
 10
36.99517772935168
 20
64.139487993705
 30
0.0
 10
36.99517772935168
 20
64.139487993705
 30
0.0
 10
36.99517772935168
 20
64.139487993705
 30
0.0
 10
36.9270805962114
 20
64.13551572665793
 30
0.0
 10
36.9270805962114
 20
64.13551572665793
 30
0.0
 10
36.9270805962114
 20
64.13551572665793
 30
0.0
 10
34.28929934049892
 20
66.54708523884047
 30
0.0
 10
34.28929934049892
 20
66.54708523884047
 30
0.0
 10
34.28929934049892
 20
66.54708523884047
 30
0.0
 10
34.38920787531949
 20
64.83433916288799
 30
0.0
 10
34.38920787531949
 20
64.83433916288799
 30
0.0
 10
34.39891786143458
 20
64.66787950410064
 30
0.0
 10
34.42662948299699
 20
64.53594415543117
 30
0.0
 10
34.47234274000672
 20
64.43853311687955
 30
0.0
 10
34.51805599701645
 20
64.34112207832794
 30
0.0
 10
34.58726794474402
 20
64.26682277015627
 30
0.0
 10
34.67997858318945
 20
64.21563519236452
 30
0.0
 10
34.75545859534988
 20
64.17586593767778
 30
0.0
 10
34.84583630367338
 20
64.15284007899417
 30
0.0
 10
34.95111170815994
 20
64.14655761631369
 30
0.0
 10
35.00945282858866
 20
64.14029812710147
 30
0.0
 10
35.09239604724829
 20
64.13823449795245
 30
0.0
 10
35.19994136413886
 20
64.14036672886662
 30
0.0
 10
35.19994136413886
 20
64.14036672886662
 30
0.0
 10
35.20439511810074
 20
64.06401539776995
 30
0.0
 10
35.20439511810074
 20
64.06401539776995
 30
0.0
 10
35.20439511810074
 20
64.06401539776995
 30
0.0
 10
33.7000675405473
 20
63.97626440754803
 30
0.0
 10
33.7000675405473
 20
63.97626440754803
 30
0.0
 10
33.7000675405473
 20
63.97626440754803
 30
0.0
 10
33.69561378658543
 20
64.0526157386447
 30
0.0
 10
33.69561378658543
 20
64.0526157386447
 30
0.0
 10
33.84921066152338
 20
64.069857692344
 30
0.0
 10
33.97315836101571
 20
64.10435037411303
 30
0.0
 10
34.06745688506243
 20
64.15609378395179
 30
0.0
 10
34.16175540910915
 20
64.20783719379055
 30
0.0
 10
34.22929946239606
 20
64.2804511384406
 30
0.0
 10
34.27008904492317
 20
64.37393561790192
 30
0.0
 10
34.31087862745027
 20
64.46742009736325
 30
0.0
 10
34.32734127557632
 20
64.58157162040449
 30
0.0
 10
34.31947698930128
 20
64.71639018702564
 30
0.0
 10
34.31947698930128
 20
64.71639018702564
 30
0.0
 10
34.22438332362869
 20
66.34659428341413
 30
0.0
 10
34.22438332362869
 20
66.34659428341413
 30
0.0
 10
34.21852523283199
 20
66.4470203585503
 30
0.0
 10
34.19119474858049
 20
66.53100971037217
 30
0.0
 10
34.14239187087423
 20
66.59856233887973
 30
0.0
 10
34.09358899316796
 20
66.66611496738729
 30
0.0
 10
34.02543745736036
 20
66.71631946956468
 30
0.0
 10
33.93793726345143
 20
66.74917584541193
 30
0.0
 10
33.8504370695425
 20
66.78203222125917
 30
0.0
 10
33.74615618757445
 20
66.79492950514094
 30
0.0
 10
33.62509461754729
 20
66.78786769705724
 30
0.0
 10
33.62509461754729
 20
66.78786769705724
 30
0.0
 10
33.5879507267435
 20
66.78570100594065
 30
0.0
 10
33.5879507267435
 20
66.78570100594065
 30
0.0
 10
33.5879507267435
 20
66.78570100594065
 30
0.0
 10
33.58349697278162
 20
66.86205233703733
 30
0.0
 10
33.58349697278162
 20
66.86205233703733
 30
0.0
  0
HATCH
  5
68
330
1F
100
AcDbEntity
  8
0
 62
     7
420
 16777215
440
 33554687
100
AcDbHatch
 10
0.0
 20
0.0
 30
0.0
210
0.0
220
0.0
230
1.0
  2
SOLID
 70
     1
 71
     1
 91
        2
 92
        0
 93
        1
 72
     4
 94
        3
 73
     0
 74
     1
 95
      122
 96
      118
 40
0.0
 40
0.0
 40
0.0
 40
0.0
 40
1.0
 40
1.0
 40
1.0
 40
2.0
 40
2.0
 40
2.0
 40
3.0
 40
3.0
 40
3.0
 40
4.0
 40
4.0
 40
4.0
 40
5.0
 40
5.0
 40
5.0
 40
6.0
 40
6.0
 40
6.0
 40
7.0
 40
7.0
 40
7.0
 40
8.0
 40
8.0
 40
8.0
 40
9.0
 40
9.0
 40
9.0
 40
10.0
 40
10.0
 40
10.0
 40
11.0
 40
11.0
 40
11.0
 40
12.0
 40
12.0
 40
12.0
 40
13.0
 40
13.0
 40
13.0
 40
14.0
 40
14.0
 40
14.0
 40
15.0
 40
15.0
 40
15.0
 40
16.0
 40
16.0
 40
16.0
 40
17.0
 40
17.0
 40
17.0
 40
18.0
 40
18.0
 40
18.0
 40
19.0
 40
19.0
 40
19.0
 40
20.0
 40
20.0
 40
20.0
 40
21.0
 40
21.0
 40
21.0
 40
22.0
 40
22.0
 40
22.0
 40
23.0
 40
23.0
 40
23.0
 40
24.0
 40
24.0
 40
24.0
 40
25.0
 40
25.0
 40
25.0
 40
26.0
 40
26.0
 40
26.0
 40
27.0
 40
27.0
 40
27.0
 40
28.0
 40
28.0
 40
28.0
 40
29.0
 40
29.0
 40
29.0
 40
30.0
 40
30.0
 40
30.0
 40
31.0
 40
31.0
 40
31.0
 40
32.0
 40
32.0
 40
32.0
 40
33.0
 40
33.0
 40
33.0
 40
34.0
 40
34.0
 40
34.0
 40
35.0
 40
35.0
 40
35.0
 40
36.0
 40
36.0
 40
36.0
 40
37.0
 40
37.0
 40
37.0
 40
38.0
 40
38.0
 40
38.0
 40
39.0
 40
39.0
 40
39.0
 40
39.0
 10
39.89984398804935
 20
65.48787635003345
 10
39.89984398804935
 20
65.48787635003345
 10
39.25226966030741
 20
65.53170747668524
 10
39.25226966030741
 20
65.53170747668524
 10
39.25226966030741
 20
65.53170747668524
 10
39.19769013635567
 20
64.72533307494288
 10
39.19769013635567
 20
64.72533307494288
 10
39.18577849259467
 20
64.5493468457476
 10
39.22020040072339
 20
64.41511323897716
 10
39.30095586074182
 20
64.32263225463149
 10
39.38171132076025
 20
64.23015127028583
 10
39.51008216536709
 20
64.17795495623251
 10
39.68606839456236
 20
64.16604331247152
 10
39.68606839456236
 20
64.16604331247152
 10
39.77062427812102
 20
64.16032013988323
 10
39.77062427812102
 20
64.16032013988323
 10
39.77062427812102
 20
64.16032013988323
 10
39.76518028468337
 20
64.07988893357133
 10
39.76518028468337
 20
64.07988893357133
 10
39.76518028468337
 20
64.07988893357133
 10
37.94619761886046
 20
64.20300693900722
 10
37.94619761886046
 20
64.20300693900722
 10
37.94619761886046
 20
64.20300693900722
 10
37.9516416122981
 20
64.28343814531912
 10
37.9516416122981
 20
64.28343814531912
 10
37.9516416122981
 20
64.28343814531912
 10
38.03001047998661
 20
64.27813374145681
 10
38.03001047998661
 20
64.27813374145681
 10
38.20737160159747
 20
64.26612903797893
 10
38.3419256665426
 20
64.30018395807453
 10
38.43367267482203
 20
64.38029850174361
 10
38.52541968310145
 20
64.46041304541268
 10
38.5772955389801
 20
64.58915087805265
 10
38.58930024245798
 20
64.7665119996635
 10
38.58930024245798
 20
64.7665119996635
 10
38.70278656719652
 20
66.44319330047307
 10
38.70278656719652
 20
66.44319330047307
 10
38.71488433039128
 20
66.62192931449951
 10
38.68119639832879
 20
66.75680383761932
 10
38.60172277100907
 20
66.84781686983251
 10
38.52224914368934
 20
66.9388299020457
 10
38.39314432301627
 20
66.99038529974968
 10
38.21440830898982
 20
67.00248306294444
 10
38.21440830898982
 20
67.00248306294444
 10
38.13603944130131
 20
67.00778746680675
 10
38.13603944130131
 20
67.00778746680675
 10
38.13603944130131
 20
67.00778746680675
 10
38.1412042555883
 20
67.08409399587188
 10
38.1412042555883
 20
67.08409399587188
 10
38.1412042555883
 20
67.08409399587188
 10
40.37471698471101
 20
66.93291848579582
 10
40.37471698471101
 20
66.93291848579582
 10
40.67719331614036
 20
66.9124453480816
 10
40.91493564098256
 20
66.8742546786946
 10
41.08794395923756
 20
66.81834647763479
 10
41.26095227749258
 20
66.76243827657498
 10
41.3954786329631
 20
66.67874852486963
 10
41.49152302564911
 20
66.56727722251873
 10
41.54664183169343
 20
66.50415528082249
 10
41.5889858513663
 20
66.43084847232427
 10
41.61855508466771
 20
66.34735679702406
 10
41.64812431796912
 20
66.26386512172387
 10
41.66021020283022
 20
66.18224740402171
 10
41.65481273925102
 20
66.1025036439176
 10
41.64010930398354
 20
65.8852706422547
 10
41.51554954186121
 20
65.71829020225941
 10
41.28113345288404
 20
65.60156232393174
 10
41.19419404487604
 20
65.56186751694719
 10
41.0773327127342
 20
65.5290321471886
 10
40.93054945645851
 20
65.50305621465601
 10
40.78376620018281
 20
65.47708028212341
 10
40.63846139770842
 20
65.46274440526487
 10
40.49463504903532
 20
65.46004858408038
 10
40.38546018990257
 20
65.45915094722059
 10
40.21950647467357
 20
65.46623996585821
 10
39.99677390334831
 20
65.48131563999321
 10
39.99677390334831
 20
65.48131563999321
 10
39.99621554504702
 20
65.4730662854997
 10
39.99621554504702
 20
65.4730662854997
 10
40.10136783301615
 20
65.39412710253849
 10
40.19704596532032
 20
65.32825989919421
 10
40.28324994195953
 20
65.27546467546684
 10
40.36945391859874
 20
65.22266945173946
 10
40.45683390495937
 20
65.1770458833355
 10
40.54538990104143
 20
65.1385939702549
 10
40.6339458971235
 20
65.10014205717432
 10
40.73508530930884
 20
65.06394611457688
 10
40.84880813759745
 20
65.03000614246255
 10
40.84880813759745
 20
65.03000614246255
 10
40.90988583340285
 20
64.92228275530775
 10
40.90988583340285
 20
64.92228275530775
 10
40.95079041670689
 20
64.8532169487024
 10
40.98112513108101
 20
64.8014408586776
 10
41.00088997652523
 20
64.76695448523336
 10
41.02065482196946
 20
64.73246811178913
 10
41.04353118944356
 20
64.69293696559812
 10
41.06951907894754
 20
64.64836104666036
 10
41.13860297828543
 20
64.52628384718994
 10
41.20495284529539
 20
64.41993010161633
 10
41.26856867997741
 20
64.32929980993949
 10
41.33218451465942
 20
64.23866951826267
 10
41.3855149103966
 20
64.17463273190083
 10
41.42855986718894
 20
64.137189450854
 10
41.51392630637621
 20
64.07202019538633
 10
41.63979051711291
 20
64.0338054547811
 10
41.80615249939905
 20
64.02254522903829
 10
41.80615249939905
 20
64.02254522903829
 10
41.88658370571095
 20
64.01710123560063
 10
41.88658370571095
 20
64.01710123560063
 10
41.88658370571095
 20
64.01710123560063
 10
41.88113971227331
 20
63.93667002928874
 10
41.88113971227331
 20
63.93667002928874
 10
41.88113971227331
 20
63.93667002928874
 10
40.80047427362114
 20
64.0098149667586
 10
40.80047427362114
 20
64.0098149667586
 10
40.80047427362114
 20
64.0098149667586
 10
39.89984398804935
 20
65.48787635003345
 10
39.89984398804935
 20
65.48787635003345
 97
        0
 97
        0
 92
        0
 93
        1
 72
     4
 94
        3
 73
     0
 74
     1
 95
       26
 96
       22
 40
0.0
 40
0.0
 40
0.0
 40
0.0
 40
1.0
 40
1.0
 40
1.0
 40
2.0
 40
2.0
 40
2.0
 40
3.0
 40
3.0
 40
3.0
 40
4.0
 40
4.0
 40
4.0
 40
5.0
 40
5.0
 40
5.0
 40
6.0
 40
6.0
 40
6.0
 40
7.0
 40
7.0
 40
7.0
 40
7.0
 10
39.2574344745944
 20
65.60801400575038
 10
39.2574344745944
 20
65.60801400575038
 10
40.07824524670044
 20
65.55245735477136
 10
40.07824524670044
 20
65.55245735477136
 10
40.27210507729835
 20
65.53933593469088
 10
40.43285415451889
 20
65.55228116663059
 10
40.56049247836206
 20
65.5912930505905
 10
40.68813080220522
 20
65.6303049345504
 10
40.78582167539376
 20
65.69620525547917
 10
40.85356509792766
 20
65.78899401337685
 10
40.92130852046157
 20
65.88178277127452
 10
40.96034504601551
 20
66.00448367928848
 10
40.9706746745895
 20
66.15709673741875
 10
41.00026766455822
 20
66.59431252557573
 10
40.736648445386
 20
66.83176501232299
 10
40.17981701707286
 20
66.8694541976605
 10
40.17981701707286
 20
66.8694541976605
 10
39.34663221322654
 20
66.92584838609147
 10
39.34663221322654
 20
66.92584838609147
 10
39.34663221322654
 20
66.92584838609147
 10
39.2574344745944
 20
65.60801400575038
 10
39.2574344745944
 20
65.60801400575038
 97
        0
 97
        0
 75
     0
 76
     1
 98
        0
  0
SPLINE
  5
69
330
1F
100
AcDbEntity
  8
0
  6
Continuous
 62
     7
420
 16777215
370
     9
100
AcDbSpline
210
0.0
220
0.0
230
1.0
 70
    11
 71
     3
 72
   122
 73
   118
 74
     0
 42
0.000000001
 43
0.0
 40
0.0
 40
0.0
 40
0.0
 40
0.0
 40
1.0
 40
1.0
 40
1.0
 40
2.0
 40
2.0
 40
2.0
 40
3.0
 40
3.0
 40
3.0
 40
4.0
 40
4.0
 40
4.0
 40
5.0
 40
5.0
 40
5.0
 40
6.0
 40
6.0
 40
6.0
 40
7.0
 40
7.0
 40
7.0
 40
8.0
 40
8.0
 40
8.0
 40
9.0
 40
9.0
 40
9.0
 40
10.0
 40
10.0
 40
10.0
 40
11.0
 40
11.0
 40
11.0
 40
12.0
 40
12.0
 40
12.0
 40
13.0
 40
13.0
 40
13.0
 40
14.0
 40
14.0
 40
14.0
 40
15.0
 40
15.0
 40
15.0
 40
16.0
 40
16.0
 40
16.0
 40
17.0
 40
17.0
 40
17.0
 40
18.0
 40
18.0
 40
18.0
 40
19.0
 40
19.0
 40
19.0
 40
20.0
 40
20.0
 40
20.0
 40
21.0
 40
21.0
 40
21.0
 40
22.0
 40
22.0
 40
22.0
 40
23.0
 40
23.0
 40
23.0
 40
24.0
 40
24.0
 40
24.0
 40
25.0
 40
25.0
 40
25.0
 40
26.0
 40
26.0
 40
26.0
 40
27.0
 40
27.0
 40
27.0
 40
28.0
 40
28.0
 40
28.0
 40
29.0
 40
29.0
 40
29.0
 40
30.0
 40
30.0
 40
30.0
 40
31.0
 40
31.0
 40
31.0
 40
32.0
 40
32.0
 40
32.0
 40
33.0
 40
33.0
 40
33.0
 40
34.0
 40
34.0
 40
34.0
 40
35.0
 40
35.0
 40
35.0
 40
36.0
 40
36.0
 40
36.0
 40
37.0
 40
37.0
 40
37.0
 40
38.0
 40
38.0
 40
38.0
 40
39.0
 40
39.0
 40
39.0
 40
39.0
 10
39.89984398804935
 20
65.48787635003345
 30
0.0
 10
39.89984398804935
 20
65.48787635003345
 30
0.0
 10
39.25226966030741
 20
65.53170747668524
 30
0.0
 10
39.25226966030741
 20
65.53170747668524
 30
0.0
 10
39.25226966030741
 20
65.53170747668524
 30
0.0
 10
39.19769013635567
 20
64.72533307494288
 30
0.0
 10
39.19769013635567
 20
64.72533307494288
 30
0.0
 10
39.18577849259467
 20
64.5493468457476
 30
0.0
 10
39.22020040072339
 20
64.41511323897716
 30
0.0
 10
39.30095586074182
 20
64.32263225463149
 30
0.0
 10
39.38171132076025
 20
64.23015127028583
 30
0.0
 10
39.51008216536709
 20
64.17795495623251
 30
0.0
 10
39.68606839456236
 20
64.16604331247152
 30
0.0
 10
39.68606839456236
 20
64.16604331247152
 30
0.0
 10
39.77062427812102
 20
64.16032013988323
 30
0.0
 10
39.77062427812102
 20
64.16032013988323
 30
0.0
 10
39.77062427812102
 20
64.16032013988323
 30
0.0
 10
39.76518028468337
 20
64.07988893357133
 30
0.0
 10
39.76518028468337
 20
64.07988893357133
 30
0.0
 10
39.76518028468337
 20
64.07988893357133
 30
0.0
 10
37.94619761886046
 20
64.20300693900722
 30
0.0
 10
37.94619761886046
 20
64.20300693900722
 30
0.0
 10
37.94619761886046
 20
64.20300693900722
 30
0.0
 10
37.9516416122981
 20
64.28343814531912
 30
0.0
 10
37.9516416122981
 20
64.28343814531912
 30
0.0
 10
37.9516416122981
 20
64.28343814531912
 30
0.0
 10
38.03001047998661
 20
64.27813374145681
 30
0.0
 10
38.03001047998661
 20
64.27813374145681
 30
0.0
 10
38.20737160159747
 20
64.26612903797893
 30
0.0
 10
38.3419256665426
 20
64.30018395807453
 30
0.0
 10
38.43367267482203
 20
64.38029850174361
 30
0.0
 10
38.52541968310145
 20
64.46041304541268
 30
0.0
 10
38.5772955389801
 20
64.58915087805265
 30
0.0
 10
38.58930024245798
 20
64.7665119996635
 30
0.0
 10
38.58930024245798
 20
64.7665119996635
 30
0.0
 10
38.70278656719652
 20
66.44319330047307
 30
0.0
 10
38.70278656719652
 20
66.44319330047307
 30
0.0
 10
38.71488433039128
 20
66.62192931449951
 30
0.0
 10
38.68119639832879
 20
66.75680383761932
 30
0.0
 10
38.60172277100907
 20
66.84781686983251
 30
0.0
 10
38.52224914368934
 20
66.9388299020457
 30
0.0
 10
38.39314432301627
 20
66.99038529974968
 30
0.0
 10
38.21440830898982
 20
67.00248306294444
 30
0.0
 10
38.21440830898982
 20
67.00248306294444
 30
0.0
 10
38.13603944130131
 20
67.00778746680675
 30
0.0
 10
38.13603944130131
 20
67.00778746680675
 30
0.0
 10
38.13603944130131
 20
67.00778746680675
 30
0.0
 10
38.1412042555883
 20
67.08409399587188
 30
0.0
 10
38.1412042555883
 20
67.08409399587188
 30
0.0
 10
38.1412042555883
 20
67.08409399587188
 30
0.0
 10
40.37471698471101
 20
66.93291848579582
 30
0.0
 10
40.37471698471101
 20
66.93291848579582
 30
0.0
 10
40.67719331614036
 20
66.9124453480816
 30
0.0
 10
40.91493564098256
 20
66.8742546786946
 30
0.0
 10
41.08794395923756
 20
66.81834647763479
 30
0.0
 10
41.26095227749258
 20
66.76243827657498
 30
0.0
 10
41.3954786329631
 20
66.67874852486963
 30
0.0
 10
41.49152302564911
 20
66.56727722251873
 30
0.0
 10
41.54664183169343
 20
66.50415528082249
 30
0.0
 10
41.5889858513663
 20
66.43084847232427
 30
0.0
 10
41.61855508466771
 20
66.34735679702406
 30
0.0
 10
41.64812431796912
 20
66.26386512172387
 30
0.0
 10
41.66021020283022
 20
66.18224740402171
 30
0.0
 10
41.65481273925102
 20
66.1025036439176
 30
0.0
 10
41.64010930398354
 20
65.8852706422547
 30
0.0
 10
41.51554954186121
 20
65.71829020225941
 30
0.0
 10
41.28113345288404
 20
65.60156232393174
 30
0.0
 10
41.19419404487604
 20
65.56186751694719
 30
0.0
 10
41.0773327127342
 20
65.5290321471886
 30
0.0
 10
40.93054945645851
 20
65.50305621465601
 30
0.0
 10
40.78376620018281
 20
65.47708028212341
 30
0.0
 10
40.63846139770842
 20
65.46274440526487
 30
0.0
 10
40.49463504903532
 20
65.46004858408038
 30
0.0
 10
40.38546018990257
 20
65.45915094722059
 30
0.0
 10
40.21950647467357
 20
65.46623996585821
 30
0.0
 10
39.99677390334831
 20
65.48131563999321
 30
0.0
 10
39.99677390334831
 20
65.48131563999321
 30
0.0
 10
39.99621554504702
 20
65.4730662854997
 30
0.0
 10
39.99621554504702
 20
65.4730662854997
 30
0.0
 10
40.10136783301615
 20
65.39412710253849
 30
0.0
 10
40.19704596532032
 20
65.32825989919421
 30
0.0
 10
40.28324994195953
 20
65.27546467546684
 30
0.0
 10
40.36945391859874
 20
65.22266945173946
 30
0.0
 10
40.45683390495937
 20
65.1770458833355
 30
0.0
 10
40.54538990104143
 20
65.1385939702549
 30
0.0
 10
40.6339458971235
 20
65.10014205717432
 30
0.0
 10
40.73508530930884
 20
65.06394611457688
 30
0.0
 10
40.84880813759745
 20
65.03000614246255
 30
0.0
 10
40.84880813759745
 20
65.03000614246255
 30
0.0
 10
40.90988583340285
 20
64.92228275530775
 30
0.0
 10
40.90988583340285
 20
64.92228275530775
 30
0.0
 10
40.95079041670689
 20
64.8532169487024
 30
0.0
 10
40.98112513108101
 20
64.8014408586776
 30
0.0
 10
41.00088997652523
 20
64.76695448523336
 30
0.0
 10
41.02065482196946
 20
64.73246811178913
 30
0.0
 10
41.04353118944356
 20
64.69293696559812
 30
0.0
 10
41.06951907894754
 20
64.64836104666036
 30
0.0
 10
41.13860297828543
 20
64.52628384718994
 30
0.0
 10
41.20495284529539
 20
64.41993010161633
 30
0.0
 10
41.26856867997741
 20
64.32929980993949
 30
0.0
 10
41.33218451465942
 20
64.23866951826267
 30
0.0
 10
41.3855149103966
 20
64.17463273190083
 30
0.0
 10
41.42855986718894
 20
64.137189450854
 30
0.0
 10
41.51392630637621
 20
64.07202019538633
 30
0.0
 10
41.63979051711291
 20
64.0338054547811
 30
0.0
 10
41.80615249939905
 20
64.02254522903829
 30
0.0
 10
41.80615249939905
 20
64.02254522903829
 30
0.0
 10
41.88658370571095
 20
64.01710123560063
 30
0.0
 10
41.88658370571095
 20
64.01710123560063
 30
0.0
 10
41.88658370571095
 20
64.01710123560063
 30
0.0
 10
41.88113971227331
 20
63.93667002928874
 30
0.0
 10
41.88113971227331
 20
63.93667002928874
 30
0.0
 10
41.88113971227331
 20
63.93667002928874
 30
0.0
 10
40.80047427362114
 20
64.0098149667586
 30
0.0
 10
40.80047427362114
 20
64.0098149667586
 30
0.0
 10
40.80047427362114
 20
64.0098149667586
 30
0.0
 10
39.89984398804935
 20
65.48787635003345
 30
0.0
 10
39.89984398804935
 20
65.48787635003345
 30
0.0
  0
SPLINE
  5
6A
330
1F
100
AcDbEntity
  8
0
  6
Continuous
 62
     7
420
 16777215
370
     9
100
AcDbSpline
210
0.0
220
0.0
230
1.0
 70
    11
 71
     3
 72
    26
 73
    22
 74
     0
 42
0.000000001
 43
0.0
 40
0.0
 40
0.0
 40
0.0
 40
0.0
 40
1.0
 40
1.0
 40
1.0
 40
2.0
 40
2.0
 40
2.0
 40
3.0
 40
3.0
 40
3.0
 40
4.0
 40
4.0
 40
4.0
 40
5.0
 40
5.0
 40
5.0
 40
6.0
 40
6.0
 40
6.0
 40
7.0
 40
7.0
 40
7.0
 40
7.0
 10
39.2574344745944
 20
65.60801400575038
 30
0.0
 10
39.2574344745944
 20
65.60801400575038
 30
0.0
 10
40.07824524670044
 20
65.55245735477136
 30
0.0
 10
40.07824524670044
 20
65.55245735477136
 30
0.0
 10
40.27210507729835
 20
65.53933593469088
 30
0.0
 10
40.43285415451889
 20
65.55228116663059
 30
0.0
 10
40.56049247836206
 20
65.5912930505905
 30
0.0
 10
40.68813080220522
 20
65.6303049345504
 30
0.0
 10
40.78582167539376
 20
65.69620525547917
 30
0.0
 10
40.85356509792766
 20
65.78899401337685
 30
0.0
 10
40.92130852046157
 20
65.88178277127452
 30
0.0
 10
40.96034504601551
 20
66.00448367928848
 30
0.0
 10
40.9706746745895
 20
66.15709673741875
 30
0.0
 10
41.00026766455822
 20
66.59431252557573
 30
0.0
 10
40.736648445386
 20
66.83176501232299
 30
0.0
 10
40.17981701707286
 20
66.8694541976605
 30
0.0
 10
40.17981701707286
 20
66.8694541976605
 30
0.0
 10
39.34663221322654
 20
66.92584838609147
 30
0.0
 10
39.34663221322654
 20
66.92584838609147
 30
0.0
 10
39.34663221322654
 20
66.92584838609147
 30
0.0
 10
39.2574344745944
 20
65.60801400575038
 30
0.0
 10
39.2574344745944
 20
65.60801400575038
 30
0.0
  0
HATCH
  5
6B
330
1F
100
AcDbEntity
  8
0
 62
     7
420
 16777215
440
 33554687
100
AcDbHatch
 10
0.0
 20
0.0
 30
0.0
210
0.0
220
0.0
230
1.0
  2
SOLID
 70
     1
 71
     1
 91
        1
 92
        0
 93
        1
 72
     4
 94
        3
 73
     0
 74
     1
 95
       77
 96
       73
 40
0.0
 40
0.0
 40
0.0
 40
0.0
 40
1.0
 40
1.0
 40
1.0
 40
2.0
 40
2.0
 40
2.0
 40
3.0
 40
3.0
 40
3.0
 40
4.0
 40
4.0
 40
4.0
 40
5.0
 40
5.0
 40
5.0
 40
6.0
 40
6.0
 40
6.0
 40
7.0
 40
7.0
 40
7.0
 40
8.0
 40
8.0
 40
8.0
 40
9.0
 40
9.0
 40
9.0
 40
10.0
 40
10.0
 40
10.0
 40
11.0
 40
11.0
 40
11.0
 40
12.0
 40
12.0
 40
12.0
 40
13.0
 40
13.0
 40
13.0
 40
14.0
 40
14.0
 40
14.0
 40
15.0
 40
15.0
 40
15.0
 40
16.0
 40
16.0
 40
16.0
 40
17.0
 40
17.0
 40
17.0
 40
18.0
 40
18.0
 40
18.0
 40
19.0
 40
19.0
 40
19.0
 40
20.0
 40
20.0
 40
20.0
 40
21.0
 40
21.0
 40
21.0
 40
22.0
 40
22.0
 40
22.0
 40
23.0
 40
23.0
 40
23.0
 40
24.0
 40
24.0
 40
24.0
 40
24.0
 10
42.1933297377666
 20
63.93095622438467
 10
42.1933297377666
 20
63.93095622438467
 10
42.27287182134982
 20
63.91784619186848
 10
42.27287182134982
 20
63.91784619186848
 10
42.44827231335385
 20
63.88893688939688
 10
42.58546621111838
 20
63.90996944492766
 10
42.68445351464339
 20
63.98094385846082
 10
42.78344081816841
 20
64.05191827199397
 10
42.84738912116671
 20
64.17510572476256
 10
42.87629842363831
 20
64.3505062167666
 10
42.89927754200652
 20
64.42213685357625
 10
42.91847655183632
 20
64.48566158499288
 10
42.93389545312771
 20
64.54108041101648
 10
42.9493143544191
 20
64.59649923704009
 10
42.96369841039129
 20
64.66046840594238
 10
42.97704762104426
 20
64.73298791772334
 10
42.99039683169725
 20
64.8055074295043
 10
43.00546776651287
 20
64.89694683328159
 10
43.02226042549113
 20
65.00730612905522
 10
43.09346491756299
 20
65.47321779940613
 10
43.13757453358156
 20
65.82557996774531
 10
43.15458927354685
 20
66.06439263407277
 10
43.16211832952349
 20
66.16091581434496
 10
43.15903539502472
 20
66.23754028308159
 10
43.14534047005049
 20
66.29426604028266
 10
43.13164554507627
 20
66.35099179748374
 10
43.10527647649664
 20
66.40072839613725
 10
43.06623326431159
 20
66.4434758362432
 10
42.99652910548021
 20
66.52898579147195
 10
42.88009540187661
 20
66.58518695628243
 10
42.71693215350076
 20
66.61207933067462
 10
42.71693215350076
 20
66.61207933067462
 10
42.63739006991754
 20
66.6251893631908
 10
42.63739006991754
 20
66.6251893631908
 10
42.63739006991754
 20
66.6251893631908
 10
42.64982779307392
 20
66.70065236556462
 10
42.64982779307392
 20
66.70065236556462
 10
42.64982779307392
 20
66.70065236556462
 10
44.44462352520821
 20
66.4048362472506
 10
44.44462352520821
 20
66.4048362472506
 10
44.44462352520821
 20
66.4048362472506
 10
44.43218580205183
 20
66.32937324487678
 10
44.43218580205183
 20
66.32937324487678
 10
44.43218580205183
 20
66.32937324487678
 10
44.35264371846861
 20
66.34248327739297
 10
44.35264371846861
 20
66.34248327739297
 10
44.17724322646458
 20
66.37139257986456
 10
44.04044527791415
 20
66.35064392198791
 10
43.94224987281734
 20
66.28023730376303
 10
43.84405446772052
 20
66.20983068553814
 10
43.78039006237634
 20
66.08624728355544
 10
43.7512566567848
 20
65.90948709781495
 10
43.7512566567848
 20
65.90948709781495
 10
43.47796290202424
 20
64.25134058619543
 10
43.47796290202424
 20
64.25134058619543
 10
43.44905359955264
 20
64.07594009419138
 10
43.47008615508341
 20
63.93874619642686
 10
43.54106056861658
 20
63.83975889290185
 10
43.61203498214974
 20
63.74077158937683
 10
43.7345425880501
 20
63.6769353379385
 10
43.90858338631767
 20
63.64825013858683
 10
43.90858338631767
 20
63.64825013858683
 10
43.98812546990089
 20
63.63514010607064
 10
43.98812546990089
 20
63.63514010607064
 10
43.98812546990089
 20
63.63514010607064
 10
43.9750154373847
 20
63.55559802248742
 10
43.9750154373847
 20
63.55559802248742
 10
43.9750154373847
 20
63.55559802248742
 10
42.18021970525041
 20
63.85141414080145
 10
42.18021970525041
 20
63.85141414080145
 10
42.18021970525041
 20
63.85141414080145
 10
42.1933297377666
 20
63.93095622438467
 10
42.1933297377666
 20
63.93095622438467
 97
        0
 97
        0
 75
     0
 76
     1
 98
        0
  0
SPLINE
  5
6C
330
1F
100
AcDbEntity
  8
0
  6
Continuous
 62
     7
420
 16777215
370
     9
100
AcDbSpline
210
0.0
220
0.0
230
1.0
 70
    11
 71
     3
 72
    77
 73
    73
 74
     0
 42
0.000000001
 43
0.0
 40
0.0
 40
0.0
 40
0.0
 40
0.0
 40
1.0
 40
1.0
 40
1.0
 40
2.0
 40
2.0
 40
2.0
 40
3.0
 40
3.0
 40
3.0
 40
4.0
 40
4.0
 40
4.0
 40
5.0
 40
5.0
 40
5.0
 40
6.0
 40
6.0
 40
6.0
 40
7.0
 40
7.0
 40
7.0
 40
8.0
 40
8.0
 40
8.0
 40
9.0
 40
9.0
 40
9.0
 40
10.0
 40
10.0
 40
10.0
 40
11.0
 40
11.0
 40
11.0
 40
12.0
 40
12.0
 40
12.0
 40
13.0
 40
13.0
 40
13.0
 40
14.0
 40
14.0
 40
14.0
 40
15.0
 40
15.0
 40
15.0
 40
16.0
 40
16.0
 40
16.0
 40
17.0
 40
17.0
 40
17.0
 40
18.0
 40
18.0
 40
18.0
 40
19.0
 40
19.0
 40
19.0
 40
20.0
 40
20.0
 40
20.0
 40
21.0
 40
21.0
 40
21.0
 40
22.0
 40
22.0
 40
22.0
 40
23.0
 40
23.0
 40
23.0
 40
24.0
 40
24.0
 40
24.0
 40
24.0
 10
42.1933297377666
 20
63.93095622438467
 30
0.0
 10
42.1933297377666
 20
63.93095622438467
 30
0.0
 10
42.27287182134982
 20
63.91784619186848
 30
0.0
 10
42.27287182134982
 20
63.91784619186848
 30
0.0
 10
42.44827231335385
 20
63.88893688939688
 30
0.0
 10
42.58546621111838
 20
63.90996944492766
 30
0.0
 10
42.68445351464339
 20
63.98094385846082
 30
0.0
 10
42.78344081816841
 20
64.05191827199397
 30
0.0
 10
42.84738912116671
 20
64.17510572476256
 30
0.0
 10
42.87629842363831
 20
64.3505062167666
 30
0.0
 10
42.89927754200652
 20
64.42213685357625
 30
0.0
 10
42.91847655183632
 20
64.48566158499288
 30
0.0
 10
42.93389545312771
 20
64.54108041101648
 30
0.0
 10
42.9493143544191
 20
64.59649923704009
 30
0.0
 10
42.96369841039129
 20
64.66046840594238
 30
0.0
 10
42.97704762104426
 20
64.73298791772334
 30
0.0
 10
42.99039683169725
 20
64.8055074295043
 30
0.0
 10
43.00546776651287
 20
64.89694683328159
 30
0.0
 10
43.02226042549113
 20
65.00730612905522
 30
0.0
 10
43.09346491756299
 20
65.47321779940613
 30
0.0
 10
43.13757453358156
 20
65.82557996774531
 30
0.0
 10
43.15458927354685
 20
66.06439263407277
 30
0.0
 10
43.16211832952349
 20
66.16091581434496
 30
0.0
 10
43.15903539502472
 20
66.23754028308159
 30
0.0
 10
43.14534047005049
 20
66.29426604028266
 30
0.0
 10
43.13164554507627
 20
66.35099179748374
 30
0.0
 10
43.10527647649664
 20
66.40072839613725
 30
0.0
 10
43.06623326431159
 20
66.4434758362432
 30
0.0
 10
42.99652910548021
 20
66.52898579147195
 30
0.0
 10
42.88009540187661
 20
66.58518695628243
 30
0.0
 10
42.71693215350076
 20
66.61207933067462
 30
0.0
 10
42.71693215350076
 20
66.61207933067462
 30
0.0
 10
42.63739006991754
 20
66.6251893631908
 30
0.0
 10
42.63739006991754
 20
66.6251893631908
 30
0.0
 10
42.63739006991754
 20
66.6251893631908
 30
0.0
 10
42.64982779307392
 20
66.70065236556462
 30
0.0
 10
42.64982779307392
 20
66.70065236556462
 30
0.0
 10
42.64982779307392
 20
66.70065236556462
 30
0.0
 10
44.44462352520821
 20
66.4048362472506
 30
0.0
 10
44.44462352520821
 20
66.4048362472506
 30
0.0
 10
44.44462352520821
 20
66.4048362472506
 30
0.0
 10
44.43218580205183
 20
66.32937324487678
 30
0.0
 10
44.43218580205183
 20
66.32937324487678
 30
0.0
 10
44.43218580205183
 20
66.32937324487678
 30
0.0
 10
44.35264371846861
 20
66.34248327739297
 30
0.0
 10
44.35264371846861
 20
66.34248327739297
 30
0.0
 10
44.17724322646458
 20
66.37139257986456
 30
0.0
 10
44.04044527791415
 20
66.35064392198791
 30
0.0
 10
43.94224987281734
 20
66.28023730376303
 30
0.0
 10
43.84405446772052
 20
66.20983068553814
 30
0.0
 10
43.78039006237634
 20
66.08624728355544
 30
0.0
 10
43.7512566567848
 20
65.90948709781495
 30
0.0
 10
43.7512566567848
 20
65.90948709781495
 30
0.0
 10
43.47796290202424
 20
64.25134058619543
 30
0.0
 10
43.47796290202424
 20
64.25134058619543
 30
0.0
 10
43.44905359955264
 20
64.07594009419138
 30
0.0
 10
43.47008615508341
 20
63.93874619642686
 30
0.0
 10
43.54106056861658
 20
63.83975889290185
 30
0.0
 10
43.61203498214974
 20
63.74077158937683
 30
0.0
 10
43.7345425880501
 20
63.6769353379385
 30
0.0
 10
43.90858338631767
 20
63.64825013858683
 30
0.0
 10
43.90858338631767
 20
63.64825013858683
 30
0.0
 10
43.98812546990089
 20
63.63514010607064
 30
0.0
 10
43.98812546990089
 20
63.63514010607064
 30
0.0
 10
43.98812546990089
 20
63.63514010607064
 30
0.0
 10
43.9750154373847
 20
63.55559802248742
 30
0.0
 10
43.9750154373847
 20
63.55559802248742
 30
0.0
 10
43.9750154373847
 20
63.55559802248742
 30
0.0
 10
42.18021970525041
 20
63.85141414080145
 30
0.0
 10
42.18021970525041
 20
63.85141414080145
 30
0.0
 10
42.18021970525041
 20
63.85141414080145
 30
0.0
 10
42.1933297377666
 20
63.93095622438467
 30
0.0
 10
42.1933297377666
 20
63.93095622438467
 30
0.0
  0
HATCH
  5
6D
330
1F
100
AcDbEntity
  8
0
 62
     7
420
 16777215
440
 33554687
100
AcDbHatch
 10
0.0
 20
0.0
 30
0.0
210
0.0
220
0.0
230
1.0
  2
SOLID
 70
     1
 71
     1
 91
        2
 92
        0
 93
        1
 72
     4
 94
        3
 73
     0
 74
     1
 95
      122
 96
      118
 40
0.0
 40
0.0
 40
0.0
 40
0.0
 40
1.0
 40
1.0
 40
1.0
 40
2.0
 40
2.0
 40
2.0
 40
3.0
 40
3.0
 40
3.0
 40
4.0
 40
4.0
 40
4.0
 40
5.0
 40
5.0
 40
5.0
 40
6.0
 40
6.0
 40
6.0
 40
7.0
 40
7.0
 40
7.0
 40
8.0
 40
8.0
 40
8.0
 40
9.0
 40
9.0
 40
9.0
 40
10.0
 40
10.0
 40
10.0
 40
11.0
 40
11.0
 40
11.0
 40
12.0
 40
12.0
 40
12.0
 40
13.0
 40
13.0
 40
13.0
 40
14.0
 40
14.0
 40
14.0
 40
15.0
 40
15.0
 40
15.0
 40
16.0
 40
16.0
 40
16.0
 40
17.0
 40
17.0
 40
17.0
 40
18.0
 40
18.0
 40
18.0
 40
19.0
 40
19.0
 40
19.0
 40
20.0
 40
20.0
 40
20.0
 40
21.0
 40
21.0
 40
21.0
 40
22.0
 40
22.0
 40
22.0
 40
23.0
 40
23.0
 40
23.0
 40
24.0
 40
24.0
 40
24.0
 40
25.0
 40
25.0
 40
25.0
 40
26.0
 40
26.0
 40
26.0
 40
27.0
 40
27.0
 40
27.0
 40
28.0
 40
28.0
 40
28.0
 40
29.0
 40
29.0
 40
29.0
 40
30.0
 40
30.0
 40
30.0
 40
31.0
 40
31.0
 40
31.0
 40
32.0
 40
32.0
 40
32.0
 40
33.0
 40
33.0
 40
33.0
 40
34.0
 40
34.0
 40
34.0
 40
35.0
 40
35.0
 40
35.0
 40
36.0
 40
36.0
 40
36.0
 40
37.0
 40
37.0
 40
37.0
 40
38.0
 40
38.0
 40
38.0
 40
39.0
 40
39.0
 40
39.0
 40
39.0
 10
46.55661384568159
 20
64.39964347733273
 10
46.55661384568159
 20
64.39964347733273
 10
45.93001523260009
 20
64.56890025178606
 10
45.93001523260009
 20
64.56890025178606
 10
45.93001523260009
 20
64.56890025178606
 10
45.71925281600376
 20
63.78864529091069
 10
45.71925281600376
 20
63.78864529091069
 10
45.67325522124787
 20
63.61835946824735
 10
45.68084297995652
 20
63.47999055966017
 10
45.74201609212972
 20
63.37353856514914
 10
45.80318920430291
 20
63.26708657063811
 10
45.91891867172118
 20
63.19086177600465
 10
46.08920449438452
 20
63.14486418124876
 10
46.08920449438452
 20
63.14486418124876
 10
46.17102151074229
 20
63.12276377439339
 10
46.17102151074229
 20
63.12276377439339
 10
46.17102151074229
 20
63.12276377439339
 10
46.14999917251401
 20
63.04493783200429
 10
46.14999917251401
 20
63.04493783200429
 10
46.14999917251401
 20
63.04493783200429
 10
44.38993555232967
 20
63.52036609655151
 10
44.38993555232967
 20
63.52036609655151
 10
44.38993555232967
 20
63.52036609655151
 10
44.41095789055795
 20
63.59819203894062
 10
44.41095789055795
 20
63.59819203894062
 10
44.41095789055795
 20
63.59819203894062
 10
44.48678829596272
 20
63.57770873502589
 10
44.48678829596272
 20
63.57770873502589
 10
44.65840447661562
 20
63.53135178406096
 10
44.79701613564793
 20
63.53851711421997
 10
44.90262327305966
 20
63.5992047255029
 10
45.0082304104714
 20
63.65989233678583
 10
45.08421245465973
 20
63.77604423275375
 10
45.13056940562465
 20
63.94766041340664
 10
45.13056940562465
 20
63.94766041340664
 10
45.56880430253722
 20
65.57003198167179
 10
45.56880430253722
 20
65.57003198167179
 10
45.61552060971118
 20
65.74297852031424
 10
45.60877770810182
 20
65.8818329297917
 10
45.54857559770915
 20
65.98659521010413
 10
45.48837348731648
 20
66.09135749041657
 10
45.37179916279892
 20
66.16709678415977
 10
45.19885262415647
 20
66.21381309133372
 10
45.19885262415647
 20
66.21381309133372
 10
45.1230222187517
 20
66.23429639524845
 10
45.1230222187517
 20
66.23429639524845
 10
45.1230222187517
 20
66.23429639524845
 10
45.14296648835289
 20
66.30813126366888
 10
45.14296648835289
 20
66.30813126366888
 10
45.14296648835289
 20
66.30813126366888
 10
47.30413304238876
 20
65.72435710209899
 10
47.30413304238876
 20
65.72435710209899
 10
47.59681180009137
 20
65.6452987361123
 10
47.82254439092986
 20
65.56148502790809
 10
47.98133081490423
 20
65.47291597748637
 10
48.14011723887859
 20
65.38434692706464
 10
48.25574333953102
 20
65.27603294041195
 10
48.3282091168615
 20
65.14797401752833
 10
48.36996219342416
 20
65.07531630698905
 10
48.39719978790594
 20
64.99516009936234
 10
48.40992190030686
 20
64.90750539464818
 10
48.42264401270779
 20
64.81985068993401
 10
48.41858373884636
 20
64.73744295587977
 10
48.3977410787226
 20
64.66028219248545
 10
48.34096279769579
 20
64.45008563013539
 10
48.18623520400523
 20
64.31059737460211
 10
47.93355829765091
 20
64.24181742588559
 10
47.84054770538992
 20
64.21983634098106
 10
47.71952698409025
 20
64.21041734563863
 10
47.57049613375194
 20
64.21356043985834
 10
47.42146528341363
 20
64.21670353407805
 10
47.27615413984687
 20
64.23097499310447
 10
47.13456270305163
 20
64.25637481693761
 10
47.02730828462241
 20
64.27678180951366
 10
46.86592207825367
 20
64.31609315873317
 10
46.65040408394538
 20
64.37430886459609
 10
46.65040408394538
 20
64.37430886459609
 10
46.64824794669119
 20
64.36632671665875
 10
46.64824794669119
 20
64.36632671665875
 10
46.7359900629862
 20
64.26839960447933
 10
46.8169887002408
 20
64.18514088577366
 10
46.891243858455
 20
64.11655056054174
 10
46.96549901666919
 20
64.04796023530982
 10
47.04230597397557
 20
63.98617461141855
 10
47.12166473037414
 20
63.93119368886794
 10
47.2010234867727
 20
63.87621276631734
 10
47.29316401654761
 20
63.82099094336196
 10
47.39808631969885
 20
63.76552822000183
 10
47.39808631969885
 20
63.76552822000183
 10
47.43698732450466
 20
63.64796323843802
 10
47.43698732450466
 20
63.64796323843802
 10
47.46364004012658
 20
63.57224730004126
 10
47.48329698734564
 20
63.51555018529596
 10
47.49595816616183
 20
63.4778718942021
 10
47.50861934497802
 20
63.44019360310823
 10
47.52334867203649
 20
63.39696066852834
 10
47.54014614733726
 20
63.34817309046242
 10
47.58410091698488
 20
63.21496871364435
 10
47.62843995951282
 20
63.09771909378363
 10
47.67316327492106
 20
62.99642423088027
 10
47.7178865903293
 20
62.89512936797689
 10
47.75770720224825
 20
62.82192308420674
 10
47.79262511067787
 20
62.77680537956981
 10
47.8636460630108
 20
62.69624183243187
 10
47.97964319754547
 20
62.63421900821655
 10
48.14061651428191
 20
62.59073690692387
 10
48.14061651428191
 20
62.59073690692387
 10
48.21844245667101
 20
62.56971456869559
 10
48.21844245667101
 20
62.56971456869559
 10
48.21844245667101
 20
62.56971456869559
 10
48.19742011844273
 20
62.49188862630649
 10
48.19742011844273
 20
62.49188862630649
 10
48.19742011844273
 20
62.49188862630649
 10
47.15175873865067
 20
62.77434260660439
 10
47.15175873865067
 20
62.77434260660439
 10
47.15175873865067
 20
62.77434260660439
 10
46.55661384568159
 20
64.39964347733273
 10
46.55661384568159
 20
64.39964347733273
 97
        0
 97
        0
 92
        0
 93
        1
 72
     4
 94
        3
 73
     0
 74
     1
 95
       26
 96
       22
 40
0.0
 40
0.0
 40
0.0
 40
0.0
 40
1.0
 40
1.0
 40
1.0
 40
2.0
 40
2.0
 40
2.0
 40
3.0
 40
3.0
 40
3.0
 40
4.0
 40
4.0
 40
4.0
 40
5.0
 40
5.0
 40
5.0
 40
6.0
 40
6.0
 40
6.0
 40
7.0
 40
7.0
 40
7.0
 40
7.0
 10
45.94995950220127
 20
64.64273512020648
 10
45.94995950220127
 20
64.64273512020648
 10
46.74418322196701
 20
64.42819946341534
 10
46.74418322196701
 20
64.42819946341534
 10
46.93176369849458
 20
64.37753023794204
 10
47.09195153039162
 20
64.35888343206663
 10
47.2247467176581
 20
64.37225904578912
 10
47.3575419049246
 20
64.3856346595116
 10
47.46620727019381
 20
64.4312219098538
 10
47.55074281346575
 20
64.50902079681573
 10
47.6352783567377
 20
64.58681968377768
 10
47.69749039797486
 20
64.69955399567908
 10
47.73737893717723
 20
64.84722373251994
 10
47.85165421164891
 20
65.27027757319917
 10
47.63939435599938
 20
65.55457412586745
 10
47.10059937022866
 20
65.70011339052475
 10
47.10059937022866
 20
65.70011339052475
 10
46.29440242855693
 20
65.91788325319718
 10
46.29440242855693
 20
65.91788325319718
 10
46.29440242855693
 20
65.91788325319718
 10
45.94995950220127
 20
64.64273512020648
 10
45.94995950220127
 20
64.64273512020648
 97
        0
 97
        0
 75
     0
 76
     1
 98
        0
  0
SPLINE
  5
6E
330
1F
100
AcDbEntity
  8
0
  6
Continuous
 62
     7
420
 16777215
370
     9
100
AcDbSpline
210
0.0
220
0.0
230
1.0
 70
    11
 71
     3
 72
   122
 73
   118
 74
     0
 42
0.000000001
 43
0.0
 40
0.0
 40
0.0
 40
0.0
 40
0.0
 40
1.0
 40
1.0
 40
1.0
 40
2.0
 40
2.0
 40
2.0
 40
3.0
 40
3.0
 40
3.0
 40
4.0
 40
4.0
 40
4.0
 40
5.0
 40
5.0
 40
5.0
 40
6.0
 40
6.0
 40
6.0
 40
7.0
 40
7.0
 40
7.0
 40
8.0
 40
8.0
 40
8.0
 40
9.0
 40
9.0
 40
9.0
 40
10.0
 40
10.0
 40
10.0
 40
11.0
 40
11.0
 40
11.0
 40
12.0
 40
12.0
 40
12.0
 40
13.0
 40
13.0
 40
13.0
 40
14.0
 40
14.0
 40
14.0
 40
15.0
 40
15.0
 40
15.0
 40
16.0
 40
16.0
 40
16.0
 40
17.0
 40
17.0
 40
17.0
 40
18.0
 40
18.0
 40
18.0
 40
19.0
 40
19.0
 40
19.0
 40
20.0
 40
20.0
 40
20.0
 40
21.0
 40
21.0
 40
21.0
 40
22.0
 40
22.0
 40
22.0
 40
23.0
 40
23.0
 40
23.0
 40
24.0
 40
24.0
 40
24.0
 40
25.0
 40
25.0
 40
25.0
 40
26.0
 40
26.0
 40
26.0
 40
27.0
 40
27.0
 40
27.0
 40
28.0
 40
28.0
 40
28.0
 40
29.0
 40
29.0
 40
29.0
 40
30.0
 40
30.0
 40
30.0
 40
31.0
 40
31.0
 40
31.0
 40
32.0
 40
32.0
 40
32.0
 40
33.0
 40
33.0
 40
33.0
 40
34.0
 40
34.0
 40
34.0
 40
35.0
 40
35.0
 40
35.0
 40
36.0
 40
36.0
 40
36.0
 40
37.0
 40
37.0
 40
37.0
 40
38.0
 40
38.0
 40
38.0
 40
39.0
 40
39.0
 40
39.0
 40
39.0
 10
46.55661384568159
 20
64.39964347733273
 30
0.0
 10
46.55661384568159
 20
64.39964347733273
 30
0.0
 10
45.93001523260009
 20
64.56890025178606
 30
0.0
 10
45.93001523260009
 20
64.56890025178606
 30
0.0
 10
45.93001523260009
 20
64.56890025178606
 30
0.0
 10
45.71925281600376
 20
63.78864529091069
 30
0.0
 10
45.71925281600376
 20
63.78864529091069
 30
0.0
 10
45.67325522124787
 20
63.61835946824735
 30
0.0
 10
45.68084297995652
 20
63.47999055966017
 30
0.0
 10
45.74201609212972
 20
63.37353856514914
 30
0.0
 10
45.80318920430291
 20
63.26708657063811
 30
0.0
 10
45.91891867172118
 20
63.19086177600465
 30
0.0
 10
46.08920449438452
 20
63.14486418124876
 30
0.0
 10
46.08920449438452
 20
63.14486418124876
 30
0.0
 10
46.17102151074229
 20
63.12276377439339
 30
0.0
 10
46.17102151074229
 20
63.12276377439339
 30
0.0
 10
46.17102151074229
 20
63.12276377439339
 30
0.0
 10
46.14999917251401
 20
63.04493783200429
 30
0.0
 10
46.14999917251401
 20
63.04493783200429
 30
0.0
 10
46.14999917251401
 20
63.04493783200429
 30
0.0
 10
44.38993555232967
 20
63.52036609655151
 30
0.0
 10
44.38993555232967
 20
63.52036609655151
 30
0.0
 10
44.38993555232967
 20
63.52036609655151
 30
0.0
 10
44.41095789055795
 20
63.59819203894062
 30
0.0
 10
44.41095789055795
 20
63.59819203894062
 30
0.0
 10
44.41095789055795
 20
63.59819203894062
 30
0.0
 10
44.48678829596272
 20
63.57770873502589
 30
0.0
 10
44.48678829596272
 20
63.57770873502589
 30
0.0
 10
44.65840447661562
 20
63.53135178406096
 30
0.0
 10
44.79701613564793
 20
63.53851711421997
 30
0.0
 10
44.90262327305966
 20
63.5992047255029
 30
0.0
 10
45.0082304104714
 20
63.65989233678583
 30
0.0
 10
45.08421245465973
 20
63.77604423275375
 30
0.0
 10
45.13056940562465
 20
63.94766041340664
 30
0.0
 10
45.13056940562465
 20
63.94766041340664
 30
0.0
 10
45.56880430253722
 20
65.57003198167179
 30
0.0
 10
45.56880430253722
 20
65.57003198167179
 30
0.0
 10
45.61552060971118
 20
65.74297852031424
 30
0.0
 10
45.60877770810182
 20
65.8818329297917
 30
0.0
 10
45.54857559770915
 20
65.98659521010413
 30
0.0
 10
45.48837348731648
 20
66.09135749041657
 30
0.0
 10
45.37179916279892
 20
66.16709678415977
 30
0.0
 10
45.19885262415647
 20
66.21381309133372
 30
0.0
 10
45.19885262415647
 20
66.21381309133372
 30
0.0
 10
45.1230222187517
 20
66.23429639524845
 30
0.0
 10
45.1230222187517
 20
66.23429639524845
 30
0.0
 10
45.1230222187517
 20
66.23429639524845
 30
0.0
 10
45.14296648835289
 20
66.30813126366888
 30
0.0
 10
45.14296648835289
 20
66.30813126366888
 30
0.0
 10
45.14296648835289
 20
66.30813126366888
 30
0.0
 10
47.30413304238876
 20
65.72435710209899
 30
0.0
 10
47.30413304238876
 20
65.72435710209899
 30
0.0
 10
47.59681180009137
 20
65.6452987361123
 30
0.0
 10
47.82254439092986
 20
65.56148502790809
 30
0.0
 10
47.98133081490423
 20
65.47291597748637
 30
0.0
 10
48.14011723887859
 20
65.38434692706464
 30
0.0
 10
48.25574333953102
 20
65.27603294041195
 30
0.0
 10
48.3282091168615
 20
65.14797401752833
 30
0.0
 10
48.36996219342416
 20
65.07531630698905
 30
0.0
 10
48.39719978790594
 20
64.99516009936234
 30
0.0
 10
48.40992190030686
 20
64.90750539464818
 30
0.0
 10
48.42264401270779
 20
64.81985068993401
 30
0.0
 10
48.41858373884636
 20
64.73744295587977
 30
0.0
 10
48.3977410787226
 20
64.66028219248545
 30
0.0
 10
48.34096279769579
 20
64.45008563013539
 30
0.0
 10
48.18623520400523
 20
64.31059737460211
 30
0.0
 10
47.93355829765091
 20
64.24181742588559
 30
0.0
 10
47.84054770538992
 20
64.21983634098106
 30
0.0
 10
47.71952698409025
 20
64.21041734563863
 30
0.0
 10
47.57049613375194
 20
64.21356043985834
 30
0.0
 10
47.42146528341363
 20
64.21670353407805
 30
0.0
 10
47.27615413984687
 20
64.23097499310447
 30
0.0
 10
47.13456270305163
 20
64.25637481693761
 30
0.0
 10
47.02730828462241
 20
64.27678180951366
 30
0.0
 10
46.86592207825367
 20
64.31609315873317
 30
0.0
 10
46.65040408394538
 20
64.37430886459609
 30
0.0
 10
46.65040408394538
 20
64.37430886459609
 30
0.0
 10
46.64824794669119
 20
64.36632671665875
 30
0.0
 10
46.64824794669119
 20
64.36632671665875
 30
0.0
 10
46.7359900629862
 20
64.26839960447933
 30
0.0
 10
46.8169887002408
 20
64.18514088577366
 30
0.0
 10
46.891243858455
 20
64.11655056054174
 30
0.0
 10
46.96549901666919
 20
64.04796023530982
 30
0.0
 10
47.04230597397557
 20
63.98617461141855
 30
0.0
 10
47.12166473037414
 20
63.93119368886794
 30
0.0
 10
47.2010234867727
 20
63.87621276631734
 30
0.0
 10
47.29316401654761
 20
63.82099094336196
 30
0.0
 10
47.39808631969885
 20
63.76552822000183
 30
0.0
 10
47.39808631969885
 20
63.76552822000183
 30
0.0
 10
47.43698732450466
 20
63.64796323843802
 30
0.0
 10
47.43698732450466
 20
63.64796323843802
 30
0.0
 10
47.46364004012658
 20
63.57224730004126
 30
0.0
 10
47.48329698734564
 20
63.51555018529596
 30
0.0
 10
47.49595816616183
 20
63.4778718942021
 30
0.0
 10
47.50861934497802
 20
63.44019360310823
 30
0.0
 10
47.52334867203649
 20
63.39696066852834
 30
0.0
 10
47.54014614733726
 20
63.34817309046242
 30
0.0
 10
47.58410091698488
 20
63.21496871364435
 30
0.0
 10
47.62843995951282
 20
63.09771909378363
 30
0.0
 10
47.67316327492106
 20
62.99642423088027
 30
0.0
 10
47.7178865903293
 20
62.89512936797689
 30
0.0
 10
47.75770720224825
 20
62.82192308420674
 30
0.0
 10
47.79262511067787
 20
62.77680537956981
 30
0.0
 10
47.8636460630108
 20
62.69624183243187
 30
0.0
 10
47.97964319754547
 20
62.63421900821655
 30
0.0
 10
48.14061651428191
 20
62.59073690692387
 30
0.0
 10
48.14061651428191
 20
62.59073690692387
 30
0.0
 10
48.21844245667101
 20
62.56971456869559
 30
0.0
 10
48.21844245667101
 20
62.56971456869559
 30
0.0
 10
48.21844245667101
 20
62.56971456869559
 30
0.0
 10
48.19742011844273
 20
62.49188862630649
 30
0.0
 10
48.19742011844273
 20
62.49188862630649
 30
0.0
 10
48.19742011844273
 20
62.49188862630649
 30
0.0
 10
47.15175873865067
 20
62.77434260660439
 30
0.0
 10
47.15175873865067
 20
62.77434260660439
 30
0.0
 10
47.15175873865067
 20
62.77434260660439
 30
0.0
 10
46.55661384568159
 20
64.39964347733273
 30
0.0
 10
46.55661384568159
 20
64.39964347733273
 30
0.0
  0
SPLINE
  5
6F
330
1F
100
AcDbEntity
  8
0
  6
Continuous
 62
     7
420
 16777215
370
     9
100
AcDbSpline
210
0.0
220
0.0
230
1.0
 70
    11
 71
     3
 72
    26
 73
    22
 74
     0
 42
0.000000001
 43
0.0
 40
0.0
 40
0.0
 40
0.0
 40
0.0
 40
1.0
 40
1.0
 40
1.0
 40
2.0
 40
2.0
 40
2.0
 40
3.0
 40
3.0
 40
3.0
 40
4.0
 40
4.0
 40
4.0
 40
5.0
 40
5.0
 40
5.0
 40
6.0
 40
6.0
 40
6.0
 40
7.0
 40
7.0
 40
7.0
 40
7.0
 10
45.94995950220127
 20
64.64273512020648
 30
0.0
 10
45.94995950220127
 20
64.64273512020648
 30
0.0
 10
46.74418322196701
 20
64.42819946341534
 30
0.0
 10
46.74418322196701
 20
64.42819946341534
 30
0.0
 10
46.93176369849458
 20
64.37753023794204
 30
0.0
 10
47.09195153039162
 20
64.35888343206663
 30
0.0
 10
47.2247467176581
 20
64.37225904578912
 30
0.0
 10
47.3575419049246
 20
64.3856346595116
 30
0.0
 10
47.46620727019381
 20
64.4312219098538
 30
0.0
 10
47.55074281346575
 20
64.50902079681573
 30
0.0
 10
47.6352783567377
 20
64.58681968377768
 30
0.0
 10
47.69749039797486
 20
64.69955399567908
 30
0.0
 10
47.73737893717723
 20
64.84722373251994
 30
0.0
 10
47.85165421164891
 20
65.27027757319917
 30
0.0
 10
47.63939435599938
 20
65.55457412586745
 30
0.0
 10
47.10059937022866
 20
65.70011339052475
 30
0.0
 10
47.10059937022866
 20
65.70011339052475
 30
0.0
 10
46.29440242855693
 20
65.91788325319718
 30
0.0
 10
46.29440242855693
 20
65.91788325319718
 30
0.0
 10
46.29440242855693
 20
65.91788325319718
 30
0.0
 10
45.94995950220127
 20
64.64273512020648
 30
0.0
 10
45.94995950220127
 20
64.64273512020648
 30
0.0
  0
HATCH
  5
70
330
1F
100
AcDbEntity
  8
0
 62
     7
420
 16777215
440
 33554687
100
AcDbHatch
 10
0.0
 20
0.0
 30
0.0
210
0.0
220
0.0
230
1.0
  2
SOLID
 70
     1
 71
     1
 91
        1
 92
        0
 93
        1
 72
     4
 94
        3
 73
     0
 74
     1
 95
       11
 96
        7
 40
0.0
 40
0.0
 40
0.0
 40
0.0
 40
1.0
 40
1.0
 40
1.0
 40
2.0
 40
2.0
 40
2.0
 40
2.0
 10
58.16228677841414
 20
57.59386147638233
 10
59.98998072356088
 20
56.8614230330684
 10
62.26915717733306
 20
53.78305519059825
 10
62.26915717733306
 20
53.78305519059825
 10
62.26915717733306
 20
53.78305519059825
 10
58.16228677841414
 20
57.59386147638233
 10
58.16228677841414
 20
57.59386147638233
 97
        0
 97
        0
 75
     0
 76
     1
 98
        0
  0
SPLINE
  5
71
330
1F
100
AcDbEntity
  8
0
  6
Continuous
 62
     7
420
 16777215
370
    60
100
AcDbSpline
210
0.0
220
0.0
230
1.0
 70
     8
 71
     3
 72
     8
 73
     4
 74
     0
 42
0.000000001
 43
0.0
 40
0.0
 40
0.0
 40
0.0
 40
0.0
 40
1.0
 40
1.0
 40
1.0
 40
1.0
 10
58.16228677841414
 20
57.59386147638233
 30
0.0
 10
59.98998072356088
 20
56.8614230330684
 30
0.0
 10
62.26915717733306
 20
53.78305519059825
 30
0.0
 10
62.26915717733306
 20
53.78305519059825
 30
0.0
  0
HATCH
  5
72
330
1F
100
AcDbEntity
  8
0
 62
     7
420
 16777215
440
 33554687
100
AcDbHatch
 10
0.0
 20
0.0
 30
0.0
210
0.0
220
0.0
230
1.0
  2
SOLID
 70
     1
 71
     1
 91
        1
 92
        0
 93
        1
 72
     4
 94
        3
 73
     0
 74
     1
 95
       11
 96
        7
 40
0.0
 40
0.0
 40
0.0
 40
0.0
 40
1.0
 40
1.0
 40
1.0
 40
2.0
 40
2.0
 40
2.0
 40
2.0
 10
16.74389188922272
 20
57.07185033547522
 10
16.74389188922272
 20
57.07185033547522
 10
12.6370214903038
 20
53.26104404969114
 10
12.6370214903038
 20
53.26104404969114
 10
12.6370214903038
 20
53.26104404969114
 10
14.91619794407598
 20
56.33941189216128
 10
16.74389188922272
 20
57.07185033547522
 97
        0
 97
        0
 75
     0
 76
     1
 98
        0
  0
SPLINE
  5
73
330
1F
100
AcDbEntity
  8
0
  6
Continuous
 62
     7
420
 16777215
370
    60
100
AcDbSpline
210
0.0
220
0.0
230
1.0
 70
     8
 71
     3
 72
     8
 73
     4
 74
     0
 42
0.000000001
 43
0.0
 40
0.0
 40
0.0
 40
0.0
 40
0.0
 40
1.0
 40
1.0
 40
1.0
 40
1.0
 10
16.74389188922272
 20
57.07185033547522
 30
0.0
 10
14.91619794407598
 20
56.33941189216128
 30
0.0
 10
12.6370214903038
 20
53.26104404969114
 30
0.0
 10
12.6370214903038
 20
53.26104404969114
 30
0.0
  0
HATCH
  5
74
330
1F
100
AcDbEntity
  8
0
 62
     7
420
 16777215
440
 33554687
100
AcDbHatch
 10
0.0
 20
0.0
 30
0.0
210
0.0
220
0.0
230
1.0
  2
SOLID
 70
     1
 71
     1
 91
        1
 92
        0
 93
        3
 72
     1
 10
52.53597758556769
 20
63.21471474535967
 11
52.66866989325999
 21
62.28033974535967
 72
     1
 10
52.66866989325999
 20
62.28033974535967
 11
52.53597758556769
 21
62.06471474535967
 72
     1
 10
52.53597758556769
 20
62.06471474535967
 11
52.53597758556769
 21
63.21471474535967
 97
        0
 75
     0
 76
     1
 98
        0
  0
HATCH
  5
75
330
1F
100
AcDbEntity
  8
0
 62
     7
420
 16777215
440
 33554687
100
AcDbHatch
 10
0.0
 20
0.0
 30
0.0
210
0.0
220
0.0
230
1.0
  2
SOLID
 70
     1
 71
     1
 91
        1
 92
        0
 93
        3
 72
     1
 10
52.53597758556769
 20
63.19259936074429
 11
52.64655450864461
 21
62.29416186074429
 72
     1
 10
52.64655450864461
 20
62.29416186074429
 11
52.53597758556769
 21
62.08683012997506
 72
     1
 10
52.53597758556769
 20
62.08683012997506
 11
52.53597758556769
 21
63.19259936074429
 97
        0
 75
     0
 76
     1
 98
        0
  0
HATCH
  5
76
330
1F
100
AcDbEntity
  8
0
 62
     7
420
 16777215
440
 33554687
100
AcDbHatch
 10
0.0
 20
0.0
 30
0.0
210
0.0
220
0.0
230
1.0
  2
SOLID
 70
     1
 71
     1
 91
        1
 92
        0
 93
        3
 72
     1
 10
52.53597758556768
 20
63.21471474535968
 11
52.53597758556768
 21
62.06471474535967
 72
     1
 10
52.53597758556768
 20
62.06471474535967
 11
52.40328527787537
 21
62.28033974535967
 72
     1
 10
52.40328527787537
 20
62.28033974535967
 11
52.53597758556768
 21
63.21471474535968
 97
        0
 75
     0
 76
     1
 98
        0
  0
HATCH
  5
77
330
1F
100
AcDbEntity
  8
0
 62
     7
420
 16777215
440
 33554687
100
AcDbHatch
 10
0.0
 20
0.0
 30
0.0
210
0.0
220
0.0
230
1.0
  2
SOLID
 70
     1
 71
     1
 91
        1
 92
        0
 93
        3
 72
     1
 10
52.53597758556769
 20
63.19259936074429
 11
52.53597758556769
 21
62.08683012997506
 72
     1
 10
52.53597758556769
 20
62.08683012997506
 11
52.42540066249077
 21
62.29416186074429
 72
     1
 10
52.42540066249077
 20
62.29416186074429
 11
52.53597758556769
 21
63.19259936074429
 97
        0
 75
     0
 76
     1
 98
        0
  0
HATCH
  5
78
330
1F
100
AcDbEntity
  8
0
 62
     7
420
 16777215
440
 33554687
100
AcDbHatch
 10
0.0
 20
0.0
 30
0.0
210
0.0
220
0.0
230
1.0
  2
SOLID
 70
     1
 71
     1
 91
        1
 92
        0
 93
        3
 72
     1
 10
52.53597758556769
 20
60.91471474535967
 11
52.40328527787538
 21
61.84908974535967
 72
     1
 10
52.40328527787538
 20
61.84908974535967
 11
52.53597758556769
 21
62.06471474535967
 72
     1
 10
52.53597758556769
 20
62.06471474535967
 11
52.53597758556769
 21
60.91471474535967
 97
        0
 75
     0
 76
     1
 98
        0
  0
HATCH
  5
79
330
1F
100
AcDbEntity
  8
0
 62
     7
420
 16777215
440
 33554687
100
AcDbHatch
 10
0.0
 20
0.0
 30
0.0
210
0.0
220
0.0
230
1.0
  2
SOLID
 70
     1
 71
     1
 91
        1
 92
        0
 93
        3
 72
     1
 10
52.53597758556769
 20
60.93683012997505
 11
52.42540066249077
 21
61.83526762997506
 72
     1
 10
52.42540066249077
 20
61.83526762997506
 11
52.53597758556769
 21
62.04259936074429
 72
     1
 10
52.53597758556769
 20
62.04259936074429
 11
52.53597758556769
 21
60.93683012997505
 97
        0
 75
     0
 76
     1
 98
        0
  0
HATCH
  5
7A
330
1F
100
AcDbEntity
  8
0
 62
     7
420
 16777215
440
 33554687
100
AcDbHatch
 10
0.0
 20
0.0
 30
0.0
210
0.0
220
0.0
230
1.0
  2
SOLID
 70
     1
 71
     1
 91
        1
 92
        0
 93
        3
 72
     1
 10
52.53597758556769
 20
60.91471474535966
 11
52.53597758556769
 21
62.06471474535967
 72
     1
 10
52.53597758556769
 20
62.06471474535967
 11
52.66866989326
 21
61.84908974535967
 72
     1
 10
52.66866989326
 20
61.84908974535967
 11
52.53597758556769
 21
60.91471474535966
 97
        0
 75
     0
 76
     1
 98
        0
  0
HATCH
  5
7B
330
1F
100
AcDbEntity
  8
0
 62
     7
420
 16777215
440
 33554687
100
AcDbHatch
 10
0.0
 20
0.0
 30
0.0
210
0.0
220
0.0
230
1.0
  2
SOLID
 70
     1
 71
     1
 91
        1
 92
        0
 93
        3
 72
     1
 10
52.53597758556769
 20
60.93683012997505
 11
52.53597758556769
 21
62.04259936074429
 72
     1
 10
52.53597758556769
 20
62.04259936074429
 11
52.64655450864461
 21
61.83526762997506
 72
     1
 10
52.64655450864461
 20
61.83526762997506
 11
52.53597758556769
 21
60.93683012997505
 97
        0
 75
     0
 76
     1
 98
        0
  0
HATCH
  5
7C
330
1F
100
AcDbEntity
  8
0
 62
     7
420
 16777215
440
 33554687
100
AcDbHatch
 10
0.0
 20
0.0
 30
0.0
210
0.0
220
0.0
230
1.0
  2
SOLID
 70
     1
 71
     1
 91
        1
 92
        0
 93
        3
 72
     1
 10
51.38597758556769
 20
62.06471474535967
 11
52.32035258556768
 21
62.19740705305198
 72
     1
 10
52.32035258556768
 20
62.19740705305198
 11
52.53597758556769
 21
62.06471474535967
 72
     1
 10
52.53597758556769
 20
62.06471474535967
 11
51.38597758556769
 21
62.06471474535967
 97
        0
 75
     0
 76
     1
 98
        0
  0
HATCH
  5
7D
330
1F
100
AcDbEntity
  8
0
 62
     7
420
 16777215
440
 33554687
100
AcDbHatch
 10
0.0
 20
0.0
 30
0.0
210
0.0
220
0.0
230
1.0
  2
SOLID
 70
     1
 71
     1
 91
        1
 92
        0
 93
        3
 72
     1
 10
51.40809297018307
 20
62.06471474535967
 11
52.30653047018307
 21
62.17529166843659
 72
     1
 10
52.30653047018307
 20
62.17529166843659
 11
52.5138622009523
 21
62.06471474535967
 72
     1
 10
52.5138622009523
 20
62.06471474535967
 11
51.40809297018307
 21
62.06471474535967
 97
        0
 75
     0
 76
     1
 98
        0
  0
HATCH
  5
7E
330
1F
100
AcDbEntity
  8
0
 62
     7
420
 16777215
440
 33554687
100
AcDbHatch
 10
0.0
 20
0.0
 30
0.0
210
0.0
220
0.0
230
1.0
  2
SOLID
 70
     1
 71
     1
 91
        1
 92
        0
 93
        3
 72
     1
 10
51.38597758556768
 20
62.06471474535967
 11
52.53597758556768
 21
62.06471474535967
 72
     1
 10
52.53597758556768
 20
62.06471474535967
 11
52.32035258556768
 21
61.93202243766736
 72
     1
 10
52.32035258556768
 20
61.93202243766736
 11
51.38597758556768
 21
62.06471474535967
 97
        0
 75
     0
 76
     1
 98
        0
  0
HATCH
  5
7F
330
1F
100
AcDbEntity
  8
0
 62
     7
420
 16777215
440
 33554687
100
AcDbHatch
 10
0.0
 20
0.0
 30
0.0
210
0.0
220
0.0
230
1.0
  2
SOLID
 70
     1
 71
     1
 91
        1
 92
        0
 93
        3
 72
     1
 10
51.40809297018307
 20
62.06471474535967
 11
52.5138622009523
 21
62.06471474535967
 72
     1
 10
52.5138622009523
 20
62.06471474535967
 11
52.30653047018307
 21
61.95413782228275
 72
     1
 10
52.30653047018307
 20
61.95413782228275
 11
51.40809297018307
 21
62.06471474535967
 97
        0
 75
     0
 76
     1
 98
        0
  0
HATCH
  5
80
330
1F
100
AcDbEntity
  8
0
 62
     7
420
 16777215
440
 33554687
100
AcDbHatch
 10
0.0
 20
0.0
 30
0.0
210
0.0
220
0.0
230
1.0
  2
SOLID
 70
     1
 71
     1
 91
        1
 92
        0
 93
        3
 72
     1
 10
53.68597758556768
 20
62.06471474535967
 11
52.75160258556769
 21
61.93202243766737
 72
     1
 10
52.75160258556769
 20
61.93202243766737
 11
52.53597758556769
 21
62.06471474535967
 72
     1
 10
52.53597758556769
 20
62.06471474535967
 11
53.68597758556768
 21
62.06471474535967
 97
        0
 75
     0
 76
     1
 98
        0
  0
HATCH
  5
81
330
1F
100
AcDbEntity
  8
0
 62
     7
420
 16777215
440
 33554687
100
AcDbHatch
 10
0.0
 20
0.0
 30
0.0
210
0.0
220
0.0
230
1.0
  2
SOLID
 70
     1
 71
     1
 91
        1
 92
        0
 93
        3
 72
     1
 10
53.6638622009523
 20
62.06471474535967
 11
52.76542470095229
 21
61.95413782228275
 72
     1
 10
52.76542470095229
 20
61.95413782228275
 11
52.55809297018307
 21
62.06471474535967
 72
     1
 10
52.55809297018307
 20
62.06471474535967
 11
53.6638622009523
 21
62.06471474535967
 97
        0
 75
     0
 76
     1
 98
        0
  0
HATCH
  5
82
330
1F
100
AcDbEntity
  8
0
 62
     7
420
 16777215
440
 33554687
100
AcDbHatch
 10
0.0
 20
0.0
 30
0.0
210
0.0
220
0.0
230
1.0
  2
SOLID
 70
     1
 71
     1
 91
        1
 92
        0
 93
        3
 72
     1
 10
53.68597758556769
 20
62.06471474535967
 11
52.53597758556769
 21
62.06471474535967
 72
     1
 10
52.53597758556769
 20
62.06471474535967
 11
52.75160258556769
 21
62.19740705305198
 72
     1
 10
52.75160258556769
 20
62.19740705305198
 11
53.68597758556769
 21
62.06471474535967
 97
        0
 75
     0
 76
     1
 98
        0
  0
HATCH
  5
83
330
1F
100
AcDbEntity
  8
0
 62
     7
420
 16777215
440
 33554687
100
AcDbHatch
 10
0.0
 20
0.0
 30
0.0
210
0.0
220
0.0
230
1.0
  2
SOLID
 70
     1
 71
     1
 91
        1
 92
        0
 93
        3
 72
     1
 10
53.6638622009523
 20
62.06471474535967
 11
52.55809297018307
 21
62.06471474535967
 72
     1
 10
52.55809297018307
 20
62.06471474535967
 11
52.76542470095229
 21
62.17529166843659
 72
     1
 10
52.76542470095229
 20
62.17529166843659
 11
53.6638622009523
 21
62.06471474535967
 97
        0
 75
     0
 76
     1
 98
        0
  0
HATCH
  5
84
330
1F
100
AcDbEntity
  8
0
 62
     7
420
 16777215
440
 33554687
100
AcDbHatch
 10
0.0
 20
0.0
 30
0.0
210
0.0
220
0.0
230
1.0
  2
SOLID
 70
     1
 71
     1
 91
        1
 92
        0
 93
        3
 72
     1
 10
52.08638685570268
 20
62.51430547522467
 11
52.50355517716396
 21
62.20088886065532
 72
     1
 10
52.50355517716396
 20
62.20088886065532
 11
52.53597758556769
 21
62.06471474535967
 72
     1
 10
52.53597758556769
 20
62.06471474535967
 11
52.08638685570268
 21
62.51430547522467
 97
        0
 75
     0
 76
     1
 98
        0
  0
HATCH
  5
85
330
1F
100
AcDbEntity
  8
0
 62
     7
420
 16777215
440
 33554687
100
AcDbHatch
 10
0.0
 20
0.0
 30
0.0
210
0.0
220
0.0
230
1.0
  2
SOLID
 70
     1
 71
     1
 91
        1
 92
        0
 93
        3
 72
     1
 10
52.09503283127701
 20
62.50565949965035
 11
52.48950546685568
 21
62.19764661981495
 72
     1
 10
52.48950546685568
 20
62.19764661981495
 11
52.52733160999335
 21
62.073360720934
 72
     1
 10
52.52733160999335
 20
62.073360720934
 11
52.09503283127701
 21
62.50565949965035
 97
        0
 75
     0
 76
     1
 98
        0
  0
HATCH
  5
86
330
1F
100
AcDbEntity
  8
0
 62
     7
420
 16777215
440
 33554687
100
AcDbHatch
 10
0.0
 20
0.0
 30
0.0
210
0.0
220
0.0
230
1.0
  2
SOLID
 70
     1
 71
     1
 91
        1
 92
        0
 93
        3
 72
     1
 10
52.08638685570268
 20
62.51430547522467
 11
52.53597758556769
 21
62.06471474535967
 72
     1
 10
52.53597758556769
 20
62.06471474535967
 11
52.39980347027203
 21
62.0971371537634
 72
     1
 10
52.39980347027203
 20
62.0971371537634
 11
52.08638685570268
 21
62.51430547522467
 97
        0
 75
     0
 76
     1
 98
        0
  0
HATCH
  5
87
330
1F
100
AcDbEntity
  8
0
 62
     7
420
 16777215
440
 33554687
100
AcDbHatch
 10
0.0
 20
0.0
 30
0.0
210
0.0
220
0.0
230
1.0
  2
SOLID
 70
     1
 71
     1
 91
        1
 92
        0
 93
        3
 72
     1
 10
52.095032831277
 20
62.50565949965035
 11
52.52733160999335
 21
62.073360720934
 72
     1
 10
52.52733160999335
 20
62.073360720934
 11
52.40304571111241
 21
62.11118686407168
 72
     1
 10
52.40304571111241
 20
62.11118686407168
 11
52.095032831277
 21
62.50565949965035
 97
        0
 75
     0
 76
     1
 98
        0
  0
HATCH
  5
88
330
1F
100
AcDbEntity
  8
0
 62
     7
420
 16777215
440
 33554687
100
AcDbHatch
 10
0.0
 20
0.0
 30
0.0
210
0.0
220
0.0
230
1.0
  2
SOLID
 70
     1
 71
     1
 91
        1
 92
        0
 93
        3
 72
     1
 10
52.98556831543269
 20
61.61512401549467
 11
52.56839999397141
 21
61.92854063006403
 72
     1
 10
52.56839999397141
 20
61.92854063006403
 11
52.53597758556769
 21
62.06471474535968
 72
     1
 10
52.53597758556769
 20
62.06471474535968
 11
52.98556831543269
 21
61.61512401549467
 97
        0
 75
     0
 76
     1
 98
        0
  0
HATCH
  5
89
330
1F
100
AcDbEntity
  8
0
 62
     7
420
 16777215
440
 33554687
100
AcDbHatch
 10
0.0
 20
0.0
 30
0.0
210
0.0
220
0.0
230
1.0
  2
SOLID
 70
     1
 71
     1
 91
        1
 92
        0
 93
        3
 72
     1
 10
52.97692233985836
 20
61.623769991069
 11
52.58244970427969
 21
61.9317828709044
 72
     1
 10
52.58244970427969
 20
61.9317828709044
 11
52.54462356114202
 21
62.05606876978535
 72
     1
 10
52.54462356114202
 20
62.05606876978535
 11
52.97692233985836
 21
61.623769991069
 97
        0
 75
     0
 76
     1
 98
        0
  0
HATCH
  5
8A
330
1F
100
AcDbEntity
  8
0
 62
     7
420
 16777215
440
 33554687
100
AcDbHatch
 10
0.0
 20
0.0
 30
0.0
210
0.0
220
0.0
230
1.0
  2
SOLID
 70
     1
 71
     1
 91
        1
 92
        0
 93
        3
 72
     1
 10
52.98556831543268
 20
61.61512401549467
 11
52.53597758556768
 21
62.06471474535967
 72
     1
 10
52.53597758556768
 20
62.06471474535967
 11
52.67215170086332
 21
62.03229233695595
 72
     1
 10
52.67215170086332
 20
62.03229233695595
 11
52.98556831543268
 21
61.61512401549467
 97
        0
 75
     0
 76
     1
 98
        0
  0
HATCH
  5
8B
330
1F
100
AcDbEntity
  8
0
 62
     7
420
 16777215
440
 33554687
100
AcDbHatch
 10
0.0
 20
0.0
 30
0.0
210
0.0
220
0.0
230
1.0
  2
SOLID
 70
     1
 71
     1
 91
        1
 92
        0
 93
        3
 72
     1
 10
52.97692233985836
 20
61.623769991069
 11
52.544623561142
 21
62.05606876978535
 72
     1
 10
52.544623561142
 20
62.05606876978535
 11
52.66890946002295
 21
62.01824262664767
 72
     1
 10
52.66890946002295
 20
62.01824262664767
 11
52.97692233985836
 21
61.623769991069
 97
        0
 75
     0
 76
     1
 98
        0
  0
HATCH
  5
8C
330
1F
100
AcDbEntity
  8
0
 62
     7
420
 16777215
440
 33554687
100
AcDbHatch
 10
0.0
 20
0.0
 30
0.0
210
0.0
220
0.0
230
1.0
  2
SOLID
 70
     1
 71
     1
 91
        1
 92
        0
 93
        3
 72
     1
 10
52.08638685570269
 20
61.61512401549466
 11
52.39980347027205
 21
62.03229233695595
 72
     1
 10
52.39980347027205
 20
62.03229233695595
 11
52.53597758556769
 21
62.06471474535967
 72
     1
 10
52.53597758556769
 20
62.06471474535967
 11
52.08638685570269
 21
61.61512401549466
 97
        0
 75
     0
 76
     1
 98
        0
  0
HATCH
  5
8D
330
1F
100
AcDbEntity
  8
0
 62
     7
420
 16777215
440
 33554687
100
AcDbHatch
 10
0.0
 20
0.0
 30
0.0
210
0.0
220
0.0
230
1.0
  2
SOLID
 70
     1
 71
     1
 91
        1
 92
        0
 93
        3
 72
     1
 10
52.09503283127701
 20
61.623769991069
 11
52.40304571111242
 21
62.01824262664766
 72
     1
 10
52.40304571111242
 20
62.01824262664766
 11
52.52733160999336
 21
62.05606876978534
 72
     1
 10
52.52733160999336
 20
62.05606876978534
 11
52.09503283127701
 21
61.623769991069
 97
        0
 75
     0
 76
     1
 98
        0
  0
HATCH
  5
8E
330
1F
100
AcDbEntity
  8
0
 62
     7
420
 16777215
440
 33554687
100
AcDbHatch
 10
0.0
 20
0.0
 30
0.0
210
0.0
220
0.0
230
1.0
  2
SOLID
 70
     1
 71
     1
 91
        1
 92
        0
 93
        3
 72
     1
 10
52.08638685570269
 20
61.61512401549466
 11
52.53597758556769
 21
62.06471474535967
 72
     1
 10
52.53597758556769
 20
62.06471474535967
 11
52.50355517716397
 21
61.92854063006402
 72
     1
 10
52.50355517716397
 20
61.92854063006402
 11
52.08638685570269
 21
61.61512401549466
 97
        0
 75
     0
 76
     1
 98
        0
  0
HATCH
  5
8F
330
1F
100
AcDbEntity
  8
0
 62
     7
420
 16777215
440
 33554687
100
AcDbHatch
 10
0.0
 20
0.0
 30
0.0
210
0.0
220
0.0
230
1.0
  2
SOLID
 70
     1
 71
     1
 91
        1
 92
        0
 93
        3
 72
     1
 10
52.09503283127702
 20
61.623769991069
 11
52.52733160999336
 21
62.05606876978534
 72
     1
 10
52.52733160999336
 20
62.05606876978534
 11
52.48950546685569
 21
61.93178287090439
 72
     1
 10
52.48950546685569
 20
61.93178287090439
 11
52.09503283127702
 21
61.623769991069
 97
        0
 75
     0
 76
     1
 98
        0
  0
HATCH
  5
90
330
1F
100
AcDbEntity
  8
0
 62
     7
420
 16777215
440
 33554687
100
AcDbHatch
 10
0.0
 20
0.0
 30
0.0
210
0.0
220
0.0
230
1.0
  2
SOLID
 70
     1
 71
     1
 91
        1
 92
        0
 93
        3
 72
     1
 10
52.98556831543268
 20
62.51430547522468
 11
52.67215170086332
 21
62.0971371537634
 72
     1
 10
52.67215170086332
 20
62.0971371537634
 11
52.53597758556768
 21
62.06471474535967
 72
     1
 10
52.53597758556768
 20
62.06471474535967
 11
52.98556831543268
 21
62.51430547522468
 97
        0
 75
     0
 76
     1
 98
        0
  0
HATCH
  5
91
330
1F
100
AcDbEntity
  8
0
 62
     7
420
 16777215
440
 33554687
100
AcDbHatch
 10
0.0
 20
0.0
 30
0.0
210
0.0
220
0.0
230
1.0
  2
SOLID
 70
     1
 71
     1
 91
        1
 92
        0
 93
        3
 72
     1
 10
52.97692233985836
 20
62.50565949965035
 11
52.66890946002295
 21
62.11118686407168
 72
     1
 10
52.66890946002295
 20
62.11118686407168
 11
52.544623561142
 21
62.073360720934
 72
     1
 10
52.544623561142
 20
62.073360720934
 11
52.97692233985836
 21
62.50565949965035
 97
        0
 75
     0
 76
     1
 98
        0
  0
HATCH
  5
92
330
1F
100
AcDbEntity
  8
0
 62
     7
420
 16777215
440
 33554687
100
AcDbHatch
 10
0.0
 20
0.0
 30
0.0
210
0.0
220
0.0
230
1.0
  2
SOLID
 70
     1
 71
     1
 91
        1
 92
        0
 93
        3
 72
     1
 10
52.98556831543268
 20
62.51430547522467
 11
52.53597758556768
 21
62.06471474535967
 72
     1
 10
52.53597758556768
 20
62.06471474535967
 11
52.5683999939714
 21
62.20088886065532
 72
     1
 10
52.5683999939714
 20
62.20088886065532
 11
52.98556831543268
 21
62.51430547522467
 97
        0
 75
     0
 76
     1
 98
        0
  0
HATCH
  5
93
330
1F
100
AcDbEntity
  8
0
 62
     7
420
 16777215
440
 33554687
100
AcDbHatch
 10
0.0
 20
0.0
 30
0.0
210
0.0
220
0.0
230
1.0
  2
SOLID
 70
     1
 71
     1
 91
        1
 92
        0
 93
        3
 72
     1
 10
52.97692233985835
 20
62.50565949965035
 11
52.544623561142
 21
62.073360720934
 72
     1
 10
52.544623561142
 20
62.073360720934
 11
52.58244970427968
 21
62.19764661981495
 72
     1
 10
52.58244970427968
 20
62.19764661981495
 11
52.97692233985835
 21
62.50565949965035
 97
        0
 75
     0
 76
     1
 98
        0
  0
HATCH
  5
94
330
1F
100
AcDbEntity
  8
0
 62
     7
420
 16777215
440
 33554687
100
AcDbHatch
 10
0.0
 20
0.0
 30
0.0
210
0.0
220
0.0
230
1.0
  2
SOLID
 70
     1
 71
     1
 91
        1
 92
        0
 93
        3
 72
     1
 10
23.38597758556765
 20
63.55026396266379
 11
23.52068129978173
 21
62.60172530840637
 72
     1
 10
23.52068129978173
 20
62.60172530840637
 11
23.38597758556765
 21
62.3828317728085
 72
     1
 10
23.38597758556765
 20
62.3828317728085
 11
23.38597758556765
 21
63.55026396266379
 97
        0
 75
     0
 76
     1
 98
        0
  0
HATCH
  5
95
330
1F
100
AcDbEntity
  8
0
 62
     7
420
 16777215
440
 33554687
100
AcDbHatch
 10
0.0
 20
0.0
 30
0.0
210
0.0
220
0.0
230
1.0
  2
SOLID
 70
     1
 71
     1
 91
        1
 92
        0
 93
        3
 72
     1
 10
23.38597758556766
 20
63.52781334362812
 11
23.49823068074605
 21
62.61575694530366
 72
     1
 10
23.49823068074605
 20
62.61575694530366
 11
23.38597758556766
 21
62.40528239184417
 72
     1
 10
23.38597758556766
 20
62.40528239184417
 11
23.38597758556766
 21
63.52781334362812
 97
        0
 75
     0
 76
     1
 98
        0
  0
HATCH
  5
96
330
1F
100
AcDbEntity
  8
0
 62
     7
420
 16777215
440
 33554687
100
AcDbHatch
 10
0.0
 20
0.0
 30
0.0
210
0.0
220
0.0
230
1.0
  2
SOLID
 70
     1
 71
     1
 91
        1
 92
        0
 93
        3
 72
     1
 10
23.38597758556766
 20
63.5502639626638
 11
23.38597758556766
 21
62.3828317728085
 72
     1
 10
23.38597758556766
 20
62.3828317728085
 11
23.25127387135358
 21
62.60172530840637
 72
     1
 10
23.25127387135358
 20
62.60172530840637
 11
23.38597758556766
 21
63.5502639626638
 97
        0
 75
     0
 76
     1
 98
        0
  0
HATCH
  5
97
330
1F
100
AcDbEntity
  8
0
 62
     7
420
 16777215
440
 33554687
100
AcDbHatch
 10
0.0
 20
0.0
 30
0.0
210
0.0
220
0.0
230
1.0
  2
SOLID
 70
     1
 71
     1
 91
        1
 92
        0
 93
        3
 72
     1
 10
23.38597758556765
 20
63.52781334362812
 11
23.38597758556765
 21
62.40528239184418
 72
     1
 10
23.38597758556765
 20
62.40528239184418
 11
23.27372449038926
 21
62.61575694530367
 72
     1
 10
23.27372449038926
 20
62.61575694530367
 11
23.38597758556765
 21
63.52781334362812
 97
        0
 75
     0
 76
     1
 98
        0
  0
HATCH
  5
98
330
1F
100
AcDbEntity
  8
0
 62
     7
420
 16777215
440
 33554687
100
AcDbHatch
 10
0.0
 20
0.0
 30
0.0
210
0.0
220
0.0
230
1.0
  2
SOLID
 70
     1
 71
     1
 91
        1
 92
        0
 93
        3
 72
     1
 10
23.38597758556766
 20
61.2153995829532
 11
23.25127387135358
 21
62.16393823721063
 72
     1
 10
23.25127387135358
 20
62.16393823721063
 11
23.38597758556766
 21
62.3828317728085
 72
     1
 10
23.38597758556766
 20
62.3828317728085
 11
23.38597758556766
 21
61.2153995829532
 97
        0
 75
     0
 76
     1
 98
        0
  0
HATCH
  5
99
330
1F
100
AcDbEntity
  8
0
 62
     7
420
 16777215
440
 33554687
100
AcDbHatch
 10
0.0
 20
0.0
 30
0.0
210
0.0
220
0.0
230
1.0
  2
SOLID
 70
     1
 71
     1
 91
        1
 92
        0
 93
        3
 72
     1
 10
23.38597758556765
 20
61.23785020198888
 11
23.27372449038926
 21
62.14990660031333
 72
     1
 10
23.27372449038926
 20
62.14990660031333
 11
23.38597758556765
 21
62.36038115377282
 72
     1
 10
23.38597758556765
 20
62.36038115377282
 11
23.38597758556765
 21
61.23785020198888
 97
        0
 75
     0
 76
     1
 98
        0
  0
HATCH
  5
9A
330
1F
100
AcDbEntity
  8
0
 62
     7
420
 16777215
440
 33554687
100
AcDbHatch
 10
0.0
 20
0.0
 30
0.0
210
0.0
220
0.0
230
1.0
  2
SOLID
 70
     1
 71
     1
 91
        1
 92
        0
 93
        3
 72
     1
 10
23.38597758556766
 20
61.2153995829532
 11
23.38597758556766
 21
62.3828317728085
 72
     1
 10
23.38597758556766
 20
62.3828317728085
 11
23.52068129978173
 21
62.16393823721063
 72
     1
 10
23.52068129978173
 20
62.16393823721063
 11
23.38597758556766
 21
61.2153995829532
 97
        0
 75
     0
 76
     1
 98
        0
  0
HATCH
  5
9B
330
1F
100
AcDbEntity
  8
0
 62
     7
420
 16777215
440
 33554687
100
AcDbHatch
 10
0.0
 20
0.0
 30
0.0
210
0.0
220
0.0
230
1.0
  2
SOLID
 70
     1
 71
     1
 91
        1
 92
        0
 93
        3
 72
     1
 10
23.38597758556766
 20
61.23785020198888
 11
23.38597758556766
 21
62.36038115377282
 72
     1
 10
23.38597758556766
 20
62.36038115377282
 11
23.49823068074605
 21
62.14990660031333
 72
     1
 10
23.49823068074605
 20
62.14990660031333
 11
23.38597758556766
 21
61.23785020198888
 97
        0
 75
     0
 76
     1
 98
        0
  0
HATCH
  5
9C
330
1F
100
AcDbEntity
  8
0
 62
     7
420
 16777215
440
 33554687
100
AcDbHatch
 10
0.0
 20
0.0
 30
0.0
210
0.0
220
0.0
230
1.0
  2
SOLID
 70
     1
 71
     1
 91
        1
 92
        0
 93
        3
 72
     1
 10
22.21854539571236
 20
62.38283177280849
 11
23.16708404996979
 21
62.51753548702256
 72
     1
 10
23.16708404996979
 20
62.51753548702256
 11
23.38597758556766
 21
62.38283177280849
 72
     1
 10
23.38597758556766
 20
62.38283177280849
 11
22.21854539571236
 21
62.38283177280849
 97
        0
 75
     0
 76
     1
 98
        0
  0
HATCH
  5
9D
330
1F
100
AcDbEntity
  8
0
 62
     7
420
 16777215
440
 33554687
100
AcDbHatch
 10
0.0
 20
0.0
 30
0.0
210
0.0
220
0.0
230
1.0
  2
SOLID
 70
     1
 71
     1
 91
        1
 92
        0
 93
        3
 72
     1
 10
22.24099601474804
 20
62.38283177280849
 11
23.15305241307249
 21
62.49508486798689
 72
     1
 10
23.15305241307249
 20
62.49508486798689
 11
23.36352696653197
 21
62.38283177280849
 72
     1
 10
23.36352696653197
 20
62.38283177280849
 11
22.24099601474804
 21
62.38283177280849
 97
        0
 75
     0
 76
     1
 98
        0
  0
HATCH
  5
9E
330
1F
100
AcDbEntity
  8
0
 62
     7
420
 16777215
440
 33554687
100
AcDbHatch
 10
0.0
 20
0.0
 30
0.0
210
0.0
220
0.0
230
1.0
  2
SOLID
 70
     1
 71
     1
 91
        1
 92
        0
 93
        3
 72
     1
 10
22.21854539571236
 20
62.38283177280849
 11
23.38597758556765
 21
62.38283177280849
 72
     1
 10
23.38597758556765
 20
62.38283177280849
 11
23.16708404996979
 21
62.24812805859442
 72
     1
 10
23.16708404996979
 20
62.24812805859442
 11
22.21854539571236
 21
62.38283177280849
 97
        0
 75
     0
 76
     1
 98
        0
  0
HATCH
  5
9F
330
1F
100
AcDbEntity
  8
0
 62
     7
420
 16777215
440
 33554687
100
AcDbHatch
 10
0.0
 20
0.0
 30
0.0
210
0.0
220
0.0
230
1.0
  2
SOLID
 70
     1
 71
     1
 91
        1
 92
        0
 93
        3
 72
     1
 10
22.24099601474803
 20
62.38283177280849
 11
23.36352696653197
 21
62.38283177280849
 72
     1
 10
23.36352696653197
 20
62.38283177280849
 11
23.15305241307249
 21
62.2705786776301
 72
     1
 10
23.15305241307249
 20
62.2705786776301
 11
22.24099601474803
 21
62.38283177280849
 97
        0
 75
     0
 76
     1
 98
        0
  0
HATCH
  5
A0
330
1F
100
AcDbEntity
  8
0
 62
     7
420
 16777215
440
 33554687
100
AcDbHatch
 10
0.0
 20
0.0
 30
0.0
210
0.0
220
0.0
230
1.0
  2
SOLID
 70
     1
 71
     1
 91
        1
 92
        0
 93
        3
 72
     1
 10
24.55340977542296
 20
62.3828317728085
 11
23.60487112116552
 21
62.24812805859443
 72
     1
 10
23.60487112116552
 20
62.24812805859443
 11
23.38597758556766
 21
62.3828317728085
 72
     1
 10
23.38597758556766
 20
62.3828317728085
 11
24.55340977542296
 21
62.3828317728085
 97
        0
 75
     0
 76
     1
 98
        0
  0
HATCH
  5
A1
330
1F
100
AcDbEntity
  8
0
 62
     7
420
 16777215
440
 33554687
100
AcDbHatch
 10
0.0
 20
0.0
 30
0.0
210
0.0
220
0.0
230
1.0
  2
SOLID
 70
     1
 71
     1
 91
        1
 92
        0
 93
        3
 72
     1
 10
24.53095915638727
 20
62.3828317728085
 11
23.61890275806282
 21
62.27057867763011
 72
     1
 10
23.61890275806282
 20
62.27057867763011
 11
23.40842820460334
 21
62.3828317728085
 72
     1
 10
23.40842820460334
 20
62.3828317728085
 11
24.53095915638727
 21
62.3828317728085
 97
        0
 75
     0
 76
     1
 98
        0
  0
HATCH
  5
A2
330
1F
100
AcDbEntity
  8
0
 62
     7
420
 16777215
440
 33554687
100
AcDbHatch
 10
0.0
 20
0.0
 30
0.0
210
0.0
220
0.0
230
1.0
  2
SOLID
 70
     1
 71
     1
 91
        1
 92
        0
 93
        3
 72
     1
 10
24.55340977542295
 20
62.3828317728085
 11
23.38597758556765
 21
62.3828317728085
 72
     1
 10
23.38597758556765
 20
62.3828317728085
 11
23.60487112116552
 21
62.51753548702257
 72
     1
 10
23.60487112116552
 20
62.51753548702257
 11
24.55340977542295
 21
62.3828317728085
 97
        0
 75
     0
 76
     1
 98
        0
  0
HATCH
  5
A3
330
1F
100
AcDbEntity
  8
0
 62
     7
420
 16777215
440
 33554687
100
AcDbHatch
 10
0.0
 20
0.0
 30
0.0
210
0.0
220
0.0
230
1.0
  2
SOLID
 70
     1
 71
     1
 91
        1
 92
        0
 93
        3
 72
     1
 10
24.53095915638727
 20
62.3828317728085
 11
23.40842820460333
 21
62.3828317728085
 72
     1
 10
23.40842820460333
 20
62.3828317728085
 11
23.61890275806282
 21
62.49508486798689
 72
     1
 10
23.61890275806282
 20
62.49508486798689
 11
24.53095915638727
 21
62.3828317728085
 97
        0
 75
     0
 76
     1
 98
        0
  0
HATCH
  5
A4
330
1F
100
AcDbEntity
  8
0
 62
     7
420
 16777215
440
 33554687
100
AcDbHatch
 10
0.0
 20
0.0
 30
0.0
210
0.0
220
0.0
230
1.0
  2
SOLID
 70
     1
 71
     1
 91
        1
 92
        0
 93
        3
 72
     1
 10
22.92957176791118
 20
62.83923759046497
 11
23.35306370448666
 21
62.52107007334868
 72
     1
 10
23.35306370448666
 20
62.52107007334868
 11
23.38597758556766
 21
62.3828317728085
 72
     1
 10
23.38597758556766
 20
62.3828317728085
 11
22.92957176791118
 21
62.83923759046497
 97
        0
 75
     0
 76
     1
 98
        0
  0
HATCH
  5
A5
330
1F
100
AcDbEntity
  8
0
 62
     7
420
 16777215
440
 33554687
100
AcDbHatch
 10
0.0
 20
0.0
 30
0.0
210
0.0
220
0.0
230
1.0
  2
SOLID
 70
     1
 71
     1
 91
        1
 92
        0
 93
        3
 72
     1
 10
22.93834880286612
 20
62.83046055551004
 11
23.3388010226849
 21
62.51777868524058
 72
     1
 10
23.3388010226849
 20
62.51777868524058
 11
23.37720055061273
 21
62.39160880776343
 72
     1
 10
23.37720055061273
 20
62.39160880776343
 11
22.93834880286612
 21
62.83046055551004
 97
        0
 75
     0
 76
     1
 98
        0
  0
HATCH
  5
A6
330
1F
100
AcDbEntity
  8
0
 62
     7
420
 16777215
440
 33554687
100
AcDbHatch
 10
0.0
 20
0.0
 30
0.0
210
0.0
220
0.0
230
1.0
  2
SOLID
 70
     1
 71
     1
 91
        1
 92
        0
 93
        3
 72
     1
 10
22.92957176791118
 20
62.83923759046498
 11
23.38597758556766
 21
62.3828317728085
 72
     1
 10
23.38597758556766
 20
62.3828317728085
 11
23.24773928502747
 21
62.41574565388949
 72
     1
 10
23.24773928502747
 20
62.41574565388949
 11
22.92957176791118
 21
62.83923759046498
 97
        0
 75
     0
 76
     1
 98
        0
  0
HATCH
  5
A7
330
1F
100
AcDbEntity
  8
0
 62
     7
420
 16777215
440
 33554687
100
AcDbHatch
 10
0.0
 20
0.0
 30
0.0
210
0.0
220
0.0
230
1.0
  2
SOLID
 70
     1
 71
     1
 91
        1
 92
        0
 93
        3
 72
     1
 10
22.93834880286612
 20
62.83046055551004
 11
23.37720055061272
 21
62.39160880776343
 72
     1
 10
23.37720055061272
 20
62.39160880776343
 11
23.25103067313558
 21
62.43000833569126
 72
     1
 10
23.25103067313558
 20
62.43000833569126
 11
22.93834880286612
 21
62.83046055551004
 97
        0
 75
     0
 76
     1
 98
        0
  0
HATCH
  5
A8
330
1F
100
AcDbEntity
  8
0
 62
     7
420
 16777215
440
 33554687
100
AcDbHatch
 10
0.0
 20
0.0
 30
0.0
210
0.0
220
0.0
230
1.0
  2
SOLID
 70
     1
 71
     1
 91
        1
 92
        0
 93
        3
 72
     1
 10
23.84238340322413
 20
61.92642595515203
 11
23.41889146664866
 21
62.24459347226832
 72
     1
 10
23.41889146664866
 20
62.24459347226832
 11
23.38597758556766
 21
62.3828317728085
 72
     1
 10
23.38597758556766
 20
62.3828317728085
 11
23.84238340322413
 21
61.92642595515203
 97
        0
 75
     0
 76
     1
 98
        0
  0
HATCH
  5
A9
330
1F
100
AcDbEntity
  8
0
 62
     7
420
 16777215
440
 33554687
100
AcDbHatch
 10
0.0
 20
0.0
 30
0.0
210
0.0
220
0.0
230
1.0
  2
SOLID
 70
     1
 71
     1
 91
        1
 92
        0
 93
        3
 72
     1
 10
23.8336063682692
 20
61.93520299010696
 11
23.43315414845042
 21
62.24788486037642
 72
     1
 10
23.43315414845042
 20
62.24788486037642
 11
23.39475462052259
 21
62.37405473785357
 72
     1
 10
23.39475462052259
 20
62.37405473785357
 11
23.8336063682692
 21
61.93520299010696
 97
        0
 75
     0
 76
     1
 98
        0
  0
HATCH
  5
AA
330
1F
100
AcDbEntity
  8
0
 62
     7
420
 16777215
440
 33554687
100
AcDbHatch
 10
0.0
 20
0.0
 30
0.0
210
0.0
220
0.0
230
1.0
  2
SOLID
 70
     1
 71
     1
 91
        1
 92
        0
 93
        3
 72
     1
 10
23.84238340322413
 20
61.92642595515203
 11
23.38597758556766
 21
62.3828317728085
 72
     1
 10
23.38597758556766
 20
62.3828317728085
 11
23.52421588610784
 21
62.3499178917275
 72
     1
 10
23.52421588610784
 20
62.3499178917275
 11
23.84238340322413
 21
61.92642595515203
 97
        0
 75
     0
 76
     1
 98
        0
  0
HATCH
  5
AB
330
1F
100
AcDbEntity
  8
0
 62
     7
420
 16777215
440
 33554687
100
AcDbHatch
 10
0.0
 20
0.0
 30
0.0
210
0.0
220
0.0
230
1.0
  2
SOLID
 70
     1
 71
     1
 91
        1
 92
        0
 93
        3
 72
     1
 10
23.8336063682692
 20
61.93520299010696
 11
23.39475462052259
 21
62.37405473785357
 72
     1
 10
23.39475462052259
 20
62.37405473785357
 11
23.52092449799974
 21
62.33565520992574
 72
     1
 10
23.52092449799974
 20
62.33565520992574
 11
23.8336063682692
 21
61.93520299010696
 97
        0
 75
     0
 76
     1
 98
        0
  0
HATCH
  5
AC
330
1F
100
AcDbEntity
  8
0
 62
     7
420
 16777215
440
 33554687
100
AcDbHatch
 10
0.0
 20
0.0
 30
0.0
210
0.0
220
0.0
230
1.0
  2
SOLID
 70
     1
 71
     1
 91
        1
 92
        0
 93
        3
 72
     1
 10
22.92957176791119
 20
61.92642595515203
 11
23.24773928502748
 21
62.3499178917275
 72
     1
 10
23.24773928502748
 20
62.3499178917275
 11
23.38597758556766
 21
62.3828317728085
 72
     1
 10
23.38597758556766
 20
62.3828317728085
 11
22.92957176791119
 21
61.92642595515203
 97
        0
 75
     0
 76
     1
 98
        0
  0
HATCH
  5
AD
330
1F
100
AcDbEntity
  8
0
 62
     7
420
 16777215
440
 33554687
100
AcDbHatch
 10
0.0
 20
0.0
 30
0.0
210
0.0
220
0.0
230
1.0
  2
SOLID
 70
     1
 71
     1
 91
        1
 92
        0
 93
        3
 72
     1
 10
22.93834880286612
 20
61.93520299010696
 11
23.25103067313558
 21
62.33565520992574
 72
     1
 10
23.25103067313558
 20
62.33565520992574
 11
23.37720055061273
 21
62.37405473785357
 72
     1
 10
23.37720055061273
 20
62.37405473785357
 11
22.93834880286612
 21
61.93520299010696
 97
        0
 75
     0
 76
     1
 98
        0
  0
HATCH
  5
AE
330
1F
100
AcDbEntity
  8
0
 62
     7
420
 16777215
440
 33554687
100
AcDbHatch
 10
0.0
 20
0.0
 30
0.0
210
0.0
220
0.0
230
1.0
  2
SOLID
 70
     1
 71
     1
 91
        1
 92
        0
 93
        3
 72
     1
 10
22.92957176791119
 20
61.92642595515203
 11
23.38597758556766
 21
62.3828317728085
 72
     1
 10
23.38597758556766
 20
62.3828317728085
 11
23.35306370448667
 21
62.24459347226832
 72
     1
 10
23.35306370448667
 20
62.24459347226832
 11
22.92957176791119
 21
61.92642595515203
 97
        0
 75
     0
 76
     1
 98
        0
  0
HATCH
  5
AF
330
1F
100
AcDbEntity
  8
0
 62
     7
420
 16777215
440
 33554687
100
AcDbHatch
 10
0.0
 20
0.0
 30
0.0
210
0.0
220
0.0
230
1.0
  2
SOLID
 70
     1
 71
     1
 91
        1
 92
        0
 93
        3
 72
     1
 10
22.93834880286612
 20
61.93520299010696
 11
23.37720055061273
 21
62.37405473785357
 72
     1
 10
23.37720055061273
 20
62.37405473785357
 11
23.3388010226849
 21
62.24788486037642
 72
     1
 10
23.3388010226849
 20
62.24788486037642
 11
22.93834880286612
 21
61.93520299010696
 97
        0
 75
     0
 76
     1
 98
        0
  0
HATCH
  5
B0
330
1F
100
AcDbEntity
  8
0
 62
     7
420
 16777215
440
 33554687
100
AcDbHatch
 10
0.0
 20
0.0
 30
0.0
210
0.0
220
0.0
230
1.0
  2
SOLID
 70
     1
 71
     1
 91
        1
 92
        0
 93
        3
 72
     1
 10
23.84238340322413
 20
62.83923759046498
 11
23.52421588610784
 21
62.41574565388949
 72
     1
 10
23.52421588610784
 20
62.41574565388949
 11
23.38597758556766
 21
62.3828317728085
 72
     1
 10
23.38597758556766
 20
62.3828317728085
 11
23.84238340322413
 21
62.83923759046498
 97
        0
 75
     0
 76
     1
 98
        0
  0
HATCH
  5
B1
330
1F
100
AcDbEntity
  8
0
 62
     7
420
 16777215
440
 33554687
100
AcDbHatch
 10
0.0
 20
0.0
 30
0.0
210
0.0
220
0.0
230
1.0
  2
SOLID
 70
     1
 71
     1
 91
        1
 92
        0
 93
        3
 72
     1
 10
23.8336063682692
 20
62.83046055551004
 11
23.52092449799974
 21
62.43000833569126
 72
     1
 10
23.52092449799974
 20
62.43000833569126
 11
23.39475462052259
 21
62.39160880776343
 72
     1
 10
23.39475462052259
 20
62.39160880776343
 11
23.8336063682692
 21
62.83046055551004
 97
        0
 75
     0
 76
     1
 98
        0
  0
HATCH
  5
B2
330
1F
100
AcDbEntity
  8
0
 62
     7
420
 16777215
440
 33554687
100
AcDbHatch
 10
0.0
 20
0.0
 30
0.0
210
0.0
220
0.0
230
1.0
  2
SOLID
 70
     1
 71
     1
 91
        1
 92
        0
 93
        3
 72
     1
 10
23.84238340322413
 20
62.83923759046498
 11
23.38597758556766
 21
62.3828317728085
 72
     1
 10
23.38597758556766
 20
62.3828317728085
 11
23.41889146664866
 21
62.52107007334868
 72
     1
 10
23.41889146664866
 20
62.52107007334868
 11
23.84238340322413
 21
62.83923759046498
 97
        0
 75
     0
 76
     1
 98
        0
  0
HATCH
  5
B3
330
1F
100
AcDbEntity
  8
0
 62
     7
420
 16777215
440
 33554687
100
AcDbHatch
 10
0.0
 20
0.0
 30
0.0
210
0.0
220
0.0
230
1.0
  2
SOLID
 70
     1
 71
     1
 91
        1
 92
        0
 93
        3
 72
     1
 10
23.8336063682692
 20
62.83046055551004
 11
23.39475462052259
 21
62.39160880776343
 72
     1
 10
23.39475462052259
 20
62.39160880776343
 11
23.43315414845042
 21
62.51777868524059
 72
     1
 10
23.43315414845042
 20
62.51777868524059
 11
23.8336063682692
 21
62.83046055551004
 97
        0
 75
     0
 76
     1
 98
        0
  0
HATCH
  5
B4
330
1F
100
AcDbEntity
  8
0
 62
     7
420
 16777215
440
 33554687
100
AcDbHatch
 10
0.0
 20
0.0
 30
0.0
210
0.0
220
0.0
230
1.0
  2
SOLID
 70
     1
 71
     1
 91
        1
 92
        0
 93
        3
 72
     1
 10
56.68597758556766
 20
60.84957912507026
 11
56.83597758556766
 21
59.79332912507026
 72
     1
 10
56.83597758556766
 20
59.79332912507026
 11
56.68597758556766
 21
59.54957912507027
 72
     1
 10
56.68597758556766
 20
59.54957912507027
 11
56.68597758556766
 21
60.84957912507026
 97
        0
 75
     0
 76
     1
 98
        0
  0
HATCH
  5
B5
330
1F
100
AcDbEntity
  8
0
 62
     7
420
 16777215
440
 33554687
100
AcDbHatch
 10
0.0
 20
0.0
 30
0.0
210
0.0
220
0.0
230
1.0
  2
SOLID
 70
     1
 71
     1
 91
        1
 92
        0
 93
        3
 72
     1
 10
56.68597758556766
 20
60.82457912507026
 11
56.81097758556766
 21
59.80895412507026
 72
     1
 10
56.81097758556766
 20
59.80895412507026
 11
56.68597758556766
 21
59.57457912507027
 72
     1
 10
56.68597758556766
 20
59.57457912507027
 11
56.68597758556766
 21
60.82457912507026
 97
        0
 75
     0
 76
     1
 98
        0
  0
HATCH
  5
B6
330
1F
100
AcDbEntity
  8
0
 62
     7
420
 16777215
440
 33554687
100
AcDbHatch
 10
0.0
 20
0.0
 30
0.0
210
0.0
220
0.0
230
1.0
  2
SOLID
 70
     1
 71
     1
 91
        1
 92
        0
 93
        3
 72
     1
 10
56.68597758556766
 20
60.84957912507026
 11
56.68597758556766
 21
59.54957912507027
 72
     1
 10
56.68597758556766
 20
59.54957912507027
 11
56.53597758556765
 21
59.79332912507026
 72
     1
 10
56.53597758556765
 20
59.79332912507026
 11
56.68597758556766
 21
60.84957912507026
 97
        0
 75
     0
 76
     1
 98
        0
  0
HATCH
  5
B7
330
1F
100
AcDbEntity
  8
0
 62
     7
420
 16777215
440
 33554687
100
AcDbHatch
 10
0.0
 20
0.0
 30
0.0
210
0.0
220
0.0
230
1.0
  2
SOLID
 70
     1
 71
     1
 91
        1
 92
        0
 93
        3
 72
     1
 10
56.68597758556766
 20
60.82457912507026
 11
56.68597758556766
 21
59.57457912507027
 72
     1
 10
56.68597758556766
 20
59.57457912507027
 11
56.56097758556766
 21
59.80895412507026
 72
     1
 10
56.56097758556766
 20
59.80895412507026
 11
56.68597758556766
 21
60.82457912507026
 97
        0
 75
     0
 76
     1
 98
        0
  0
HATCH
  5
B8
330
1F
100
AcDbEntity
  8
0
 62
     7
420
 16777215
440
 33554687
100
AcDbHatch
 10
0.0
 20
0.0
 30
0.0
210
0.0
220
0.0
230
1.0
  2
SOLID
 70
     1
 71
     1
 91
        1
 92
        0
 93
        3
 72
     1
 10
56.68597758556766
 20
58.24957912507027
 11
56.53597758556766
 21
59.30582912507027
 72
     1
 10
56.53597758556766
 20
59.30582912507027
 11
56.68597758556766
 21
59.54957912507027
 72
     1
 10
56.68597758556766
 20
59.54957912507027
 11
56.68597758556766
 21
58.24957912507027
 97
        0
 75
     0
 76
     1
 98
        0
  0
HATCH
  5
B9
330
1F
100
AcDbEntity
  8
0
 62
     7
420
 16777215
440
 33554687
100
AcDbHatch
 10
0.0
 20
0.0
 30
0.0
210
0.0
220
0.0
230
1.0
  2
SOLID
 70
     1
 71
     1
 91
        1
 92
        0
 93
        3
 72
     1
 10
56.68597758556766
 20
58.27457912507027
 11
56.56097758556766
 21
59.29020412507027
 72
     1
 10
56.56097758556766
 20
59.29020412507027
 11
56.68597758556766
 21
59.52457912507026
 72
     1
 10
56.68597758556766
 20
59.52457912507026
 11
56.68597758556766
 21
58.27457912507027
 97
        0
 75
     0
 76
     1
 98
        0
  0
HATCH
  5
BA
330
1F
100
AcDbEntity
  8
0
 62
     7
420
 16777215
440
 33554687
100
AcDbHatch
 10
0.0
 20
0.0
 30
0.0
210
0.0
220
0.0
230
1.0
  2
SOLID
 70
     1
 71
     1
 91
        1
 92
        0
 93
        3
 72
     1
 10
56.68597758556766
 20
58.24957912507027
 11
56.68597758556766
 21
59.54957912507027
 72
     1
 10
56.68597758556766
 20
59.54957912507027
 11
56.83597758556767
 21
59.30582912507027
 72
     1
 10
56.83597758556767
 20
59.30582912507027
 11
56.68597758556766
 21
58.24957912507027
 97
        0
 75
     0
 76
     1
 98
        0
  0
HATCH
  5
BB
330
1F
100
AcDbEntity
  8
0
 62
     7
420
 16777215
440
 33554687
100
AcDbHatch
 10
0.0
 20
0.0
 30
0.0
210
0.0
220
0.0
230
1.0
  2
SOLID
 70
     1
 71
     1
 91
        1
 92
        0
 93
        3
 72
     1
 10
56.68597758556766
 20
58.27457912507026
 11
56.68597758556766
 21
59.52457912507026
 72
     1
 10
56.68597758556766
 20
59.52457912507026
 11
56.81097758556766
 21
59.29020412507026
 72
     1
 10
56.81097758556766
 20
59.29020412507026
 11
56.68597758556766
 21
58.27457912507026
 97
        0
 75
     0
 76
     1
 98
        0
  0
HATCH
  5
BC
330
1F
100
AcDbEntity
  8
0
 62
     7
420
 16777215
440
 33554687
100
AcDbHatch
 10
0.0
 20
0.0
 30
0.0
210
0.0
220
0.0
230
1.0
  2
SOLID
 70
     1
 71
     1
 91
        1
 92
        0
 93
        3
 72
     1
 10
55.38597758556767
 20
59.54957912507025
 11
56.44222758556766
 21
59.69957912507026
 72
     1
 10
56.44222758556766
 20
59.69957912507026
 11
56.68597758556766
 21
59.54957912507025
 72
     1
 10
56.68597758556766
 20
59.54957912507025
 11
55.38597758556767
 21
59.54957912507025
 97
        0
 75
     0
 76
     1
 98
        0
  0
HATCH
  5
BD
330
1F
100
AcDbEntity
  8
0
 62
     7
420
 16777215
440
 33554687
100
AcDbHatch
 10
0.0
 20
0.0
 30
0.0
210
0.0
220
0.0
230
1.0
  2
SOLID
 70
     1
 71
     1
 91
        1
 92
        0
 93
        3
 72
     1
 10
55.41097758556766
 20
59.54957912507026
 11
56.42660258556766
 21
59.67457912507026
 72
     1
 10
56.42660258556766
 20
59.67457912507026
 11
56.66097758556766
 21
59.54957912507026
 72
     1
 10
56.66097758556766
 20
59.54957912507026
 11
55.41097758556766
 21
59.54957912507026
 97
        0
 75
     0
 76
     1
 98
        0
  0
HATCH
  5
BE
330
1F
100
AcDbEntity
  8
0
 62
     7
420
 16777215
440
 33554687
100
AcDbHatch
 10
0.0
 20
0.0
 30
0.0
210
0.0
220
0.0
230
1.0
  2
SOLID
 70
     1
 71
     1
 91
        1
 92
        0
 93
        3
 72
     1
 10
55.38597758556767
 20
59.54957912507025
 11
56.68597758556766
 21
59.54957912507025
 72
     1
 10
56.68597758556766
 20
59.54957912507025
 11
56.44222758556766
 21
59.39957912507026
 72
     1
 10
56.44222758556766
 20
59.39957912507026
 11
55.38597758556767
 21
59.54957912507025
 97
        0
 75
     0
 76
     1
 98
        0
  0
HATCH
  5
BF
330
1F
100
AcDbEntity
  8
0
 62
     7
420
 16777215
440
 33554687
100
AcDbHatch
 10
0.0
 20
0.0
 30
0.0
210
0.0
220
0.0
230
1.0
  2
SOLID
 70
     1
 71
     1
 91
        1
 92
        0
 93
        3
 72
     1
 10
55.41097758556766
 20
59.54957912507025
 11
56.66097758556766
 21
59.54957912507025
 72
     1
 10
56.66097758556766
 20
59.54957912507025
 11
56.42660258556766
 21
59.42457912507025
 72
     1
 10
56.42660258556766
 20
59.42457912507025
 11
55.41097758556766
 21
59.54957912507025
 97
        0
 75
     0
 76
     1
 98
        0
  0
HATCH
  5
C0
330
1F
100
AcDbEntity
  8
0
 62
     7
420
 16777215
440
 33554687
100
AcDbHatch
 10
0.0
 20
0.0
 30
0.0
210
0.0
220
0.0
230
1.0
  2
SOLID
 70
     1
 71
     1
 91
        1
 92
        0
 93
        3
 72
     1
 10
57.98597758556766
 20
59.54957912507027
 11
56.92972758556767
 21
59.39957912507026
 72
     1
 10
56.92972758556767
 20
59.39957912507026
 11
56.68597758556766
 21
59.54957912507027
 72
     1
 10
56.68597758556766
 20
59.54957912507027
 11
57.98597758556766
 21
59.54957912507027
 97
        0
 75
     0
 76
     1
 98
        0
  0
HATCH
  5
C1
330
1F
100
AcDbEntity
  8
0
 62
     7
420
 16777215
440
 33554687
100
AcDbHatch
 10
0.0
 20
0.0
 30
0.0
210
0.0
220
0.0
230
1.0
  2
SOLID
 70
     1
 71
     1
 91
        1
 92
        0
 93
        3
 72
     1
 10
57.96097758556765
 20
59.54957912507027
 11
56.94535258556766
 21
59.42457912507027
 72
     1
 10
56.94535258556766
 20
59.42457912507027
 11
56.71097758556766
 21
59.54957912507027
 72
     1
 10
56.71097758556766
 20
59.54957912507027
 11
57.96097758556765
 21
59.54957912507027
 97
        0
 75
     0
 76
     1
 98
        0
  0
HATCH
  5
C2
330
1F
100
AcDbEntity
  8
0
 62
     7
420
 16777215
440
 33554687
100
AcDbHatch
 10
0.0
 20
0.0
 30
0.0
210
0.0
220
0.0
230
1.0
  2
SOLID
 70
     1
 71
     1
 91
        1
 92
        0
 93
        3
 72
     1
 10
57.98597758556767
 20
59.54957912507027
 11
56.68597758556768
 21
59.54957912507027
 72
     1
 10
56.68597758556768
 20
59.54957912507027
 11
56.92972758556768
 21
59.69957912507027
 72
     1
 10
56.92972758556768
 20
59.69957912507027
 11
57.98597758556767
 21
59.54957912507027
 97
        0
 75
     0
 76
     1
 98
        0
  0
HATCH
  5
C3
330
1F
100
AcDbEntity
  8
0
 62
     7
420
 16777215
440
 33554687
100
AcDbHatch
 10
0.0
 20
0.0
 30
0.0
210
0.0
220
0.0
230
1.0
  2
SOLID
 70
     1
 71
     1
 91
        1
 92
        0
 93
        3
 72
     1
 10
57.96097758556766
 20
59.54957912507027
 11
56.71097758556767
 21
59.54957912507027
 72
     1
 10
56.71097758556767
 20
59.54957912507027
 11
56.94535258556766
 21
59.67457912507027
 72
     1
 10
56.94535258556766
 20
59.67457912507027
 11
57.96097758556766
 21
59.54957912507027
 97
        0
 75
     0
 76
     1
 98
        0
  0
HATCH
  5
C4
330
1F
100
AcDbEntity
  8
0
 62
     7
420
 16777215
440
 33554687
100
AcDbHatch
 10
0.0
 20
0.0
 30
0.0
210
0.0
220
0.0
230
1.0
  2
SOLID
 70
     1
 71
     1
 91
        1
 92
        0
 93
        3
 72
     1
 10
56.17774458658983
 20
60.05781212404809
 11
56.64932616737214
 21
59.70351508149143
 72
     1
 10
56.64932616737214
 20
59.70351508149143
 11
56.68597758556766
 21
59.54957912507027
 72
     1
 10
56.68597758556766
 20
59.54957912507027
 11
56.17774458658983
 21
60.05781212404809
 97
        0
 75
     0
 76
     1
 98
        0
  0
HATCH
  5
C5
330
1F
100
AcDbEntity
  8
0
 62
     7
420
 16777215
440
 33554687
100
AcDbHatch
 10
0.0
 20
0.0
 30
0.0
210
0.0
220
0.0
230
1.0
  2
SOLID
 70
     1
 71
     1
 91
        1
 92
        0
 93
        3
 72
     1
 10
56.18751829810864
 20
60.04803841252929
 11
56.6334438861541
 21
59.69984993967188
 72
     1
 10
56.6334438861541
 20
59.69984993967188
 11
56.67620387404887
 21
59.55935283658907
 72
     1
 10
56.67620387404887
 20
59.55935283658907
 11
56.18751829810864
 21
60.04803841252929
 97
        0
 75
     0
 76
     1
 98
        0
  0
HATCH
  5
C6
330
1F
100
AcDbEntity
  8
0
 62
     7
420
 16777215
440
 33554687
100
AcDbHatch
 10
0.0
 20
0.0
 30
0.0
210
0.0
220
0.0
230
1.0
  2
SOLID
 70
     1
 71
     1
 91
        1
 92
        0
 93
        3
 72
     1
 10
56.17774458658983
 20
60.05781212404809
 11
56.68597758556766
 21
59.54957912507027
 72
     1
 10
56.68597758556766
 20
59.54957912507027
 11
56.5320416291465
 21
59.58623054326578
 72
     1
 10
56.5320416291465
 20
59.58623054326578
 11
56.17774458658983
 21
60.05781212404809
 97
        0
 75
     0
 76
     1
 98
        0
  0
HATCH
  5
C7
330
1F
100
AcDbEntity
  8
0
 62
     7
420
 16777215
440
 33554687
100
AcDbHatch
 10
0.0
 20
0.0
 30
0.0
210
0.0
220
0.0
230
1.0
  2
SOLID
 70
     1
 71
     1
 91
        1
 92
        0
 93
        3
 72
     1
 10
56.18751829810864
 20
60.04803841252928
 11
56.67620387404886
 21
59.55935283658906
 72
     1
 10
56.67620387404886
 20
59.55935283658906
 11
56.53570677096604
 21
59.60211282448383
 72
     1
 10
56.53570677096604
 20
59.60211282448383
 11
56.18751829810864
 21
60.04803841252928
 97
        0
 75
     0
 76
     1
 98
        0
  0
HATCH
  5
C8
330
1F
100
AcDbEntity
  8
0
 62
     7
420
 16777215
440
 33554687
100
AcDbHatch
 10
0.0
 20
0.0
 30
0.0
210
0.0
220
0.0
230
1.0
  2
SOLID
 70
     1
 71
     1
 91
        1
 92
        0
 93
        3
 72
     1
 10
57.1942105845455
 20
59.04134612609244
 11
56.72262900376318
 21
59.3956431686491
 72
     1
 10
56.72262900376318
 20
59.3956431686491
 11
56.68597758556766
 21
59.54957912507027
 72
     1
 10
56.68597758556766
 20
59.54957912507027
 11
57.1942105845455
 21
59.04134612609244
 97
        0
 75
     0
 76
     1
 98
        0
  0
HATCH
  5
C9
330
1F
100
AcDbEntity
  8
0
 62
     7
420
 16777215
440
 33554687
100
AcDbHatch
 10
0.0
 20
0.0
 30
0.0
210
0.0
220
0.0
230
1.0
  2
SOLID
 70
     1
 71
     1
 91
        1
 92
        0
 93
        3
 72
     1
 10
57.18443687302669
 20
59.05111983761124
 11
56.73851128498124
 21
59.39930831046865
 72
     1
 10
56.73851128498124
 20
59.39930831046865
 11
56.69575129708647
 21
59.53980541355146
 72
     1
 10
56.69575129708647
 20
59.53980541355146
 11
57.18443687302669
 21
59.05111983761124
 97
        0
 75
     0
 76
     1
 98
        0
  0
HATCH
  5
CA
330
1F
100
AcDbEntity
  8
0
 62
     7
420
 16777215
440
 33554687
100
AcDbHatch
 10
0.0
 20
0.0
 30
0.0
210
0.0
220
0.0
230
1.0
  2
SOLID
 70
     1
 71
     1
 91
        1
 92
        0
 93
        3
 72
     1
 10
57.19421058454549
 20
59.04134612609244
 11
56.68597758556766
 21
59.54957912507027
 72
     1
 10
56.68597758556766
 20
59.54957912507027
 11
56.83991354198883
 21
59.51292770687475
 72
     1
 10
56.83991354198883
 20
59.51292770687475
 11
57.19421058454549
 21
59.04134612609244
 97
        0
 75
     0
 76
     1
 98
        0
  0
HATCH
  5
CB
330
1F
100
AcDbEntity
  8
0
 62
     7
420
 16777215
440
 33554687
100
AcDbHatch
 10
0.0
 20
0.0
 30
0.0
210
0.0
220
0.0
230
1.0
  2
SOLID
 70
     1
 71
     1
 91
        1
 92
        0
 93
        3
 72
     1
 10
57.18443687302669
 20
59.05111983761125
 11
56.69575129708647
 21
59.53980541355146
 72
     1
 10
56.69575129708647
 20
59.53980541355146
 11
56.83624840016928
 21
59.49704542565669
 72
     1
 10
56.83624840016928
 20
59.49704542565669
 11
57.18443687302669
 21
59.05111983761125
 97
        0
 75
     0
 76
     1
 98
        0
  0
HATCH
  5
CC
330
1F
100
AcDbEntity
  8
0
 62
     7
420
 16777215
440
 33554687
100
AcDbHatch
 10
0.0
 20
0.0
 30
0.0
210
0.0
220
0.0
230
1.0
  2
SOLID
 70
     1
 71
     1
 91
        1
 92
        0
 93
        3
 72
     1
 10
56.17774458658984
 20
59.04134612609244
 11
56.53204162914651
 21
59.51292770687475
 72
     1
 10
56.53204162914651
 20
59.51292770687475
 11
56.68597758556768
 21
59.54957912507027
 72
     1
 10
56.68597758556768
 20
59.54957912507027
 11
56.17774458658984
 21
59.04134612609244
 97
        0
 75
     0
 76
     1
 98
        0
  0
HATCH
  5
CD
330
1F
100
AcDbEntity
  8
0
 62
     7
420
 16777215
440
 33554687
100
AcDbHatch
 10
0.0
 20
0.0
 30
0.0
210
0.0
220
0.0
230
1.0
  2
SOLID
 70
     1
 71
     1
 91
        1
 92
        0
 93
        3
 72
     1
 10
56.18751829810865
 20
59.05111983761124
 11
56.53570677096605
 21
59.49704542565669
 72
     1
 10
56.53570677096605
 20
59.49704542565669
 11
56.67620387404887
 21
59.53980541355146
 72
     1
 10
56.67620387404887
 20
59.53980541355146
 11
56.18751829810865
 21
59.05111983761124
 97
        0
 75
     0
 76
     1
 98
        0
  0
HATCH
  5
CE
330
1F
100
AcDbEntity
  8
0
 62
     7
420
 16777215
440
 33554687
100
AcDbHatch
 10
0.0
 20
0.0
 30
0.0
210
0.0
220
0.0
230
1.0
  2
SOLID
 70
     1
 71
     1
 91
        1
 92
        0
 93
        3
 72
     1
 10
56.17774458658983
 20
59.04134612609244
 11
56.68597758556766
 21
59.54957912507027
 72
     1
 10
56.68597758556766
 20
59.54957912507027
 11
56.64932616737214
 21
59.3956431686491
 72
     1
 10
56.64932616737214
 20
59.3956431686491
 11
56.17774458658983
 21
59.04134612609244
 97
        0
 75
     0
 76
     1
 98
        0
  0
HATCH
  5
CF
330
1F
100
AcDbEntity
  8
0
 62
     7
420
 16777215
440
 33554687
100
AcDbHatch
 10
0.0
 20
0.0
 30
0.0
210
0.0
220
0.0
230
1.0
  2
SOLID
 70
     1
 71
     1
 91
        1
 92
        0
 93
        3
 72
     1
 10
56.18751829810864
 20
59.05111983761124
 11
56.67620387404887
 21
59.53980541355146
 72
     1
 10
56.67620387404887
 20
59.53980541355146
 11
56.6334438861541
 21
59.39930831046865
 72
     1
 10
56.6334438861541
 20
59.39930831046865
 11
56.18751829810864
 21
59.05111983761124
 97
        0
 75
     0
 76
     1
 98
        0
  0
HATCH
  5
D0
330
1F
100
AcDbEntity
  8
0
 62
     7
420
 16777215
440
 33554687
100
AcDbHatch
 10
0.0
 20
0.0
 30
0.0
210
0.0
220
0.0
230
1.0
  2
SOLID
 70
     1
 71
     1
 91
        1
 92
        0
 93
        3
 72
     1
 10
57.19421058454549
 20
60.05781212404809
 11
56.83991354198883
 21
59.58623054326578
 72
     1
 10
56.83991354198883
 20
59.58623054326578
 11
56.68597758556766
 21
59.54957912507027
 72
     1
 10
56.68597758556766
 20
59.54957912507027
 11
57.19421058454549
 21
60.05781212404809
 97
        0
 75
     0
 76
     1
 98
        0
  0
HATCH
  5
D1
330
1F
100
AcDbEntity
  8
0
 62
     7
420
 16777215
440
 33554687
100
AcDbHatch
 10
0.0
 20
0.0
 30
0.0
210
0.0
220
0.0
230
1.0
  2
SOLID
 70
     1
 71
     1
 91
        1
 92
        0
 93
        3
 72
     1
 10
57.18443687302669
 20
60.04803841252929
 11
56.83624840016928
 21
59.60211282448384
 72
     1
 10
56.83624840016928
 20
59.60211282448384
 11
56.69575129708647
 21
59.55935283658907
 72
     1
 10
56.69575129708647
 20
59.55935283658907
 11
57.18443687302669
 21
60.04803841252929
 97
        0
 75
     0
 76
     1
 98
        0
  0
HATCH
  5
D2
330
1F
100
AcDbEntity
  8
0
 62
     7
420
 16777215
440
 33554687
100
AcDbHatch
 10
0.0
 20
0.0
 30
0.0
210
0.0
220
0.0
230
1.0
  2
SOLID
 70
     1
 71
     1
 91
        1
 92
        0
 93
        3
 72
     1
 10
57.1942105845455
 20
60.05781212404809
 11
56.68597758556766
 21
59.54957912507027
 72
     1
 10
56.68597758556766
 20
59.54957912507027
 11
56.72262900376318
 21
59.70351508149143
 72
     1
 10
56.72262900376318
 20
59.70351508149143
 11
57.1942105845455
 21
60.05781212404809
 97
        0
 75
     0
 76
     1
 98
        0
  0
HATCH
  5
D3
330
1F
100
AcDbEntity
  8
0
 62
     7
420
 16777215
440
 33554687
100
AcDbHatch
 10
0.0
 20
0.0
 30
0.0
210
0.0
220
0.0
230
1.0
  2
SOLID
 70
     1
 71
     1
 91
        1
 92
        0
 93
        3
 72
     1
 10
57.18443687302669
 20
60.04803841252929
 11
56.69575129708647
 21
59.55935283658907
 72
     1
 10
56.69575129708647
 20
59.55935283658907
 11
56.73851128498124
 21
59.69984993967188
 72
     1
 10
56.73851128498124
 20
59.69984993967188
 11
57.18443687302669
 21
60.04803841252929
 97
        0
 75
     0
 76
     1
 98
        0
  0
HATCH
  5
D4
330
1F
100
AcDbEntity
  8
0
 62
     7
420
 16777215
440
 33554687
100
AcDbHatch
 10
0.0
 20
0.0
 30
0.0
210
0.0
220
0.0
230
1.0
  2
SOLID
 70
     1
 71
     1
 91
        1
 92
        0
 93
        3
 72
     1
 10
19.38597758556766
 20
61.24957912507026
 11
19.53466298779393
 21
60.20258608439362
 72
     1
 10
19.53466298779393
 20
60.20258608439362
 11
19.38597758556766
 21
59.96097230577593
 72
     1
 10
19.38597758556766
 20
59.96097230577593
 11
19.38597758556766
 21
61.24957912507026
 97
        0
 75
     0
 76
     1
 98
        0
  0
HATCH
  5
D5
330
1F
100
AcDbEntity
  8
0
 62
     7
420
 16777215
440
 33554687
100
AcDbHatch
 10
0.0
 20
0.0
 30
0.0
210
0.0
220
0.0
230
1.0
  2
SOLID
 70
     1
 71
     1
 91
        1
 92
        0
 93
        3
 72
     1
 10
19.38597758556766
 20
61.22479822469921
 11
19.50988208742288
 21
60.21807414712552
 72
     1
 10
19.50988208742288
 20
60.21807414712552
 11
19.38597758556766
 21
59.98575320614697
 72
     1
 10
19.38597758556766
 20
59.98575320614697
 11
19.38597758556766
 21
61.22479822469921
 97
        0
 75
     0
 76
     1
 98
        0
  0
HATCH
  5
D6
330
1F
100
AcDbEntity
  8
0
 62
     7
420
 16777215
440
 33554687
100
AcDbHatch
 10
0.0
 20
0.0
 30
0.0
210
0.0
220
0.0
230
1.0
  2
SOLID
 70
     1
 71
     1
 91
        1
 92
        0
 93
        3
 72
     1
 10
19.38597758556766
 20
61.24957912507026
 11
19.38597758556766
 21
59.96097230577593
 72
     1
 10
19.38597758556766
 20
59.96097230577593
 11
19.23729218334139
 21
60.20258608439362
 72
     1
 10
19.23729218334139
 20
60.20258608439362
 11
19.38597758556766
 21
61.24957912507026
 97
        0
 75
     0
 76
     1
 98
        0
  0
HATCH
  5
D7
330
1F
100
AcDbEntity
  8
0
 62
     7
420
 16777215
440
 33554687
100
AcDbHatch
 10
0.0
 20
0.0
 30
0.0
210
0.0
220
0.0
230
1.0
  2
SOLID
 70
     1
 71
     1
 91
        1
 92
        0
 93
        3
 72
     1
 10
19.38597758556766
 20
61.22479822469921
 11
19.38597758556766
 21
59.98575320614697
 72
     1
 10
19.38597758556766
 20
59.98575320614697
 11
19.26207308371244
 21
60.21807414712552
 72
     1
 10
19.26207308371244
 20
60.21807414712552
 11
19.38597758556766
 21
61.22479822469921
 97
        0
 75
     0
 76
     1
 98
        0
  0
HATCH
  5
D8
330
1F
100
AcDbEntity
  8
0
 62
     7
420
 16777215
440
 33554687
100
AcDbHatch
 10
0.0
 20
0.0
 30
0.0
210
0.0
220
0.0
230
1.0
  2
SOLID
 70
     1
 71
     1
 91
        1
 92
        0
 93
        3
 72
     1
 10
19.38597758556767
 20
58.67236548648162
 11
19.2372921833414
 21
59.71935852715825
 72
     1
 10
19.2372921833414
 20
59.71935852715825
 11
19.38597758556767
 21
59.96097230577593
 72
     1
 10
19.38597758556767
 20
59.96097230577593
 11
19.38597758556767
 21
58.67236548648162
 97
        0
 75
     0
 76
     1
 98
        0
  0
HATCH
  5
D9
330
1F
100
AcDbEntity
  8
0
 62
     7
420
 16777215
440
 33554687
100
AcDbHatch
 10
0.0
 20
0.0
 30
0.0
210
0.0
220
0.0
230
1.0
  2
SOLID
 70
     1
 71
     1
 91
        1
 92
        0
 93
        3
 72
     1
 10
19.38597758556766
 20
58.69714638685267
 11
19.26207308371244
 21
59.70387046442634
 72
     1
 10
19.26207308371244
 20
59.70387046442634
 11
19.38597758556766
 21
59.93619140540488
 72
     1
 10
19.38597758556766
 20
59.93619140540488
 11
19.38597758556766
 21
58.69714638685267
 97
        0
 75
     0
 76
     1
 98
        0
  0
HATCH
  5
DA
330
1F
100
AcDbEntity
  8
0
 62
     7
420
 16777215
440
 33554687
100
AcDbHatch
 10
0.0
 20
0.0
 30
0.0
210
0.0
220
0.0
230
1.0
  2
SOLID
 70
     1
 71
     1
 91
        1
 92
        0
 93
        3
 72
     1
 10
19.38597758556767
 20
58.67236548648162
 11
19.38597758556767
 21
59.96097230577594
 72
     1
 10
19.38597758556767
 20
59.96097230577594
 11
19.53466298779394
 21
59.71935852715825
 72
     1
 10
19.53466298779394
 20
59.71935852715825
 11
19.38597758556767
 21
58.67236548648162
 97
        0
 75
     0
 76
     1
 98
        0
  0
HATCH
  5
DB
330
1F
100
AcDbEntity
  8
0
 62
     7
420
 16777215
440
 33554687
100
AcDbHatch
 10
0.0
 20
0.0
 30
0.0
210
0.0
220
0.0
230
1.0
  2
SOLID
 70
     1
 71
     1
 91
        1
 92
        0
 93
        3
 72
     1
 10
19.38597758556767
 20
58.69714638685267
 11
19.38597758556767
 21
59.9361914054049
 72
     1
 10
19.38597758556767
 20
59.9361914054049
 11
19.50988208742289
 21
59.70387046442635
 72
     1
 10
19.50988208742289
 20
59.70387046442635
 11
19.38597758556767
 21
58.69714638685267
 97
        0
 75
     0
 76
     1
 98
        0
  0
HATCH
  5
DC
330
1F
100
AcDbEntity
  8
0
 62
     7
420
 16777215
440
 33554687
100
AcDbHatch
 10
0.0
 20
0.0
 30
0.0
210
0.0
220
0.0
230
1.0
  2
SOLID
 70
     1
 71
     1
 91
        1
 92
        0
 93
        3
 72
     1
 10
18.09737076627334
 20
59.96097230577593
 11
19.14436380694998
 21
60.10965770800219
 72
     1
 10
19.14436380694998
 20
60.10965770800219
 11
19.38597758556766
 21
59.96097230577593
 72
     1
 10
19.38597758556766
 20
59.96097230577593
 11
18.09737076627334
 21
59.96097230577593
 97
        0
 75
     0
 76
     1
 98
        0
  0
HATCH
  5
DD
330
1F
100
AcDbEntity
  8
0
 62
     7
420
 16777215
440
 33554687
100
AcDbHatch
 10
0.0
 20
0.0
 30
0.0
210
0.0
220
0.0
230
1.0
  2
SOLID
 70
     1
 71
     1
 91
        1
 92
        0
 93
        3
 72
     1
 10
18.12215166664439
 20
59.96097230577593
 11
19.12887574421808
 21
60.08487680763115
 72
     1
 10
19.12887574421808
 20
60.08487680763115
 11
19.36119668519662
 21
59.96097230577593
 72
     1
 10
19.36119668519662
 20
59.96097230577593
 11
18.12215166664439
 21
59.96097230577593
 97
        0
 75
     0
 76
     1
 98
        0
  0
HATCH
  5
DE
330
1F
100
AcDbEntity
  8
0
 62
     7
420
 16777215
440
 33554687
100
AcDbHatch
 10
0.0
 20
0.0
 30
0.0
210
0.0
220
0.0
230
1.0
  2
SOLID
 70
     1
 71
     1
 91
        1
 92
        0
 93
        3
 72
     1
 10
18.09737076627334
 20
59.96097230577593
 11
19.38597758556766
 21
59.96097230577593
 72
     1
 10
19.38597758556766
 20
59.96097230577593
 11
19.14436380694998
 21
59.81228690354966
 72
     1
 10
19.14436380694998
 20
59.81228690354966
 11
18.09737076627334
 21
59.96097230577593
 97
        0
 75
     0
 76
     1
 98
        0
  0
HATCH
  5
DF
330
1F
100
AcDbEntity
  8
0
 62
     7
420
 16777215
440
 33554687
100
AcDbHatch
 10
0.0
 20
0.0
 30
0.0
210
0.0
220
0.0
230
1.0
  2
SOLID
 70
     1
 71
     1
 91
        1
 92
        0
 93
        3
 72
     1
 10
18.12215166664438
 20
59.96097230577593
 11
19.36119668519662
 21
59.96097230577593
 72
     1
 10
19.36119668519662
 20
59.96097230577593
 11
19.12887574421807
 21
59.8370678039207
 72
     1
 10
19.12887574421807
 20
59.8370678039207
 11
18.12215166664438
 21
59.96097230577593
 97
        0
 75
     0
 76
     1
 98
        0
  0
HATCH
  5
E0
330
1F
100
AcDbEntity
  8
0
 62
     7
420
 16777215
440
 33554687
100
AcDbHatch
 10
0.0
 20
0.0
 30
0.0
210
0.0
220
0.0
230
1.0
  2
SOLID
 70
     1
 71
     1
 91
        1
 92
        0
 93
        3
 72
     1
 10
20.67458440486198
 20
59.96097230577594
 11
19.62759136418535
 21
59.81228690354967
 72
     1
 10
19.62759136418535
 20
59.81228690354967
 11
19.38597758556766
 21
59.96097230577594
 72
     1
 10
19.38597758556766
 20
59.96097230577594
 11
20.67458440486198
 21
59.96097230577594
 97
        0
 75
     0
 76
     1
 98
        0
  0
HATCH
  5
E1
330
1F
100
AcDbEntity
  8
0
 62
     7
420
 16777215
440
 33554687
100
AcDbHatch
 10
0.0
 20
0.0
 30
0.0
210
0.0
220
0.0
230
1.0
  2
SOLID
 70
     1
 71
     1
 91
        1
 92
        0
 93
        3
 72
     1
 10
20.64980350449094
 20
59.96097230577593
 11
19.64307942691725
 21
59.8370678039207
 72
     1
 10
19.64307942691725
 20
59.8370678039207
 11
19.41075848593871
 21
59.96097230577593
 72
     1
 10
19.41075848593871
 20
59.96097230577593
 11
20.64980350449094
 21
59.96097230577593
 97
        0
 75
     0
 76
     1
 98
        0
  0
HATCH
  5
E2
330
1F
100
AcDbEntity
  8
0
 62
     7
420
 16777215
440
 33554687
100
AcDbHatch
 10
0.0
 20
0.0
 30
0.0
210
0.0
220
0.0
230
1.0
  2
SOLID
 70
     1
 71
     1
 91
        1
 92
        0
 93
        3
 72
     1
 10
20.67458440486198
 20
59.96097230577594
 11
19.38597758556766
 21
59.96097230577594
 72
     1
 10
19.38597758556766
 20
59.96097230577594
 11
19.62759136418534
 21
60.1096577080022
 72
     1
 10
19.62759136418534
 20
60.1096577080022
 11
20.67458440486198
 21
59.96097230577594
 97
        0
 75
     0
 76
     1
 98
        0
  0
HATCH
  5
E3
330
1F
100
AcDbEntity
  8
0
 62
     7
420
 16777215
440
 33554687
100
AcDbHatch
 10
0.0
 20
0.0
 30
0.0
210
0.0
220
0.0
230
1.0
  2
SOLID
 70
     1
 71
     1
 91
        1
 92
        0
 93
        3
 72
     1
 10
20.64980350449093
 20
59.96097230577594
 11
19.4107584859387
 21
59.96097230577594
 72
     1
 10
19.4107584859387
 20
59.96097230577594
 11
19.64307942691725
 21
60.08487680763116
 72
     1
 10
19.64307942691725
 20
60.08487680763116
 11
20.64980350449093
 21
59.96097230577594
 97
        0
 75
     0
 76
     1
 98
        0
  0
HATCH
  5
E4
330
1F
100
AcDbEntity
  8
0
 62
     7
420
 16777215
440
 33554687
100
AcDbHatch
 10
0.0
 20
0.0
 30
0.0
210
0.0
220
0.0
230
1.0
  2
SOLID
 70
     1
 71
     1
 91
        1
 92
        0
 93
        3
 72
     1
 10
18.88219873304979
 20
60.46475115829381
 11
19.34964737985724
 21
60.11355916975971
 72
     1
 10
19.34964737985724
 20
60.11355916975971
 11
19.38597758556766
 21
59.96097230577593
 72
     1
 10
19.38597758556766
 20
59.96097230577593
 11
18.88219873304979
 21
60.46475115829381
 97
        0
 75
     0
 76
     1
 98
        0
  0
HATCH
  5
E5
330
1F
100
AcDbEntity
  8
0
 62
     7
420
 16777215
440
 33554687
100
AcDbHatch
 10
0.0
 20
0.0
 30
0.0
210
0.0
220
0.0
230
1.0
  2
SOLID
 70
     1
 71
     1
 91
        1
 92
        0
 93
        3
 72
     1
 10
18.8918867879059
 20
60.45506310343769
 11
19.33390429071606
 21
60.10992614918867
 72
     1
 10
19.33390429071606
 20
60.10992614918867
 11
19.37628953071155
 21
59.97066036063205
 72
     1
 10
19.37628953071155
 20
59.97066036063205
 11
18.8918867879059
 21
60.45506310343769
 97
        0
 75
     0
 76
     1
 98
        0
  0
HATCH
  5
E6
330
1F
100
AcDbEntity
  8
0
 62
     7
420
 16777215
440
 33554687
100
AcDbHatch
 10
0.0
 20
0.0
 30
0.0
210
0.0
220
0.0
230
1.0
  2
SOLID
 70
     1
 71
     1
 91
        1
 92
        0
 93
        3
 72
     1
 10
18.88219873304979
 20
60.46475115829381
 11
19.38597758556767
 21
59.96097230577593
 72
     1
 10
19.38597758556767
 20
59.96097230577593
 11
19.23339072158389
 21
59.99730251148635
 72
     1
 10
19.23339072158389
 20
59.99730251148635
 11
18.88219873304979
 21
60.46475115829381
 97
        0
 75
     0
 76
     1
 98
        0
  0
HATCH
  5
E7
330
1F
100
AcDbEntity
  8
0
 62
     7
420
 16777215
440
 33554687
100
AcDbHatch
 10
0.0
 20
0.0
 30
0.0
210
0.0
220
0.0
230
1.0
  2
SOLID
 70
     1
 71
     1
 91
        1
 92
        0
 93
        3
 72
     1
 10
18.8918867879059
 20
60.45506310343769
 11
19.37628953071155
 21
59.97066036063205
 72
     1
 10
19.37628953071155
 20
59.97066036063205
 11
19.23702374215493
 21
60.01304560062754
 72
     1
 10
19.23702374215493
 20
60.01304560062754
 11
18.8918867879059
 21
60.45506310343769
 97
        0
 75
     0
 76
     1
 98
        0
  0
HATCH
  5
E8
330
1F
100
AcDbEntity
  8
0
 62
     7
420
 16777215
440
 33554687
100
AcDbHatch
 10
0.0
 20
0.0
 30
0.0
210
0.0
220
0.0
230
1.0
  2
SOLID
 70
     1
 71
     1
 91
        1
 92
        0
 93
        3
 72
     1
 10
19.88975643808553
 20
59.45719345325806
 11
19.42230779127809
 21
59.80838544179215
 72
     1
 10
19.42230779127809
 20
59.80838544179215
 11
19.38597758556766
 21
59.96097230577594
 72
     1
 10
19.38597758556766
 20
59.96097230577594
 11
19.88975643808553
 21
59.45719345325806
 97
        0
 75
     0
 76
     1
 98
        0
  0
HATCH
  5
E9
330
1F
100
AcDbEntity
  8
0
 62
     7
420
 16777215
440
 33554687
100
AcDbHatch
 10
0.0
 20
0.0
 30
0.0
210
0.0
220
0.0
230
1.0
  2
SOLID
 70
     1
 71
     1
 91
        1
 92
        0
 93
        3
 72
     1
 10
19.88006838322942
 20
59.46688150811417
 11
19.43805088041927
 21
59.8120184623632
 72
     1
 10
19.43805088041927
 20
59.8120184623632
 11
19.39566564042378
 21
59.95128425091982
 72
     1
 10
19.39566564042378
 20
59.95128425091982
 11
19.88006838322942
 21
59.46688150811417
 97
        0
 75
     0
 76
     1
 98
        0
  0
HATCH
  5
EA
330
1F
100
AcDbEntity
  8
0
 62
     7
420
 16777215
440
 33554687
100
AcDbHatch
 10
0.0
 20
0.0
 30
0.0
210
0.0
220
0.0
230
1.0
  2
SOLID
 70
     1
 71
     1
 91
        1
 92
        0
 93
        3
 72
     1
 10
19.88975643808553
 20
59.45719345325806
 11
19.38597758556766
 21
59.96097230577593
 72
     1
 10
19.38597758556766
 20
59.96097230577593
 11
19.53856444955144
 21
59.92464210006551
 72
     1
 10
19.53856444955144
 20
59.92464210006551
 11
19.88975643808553
 21
59.45719345325806
 97
        0
 75
     0
 76
     1
 98
        0
  0
HATCH
  5
EB
330
1F
100
AcDbEntity
  8
0
 62
     7
420
 16777215
440
 33554687
100
AcDbHatch
 10
0.0
 20
0.0
 30
0.0
210
0.0
220
0.0
230
1.0
  2
SOLID
 70
     1
 71
     1
 91
        1
 92
        0
 93
        3
 72
     1
 10
19.88006838322942
 20
59.46688150811417
 11
19.39566564042378
 21
59.95128425091982
 72
     1
 10
19.39566564042378
 20
59.95128425091982
 11
19.5349314289804
 21
59.90889901092433
 72
     1
 10
19.5349314289804
 20
59.90889901092433
 11
19.88006838322942
 21
59.46688150811417
 97
        0
 75
     0
 76
     1
 98
        0
  0
HATCH
  5
EC
330
1F
100
AcDbEntity
  8
0
 62
     7
420
 16777215
440
 33554687
100
AcDbHatch
 10
0.0
 20
0.0
 30
0.0
210
0.0
220
0.0
230
1.0
  2
SOLID
 70
     1
 71
     1
 91
        1
 92
        0
 93
        3
 72
     1
 10
18.88219873304979
 20
59.45719345325806
 11
19.23339072158389
 21
59.92464210006551
 72
     1
 10
19.23339072158389
 20
59.92464210006551
 11
19.38597758556767
 21
59.96097230577594
 72
     1
 10
19.38597758556767
 20
59.96097230577594
 11
18.88219873304979
 21
59.45719345325806
 97
        0
 75
     0
 76
     1
 98
        0
  0
HATCH
  5
ED
330
1F
100
AcDbEntity
  8
0
 62
     7
420
 16777215
440
 33554687
100
AcDbHatch
 10
0.0
 20
0.0
 30
0.0
210
0.0
220
0.0
230
1.0
  2
SOLID
 70
     1
 71
     1
 91
        1
 92
        0
 93
        3
 72
     1
 10
18.8918867879059
 20
59.46688150811418
 11
19.23702374215492
 21
59.90889901092433
 72
     1
 10
19.23702374215492
 20
59.90889901092433
 11
19.37628953071155
 21
59.95128425091983
 72
     1
 10
19.37628953071155
 20
59.95128425091983
 11
18.8918867879059
 21
59.46688150811418
 97
        0
 75
     0
 76
     1
 98
        0
  0
HATCH
  5
EE
330
1F
100
AcDbEntity
  8
0
 62
     7
420
 16777215
440
 33554687
100
AcDbHatch
 10
0.0
 20
0.0
 30
0.0
210
0.0
220
0.0
230
1.0
  2
SOLID
 70
     1
 71
     1
 91
        1
 92
        0
 93
        3
 72
     1
 10
18.88219873304979
 20
59.45719345325806
 11
19.38597758556767
 21
59.96097230577594
 72
     1
 10
19.38597758556767
 20
59.96097230577594
 11
19.34964737985724
 21
59.80838544179215
 72
     1
 10
19.34964737985724
 20
59.80838544179215
 11
18.88219873304979
 21
59.45719345325806
 97
        0
 75
     0
 76
     1
 98
        0
  0
HATCH
  5
EF
330
1F
100
AcDbEntity
  8
0
 62
     7
420
 16777215
440
 33554687
100
AcDbHatch
 10
0.0
 20
0.0
 30
0.0
210
0.0
220
0.0
230
1.0
  2
SOLID
 70
     1
 71
     1
 91
        1
 92
        0
 93
        3
 72
     1
 10
18.89188678790591
 20
59.46688150811417
 11
19.37628953071155
 21
59.95128425091982
 72
     1
 10
19.37628953071155
 20
59.95128425091982
 11
19.33390429071606
 21
59.8120184623632
 72
     1
 10
19.33390429071606
 20
59.8120184623632
 11
18.89188678790591
 21
59.46688150811417
 97
        0
 75
     0
 76
     1
 98
        0
  0
HATCH
  5
F0
330
1F
100
AcDbEntity
  8
0
 62
     7
420
 16777215
440
 33554687
100
AcDbHatch
 10
0.0
 20
0.0
 30
0.0
210
0.0
220
0.0
230
1.0
  2
SOLID
 70
     1
 71
     1
 91
        1
 92
        0
 93
        3
 72
     1
 10
19.88975643808553
 20
60.46475115829381
 11
19.53856444955144
 21
59.99730251148636
 72
     1
 10
19.53856444955144
 20
59.99730251148636
 11
19.38597758556766
 21
59.96097230577594
 72
     1
 10
19.38597758556766
 20
59.96097230577594
 11
19.88975643808553
 21
60.46475115829381
 97
        0
 75
     0
 76
     1
 98
        0
  0
HATCH
  5
F1
330
1F
100
AcDbEntity
  8
0
 62
     7
420
 16777215
440
 33554687
100
AcDbHatch
 10
0.0
 20
0.0
 30
0.0
210
0.0
220
0.0
230
1.0
  2
SOLID
 70
     1
 71
     1
 91
        1
 92
        0
 93
        3
 72
     1
 10
19.88006838322942
 20
60.45506310343769
 11
19.5349314289804
 21
60.01304560062754
 72
     1
 10
19.5349314289804
 20
60.01304560062754
 11
19.39566564042378
 21
59.97066036063205
 72
     1
 10
19.39566564042378
 20
59.97066036063205
 11
19.88006838322942
 21
60.45506310343769
 97
        0
 75
     0
 76
     1
 98
        0
  0
HATCH
  5
F2
330
1F
100
AcDbEntity
  8
0
 62
     7
420
 16777215
440
 33554687
100
AcDbHatch
 10
0.0
 20
0.0
 30
0.0
210
0.0
220
0.0
230
1.0
  2
SOLID
 70
     1
 71
     1
 91
        1
 92
        0
 93
        3
 72
     1
 10
19.88975643808553
 20
60.46475115829381
 11
19.38597758556766
 21
59.96097230577593
 72
     1
 10
19.38597758556766
 20
59.96097230577593
 11
19.42230779127809
 21
60.11355916975971
 72
     1
 10
19.42230779127809
 20
60.11355916975971
 11
19.88975643808553
 21
60.46475115829381
 97
        0
 75
     0
 76
     1
 98
        0
  0
HATCH
  5
F3
330
1F
100
AcDbEntity
  8
0
 62
     7
420
 16777215
440
 33554687
100
AcDbHatch
 10
0.0
 20
0.0
 30
0.0
210
0.0
220
0.0
230
1.0
  2
SOLID
 70
     1
 71
     1
 91
        1
 92
        0
 93
        3
 72
     1
 10
19.88006838322942
 20
60.45506310343769
 11
19.39566564042378
 21
59.97066036063205
 72
     1
 10
19.39566564042378
 20
59.97066036063205
 11
19.43805088041927
 21
60.10992614918867
 72
     1
 10
19.43805088041927
 20
60.10992614918867
 11
19.88006838322942
 21
60.45506310343769
 97
        0
 75
     0
 76
     1
 98
        0
  0
HATCH
  5
F4
330
1F
100
AcDbEntity
  8
0
 62
     7
420
 16777215
440
 33554687
100
AcDbHatch
 10
0.0
 20
0.0
 30
0.0
210
0.0
220
0.0
230
1.0
  2
SOLID
 70
     1
 71
     1
 91
        1
 92
        0
 93
        1
 72
     4
 94
        3
 73
     0
 74
     1
 95
       17
 96
       13
 40
0.0
 40
0.0
 40
0.0
 40
0.0
 40
1.0
 40
1.0
 40
1.0
 40
2.0
 40
2.0
 40
2.0
 40
3.0
 40
3.0
 40
3.0
 40
4.0
 40
4.0
 40
4.0
 40
4.0
 10
49.7375410180037
 20
39.65100860990798
 10
49.8298690163133
 20
39.65100860990798
 10
49.9048276367984
 20
39.5548787517907
 10
49.9048276367984
 20
39.43647372618704
 10
49.9048276367984
 20
39.31806870058336
 10
49.8298690163133
 20
39.22193884246609
 10
49.7375410180037
 20
39.22193884246609
 10
49.64521301969414
 20
39.22193884246609
 10
49.57025439920901
 20
39.31806870058336
 10
49.57025439920901
 20
39.43647372618704
 10
49.57025439920901
 20
39.5548787517907
 10
49.64521301969414
 20
39.65100860990798
 10
49.7375410180037
 20
39.65100860990798
 97
        0
 97
        0
 75
     0
 76
     1
 98
        0
  0
HATCH
  5
F5
330
1F
100
AcDbEntity
  8
0
 62
     7
420
 16777215
440
 33554687
100
AcDbHatch
 10
0.0
 20
0.0
 30
0.0
210
0.0
220
0.0
230
1.0
  2
SOLID
 70
     1
 71
     1
 91
        1
 92
        0
 93
        1
 72
     4
 94
        3
 73
     0
 74
     1
 95
       17
 96
       13
 40
0.0
 40
0.0
 40
0.0
 40
0.0
 40
1.0
 40
1.0
 40
1.0
 40
2.0
 40
2.0
 40
2.0
 40
3.0
 40
3.0
 40
3.0
 40
4.0
 40
4.0
 40
4.0
 40
4.0
 10
55.90091603604654
 20
34.34888656640818
 10
55.96035380481381
 20
34.41953789984092
 10
56.0821703286864
 20
34.41501253595884
 10
56.17277635391387
 20
34.33878722336068
 10
56.26338237914125
 20
34.26256191076245
 10
56.2886870489051
 20
34.14331670920355
 10
56.22924928013783
 20
34.07266537577082
 10
56.16981151137055
 20
34.00201404233808
 10
56.0479949874979
 20
34.00653940622018
 10
55.9573889622705
 20
34.08276471881837
 10
55.86678293704303
 20
34.15899003141657
 10
55.84147826727924
 20
34.27823523297547
 10
55.90091603604654
 20
34.34888656640818
 97
        0
 97
        0
 75
     0
 76
     1
 98
        0
  0
HATCH
  5
F6
330
1F
100
AcDbEntity
  8
0
 62
     7
420
 16777215
440
 33554687
100
AcDbHatch
 10
0.0
 20
0.0
 30
0.0
210
0.0
220
0.0
230
1.0
  2
SOLID
 70
     1
 71
     1
 91
        1
 92
        0
 93
        1
 72
     4
 94
        3
 73
     0
 74
     1
 95
       17
 96
       13
 40
0.0
 40
0.0
 40
0.0
 40
0.0
 40
1.0
 40
1.0
 40
1.0
 40
2.0
 40
2.0
 40
2.0
 40
3.0
 40
3.0
 40
3.0
 40
4.0
 40
4.0
 40
4.0
 40
4.0
 10
49.05667139357373
 20
27.41467140060568
 10
49.14899939188332
 20
27.41467140060568
 10
49.22395801236841
 20
27.3185415424884
 10
49.22395801236841
 20
27.20013651688473
 10
49.22395801236841
 20
27.08173149128107
 10
49.14899939188332
 20
26.9856016331638
 10
49.05667139357373
 20
26.9856016331638
 10
48.96434339526415
 20
26.9856016331638
 10
48.88938477477904
 20
27.08173149128107
 10
48.88938477477904
 20
27.20013651688473
 10
48.88938477477904
 20
27.3185415424884
 10
48.96434339526415
 20
27.41467140060568
 10
49.05667139357373
 20
27.41467140060568
 97
        0
 97
        0
 75
     0
 76
     1
 98
        0
  0
HATCH
  5
F7
330
1F
100
AcDbEntity
  8
0
 62
     7
420
 16777215
440
 33554687
100
AcDbHatch
 10
0.0
 20
0.0
 30
0.0
210
0.0
220
0.0
230
1.0
  2
SOLID
 70
     1
 71
     1
 91
        1
 92
        0
 93
        1
 72
     4
 94
        3
 73
     0
 74
     1
 95
       17
 96
       13
 40
0.0
 40
0.0
 40
0.0
 40
0.0
 40
1.0
 40
1.0
 40
1.0
 40
2.0
 40
2.0
 40
2.0
 40
3.0
 40
3.0
 40
3.0
 40
4.0
 40
4.0
 40
4.0
 40
4.0
 10
30.63609491142728
 20
48.30391558665214
 10
30.72842290973688
 20
48.30391558665214
 10
30.80338153022199
 20
48.20778572853487
 10
30.80338153022199
 20
48.08938070293119
 10
30.80338153022199
 20
47.97097567732753
 10
30.72842290973688
 20
47.87484581921024
 10
30.63609491142728
 20
47.87484581921024
 10
30.5437669131177
 20
47.87484581921024
 10
30.4688082926326
 20
47.97097567732753
 10
30.4688082926326
 20
48.08938070293119
 10
30.4688082926326
 20
48.20778572853487
 10
30.5437669131177
 20
48.30391558665214
 10
30.63609491142728
 20
48.30391558665214
 97
        0
 97
        0
 75
     0
 76
     1
 98
        0
  0
HATCH
  5
F8
330
1F
100
AcDbEntity
  8
0
 62
     7
420
 16777215
440
 33554687
100
AcDbHatch
 10
0.0
 20
0.0
 30
0.0
210
0.0
220
0.0
230
1.0
  2
SOLID
 70
     1
 71
     1
 91
        1
 92
        0
 93
        1
 72
     4
 94
        3
 73
     0
 74
     1
 95
       17
 96
       13
 40
0.0
 40
0.0
 40
0.0
 40
0.0
 40
1.0
 40
1.0
 40
1.0
 40
2.0
 40
2.0
 40
2.0
 40
3.0
 40
3.0
 40
3.0
 40
4.0
 40
4.0
 40
4.0
 40
4.0
 10
41.01626777170102
 20
34.99490395874518
 10
41.10859577001062
 20
34.99490395874518
 10
41.18355439049571
 20
34.89877410062791
 10
41.18355439049571
 20
34.78036907502423
 10
41.18355439049571
 20
34.66196404942058
 10
41.10859577001062
 20
34.56583419130328
 10
41.01626777170102
 20
34.56583419130328
 10
40.92393977339146
 20
34.56583419130328
 10
40.84898115290635
 20
34.66196404942058
 10
40.84898115290635
 20
34.78036907502423
 10
40.84898115290635
 20
34.89877410062791
 10
40.92393977339146
 20
34.99490395874518
 10
41.01626777170102
 20
34.99490395874518
 97
        0
 97
        0
 75
     0
 76
     1
 98
        0
  0
HATCH
  5
F9
330
1F
100
AcDbEntity
  8
0
 62
     7
420
 16777215
440
 33554687
100
AcDbHatch
 10
0.0
 20
0.0
 30
0.0
210
0.0
220
0.0
230
1.0
  2
SOLID
 70
     1
 71
     1
 91
        1
 92
        0
 93
        1
 72
     4
 94
        3
 73
     0
 74
     1
 95
       17
 96
       13
 40
0.0
 40
0.0
 40
0.0
 40
0.0
 40
1.0
 40
1.0
 40
1.0
 40
2.0
 40
2.0
 40
2.0
 40
3.0
 40
3.0
 40
3.0
 40
4.0
 40
4.0
 40
4.0
 40
4.0
 10
41.56478574508048
 20
46.28630571060367
 10
41.61965781432453
 20
46.35152997693649
 10
41.71563958505006
 20
46.36121442118416
 10
41.77899013927411
 20
46.30791867416428
 10
41.84234069349819
 20
46.2546229271444
 10
41.84922414759161
 20
46.15839971356399
 10
41.79435207834756
 20
46.09317544723118
 10
41.7394800091035
 20
46.02795118089837
 10
41.64349823837799
 20
46.01826673665072
 10
41.58014768415394
 20
46.07156248367056
 10
41.5167971299299
 20
46.12485823069045
 10
41.50991367583644
 20
46.22108144427084
 10
41.56478574508048
 20
46.28630571060367
 97
        0
 97
        0
 75
     0
 76
     1
 98
        0
  0
HATCH
  5
FA
330
1F
100
AcDbEntity
  8
0
 62
     7
420
 16777215
440
 33554687
100
AcDbHatch
 10
0.0
 20
0.0
 30
0.0
210
0.0
220
0.0
230
1.0
  2
SOLID
 70
     1
 71
     1
 91
        1
 92
        0
 93
        1
 72
     4
 94
        3
 73
     0
 74
     1
 95
       17
 96
       13
 40
0.0
 40
0.0
 40
0.0
 40
0.0
 40
1.0
 40
1.0
 40
1.0
 40
2.0
 40
2.0
 40
2.0
 40
3.0
 40
3.0
 40
3.0
 40
4.0
 40
4.0
 40
4.0
 40
4.0
 10
44.66318008633104
 20
28.6002179562992
 10
44.72261785509831
 20
28.67086928973194
 10
44.84443437897096
 20
28.66634392584986
 10
44.93504040419837
 20
28.5901186132517
 10
45.02564642942581
 20
28.51389330065347
 10
45.0509510991896
 20
28.39464809909457
 10
44.99151333042233
 20
28.32399676566184
 10
44.93207556165509
 20
28.2533454322291
 10
44.81025903778244
 20
28.2578707961112
 10
44.719653012555
 20
28.33409610870939
 10
44.6290469873276
 20
28.41032142130759
 10
44.60374231756374
 20
28.52956662286649
 10
44.66318008633104
 20
28.6002179562992
 97
        0
 97
        0
 75
     0
 76
     1
 98
        0
  0
HATCH
  5
FB
330
1F
100
AcDbEntity
  8
0
 62
     7
420
 16777215
440
 33554687
100
AcDbHatch
 10
0.0
 20
0.0
 30
0.0
210
0.0
220
0.0
230
1.0
  2
SOLID
 70
     1
 71
     1
 91
        1
 92
        0
 93
        1
 72
     4
 94
        3
 73
     0
 74
     1
 95
       17
 96
       13
 40
0.0
 40
0.0
 40
0.0
 40
0.0
 40
1.0
 40
1.0
 40
1.0
 40
2.0
 40
2.0
 40
2.0
 40
3.0
 40
3.0
 40
3.0
 40
4.0
 40
4.0
 40
4.0
 40
4.0
 10
15.87354393946257
 20
30.63269465641962
 10
15.96587193777217
 20
30.63269465641962
 10
16.04083055825726
 20
30.53656479830234
 10
16.04083055825726
 20
30.41815977269867
 10
16.04083055825726
 20
30.29975474709501
 10
15.96587193777217
 20
30.20362488897772
 10
15.87354393946257
 20
30.20362488897772
 10
15.78121594115299
 20
30.20362488897772
 10
15.70625732066788
 20
30.29975474709501
 10
15.70625732066788
 20
30.41815977269867
 10
15.70625732066788
 20
30.53656479830234
 10
15.78121594115299
 20
30.63269465641962
 10
15.87354393946257
 20
30.63269465641962
 97
        0
 97
        0
 75
     0
 76
     1
 98
        0
  0
HATCH
  5
FC
330
1F
100
AcDbEntity
  8
0
 62
     7
420
 16777215
440
 33554687
100
AcDbHatch
 10
0.0
 20
0.0
 30
0.0
210
0.0
220
0.0
230
1.0
  2
SOLID
 70
     1
 71
     1
 91
        1
 92
        0
 93
        1
 72
     4
 94
        3
 73
     0
 74
     1
 95
       17
 96
       13
 40
0.0
 40
0.0
 40
0.0
 40
0.0
 40
1.0
 40
1.0
 40
1.0
 40
2.0
 40
2.0
 40
2.0
 40
3.0
 40
3.0
 40
3.0
 40
4.0
 40
4.0
 40
4.0
 40
4.0
 10
24.42470404464545
 20
36.60391558665216
 10
24.51703204295503
 20
36.60391558665216
 10
24.59199066344014
 20
36.50778572853491
 10
24.59199066344014
 20
36.38938070293121
 10
24.59199066344014
 20
36.27097567732756
 10
24.51703204295503
 20
36.17484581921028
 10
24.42470404464545
 20
36.17484581921028
 10
24.33237604633587
 20
36.17484581921028
 10
24.25741742585076
 20
36.27097567732756
 10
24.25741742585076
 20
36.38938070293121
 10
24.25741742585076
 20
36.50778572853491
 10
24.33237604633587
 20
36.60391558665216
 10
24.42470404464545
 20
36.60391558665216
 97
        0
 97
        0
 75
     0
 76
     1
 98
        0
  0
HATCH
  5
FD
330
1F
100
AcDbEntity
  8
0
 62
     7
420
 16777215
440
 33554687
100
AcDbHatch
 10
0.0
 20
0.0
 30
0.0
210
0.0
220
0.0
230
1.0
  2
SOLID
 70
     1
 71
     1
 91
        1
 92
        0
 93
        1
 72
     4
 94
        3
 73
     0
 74
     1
 95
       17
 96
       13
 40
0.0
 40
0.0
 40
0.0
 40
0.0
 40
1.0
 40
1.0
 40
1.0
 40
2.0
 40
2.0
 40
2.0
 40
3.0
 40
3.0
 40
3.0
 40
4.0
 40
4.0
 40
4.0
 40
4.0
 10
14.6169809585642
 20
46.08705512153583
 10
14.70930895687377
 20
46.08705512153583
 10
14.78426757735888
 20
45.99092526341856
 10
14.78426757735888
 20
45.87252023781488
 10
14.78426757735888
 20
45.75411521221125
 10
14.70930895687377
 20
45.65798535409394
 10
14.6169809585642
 20
45.65798535409394
 10
14.52465296025461
 20
45.65798535409394
 10
14.4496943397695
 20
45.75411521221125
 10
14.4496943397695
 20
45.87252023781488
 10
14.4496943397695
 20
45.99092526341856
 10
14.52465296025461
 20
46.08705512153583
 10
14.6169809585642
 20
46.08705512153583
 97
        0
 97
        0
 75
     0
 76
     1
 98
        0
  0
HATCH
  5
FE
330
1F
100
AcDbEntity
  8
0
 62
     7
420
 16777215
440
 33554687
100
AcDbHatch
 10
0.0
 20
0.0
 30
0.0
210
0.0
220
0.0
230
1.0
  2
SOLID
 70
     1
 71
     1
 91
        1
 92
        0
 93
        1
 72
     4
 94
        3
 73
     0
 74
     1
 95
       17
 96
       13
 40
0.0
 40
0.0
 40
0.0
 40
0.0
 40
1.0
 40
1.0
 40
1.0
 40
2.0
 40
2.0
 40
2.0
 40
3.0
 40
3.0
 40
3.0
 40
4.0
 40
4.0
 40
4.0
 40
4.0
 10
32.46510766651816
 20
29.02368302851264
 10
32.55743566482774
 20
29.02368302851264
 10
32.63239428531284
 20
28.92755317039538
 10
32.63239428531284
 20
28.80914814479168
 10
32.63239428531284
 20
28.69074311918803
 10
32.55743566482774
 20
28.59461326107076
 10
32.46510766651816
 20
28.59461326107076
 10
32.37277966820856
 20
28.59461326107076
 10
32.29782104772345
 20
28.69074311918803
 10
32.29782104772345
 20
28.80914814479168
 10
32.29782104772345
 20
28.92755317039538
 10
32.37277966820856
 20
29.02368302851264
 10
32.46510766651816
 20
29.02368302851264
 97
        0
 97
        0
 75
     0
 76
     1
 98
        0
  0
HATCH
  5
FF
330
1F
100
AcDbEntity
  8
0
 62
     7
420
 16777215
440
 33554687
100
AcDbHatch
 10
0.0
 20
0.0
 30
0.0
210
0.0
220
0.0
230
1.0
  2
SOLID
 70
     1
 71
     1
 91
        1
 92
        0
 93
        1
 72
     4
 94
        3
 73
     0
 74
     1
 95
       17
 96
       13
 40
0.0
 40
0.0
 40
0.0
 40
0.0
 40
1.0
 40
1.0
 40
1.0
 40
2.0
 40
2.0
 40
2.0
 40
3.0
 40
3.0
 40
3.0
 40
4.0
 40
4.0
 40
4.0
 40
4.0
 10
45.72692755617158
 20
14.69821117521789
 10
45.78636532493886
 20
14.76886250865063
 10
45.9081818488115
 20
14.76433714476853
 10
45.99878787403891
 20
14.68811183217035
 10
46.08939389926633
 20
14.61188651957216
 10
46.11469856903012
 20
14.49264131801324
 10
46.05526080026287
 20
14.42198998458051
 10
45.99582303149563
 20
14.3513386511478
 10
45.87400650762297
 20
14.35586401502989
 10
45.78340048239554
 20
14.43208932762808
 10
45.69279445716812
 20
14.50831464022626
 10
45.6674897874043
 20
14.62755984178516
 10
45.72692755617158
 20
14.69821117521789
 97
        0
 97
        0
 75
     0
 76
     1
 98
        0
  0
HATCH
  5
100
330
1F
100
AcDbEntity
  8
0
 62
     7
420
 16777215
440
 33554687
100
AcDbHatch
 10
0.0
 20
0.0
 30
0.0
210
0.0
220
0.0
230
1.0
  2
SOLID
 70
     1
 71
     1
 91
        1
 92
        0
 93
        1
 72
     4
 94
        3
 73
     0
 74
     1
 95
       17
 96
       13
 40
0.0
 40
0.0
 40
0.0
 40
0.0
 40
1.0
 40
1.0
 40
1.0
 40
2.0
 40
2.0
 40
2.0
 40
3.0
 40
3.0
 40
3.0
 40
4.0
 40
4.0
 40
4.0
 40
4.0
 10
41.5887175458935
 20
31.16903186572191
 10
41.6810455442031
 20
31.16903186572191
 10
41.75600416468821
 20
31.07290200760464
 10
41.75600416468821
 20
30.95449698200096
 10
41.75600416468821
 20
30.8360919563973
 10
41.6810455442031
 20
30.73996209828002
 10
41.5887175458935
 20
30.73996209828002
 10
41.4963895475839
 20
30.73996209828002
 10
41.42143092709882
 20
30.8360919563973
 10
41.42143092709882
 20
30.95449698200096
 10
41.42143092709882
 20
31.07290200760464
 10
41.4963895475839
 20
31.16903186572191
 10
41.5887175458935
 20
31.16903186572191
 97
        0
 97
        0
 75
     0
 76
     1
 98
        0
  0
HATCH
  5
101
330
1F
100
AcDbEntity
  8
0
 62
     7
420
 16777215
440
 33554687
100
AcDbHatch
 10
0.0
 20
0.0
 30
0.0
210
0.0
220
0.0
230
1.0
  2
SOLID
 70
     1
 71
     1
 91
        1
 92
        0
 93
        1
 72
     4
 94
        3
 73
     0
 74
     1
 95
       17
 96
       13
 40
0.0
 40
0.0
 40
0.0
 40
0.0
 40
1.0
 40
1.0
 40
1.0
 40
2.0
 40
2.0
 40
2.0
 40
3.0
 40
3.0
 40
3.0
 40
4.0
 40
4.0
 40
4.0
 40
4.0
 10
55.63988496232052
 20
29.87299684657464
 10
55.69932273108781
 20
29.94364818000737
 10
55.82113925496044
 20
29.93912281612528
 10
55.91174528018786
 20
29.86289750352709
 10
56.00235130541528
 20
29.7866721909289
 10
56.02765597517908
 20
29.66742698936999
 10
55.96821820641182
 20
29.59677565593725
 10
55.90878043764458
 20
29.52612432250454
 10
55.78696391377193
 20
29.53064968638663
 10
55.69635788854448
 20
29.60687499898482
 10
55.60575186331707
 20
29.683100311583
 10
55.58044719355325
 20
29.8023455131419
 10
55.63988496232052
 20
29.87299684657464
 97
        0
 97
        0
 75
     0
 76
     1
 98
        0
  0
HATCH
  5
102
330
1F
100
AcDbEntity
  8
0
 62
     7
420
 16777215
440
 33554687
100
AcDbHatch
 10
0.0
 20
0.0
 30
0.0
210
0.0
220
0.0
230
1.0
  2
SOLID
 70
     1
 71
     1
 91
        1
 92
        0
 93
        1
 72
     4
 94
        3
 73
     0
 74
     1
 95
       17
 96
       13
 40
0.0
 40
0.0
 40
0.0
 40
0.0
 40
1.0
 40
1.0
 40
1.0
 40
2.0
 40
2.0
 40
2.0
 40
3.0
 40
3.0
 40
3.0
 40
4.0
 40
4.0
 40
4.0
 40
4.0
 10
35.48574652934918
 20
35.53124116804752
 10
35.57807452765874
 20
35.53124116804752
 10
35.65303314814386
 20
35.43511130993024
 10
35.65303314814386
 20
35.31670628432656
 10
35.65303314814386
 20
35.19830125872293
 10
35.57807452765874
 20
35.10217140060561
 10
35.48574652934918
 20
35.10217140060561
 10
35.3934185310396
 20
35.10217140060561
 10
35.31845991055449
 20
35.19830125872293
 10
35.31845991055449
 20
35.31670628432656
 10
35.31845991055449
 20
35.43511130993024
 10
35.3934185310396
 20
35.53124116804752
 10
35.48574652934918
 20
35.53124116804752
 97
        0
 97
        0
 75
     0
 76
     1
 98
        0
  0
HATCH
  5
103
330
1F
100
AcDbEntity
  8
0
 62
     7
420
 16777215
440
 33554687
100
AcDbHatch
 10
0.0
 20
0.0
 30
0.0
210
0.0
220
0.0
230
1.0
  2
SOLID
 70
     1
 71
     1
 91
        1
 92
        0
 93
        1
 72
     4
 94
        3
 73
     0
 74
     1
 95
       17
 96
       13
 40
0.0
 40
0.0
 40
0.0
 40
0.0
 40
1.0
 40
1.0
 40
1.0
 40
2.0
 40
2.0
 40
2.0
 40
3.0
 40
3.0
 40
3.0
 40
4.0
 40
4.0
 40
4.0
 40
4.0
 10
52.07731025640473
 20
33.92222954014055
 10
52.16963825471432
 20
33.92222954014055
 10
52.24459687519945
 20
33.82609968202328
 10
52.24459687519945
 20
33.7076946564196
 10
52.24459687519945
 20
33.58928963081595
 10
52.16963825471432
 20
33.49315977269865
 10
52.07731025640473
 20
33.49315977269865
 10
51.98498225809517
 20
33.49315977269865
 10
51.91002363761006
 20
33.58928963081595
 10
51.91002363761006
 20
33.7076946564196
 10
51.91002363761006
 20
33.82609968202328
 10
51.98498225809517
 20
33.92222954014055
 10
52.07731025640473
 20
33.92222954014055
 97
        0
 97
        0
 75
     0
 76
     1
 98
        0
  0
HATCH
  5
104
330
1F
100
AcDbEntity
  8
0
 62
     7
420
 16777215
440
 33554687
100
AcDbHatch
 10
0.0
 20
0.0
 30
0.0
210
0.0
220
0.0
230
1.0
  2
SOLID
 70
     1
 71
     1
 91
        1
 92
        0
 93
        1
 72
     4
 94
        3
 73
     0
 74
     1
 95
       17
 96
       13
 40
0.0
 40
0.0
 40
0.0
 40
0.0
 40
1.0
 40
1.0
 40
1.0
 40
2.0
 40
2.0
 40
2.0
 40
3.0
 40
3.0
 40
3.0
 40
4.0
 40
4.0
 40
4.0
 40
4.0
 10
18.89418280229359
 20
37.14025279595447
 10
18.98651080060317
 20
37.14025279595447
 10
19.06146942108828
 20
37.0441229378372
 10
19.06146942108828
 20
36.92571791223353
 10
19.06146942108828
 20
36.80731288662987
 10
18.98651080060317
 20
36.71118302851258
 10
18.89418280229359
 20
36.71118302851258
 10
18.80185480398401
 20
36.71118302851258
 10
18.7268961834989
 20
36.80731288662987
 10
18.7268961834989
 20
36.92571791223353
 10
18.7268961834989
 20
37.0441229378372
 10
18.80185480398401
 20
37.14025279595447
 10
18.89418280229359
 20
37.14025279595447
 97
        0
 97
        0
 75
     0
 76
     1
 98
        0
  0
HATCH
  5
105
330
1F
100
AcDbEntity
  8
0
 62
     7
420
 16777215
440
 33554687
100
AcDbHatch
 10
0.0
 20
0.0
 30
0.0
210
0.0
220
0.0
230
1.0
  2
SOLID
 70
     1
 71
     1
 91
        1
 92
        0
 93
        1
 72
     4
 94
        3
 73
     0
 74
     1
 95
       17
 96
       13
 40
0.0
 40
0.0
 40
0.0
 40
0.0
 40
1.0
 40
1.0
 40
1.0
 40
2.0
 40
2.0
 40
2.0
 40
3.0
 40
3.0
 40
3.0
 40
4.0
 40
4.0
 40
4.0
 40
4.0
 10
14.04453118437171
 20
49.9129272145591
 10
14.13685918268129
 20
49.9129272145591
 10
14.2118178031664
 20
49.81679735644182
 10
14.2118178031664
 20
49.69839233083815
 10
14.2118178031664
 20
49.5799873052345
 10
14.13685918268129
 20
49.4838574471172
 10
14.04453118437171
 20
49.4838574471172
 10
13.95220318606214
 20
49.4838574471172
 10
13.87724456557703
 20
49.5799873052345
 10
13.87724456557703
 20
49.69839233083815
 10
13.87724456557703
 20
49.81679735644182
 10
13.95220318606214
 20
49.9129272145591
 10
14.04453118437171
 20
49.9129272145591
 97
        0
 97
        0
 75
     0
 76
     1
 98
        0
  0
HATCH
  5
106
330
1F
100
AcDbEntity
  8
0
 62
     7
420
 16777215
440
 33554687
100
AcDbHatch
 10
0.0
 20
0.0
 30
0.0
210
0.0
220
0.0
230
1.0
  2
SOLID
 70
     1
 71
     1
 91
        1
 92
        0
 93
        1
 72
     4
 94
        3
 73
     0
 74
     1
 95
       17
 96
       13
 40
0.0
 40
0.0
 40
0.0
 40
0.0
 40
1.0
 40
1.0
 40
1.0
 40
2.0
 40
2.0
 40
2.0
 40
3.0
 40
3.0
 40
3.0
 40
4.0
 40
4.0
 40
4.0
 40
4.0
 10
36.04698285843659
 20
14.91491096351924
 10
36.10642062720387
 20
14.98556229695197
 10
36.22823715107648
 20
14.98103693306987
 10
36.31884317630392
 20
14.90481162047169
 10
36.40944920153134
 20
14.82858630787346
 10
36.43475387129514
 20
14.7093411063146
 10
36.37531610252788
 20
14.63868977288185
 10
36.31587833376061
 20
14.56803843944914
 10
36.19406180988798
 20
14.57256380333124
 10
36.10345578466055
 20
14.64878911592942
 10
36.01284975943313
 20
14.72501442852761
 10
35.98754508966932
 20
14.8442596300865
 10
36.04698285843659
 20
14.91491096351924
 97
        0
 97
        0
 75
     0
 76
     1
 98
        0
  0
HATCH
  5
107
330
1F
100
AcDbEntity
  8
0
 62
     7
420
 16777215
440
 33554687
100
AcDbHatch
 10
0.0
 20
0.0
 30
0.0
210
0.0
220
0.0
230
1.0
  2
SOLID
 70
     1
 71
     1
 91
        1
 92
        0
 93
        1
 72
     4
 94
        3
 73
     0
 74
     1
 95
       17
 96
       13
 40
0.0
 40
0.0
 40
0.0
 40
0.0
 40
1.0
 40
1.0
 40
1.0
 40
2.0
 40
2.0
 40
2.0
 40
3.0
 40
3.0
 40
3.0
 40
4.0
 40
4.0
 40
4.0
 40
4.0
 10
39.75673842023259
 20
14.32581636426342
 10
39.81617618899985
 20
14.39646769769616
 10
39.93799271287251
 20
14.3919423338141
 10
40.02859873809992
 20
14.31571702121592
 10
40.11920476332736
 20
14.23949170861769
 10
40.14450943309116
 20
14.12024650705879
 10
40.08507166432388
 20
14.04959517362606
 10
40.02563389555664
 20
13.97894384019332
 10
39.903817371684
 20
13.98346920407542
 10
39.81321134645655
 20
14.05969451667361
 10
39.72260532122915
 20
14.13591982927181
 10
39.69730065146531
 20
14.25516503083069
 10
39.75673842023259
 20
14.32581636426342
 97
        0
 97
        0
 75
     0
 76
     1
 98
        0
  0
HATCH
  5
108
330
1F
100
AcDbEntity
  8
0
 62
     7
420
 16777215
440
 33554687
100
AcDbHatch
 10
0.0
 20
0.0
 30
0.0
210
0.0
220
0.0
230
1.0
  2
SOLID
 70
     1
 71
     1
 91
        1
 92
        0
 93
        1
 72
     4
 94
        3
 73
     0
 74
     1
 95
       17
 96
       13
 40
0.0
 40
0.0
 40
0.0
 40
0.0
 40
1.0
 40
1.0
 40
1.0
 40
2.0
 40
2.0
 40
2.0
 40
3.0
 40
3.0
 40
3.0
 40
4.0
 40
4.0
 40
4.0
 40
4.0
 10
45.13862467416538
 20
49.95187881279465
 10
45.19349674340944
 20
50.01710307912747
 10
45.28947851413496
 20
50.02678752337514
 10
45.352829068359
 20
49.97349177635526
 10
45.41617962258309
 20
49.92019602933537
 10
45.42306307667653
 20
49.82397281575498
 10
45.36819100743249
 20
49.75874854942215
 10
45.31331893818844
 20
49.69352428308935
 10
45.2173371674629
 20
49.68383983884168
 10
45.15398661323886
 20
49.73713558586154
 10
45.09063605901479
 20
49.79043133288143
 10
45.08375260492135
 20
49.88665454646183
 10
45.13862467416538
 20
49.95187881279465
 97
        0
 97
        0
 75
     0
 76
     1
 98
        0
  0
HATCH
  5
109
330
1F
100
AcDbEntity
  8
0
 62
     7
420
 16777215
440
 33554687
100
AcDbHatch
 10
0.0
 20
0.0
 30
0.0
210
0.0
220
0.0
230
1.0
  2
SOLID
 70
     1
 71
     1
 91
        1
 92
        0
 93
        1
 72
     4
 94
        3
 73
     0
 74
     1
 95
       17
 96
       13
 40
0.0
 40
0.0
 40
0.0
 40
0.0
 40
1.0
 40
1.0
 40
1.0
 40
2.0
 40
2.0
 40
2.0
 40
3.0
 40
3.0
 40
3.0
 40
4.0
 40
4.0
 40
4.0
 40
4.0
 10
22.0849348062444
 20
42.3326946564196
 10
22.177262804554
 20
42.3326946564196
 10
22.2522214250391
 20
42.23656479830234
 10
22.2522214250391
 20
42.11815977269865
 10
22.2522214250391
 20
41.99975474709499
 10
22.177262804554
 20
41.90362488897772
 10
22.0849348062444
 20
41.90362488897772
 10
21.99260680793484
 20
41.90362488897772
 10
21.91764818744972
 20
41.99975474709499
 10
21.91764818744972
 20
42.11815977269865
 10
21.91764818744972
 20
42.23656479830234
 10
21.99260680793484
 20
42.3326946564196
 10
22.0849348062444
 20
42.3326946564196
 97
        0
 97
        0
 75
     0
 76
     1
 98
        0
  0
HATCH
  5
10A
330
1F
100
AcDbEntity
  8
0
 62
     7
420
 16777215
440
 33554687
100
AcDbHatch
 10
0.0
 20
0.0
 30
0.0
210
0.0
220
0.0
230
1.0
  2
SOLID
 70
     1
 71
     1
 91
        1
 92
        0
 93
        1
 72
     4
 94
        3
 73
     0
 74
     1
 95
       17
 96
       13
 40
0.0
 40
0.0
 40
0.0
 40
0.0
 40
1.0
 40
1.0
 40
1.0
 40
2.0
 40
2.0
 40
2.0
 40
3.0
 40
3.0
 40
3.0
 40
4.0
 40
4.0
 40
4.0
 40
4.0
 10
52.99387687036509
 20
16.56008466474911
 10
53.05331463913237
 20
16.63073599818183
 10
53.175131163005
 20
16.62621063429974
 10
53.2657371882324
 20
16.54998532170156
 10
53.35634321345984
 20
16.47376000910333
 10
53.38164788322366
 20
16.35451480754447
 10
53.32221011445637
 20
16.28386347411172
 10
53.26277234568913
 20
16.213212140679
 10
53.14095582181648
 20
16.2177375045611
 10
53.05034979658905
 20
16.29396281715928
 10
52.95974377136163
 20
16.37018812975747
 10
52.93443910159782
 20
16.48943333131637
 10
52.99387687036509
 20
16.56008466474911
 97
        0
 97
        0
 75
     0
 76
     1
 98
        0
  0
HATCH
  5
10B
330
1F
100
AcDbEntity
  8
0
 62
     7
420
 16777215
440
 33554687
100
AcDbHatch
 10
0.0
 20
0.0
 30
0.0
210
0.0
220
0.0
230
1.0
  2
SOLID
 70
     1
 71
     1
 91
        1
 92
        0
 93
        1
 72
     4
 94
        3
 73
     0
 74
     1
 95
       17
 96
       13
 40
0.0
 40
0.0
 40
0.0
 40
0.0
 40
1.0
 40
1.0
 40
1.0
 40
2.0
 40
2.0
 40
2.0
 40
3.0
 40
3.0
 40
3.0
 40
4.0
 40
4.0
 40
4.0
 40
4.0
 10
60.79858350270744
 20
38.57833419130332
 10
60.890911501017
 20
38.57833419130332
 10
60.96587012150213
 20
38.48220433318605
 10
60.96587012150213
 20
38.36379930758237
 10
60.96587012150213
 20
38.24539428197871
 10
60.890911501017
 20
38.14926442386142
 10
60.79858350270744
 20
38.14926442386142
 10
60.70625550439787
 20
38.14926442386142
 10
60.63129688391275
 20
38.24539428197871
 10
60.63129688391275
 20
38.36379930758237
 10
60.63129688391275
 20
38.48220433318605
 10
60.70625550439787
 20
38.57833419130332
 10
60.79858350270744
 20
38.57833419130332
 97
        0
 97
        0
 75
     0
 76
     1
 98
        0
  0
HATCH
  5
10C
330
1F
100
AcDbEntity
  8
0
 62
     7
420
 16777215
440
 33554687
100
AcDbHatch
 10
0.0
 20
0.0
 30
0.0
210
0.0
220
0.0
230
1.0
  2
SOLID
 70
     1
 71
     1
 91
        1
 92
        0
 93
        1
 72
     4
 94
        3
 73
     0
 74
     1
 95
       17
 96
       13
 40
0.0
 40
0.0
 40
0.0
 40
0.0
 40
1.0
 40
1.0
 40
1.0
 40
2.0
 40
2.0
 40
2.0
 40
3.0
 40
3.0
 40
3.0
 40
4.0
 40
4.0
 40
4.0
 40
4.0
 10
28.63609491142727
 20
34.60391558665216
 10
28.72842290973687
 20
34.60391558665216
 10
28.80338153022198
 20
34.5077857285349
 10
28.80338153022198
 20
34.38938070293121
 10
28.80338153022198
 20
34.27097567732755
 10
28.72842290973687
 20
34.17484581921028
 10
28.63609491142727
 20
34.17484581921028
 10
28.5437669131177
 20
34.17484581921028
 10
28.46880829263259
 20
34.27097567732755
 10
28.46880829263259
 20
34.38938070293121
 10
28.46880829263259
 20
34.5077857285349
 10
28.5437669131177
 20
34.60391558665216
 10
28.63609491142727
 20
34.60391558665216
 97
        0
 97
        0
 75
     0
 76
     1
 98
        0
  0
HATCH
  5
10D
330
1F
100
AcDbEntity
  8
0
 62
     7
420
 16777215
440
 33554687
100
AcDbHatch
 10
0.0
 20
0.0
 30
0.0
210
0.0
220
0.0
230
1.0
  2
SOLID
 70
     1
 71
     1
 91
        1
 92
        0
 93
        1
 72
     4
 94
        3
 73
     0
 74
     1
 95
       17
 96
       13
 40
0.0
 40
0.0
 40
0.0
 40
0.0
 40
1.0
 40
1.0
 40
1.0
 40
2.0
 40
2.0
 40
2.0
 40
3.0
 40
3.0
 40
3.0
 40
4.0
 40
4.0
 40
4.0
 40
4.0
 10
35.27435566256734
 20
23.23124116804754
 10
35.3666836608769
 20
23.23124116804754
 10
35.44164228136203
 20
23.13511130993027
 10
35.44164228136203
 20
23.01670628432659
 10
35.44164228136203
 20
22.89830125872295
 10
35.3666836608769
 20
22.80217140060564
 10
35.27435566256734
 20
22.80217140060564
 10
35.18202766425777
 20
22.80217140060564
 10
35.10706904377264
 20
22.89830125872295
 10
35.10706904377264
 20
23.01670628432659
 10
35.10706904377264
 20
23.13511130993027
 10
35.18202766425777
 20
23.23124116804754
 10
35.27435566256734
 20
23.23124116804754
 97
        0
 97
        0
 75
     0
 76
     1
 98
        0
  0
HATCH
  5
10E
330
1F
100
AcDbEntity
  8
0
 62
     7
420
 16777215
440
 33554687
100
AcDbHatch
 10
0.0
 20
0.0
 30
0.0
210
0.0
220
0.0
230
1.0
  2
SOLID
 70
     1
 71
     1
 91
        1
 92
        0
 93
        1
 72
     4
 94
        3
 73
     0
 74
     1
 95
       17
 96
       13
 40
0.0
 40
0.0
 40
0.0
 40
0.0
 40
1.0
 40
1.0
 40
1.0
 40
2.0
 40
2.0
 40
2.0
 40
3.0
 40
3.0
 40
3.0
 40
4.0
 40
4.0
 40
4.0
 40
4.0
 10
34.6020867972449
 20
51.80115202038238
 10
34.68732264006807
 20
51.80115202038238
 10
34.75652333011755
 20
51.73393927405647
 10
34.75652333011755
 20
51.65115202038236
 10
34.75652333011755
 20
51.56836476670824
 10
34.68732264006807
 20
51.50115202038235
 10
34.6020867972449
 20
51.50115202038235
 10
34.5168509544217
 20
51.50115202038235
 10
34.44765026437222
 20
51.56836476670824
 10
34.44765026437222
 20
51.65115202038236
 10
34.44765026437222
 20
51.73393927405647
 10
34.5168509544217
 20
51.80115202038238
 10
34.6020867972449
 20
51.80115202038238
 97
        0
 97
        0
 75
     0
 76
     1
 98
        0
  0
HATCH
  5
10F
330
1F
100
AcDbEntity
  8
0
 62
     7
420
 16777215
440
 33554687
100
AcDbHatch
 10
0.0
 20
0.0
 30
0.0
210
0.0
220
0.0
230
1.0
  2
SOLID
 70
     1
 71
     1
 91
        1
 92
        0
 93
        1
 72
     4
 94
        3
 73
     0
 74
     1
 95
       17
 96
       13
 40
0.0
 40
0.0
 40
0.0
 40
0.0
 40
1.0
 40
1.0
 40
1.0
 40
2.0
 40
2.0
 40
2.0
 40
3.0
 40
3.0
 40
3.0
 40
4.0
 40
4.0
 40
4.0
 40
4.0
 10
21.07360963029032
 20
50.67615202038239
 10
21.1588454731135
 20
50.67615202038239
 10
21.22804616316298
 20
50.60893927405648
 10
21.22804616316298
 20
50.52615202038238
 10
21.22804616316298
 20
50.44336476670827
 10
21.1588454731135
 20
50.37615202038236
 10
21.07360963029032
 20
50.37615202038236
 10
20.98837378746714
 20
50.37615202038236
 10
20.91917309741766
 20
50.44336476670827
 10
20.91917309741766
 20
50.52615202038238
 10
20.91917309741766
 20
50.60893927405648
 10
20.98837378746714
 20
50.67615202038239
 10
21.07360963029032
 20
50.67615202038239
 97
        0
 97
        0
 75
     0
 76
     1
 98
        0
  0
HATCH
  5
110
330
1F
100
AcDbEntity
  8
0
 62
     7
420
 16777215
440
 33554687
100
AcDbHatch
 10
0.0
 20
0.0
 30
0.0
210
0.0
220
0.0
230
1.0
  2
SOLID
 70
     1
 71
     1
 91
        1
 92
        0
 93
        1
 72
     4
 94
        3
 73
     0
 74
     1
 95
       17
 96
       13
 40
0.0
 40
0.0
 40
0.0
 40
0.0
 40
1.0
 40
1.0
 40
1.0
 40
2.0
 40
2.0
 40
2.0
 40
3.0
 40
3.0
 40
3.0
 40
4.0
 40
4.0
 40
4.0
 40
4.0
 10
45.6020867972449
 20
50.33792721455917
 10
45.68732264006809
 20
50.33792721455917
 10
45.75652333011757
 20
50.27071446823326
 10
45.75652333011757
 20
50.18792721455915
 10
45.75652333011757
 20
50.10513996088505
 10
45.68732264006809
 20
50.03792721455914
 10
45.6020867972449
 20
50.03792721455914
 10
45.51685095442172
 20
50.03792721455914
 10
45.44765026437224
 20
50.10513996088505
 10
45.44765026437224
 20
50.18792721455915
 10
45.44765026437224
 20
50.27071446823326
 10
45.51685095442172
 20
50.33792721455917
 10
45.6020867972449
 20
50.33792721455917
 97
        0
 97
        0
 75
     0
 76
     1
 98
        0
  0
HATCH
  5
111
330
1F
100
AcDbEntity
  8
0
 62
     7
420
 16777215
440
 33554687
100
AcDbHatch
 10
0.0
 20
0.0
 30
0.0
210
0.0
220
0.0
230
1.0
  2
SOLID
 70
     1
 71
     1
 91
        1
 92
        0
 93
        1
 72
     4
 94
        3
 73
     0
 74
     1
 95
       17
 96
       13
 40
0.0
 40
0.0
 40
0.0
 40
0.0
 40
1.0
 40
1.0
 40
1.0
 40
2.0
 40
2.0
 40
2.0
 40
3.0
 40
3.0
 40
3.0
 40
4.0
 40
4.0
 40
4.0
 40
4.0
 10
51.70778223063582
 20
48.42615202038238
 10
51.793018073459
 20
48.42615202038238
 10
51.86221876350847
 20
48.35893927405647
 10
51.86221876350847
 20
48.27615202038236
 10
51.86221876350847
 20
48.19336476670826
 10
51.793018073459
 20
48.12615202038235
 10
51.70778223063582
 20
48.12615202038235
 10
51.62254638781264
 20
48.12615202038235
 10
51.55334569776312
 20
48.19336476670826
 10
51.55334569776312
 20
48.27615202038236
 10
51.55334569776312
 20
48.35893927405647
 10
51.62254638781264
 20
48.42615202038238
 10
51.70778223063582
 20
48.42615202038238
 97
        0
 97
        0
 75
     0
 76
     1
 98
        0
  0
HATCH
  5
112
330
1F
100
AcDbEntity
  8
0
 62
     7
420
 16777215
440
 33554687
100
AcDbHatch
 10
0.0
 20
0.0
 30
0.0
210
0.0
220
0.0
230
1.0
  2
SOLID
 70
     1
 71
     1
 91
        1
 92
        0
 93
        1
 72
     4
 94
        3
 73
     0
 74
     1
 95
       17
 96
       13
 40
0.0
 40
0.0
 40
0.0
 40
0.0
 40
1.0
 40
1.0
 40
1.0
 40
2.0
 40
2.0
 40
2.0
 40
3.0
 40
3.0
 40
3.0
 40
4.0
 40
4.0
 40
4.0
 40
4.0
 10
37.78423804208817
 20
16.18734581921035
 10
37.87656604039777
 20
16.18734581921035
 10
37.95152466088287
 20
16.09121596109308
 10
37.95152466088287
 20
15.9728109354894
 10
37.95152466088287
 20
15.85440590988574
 10
37.87656604039777
 20
15.75827605176845
 10
37.78423804208817
 20
15.75827605176845
 10
37.69191004377859
 20
15.75827605176845
 10
37.61695142329346
 20
15.85440590988574
 10
37.61695142329346
 20
15.9728109354894
 10
37.61695142329346
 20
16.09121596109308
 10
37.69191004377859
 20
16.18734581921035
 10
37.78423804208817
 20
16.18734581921035
 97
        0
 97
        0
 75
     0
 76
     1
 98
        0
  0
HATCH
  5
113
330
1F
100
AcDbEntity
  8
0
 62
     7
420
 16777215
440
 33554687
100
AcDbHatch
 10
0.0
 20
0.0
 30
0.0
210
0.0
220
0.0
230
1.0
  2
SOLID
 70
     1
 71
     1
 91
        1
 92
        0
 93
        1
 72
     4
 94
        3
 73
     0
 74
     1
 95
       17
 96
       13
 40
0.0
 40
0.0
 40
0.0
 40
0.0
 40
1.0
 40
1.0
 40
1.0
 40
2.0
 40
2.0
 40
2.0
 40
3.0
 40
3.0
 40
3.0
 40
4.0
 40
4.0
 40
4.0
 40
4.0
 10
28.96791419689939
 20
54.85115202038241
 10
29.05315003972258
 20
54.85115202038241
 10
29.12235072977206
 20
54.7839392740565
 10
29.12235072977206
 20
54.70115202038239
 10
29.12235072977206
 20
54.6183647667083
 10
29.05315003972258
 20
54.55115202038238
 10
28.96791419689939
 20
54.55115202038238
 10
28.88267835407621
 20
54.55115202038238
 10
28.81347766402673
 20
54.6183647667083
 10
28.81347766402673
 20
54.70115202038239
 10
28.81347766402673
 20
54.7839392740565
 10
28.88267835407621
 20
54.85115202038241
 10
28.96791419689939
 20
54.85115202038241
 97
        0
 97
        0
 75
     0
 76
     1
 98
        0
  0
HATCH
  5
114
330
1F
100
AcDbEntity
  8
0
 62
     7
420
 16777215
440
 33554687
100
AcDbHatch
 10
0.0
 20
0.0
 30
0.0
210
0.0
220
0.0
230
1.0
  2
SOLID
 70
     1
 71
     1
 91
        1
 92
        0
 93
        1
 72
     4
 94
        3
 73
     0
 74
     1
 95
       17
 96
       13
 40
0.0
 40
0.0
 40
0.0
 40
0.0
 40
1.0
 40
1.0
 40
1.0
 40
2.0
 40
2.0
 40
2.0
 40
3.0
 40
3.0
 40
3.0
 40
4.0
 40
4.0
 40
4.0
 40
4.0
 10
40.26958717032346
 20
29.70536907502422
 10
40.36191516863306
 20
29.70536907502422
 10
40.43687378911819
 20
29.60923921690695
 10
40.43687378911819
 20
29.49083419130327
 10
40.43687378911819
 20
29.37242916569961
 10
40.36191516863306
 20
29.27629930758234
 10
40.26958717032346
 20
29.27629930758234
 10
40.1772591720139
 20
29.27629930758234
 10
40.10230055152882
 20
29.37242916569961
 10
40.10230055152882
 20
29.49083419130327
 10
40.10230055152882
 20
29.60923921690695
 10
40.1772591720139
 20
29.70536907502422
 10
40.26958717032346
 20
29.70536907502422
 97
        0
 97
        0
 75
     0
 76
     1
 98
        0
  0
HATCH
  5
115
330
1F
100
AcDbEntity
  8
0
 62
     7
420
 16777215
440
 33554687
100
AcDbHatch
 10
0.0
 20
0.0
 30
0.0
210
0.0
220
0.0
230
1.0
  2
SOLID
 70
     1
 71
     1
 91
        1
 92
        0
 93
        1
 72
     4
 94
        3
 73
     0
 74
     1
 95
       17
 96
       13
 40
0.0
 40
0.0
 40
0.0
 40
0.0
 40
1.0
 40
1.0
 40
1.0
 40
2.0
 40
2.0
 40
2.0
 40
3.0
 40
3.0
 40
3.0
 40
4.0
 40
4.0
 40
4.0
 40
4.0
 10
35.91917309741765
 20
48.41292721455913
 10
36.00440894024081
 20
48.41292721455913
 10
36.07360963029031
 20
48.34571446823323
 10
36.07360963029031
 20
48.26292721455911
 10
36.07360963029031
 20
48.18013996088501
 10
36.00440894024081
 20
48.11292721455911
 10
35.91917309741765
 20
48.11292721455911
 10
35.83393725459447
 20
48.11292721455911
 10
35.76473656454497
 20
48.18013996088501
 10
35.76473656454497
 20
48.26292721455911
 10
35.76473656454497
 20
48.34571446823323
 10
35.83393725459447
 20
48.41292721455913
 10
35.91917309741765
 20
48.41292721455913
 97
        0
 97
        0
 75
     0
 76
     1
 98
        0
  0
HATCH
  5
116
330
1F
100
AcDbEntity
  8
0
 62
     7
420
 16777215
440
 33554687
100
AcDbHatch
 10
0.0
 20
0.0
 30
0.0
210
0.0
220
0.0
230
1.0
  2
SOLID
 70
     1
 71
     1
 91
        1
 92
        0
 93
        1
 72
     4
 94
        3
 73
     0
 74
     1
 95
       17
 96
       13
 40
0.0
 40
0.0
 40
0.0
 40
0.0
 40
1.0
 40
1.0
 40
1.0
 40
2.0
 40
2.0
 40
2.0
 40
3.0
 40
3.0
 40
3.0
 40
4.0
 40
4.0
 40
4.0
 40
4.0
 10
34.07360963029031
 20
54.47615202038241
 10
34.15884547311349
 20
54.47615202038241
 10
34.22804616316297
 20
54.4089392740565
 10
34.22804616316297
 20
54.32615202038239
 10
34.22804616316297
 20
54.2433647667083
 10
34.15884547311349
 20
54.17615202038238
 10
34.07360963029031
 20
54.17615202038238
 10
33.98837378746713
 20
54.17615202038238
 10
33.91917309741764
 20
54.2433647667083
 10
33.91917309741764
 20
54.32615202038239
 10
33.91917309741764
 20
54.4089392740565
 10
33.98837378746713
 20
54.47615202038241
 10
34.07360963029031
 20
54.47615202038241
 97
        0
 97
        0
 75
     0
 76
     1
 98
        0
  0
HATCH
  5
117
330
1F
100
AcDbEntity
  8
0
 62
     7
420
 16777215
440
 33554687
100
AcDbHatch
 10
0.0
 20
0.0
 30
0.0
210
0.0
220
0.0
230
1.0
  2
SOLID
 70
     1
 71
     1
 91
        1
 92
        0
 93
        1
 72
     4
 94
        3
 73
     0
 74
     1
 95
       17
 96
       13
 40
0.0
 40
0.0
 40
0.0
 40
0.0
 40
1.0
 40
1.0
 40
1.0
 40
2.0
 40
2.0
 40
2.0
 40
3.0
 40
3.0
 40
3.0
 40
4.0
 40
4.0
 40
4.0
 40
4.0
 10
19.28500049707214
 20
52.92615202038237
 10
19.37023633989532
 20
52.92615202038237
 10
19.43943702994481
 20
52.85893927405647
 10
19.43943702994481
 20
52.77615202038236
 10
19.43943702994481
 20
52.69336476670826
 10
19.37023633989532
 20
52.62615202038236
 10
19.28500049707214
 20
52.62615202038236
 10
19.19976465424896
 20
52.62615202038236
 10
19.13056396419948
 20
52.69336476670826
 10
19.13056396419948
 20
52.77615202038236
 10
19.13056396419948
 20
52.85893927405647
 10
19.19976465424896
 20
52.92615202038237
 10
19.28500049707214
 20
52.92615202038237
 97
        0
 97
        0
 75
     0
 76
     1
 98
        0
  0
HATCH
  5
118
330
1F
100
AcDbEntity
  8
0
 62
     7
420
 16777215
440
 33554687
100
AcDbHatch
 10
0.0
 20
0.0
 30
0.0
210
0.0
220
0.0
230
1.0
  2
SOLID
 70
     1
 71
     1
 91
        1
 92
        0
 93
        1
 72
     4
 94
        3
 73
     0
 74
     1
 95
       17
 96
       13
 40
0.0
 40
0.0
 40
0.0
 40
0.0
 40
1.0
 40
1.0
 40
1.0
 40
2.0
 40
2.0
 40
2.0
 40
3.0
 40
3.0
 40
3.0
 40
4.0
 40
4.0
 40
4.0
 40
4.0
 10
26.72319555738445
 20
17.26002023781501
 10
26.81552355569404
 20
17.26002023781501
 10
26.89048217617915
 20
17.16389037969772
 10
26.89048217617915
 20
17.04548535409406
 10
26.89048217617915
 20
16.92708032849039
 10
26.81552355569404
 20
16.83095047037312
 10
26.72319555738445
 20
16.83095047037312
 10
26.63086755907489
 20
16.83095047037312
 10
26.55590893858976
 20
16.92708032849039
 10
26.55590893858976
 20
17.04548535409406
 10
26.55590893858976
 20
17.16389037969772
 10
26.63086755907489
 20
17.26002023781501
 10
26.72319555738445
 20
17.26002023781501
 97
        0
 97
        0
 75
     0
 76
     1
 98
        0
  0
HATCH
  5
119
330
1F
100
AcDbEntity
  8
0
 62
     7
420
 16777215
440
 33554687
100
AcDbHatch
 10
0.0
 20
0.0
 30
0.0
210
0.0
220
0.0
230
1.0
  2
SOLID
 70
     1
 71
     1
 91
        1
 92
        0
 93
        1
 72
     4
 94
        3
 73
     0
 74
     1
 95
       17
 96
       13
 40
0.0
 40
0.0
 40
0.0
 40
0.0
 40
1.0
 40
1.0
 40
1.0
 40
2.0
 40
2.0
 40
2.0
 40
3.0
 40
3.0
 40
3.0
 40
4.0
 40
4.0
 40
4.0
 40
4.0
 10
48.8452805267919
 20
15.1146714006057
 10
48.9376085251015
 20
15.1146714006057
 10
49.0125671455866
 20
15.01854154248844
 10
49.0125671455866
 20
14.90013651688475
 10
49.0125671455866
 20
14.78173149128109
 10
48.9376085251015
 20
14.68560163316382
 10
48.8452805267919
 20
14.68560163316382
 10
48.75295252848232
 20
14.68560163316382
 10
48.67799390799721
 20
14.78173149128109
 10
48.67799390799721
 20
14.90013651688475
 10
48.67799390799721
 20
15.01854154248844
 10
48.75295252848232
 20
15.1146714006057
 10
48.8452805267919
 20
15.1146714006057
 97
        0
 97
        0
 75
     0
 76
     1
 98
        0
  0
HATCH
  5
11A
330
1F
100
AcDbEntity
  8
0
 62
     7
420
 16777215
440
 33554687
100
AcDbHatch
 10
0.0
 20
0.0
 30
0.0
210
0.0
220
0.0
230
1.0
  2
SOLID
 70
     1
 71
     1
 91
        1
 92
        0
 93
        1
 72
     4
 94
        3
 73
     0
 74
     1
 95
       17
 96
       13
 40
0.0
 40
0.0
 40
0.0
 40
0.0
 40
1.0
 40
1.0
 40
1.0
 40
2.0
 40
2.0
 40
2.0
 40
3.0
 40
3.0
 40
3.0
 40
4.0
 40
4.0
 40
4.0
 40
4.0
 10
34.16661615377914
 20
34.06757837734982
 10
34.25894415208872
 20
34.06757837734982
 10
34.33390277257382
 20
33.97144851923255
 10
34.33390277257382
 20
33.85304349362887
 10
34.33390277257382
 20
33.73463846802522
 10
34.25894415208872
 20
33.63850860990794
 10
34.16661615377914
 20
33.63850860990794
 10
34.07428815546956
 20
33.63850860990794
 10
33.99932953498445
 20
33.73463846802522
 10
33.99932953498445
 20
33.85304349362887
 10
33.99932953498445
 20
33.97144851923255
 10
34.07428815546956
 20
34.06757837734982
 10
34.16661615377914
 20
34.06757837734982
 97
        0
 97
        0
 75
     0
 76
     1
 98
        0
  0
HATCH
  5
11B
330
1F
100
AcDbEntity
  8
0
 62
     7
420
 16777215
440
 33554687
100
AcDbHatch
 10
0.0
 20
0.0
 30
0.0
210
0.0
220
0.0
230
1.0
  2
SOLID
 70
     1
 71
     1
 91
        1
 92
        0
 93
        1
 72
     4
 94
        3
 73
     0
 74
     1
 95
       17
 96
       13
 40
0.0
 40
0.0
 40
0.0
 40
0.0
 40
1.0
 40
1.0
 40
1.0
 40
2.0
 40
2.0
 40
2.0
 40
3.0
 40
3.0
 40
3.0
 40
4.0
 40
4.0
 40
4.0
 40
4.0
 10
54.49639136385395
 20
52.97615202038241
 10
54.58162720667715
 20
52.97615202038241
 10
54.65082789672665
 20
52.90893927405649
 10
54.65082789672665
 20
52.82615202038239
 10
54.65082789672665
 20
52.74336476670828
 10
54.58162720667715
 20
52.67615202038237
 10
54.49639136385395
 20
52.67615202038237
 10
54.41115552103079
 20
52.67615202038237
 10
54.3419548309813
 20
52.74336476670828
 10
54.3419548309813
 20
52.82615202038239
 10
54.3419548309813
 20
52.90893927405649
 10
54.41115552103079
 20
52.97615202038241
 10
54.49639136385395
 20
52.97615202038241
 97
        0
 97
        0
 75
     0
 76
     1
 98
        0
  0
HATCH
  5
11C
330
1F
100
AcDbEntity
  8
0
 62
     7
420
 16777215
440
 33554687
100
AcDbHatch
 10
0.0
 20
0.0
 30
0.0
210
0.0
220
0.0
230
1.0
  2
SOLID
 70
     1
 71
     1
 91
        1
 92
        0
 93
        1
 72
     4
 94
        3
 73
     0
 74
     1
 95
       17
 96
       13
 40
0.0
 40
0.0
 40
0.0
 40
0.0
 40
1.0
 40
1.0
 40
1.0
 40
2.0
 40
2.0
 40
2.0
 40
3.0
 40
3.0
 40
3.0
 40
4.0
 40
4.0
 40
4.0
 40
4.0
 10
51.33062965502721
 20
28.63269465641957
 10
51.42295765333677
 20
28.63269465641957
 10
51.49791627382189
 20
28.5365647983023
 10
51.49791627382189
 20
28.41815977269862
 10
51.49791627382189
 20
28.29975474709497
 10
51.42295765333677
 20
28.20362488897767
 10
51.33062965502721
 20
28.20362488897767
 10
51.23830165671763
 20
28.20362488897767
 10
51.1633430362325
 20
28.29975474709497
 10
51.1633430362325
 20
28.41815977269862
 10
51.1633430362325
 20
28.5365647983023
 10
51.23830165671763
 20
28.63269465641957
 10
51.33062965502721
 20
28.63269465641957
 97
        0
 97
        0
 75
     0
 76
     1
 98
        0
  0
HATCH
  5
11D
330
1F
100
AcDbEntity
  8
0
 62
     7
420
 16777215
440
 33554687
100
AcDbHatch
 10
0.0
 20
0.0
 30
0.0
210
0.0
220
0.0
230
1.0
  2
SOLID
 70
     1
 71
     1
 91
        1
 92
        0
 93
        1
 72
     4
 94
        3
 73
     0
 74
     1
 95
       17
 96
       13
 40
0.0
 40
0.0
 40
0.0
 40
0.0
 40
1.0
 40
1.0
 40
1.0
 40
2.0
 40
2.0
 40
2.0
 40
3.0
 40
3.0
 40
3.0
 40
4.0
 40
4.0
 40
4.0
 40
4.0
 10
36.67649853329998
 20
27.02368302851263
 10
36.76882653160958
 20
27.02368302851263
 10
36.84378515209467
 20
26.92755317039538
 10
36.84378515209467
 20
26.80914814479168
 10
36.84378515209467
 20
26.69074311918802
 10
36.76882653160958
 20
26.59461326107075
 10
36.67649853329998
 20
26.59461326107075
 10
36.58417053499041
 20
26.59461326107075
 10
36.5092119145053
 20
26.69074311918802
 10
36.5092119145053
 20
26.80914814479168
 10
36.5092119145053
 20
26.92755317039538
 10
36.58417053499041
 20
27.02368302851263
 10
36.67649853329998
 20
27.02368302851263
 97
        0
 97
        0
 75
     0
 76
     1
 98
        0
  0
HATCH
  5
11E
330
1F
100
AcDbEntity
  8
0
 62
     7
420
 16777215
440
 33554687
100
AcDbHatch
 10
0.0
 20
0.0
 30
0.0
210
0.0
220
0.0
230
1.0
  2
SOLID
 70
     1
 71
     1
 91
        1
 92
        0
 93
        1
 72
     4
 94
        3
 73
     0
 74
     1
 95
       17
 96
       13
 40
0.0
 40
0.0
 40
0.0
 40
0.0
 40
1.0
 40
1.0
 40
1.0
 40
2.0
 40
2.0
 40
2.0
 40
3.0
 40
3.0
 40
3.0
 40
4.0
 40
4.0
 40
4.0
 40
4.0
 10
56.28870112318659
 20
31.92222954014054
 10
56.38102912149617
 20
31.92222954014054
 10
56.45598774198125
 20
31.82609968202327
 10
56.45598774198125
 20
31.7076946564196
 10
56.45598774198125
 20
31.58928963081594
 10
56.38102912149617
 20
31.49315977269865
 10
56.28870112318659
 20
31.49315977269865
 10
56.19637312487699
 20
31.49315977269865
 10
56.12141450439191
 20
31.58928963081594
 10
56.12141450439191
 20
31.7076946564196
 10
56.12141450439191
 20
31.82609968202327
 10
56.19637312487699
 20
31.92222954014054
 10
56.28870112318659
 20
31.92222954014054
 97
        0
 97
        0
 75
     0
 76
     1
 98
        0
  0
HATCH
  5
11F
330
1F
100
AcDbEntity
  8
0
 62
     7
420
 16777215
440
 33554687
100
AcDbHatch
 10
0.0
 20
0.0
 30
0.0
210
0.0
220
0.0
230
1.0
  2
SOLID
 70
     1
 71
     1
 91
        1
 92
        0
 93
        1
 72
     4
 94
        3
 73
     0
 74
     1
 95
       17
 96
       13
 40
0.0
 40
0.0
 40
0.0
 40
0.0
 40
1.0
 40
1.0
 40
1.0
 40
2.0
 40
2.0
 40
2.0
 40
3.0
 40
3.0
 40
3.0
 40
4.0
 40
4.0
 40
4.0
 40
4.0
 10
56.34195483098131
 20
46.91292721455913
 10
56.42719067380447
 20
46.91292721455913
 10
56.49639136385397
 20
46.84571446823322
 10
56.49639136385397
 20
46.76292721455911
 10
56.49639136385397
 20
46.68013996088501
 10
56.42719067380447
 20
46.6129272145591
 10
56.34195483098131
 20
46.6129272145591
 10
56.25671898815813
 20
46.6129272145591
 10
56.18751829810862
 20
46.68013996088501
 10
56.18751829810862
 20
46.76292721455911
 10
56.18751829810862
 20
46.84571446823322
 10
56.25671898815813
 20
46.91292721455913
 10
56.34195483098131
 20
46.91292721455913
 97
        0
 97
        0
 75
     0
 76
     1
 98
        0
  0
HATCH
  5
120
330
1F
100
AcDbEntity
  8
0
 62
     7
420
 16777215
440
 33554687
100
AcDbHatch
 10
0.0
 20
0.0
 30
0.0
210
0.0
220
0.0
230
1.0
  2
SOLID
 70
     1
 71
     1
 91
        1
 92
        0
 93
        1
 72
     4
 94
        3
 73
     0
 74
     1
 95
       17
 96
       13
 40
0.0
 40
0.0
 40
0.0
 40
0.0
 40
1.0
 40
1.0
 40
1.0
 40
2.0
 40
2.0
 40
2.0
 40
3.0
 40
3.0
 40
3.0
 40
4.0
 40
4.0
 40
4.0
 40
4.0
 10
46.13056396419948
 20
47.66292721455913
 10
46.21579980702266
 20
47.66292721455913
 10
46.28500049707213
 20
47.59571446823323
 10
46.28500049707213
 20
47.51292721455911
 10
46.28500049707213
 20
47.43013996088501
 10
46.21579980702266
 20
47.36292721455911
 10
46.13056396419948
 20
47.36292721455911
 10
46.04532812137628
 20
47.36292721455911
 10
45.97612743132682
 20
47.43013996088501
 10
45.97612743132682
 20
47.51292721455911
 10
45.97612743132682
 20
47.59571446823323
 10
46.04532812137628
 20
47.66292721455913
 10
46.13056396419948
 20
47.66292721455913
 97
        0
 97
        0
 75
     0
 76
     1
 98
        0
  0
HATCH
  5
121
330
1F
100
AcDbEntity
  8
0
 62
     7
420
 16777215
440
 33554687
100
AcDbHatch
 10
0.0
 20
0.0
 30
0.0
210
0.0
220
0.0
230
1.0
  2
SOLID
 70
     1
 71
     1
 91
        1
 92
        0
 93
        1
 72
     4
 94
        3
 73
     0
 74
     1
 95
       17
 96
       13
 40
0.0
 40
0.0
 40
0.0
 40
0.0
 40
1.0
 40
1.0
 40
1.0
 40
2.0
 40
2.0
 40
2.0
 40
3.0
 40
3.0
 40
3.0
 40
4.0
 40
4.0
 40
4.0
 40
4.0
 10
35.39069593046306
 20
51.08792721455917
 10
35.47593177328624
 20
51.08792721455917
 10
35.54513246333574
 20
51.02071446823327
 10
35.54513246333574
 20
50.93792721455915
 10
35.54513246333574
 20
50.85513996088505
 10
35.47593177328624
 20
50.78792721455915
 10
35.39069593046306
 20
50.78792721455915
 10
35.30546008763989
 20
50.78792721455915
 10
35.23625939759039
 20
50.85513996088505
 10
35.23625939759039
 20
50.93792721455915
 10
35.23625939759039
 20
51.02071446823327
 10
35.30546008763989
 20
51.08792721455917
 10
35.39069593046306
 20
51.08792721455917
 97
        0
 97
        0
 75
     0
 76
     1
 98
        0
  0
HATCH
  5
122
330
1F
100
AcDbEntity
  8
0
 62
     7
420
 16777215
440
 33554687
100
AcDbHatch
 10
0.0
 20
0.0
 30
0.0
210
0.0
220
0.0
230
1.0
  2
SOLID
 70
     1
 71
     1
 91
        1
 92
        0
 93
        1
 72
     4
 94
        3
 73
     0
 74
     1
 95
       17
 96
       13
 40
0.0
 40
0.0
 40
0.0
 40
0.0
 40
1.0
 40
1.0
 40
1.0
 40
2.0
 40
2.0
 40
2.0
 40
3.0
 40
3.0
 40
3.0
 40
4.0
 40
4.0
 40
4.0
 40
4.0
 10
61.91917309741763
 20
47.67615202038237
 10
62.00440894024083
 20
47.67615202038237
 10
62.07360963029028
 20
47.60893927405647
 10
62.07360963029028
 20
47.52615202038236
 10
62.07360963029028
 20
47.44336476670826
 10
62.00440894024083
 20
47.37615202038235
 10
61.91917309741763
 20
47.37615202038235
 10
61.83393725459447
 20
47.37615202038235
 10
61.76473656454497
 20
47.44336476670826
 10
61.76473656454497
 20
47.52615202038236
 10
61.76473656454497
 20
47.60893927405647
 10
61.83393725459447
 20
47.67615202038237
 10
61.91917309741763
 20
47.67615202038237
 97
        0
 97
        0
 75
     0
 76
     1
 98
        0
  0
HATCH
  5
123
330
1F
100
AcDbEntity
  8
0
 62
     7
420
 16777215
440
 33554687
100
AcDbHatch
 10
0.0
 20
0.0
 30
0.0
210
0.0
220
0.0
230
1.0
  2
SOLID
 70
     1
 71
     1
 91
        1
 92
        0
 93
        1
 72
     4
 94
        3
 73
     0
 74
     1
 95
       17
 96
       13
 40
0.0
 40
0.0
 40
0.0
 40
0.0
 40
1.0
 40
1.0
 40
1.0
 40
2.0
 40
2.0
 40
2.0
 40
3.0
 40
3.0
 40
3.0
 40
4.0
 40
4.0
 40
4.0
 40
4.0
 10
44.28500049707213
 20
53.72615202038241
 10
44.37023633989532
 20
53.72615202038241
 10
44.4394370299448
 20
53.65893927405649
 10
44.4394370299448
 20
53.57615202038239
 10
44.4394370299448
 20
53.49336476670828
 10
44.37023633989532
 20
53.42615202038237
 10
44.28500049707213
 20
53.42615202038237
 10
44.19976465424895
 20
53.42615202038237
 10
44.13056396419949
 20
53.49336476670828
 10
44.13056396419949
 20
53.57615202038239
 10
44.13056396419949
 20
53.65893927405649
 10
44.19976465424895
 20
53.72615202038241
 10
44.28500049707213
 20
53.72615202038241
 97
        0
 97
        0
 75
     0
 76
     1
 98
        0
  0
HATCH
  5
124
330
1F
100
AcDbEntity
  8
0
 62
     7
420
 16777215
440
 33554687
100
AcDbHatch
 10
0.0
 20
0.0
 30
0.0
210
0.0
220
0.0
230
1.0
  2
SOLID
 70
     1
 71
     1
 91
        1
 92
        0
 93
        1
 72
     4
 94
        3
 73
     0
 74
     1
 95
       17
 96
       13
 40
0.0
 40
0.0
 40
0.0
 40
0.0
 40
1.0
 40
1.0
 40
1.0
 40
2.0
 40
2.0
 40
2.0
 40
3.0
 40
3.0
 40
3.0
 40
4.0
 40
4.0
 40
4.0
 40
4.0
 10
50.75817988083471
 20
32.45856674944288
 10
50.8505078791443
 20
32.45856674944288
 10
50.92546649962941
 20
32.36243689132559
 10
50.92546649962941
 20
32.24403186572193
 10
50.92546649962941
 20
32.12562684011825
 10
50.8505078791443
 20
32.02949698200098
 10
50.75817988083471
 20
32.02949698200098
 10
50.66585188252515
 20
32.02949698200098
 10
50.59089326204003
 20
32.12562684011825
 10
50.59089326204003
 20
32.24403186572193
 10
50.59089326204003
 20
32.36243689132559
 10
50.66585188252515
 20
32.45856674944288
 10
50.75817988083471
 20
32.45856674944288
 97
        0
 97
        0
 75
     0
 76
     1
 98
        0
  0
HATCH
  5
125
330
1F
100
AcDbEntity
  8
0
 62
     7
420
 16777215
440
 33554687
100
AcDbHatch
 10
0.0
 20
0.0
 30
0.0
210
0.0
220
0.0
230
1.0
  2
SOLID
 70
     1
 71
     1
 91
        1
 92
        0
 93
        1
 72
     4
 94
        3
 73
     0
 74
     1
 95
       17
 96
       13
 40
0.0
 40
0.0
 40
0.0
 40
0.0
 40
1.0
 40
1.0
 40
1.0
 40
2.0
 40
2.0
 40
2.0
 40
3.0
 40
3.0
 40
3.0
 40
4.0
 40
4.0
 40
4.0
 40
4.0
 10
30.28500049707214
 20
51.46292721455918
 10
30.37023633989532
 20
51.46292721455918
 10
30.43943702994481
 20
51.39571446823325
 10
30.43943702994481
 20
51.31292721455915
 10
30.43943702994481
 20
51.23013996088504
 10
30.37023633989532
 20
51.16292721455915
 10
30.28500049707214
 20
51.16292721455915
 10
30.19976465424896
 20
51.16292721455915
 10
30.13056396419948
 20
51.23013996088504
 10
30.13056396419948
 20
51.31292721455915
 10
30.13056396419948
 20
51.39571446823325
 10
30.19976465424896
 20
51.46292721455918
 10
30.28500049707214
 20
51.46292721455918
 97
        0
 97
        0
 75
     0
 76
     1
 98
        0
  0
HATCH
  5
126
330
1F
100
AcDbEntity
  8
0
 62
     7
420
 16777215
440
 33554687
100
AcDbHatch
 10
0.0
 20
0.0
 30
0.0
210
0.0
220
0.0
230
1.0
  2
SOLID
 70
     1
 71
     1
 91
        1
 92
        0
 93
        1
 72
     4
 94
        3
 73
     0
 74
     1
 95
       17
 96
       13
 40
0.0
 40
0.0
 40
0.0
 40
0.0
 40
1.0
 40
1.0
 40
1.0
 40
2.0
 40
2.0
 40
2.0
 40
3.0
 40
3.0
 40
3.0
 40
4.0
 40
4.0
 40
4.0
 40
4.0
 10
15.49639136385398
 20
49.91292721455914
 10
15.58162720667718
 20
49.91292721455914
 10
15.65082789672666
 20
49.84571446823323
 10
15.65082789672666
 20
49.76292721455911
 10
15.65082789672666
 20
49.68013996088502
 10
15.58162720667718
 20
49.61292721455911
 10
15.49639136385398
 20
49.61292721455911
 10
15.41115552103081
 20
49.61292721455911
 10
15.34195483098133
 20
49.68013996088502
 10
15.34195483098133
 20
49.76292721455911
 10
15.34195483098133
 20
49.84571446823323
 10
15.41115552103081
 20
49.91292721455914
 10
15.49639136385398
 20
49.91292721455914
 97
        0
 97
        0
 75
     0
 76
     1
 98
        0
  0
HATCH
  5
127
330
1F
100
AcDbEntity
  8
0
 62
     7
420
 16777215
440
 33554687
100
AcDbHatch
 10
0.0
 20
0.0
 30
0.0
210
0.0
220
0.0
230
1.0
  2
SOLID
 70
     1
 71
     1
 91
        1
 92
        0
 93
        1
 72
     4
 94
        3
 73
     0
 74
     1
 95
       17
 96
       13
 40
0.0
 40
0.0
 40
0.0
 40
0.0
 40
1.0
 40
1.0
 40
1.0
 40
2.0
 40
2.0
 40
2.0
 40
3.0
 40
3.0
 40
3.0
 40
4.0
 40
4.0
 40
4.0
 40
4.0
 10
23.86221876350848
 20
55.22615202038241
 10
23.94745460633166
 20
55.22615202038241
 10
24.01665529638115
 20
55.15893927405651
 10
24.01665529638115
 20
55.07615202038239
 10
24.01665529638115
 20
54.9933647667083
 10
23.94745460633166
 20
54.92615202038239
 10
23.86221876350848
 20
54.92615202038239
 10
23.7769829206853
 20
54.92615202038239
 10
23.70778223063581
 20
54.9933647667083
 10
23.70778223063581
 20
55.07615202038239
 10
23.70778223063581
 20
55.15893927405651
 10
23.7769829206853
 20
55.22615202038241
 10
23.86221876350848
 20
55.22615202038241
 97
        0
 97
        0
 75
     0
 76
     1
 98
        0
  0
HATCH
  5
128
330
1F
100
AcDbEntity
  8
0
 62
     7
420
 16777215
440
 33554687
100
AcDbHatch
 10
0.0
 20
0.0
 30
0.0
210
0.0
220
0.0
230
1.0
  2
SOLID
 70
     1
 71
     1
 91
        1
 92
        0
 93
        1
 72
     4
 94
        3
 73
     0
 74
     1
 95
       17
 96
       13
 40
0.0
 40
0.0
 40
0.0
 40
0.0
 40
1.0
 40
1.0
 40
1.0
 40
2.0
 40
2.0
 40
2.0
 40
3.0
 40
3.0
 40
3.0
 40
4.0
 40
4.0
 40
4.0
 40
4.0
 10
23.6780234432679
 20
31.3143807029312
 10
23.77035144157749
 20
31.3143807029312
 10
23.8453100620626
 20
31.21825084481393
 10
23.8453100620626
 20
31.09984581921025
 10
23.8453100620626
 20
30.98144079360659
 10
23.77035144157749
 20
30.8853109354893
 10
23.6780234432679
 20
30.8853109354893
 10
23.58569544495832
 20
30.8853109354893
 10
23.51073682447321
 20
30.98144079360659
 10
23.51073682447321
 20
31.09984581921025
 10
23.51073682447321
 20
31.21825084481393
 10
23.58569544495832
 20
31.3143807029312
 10
23.6780234432679
 20
31.3143807029312
 97
        0
 97
        0
 75
     0
 76
     1
 98
        0
  0
HATCH
  5
129
330
1F
100
AcDbEntity
  8
0
 62
     7
420
 16777215
440
 33554687
100
AcDbHatch
 10
0.0
 20
0.0
 30
0.0
210
0.0
220
0.0
230
1.0
  2
SOLID
 70
     1
 71
     1
 91
        1
 92
        0
 93
        1
 72
     4
 94
        3
 73
     0
 74
     1
 95
       17
 96
       13
 40
0.0
 40
0.0
 40
0.0
 40
0.0
 40
1.0
 40
1.0
 40
1.0
 40
2.0
 40
2.0
 40
2.0
 40
3.0
 40
3.0
 40
3.0
 40
4.0
 40
4.0
 40
4.0
 40
4.0
 10
20.60208679724491
 20
49.53792721455913
 10
20.68732264006807
 20
49.53792721455913
 10
20.75652333011756
 20
49.47071446823323
 10
20.75652333011756
 20
49.38792721455913
 10
20.75652333011756
 20
49.30513996088501
 10
20.68732264006807
 20
49.23792721455911
 10
20.60208679724491
 20
49.23792721455911
 10
20.51685095442171
 20
49.23792721455911
 10
20.44765026437222
 20
49.30513996088501
 10
20.44765026437222
 20
49.38792721455913
 10
20.44765026437222
 20
49.47071446823323
 10
20.51685095442171
 20
49.53792721455913
 10
20.60208679724491
 20
49.53792721455913
 97
        0
 97
        0
 75
     0
 76
     1
 98
        0
  0
HATCH
  5
12A
330
1F
100
AcDbEntity
  8
0
 62
     7
420
 16777215
440
 33554687
100
AcDbHatch
 10
0.0
 20
0.0
 30
0.0
210
0.0
220
0.0
230
1.0
  2
SOLID
 70
     1
 71
     1
 91
        1
 92
        0
 93
        1
 72
     4
 94
        3
 73
     0
 74
     1
 95
       17
 96
       13
 40
0.0
 40
0.0
 40
0.0
 40
0.0
 40
1.0
 40
1.0
 40
1.0
 40
2.0
 40
2.0
 40
2.0
 40
3.0
 40
3.0
 40
3.0
 40
4.0
 40
4.0
 40
4.0
 40
4.0
 10
39.69713739613102
 20
33.53124116804751
 10
39.7894653944406
 20
33.53124116804751
 10
39.8644240149257
 20
33.43511130993024
 10
39.8644240149257
 20
33.31670628432656
 10
39.8644240149257
 20
33.19830125872292
 10
39.7894653944406
 20
33.10217140060561
 10
39.69713739613102
 20
33.10217140060561
 10
39.60480939782142
 20
33.10217140060561
 10
39.52985077733631
 20
33.19830125872292
 10
39.52985077733631
 20
33.31670628432656
 10
39.52985077733631
 20
33.43511130993024
 10
39.60480939782142
 20
33.53124116804751
 10
39.69713739613102
 20
33.53124116804751
 97
        0
 97
        0
 75
     0
 76
     1
 98
        0
  0
HATCH
  5
12B
330
1F
100
AcDbEntity
  8
0
 62
     7
420
 16777215
440
 33554687
100
AcDbHatch
 10
0.0
 20
0.0
 30
0.0
210
0.0
220
0.0
230
1.0
  2
SOLID
 70
     1
 71
     1
 91
        1
 92
        0
 93
        1
 72
     4
 94
        3
 73
     0
 74
     1
 95
       17
 96
       13
 40
0.0
 40
0.0
 40
0.0
 40
0.0
 40
1.0
 40
1.0
 40
1.0
 40
2.0
 40
2.0
 40
2.0
 40
3.0
 40
3.0
 40
3.0
 40
4.0
 40
4.0
 40
4.0
 40
4.0
 10
29.20854468561976
 20
30.77804349362887
 10
29.30087268392934
 20
30.77804349362887
 10
29.37583130441444
 20
30.6819136355116
 10
29.37583130441444
 20
30.56350860990792
 10
29.37583130441444
 20
30.44510358430426
 10
29.30087268392934
 20
30.34897372618697
 10
29.20854468561976
 20
30.34897372618697
 10
29.11621668731018
 20
30.34897372618697
 10
29.04125806682507
 20
30.44510358430426
 10
29.04125806682507
 20
30.56350860990792
 10
29.04125806682507
 20
30.6819136355116
 10
29.11621668731018
 20
30.77804349362887
 10
29.20854468561976
 20
30.77804349362887
 97
        0
 97
        0
 75
     0
 76
     1
 98
        0
  0
HATCH
  5
12C
330
1F
100
AcDbEntity
  8
0
 62
     7
420
 16777215
440
 33554687
100
AcDbHatch
 10
0.0
 20
0.0
 30
0.0
210
0.0
220
0.0
230
1.0
  2
SOLID
 70
     1
 71
     1
 91
        1
 92
        0
 93
        1
 72
     4
 94
        3
 73
     0
 74
     1
 95
       17
 96
       13
 40
0.0
 40
0.0
 40
0.0
 40
0.0
 40
1.0
 40
1.0
 40
1.0
 40
2.0
 40
2.0
 40
2.0
 40
3.0
 40
3.0
 40
3.0
 40
4.0
 40
4.0
 40
4.0
 40
4.0
 10
41.49639136385397
 20
49.17615202038238
 10
41.58162720667715
 20
49.17615202038238
 10
41.65082789672662
 20
49.10893927405647
 10
41.65082789672662
 20
49.02615202038236
 10
41.65082789672662
 20
48.94336476670826
 10
41.58162720667715
 20
48.87615202038236
 10
41.49639136385397
 20
48.87615202038236
 10
41.41115552103077
 20
48.87615202038236
 10
41.34195483098131
 20
48.94336476670826
 10
41.34195483098131
 20
49.02615202038236
 10
41.34195483098131
 20
49.10893927405647
 10
41.41115552103077
 20
49.17615202038238
 10
41.49639136385397
 20
49.17615202038238
 97
        0
 97
        0
 75
     0
 76
     1
 98
        0
  0
HATCH
  5
12D
330
1F
100
AcDbEntity
  8
0
 62
     7
420
 16777215
440
 33554687
100
AcDbHatch
 10
0.0
 20
0.0
 30
0.0
210
0.0
220
0.0
230
1.0
  2
SOLID
 70
     1
 71
     1
 91
        1
 92
        0
 93
        1
 72
     4
 94
        3
 73
     0
 74
     1
 95
       17
 96
       13
 40
0.0
 40
0.0
 40
0.0
 40
0.0
 40
1.0
 40
1.0
 40
1.0
 40
2.0
 40
2.0
 40
2.0
 40
3.0
 40
3.0
 40
3.0
 40
4.0
 40
4.0
 40
4.0
 40
4.0
 10
49.39069593046305
 20
53.35115202038241
 10
49.47593177328625
 20
53.35115202038241
 10
49.5451324633357
 20
53.28393927405649
 10
49.5451324633357
 20
53.20115202038238
 10
49.5451324633357
 20
53.11836476670828
 10
49.47593177328625
 20
53.05115202038239
 10
49.39069593046305
 20
53.05115202038239
 10
49.30546008763989
 20
53.05115202038239
 10
49.23625939759039
 20
53.11836476670828
 10
49.23625939759039
 20
53.20115202038238
 10
49.23625939759039
 20
53.28393927405649
 10
49.30546008763989
 20
53.35115202038241
 10
49.39069593046305
 20
53.35115202038241
 97
        0
 97
        0
 75
     0
 76
     1
 98
        0
  0
HATCH
  5
12E
330
1F
100
AcDbEntity
  8
0
 62
     7
420
 16777215
440
 33554687
100
AcDbHatch
 10
0.0
 20
0.0
 30
0.0
210
0.0
220
0.0
230
1.0
  2
SOLID
 70
     1
 71
     1
 91
        1
 92
        0
 93
        1
 72
     4
 94
        3
 73
     0
 74
     1
 95
       17
 96
       13
 40
0.0
 40
0.0
 40
0.0
 40
0.0
 40
1.0
 40
1.0
 40
1.0
 40
2.0
 40
2.0
 40
2.0
 40
3.0
 40
3.0
 40
3.0
 40
4.0
 40
4.0
 40
4.0
 40
4.0
 10
23.10557366907541
 20
35.14025279595447
 10
23.19790166738501
 20
35.14025279595447
 10
23.27286028787012
 20
35.04412293783719
 10
23.27286028787012
 20
34.92571791223352
 10
23.27286028787012
 20
34.80731288662986
 10
23.19790166738501
 20
34.71118302851257
 10
23.10557366907541
 20
34.71118302851257
 10
23.01324567076585
 20
34.71118302851257
 10
22.93828705028073
 20
34.80731288662986
 10
22.93828705028073
 20
34.92571791223352
 10
22.93828705028073
 20
35.04412293783719
 10
23.01324567076585
 20
35.14025279595447
 10
23.10557366907541
 20
35.14025279595447
 97
        0
 97
        0
 75
     0
 76
     1
 98
        0
  0
HATCH
  5
12F
330
1F
100
AcDbEntity
  8
0
 62
     7
420
 16777215
440
 33554687
100
AcDbHatch
 10
0.0
 20
0.0
 30
0.0
210
0.0
220
0.0
230
1.0
  2
SOLID
 70
     1
 71
     1
 91
        1
 92
        0
 93
        1
 72
     4
 94
        3
 73
     0
 74
     1
 95
       17
 96
       13
 40
0.0
 40
0.0
 40
0.0
 40
0.0
 40
1.0
 40
1.0
 40
1.0
 40
2.0
 40
2.0
 40
2.0
 40
3.0
 40
3.0
 40
3.0
 40
4.0
 40
4.0
 40
4.0
 40
4.0
 10
56.81347766402671
 20
48.05115202038237
 10
56.8987135068499
 20
48.05115202038237
 10
56.96791419689938
 20
47.98393927405649
 10
56.96791419689938
 20
47.90115202038237
 10
56.96791419689938
 20
47.81836476670826
 10
56.8987135068499
 20
47.75115202038235
 10
56.81347766402671
 20
47.75115202038235
 10
56.72824182120353
 20
47.75115202038235
 10
56.65904113115407
 20
47.81836476670826
 10
56.65904113115407
 20
47.90115202038237
 10
56.65904113115407
 20
47.98393927405649
 10
56.72824182120353
 20
48.05115202038237
 10
56.81347766402671
 20
48.05115202038237
 97
        0
 97
        0
 75
     0
 76
     1
 98
        0
  0
HATCH
  5
130
330
1F
100
AcDbEntity
  8
0
 62
     7
420
 16777215
440
 33554687
100
AcDbHatch
 10
0.0
 20
0.0
 30
0.0
210
0.0
220
0.0
230
1.0
  2
SOLID
 70
     1
 71
     1
 91
        1
 92
        0
 93
        1
 72
     4
 94
        3
 73
     0
 74
     1
 95
       17
 96
       13
 40
0.0
 40
0.0
 40
0.0
 40
0.0
 40
1.0
 40
1.0
 40
1.0
 40
2.0
 40
2.0
 40
2.0
 40
3.0
 40
3.0
 40
3.0
 40
4.0
 40
4.0
 40
4.0
 40
4.0
 10
13.61438295815837
 20
34.57876802408818
 10
13.75287495562276
 20
34.57876802408818
 10
13.8653128863504
 20
34.41617644457052
 10
13.8653128863504
 20
34.21590921737623
 10
13.8653128863504
 20
34.01564199018193
 10
13.75287495562276
 20
33.85305041066424
 10
13.61438295815837
 20
33.85305041066424
 10
13.47589096069401
 20
33.85305041066424
 10
13.36345302996635
 20
34.01564199018193
 10
13.36345302996635
 20
34.21590921737623
 10
13.36345302996635
 20
34.41617644457052
 10
13.47589096069401
 20
34.57876802408818
 10
13.61438295815837
 20
34.57876802408818
 97
        0
 97
        0
 75
     0
 76
     1
 98
        0
  0
HATCH
  5
131
330
1F
100
AcDbEntity
  8
0
 62
     7
420
 16777215
440
 33554687
100
AcDbHatch
 10
0.0
 20
0.0
 30
0.0
210
0.0
220
0.0
230
1.0
  2
SOLID
 70
     1
 71
     1
 91
        1
 92
        0
 93
        1
 72
     4
 94
        3
 73
     0
 74
     1
 95
       17
 96
       13
 40
0.0
 40
0.0
 40
0.0
 40
0.0
 40
1.0
 40
1.0
 40
1.0
 40
2.0
 40
2.0
 40
2.0
 40
3.0
 40
3.0
 40
3.0
 40
4.0
 40
4.0
 40
4.0
 40
4.0
 10
41.02486853080857
 20
48.03792721455913
 10
41.11010437363175
 20
48.03792721455913
 10
41.17930506368123
 20
47.97071446823323
 10
41.17930506368123
 20
47.88792721455913
 10
41.17930506368123
 20
47.80513996088501
 10
41.11010437363175
 20
47.73792721455911
 10
41.02486853080857
 20
47.73792721455911
 10
40.93963268798538
 20
47.73792721455911
 10
40.8704319979359
 20
47.80513996088501
 10
40.8704319979359
 20
47.88792721455913
 10
40.8704319979359
 20
47.97071446823323
 10
40.93963268798538
 20
48.03792721455913
 10
41.02486853080857
 20
48.03792721455913
 97
        0
 97
        0
 75
     0
 76
     1
 98
        0
  0
HATCH
  5
132
330
1F
100
AcDbEntity
  8
0
 62
     7
420
 16777215
440
 33554687
100
AcDbHatch
 10
0.0
 20
0.0
 30
0.0
210
0.0
220
0.0
230
1.0
  2
SOLID
 70
     1
 71
     1
 91
        1
 92
        0
 93
        1
 72
     4
 94
        3
 73
     0
 74
     1
 95
       17
 96
       13
 40
0.0
 40
0.0
 40
0.0
 40
0.0
 40
1.0
 40
1.0
 40
1.0
 40
2.0
 40
2.0
 40
2.0
 40
3.0
 40
3.0
 40
3.0
 40
4.0
 40
4.0
 40
4.0
 40
4.0
 10
60.91917309741765
 20
49.21292721455916
 10
61.00440894024081
 20
49.21292721455916
 10
61.07360963029031
 20
49.14571446823325
 10
61.07360963029031
 20
49.06292721455916
 10
61.07360963029031
 20
48.98013996088504
 10
61.00440894024081
 20
48.91292721455913
 10
60.91917309741765
 20
48.91292721455913
 10
60.83393725459447
 20
48.91292721455913
 10
60.76473656454496
 20
48.98013996088504
 10
60.76473656454496
 20
49.06292721455916
 10
60.76473656454496
 20
49.14571446823325
 10
60.83393725459447
 20
49.21292721455916
 10
60.91917309741765
 20
49.21292721455916
 97
        0
 97
        0
 75
     0
 76
     1
 98
        0
  0
HATCH
  5
133
330
1F
100
AcDbEntity
  8
0
 62
     7
420
 16777215
440
 33554687
100
AcDbHatch
 10
0.0
 20
0.0
 30
0.0
210
0.0
220
0.0
230
1.0
  2
SOLID
 70
     1
 71
     1
 91
        1
 92
        0
 93
        1
 72
     4
 94
        3
 73
     0
 74
     1
 95
       17
 96
       13
 40
0.0
 40
0.0
 40
0.0
 40
0.0
 40
1.0
 40
1.0
 40
1.0
 40
2.0
 40
2.0
 40
2.0
 40
3.0
 40
3.0
 40
3.0
 40
4.0
 40
4.0
 40
4.0
 40
4.0
 10
39.17930506368122
 20
54.10115202038241
 10
39.26454090650442
 20
54.10115202038241
 10
39.33374159655389
 20
54.0339392740565
 10
39.33374159655389
 20
53.95115202038238
 10
39.33374159655389
 20
53.86836476670829
 10
39.26454090650442
 20
53.80115202038239
 10
39.17930506368122
 20
53.80115202038239
 10
39.09406922085804
 20
53.80115202038239
 10
39.02486853080858
 20
53.86836476670829
 10
39.02486853080858
 20
53.95115202038238
 10
39.02486853080858
 20
54.0339392740565
 10
39.09406922085804
 20
54.10115202038241
 10
39.17930506368122
 20
54.10115202038241
 97
        0
 97
        0
 75
     0
 76
     1
 98
        0
  0
HATCH
  5
134
330
1F
100
AcDbEntity
  8
0
 62
     7
420
 16777215
440
 33554687
100
AcDbHatch
 10
0.0
 20
0.0
 30
0.0
210
0.0
220
0.0
230
1.0
  2
SOLID
 70
     1
 71
     1
 91
        1
 92
        0
 93
        1
 72
     4
 94
        3
 73
     0
 74
     1
 95
       17
 96
       13
 40
0.0
 40
0.0
 40
0.0
 40
0.0
 40
1.0
 40
1.0
 40
1.0
 40
2.0
 40
2.0
 40
2.0
 40
3.0
 40
3.0
 40
3.0
 40
4.0
 40
4.0
 40
4.0
 40
4.0
 10
25.7077822306358
 20
49.16292721455913
 10
25.79301807345901
 20
49.16292721455913
 10
25.86221876350849
 20
49.09571446823323
 10
25.86221876350849
 20
49.01292721455911
 10
25.86221876350849
 20
48.93013996088501
 10
25.79301807345901
 20
48.86292721455911
 10
25.7077822306358
 20
48.86292721455911
 10
25.62254638781264
 20
48.86292721455911
 10
25.55334569776316
 20
48.93013996088501
 10
25.55334569776316
 20
49.01292721455911
 10
25.55334569776316
 20
49.09571446823323
 10
25.62254638781264
 20
49.16292721455913
 10
25.7077822306358
 20
49.16292721455913
 97
        0
 97
        0
 75
     0
 76
     1
 98
        0
  0
HATCH
  5
135
330
1F
100
AcDbEntity
  8
0
 62
     7
420
 16777215
440
 33554687
100
AcDbHatch
 10
0.0
 20
0.0
 30
0.0
210
0.0
220
0.0
230
1.0
  2
SOLID
 70
     1
 71
     1
 91
        1
 92
        0
 93
        1
 72
     4
 94
        3
 73
     0
 74
     1
 95
       17
 96
       13
 40
0.0
 40
0.0
 40
0.0
 40
0.0
 40
1.0
 40
1.0
 40
1.0
 40
2.0
 40
2.0
 40
2.0
 40
3.0
 40
3.0
 40
3.0
 40
4.0
 40
4.0
 40
4.0
 40
4.0
 10
51.23625939759037
 20
47.28792721455913
 10
51.32149524041358
 20
47.28792721455913
 10
51.39069593046306
 20
47.22071446823322
 10
51.39069593046306
 20
47.13792721455913
 10
51.39069593046306
 20
47.05513996088501
 10
51.32149524041358
 20
46.9879272145591
 10
51.23625939759037
 20
46.9879272145591
 10
51.15102355476721
 20
46.9879272145591
 10
51.08182286471773
 20
47.05513996088501
 10
51.08182286471773
 20
47.13792721455913
 10
51.08182286471773
 20
47.22071446823322
 10
51.15102355476721
 20
47.28792721455913
 10
51.23625939759037
 20
47.28792721455913
 97
        0
 97
        0
 75
     0
 76
     1
 98
        0
  0
HATCH
  5
136
330
1F
100
AcDbEntity
  8
0
 62
     7
420
 16777215
440
 33554687
100
AcDbHatch
 10
0.0
 20
0.0
 30
0.0
210
0.0
220
0.0
230
1.0
  2
SOLID
 70
     1
 71
     1
 91
        1
 92
        0
 93
        1
 72
     4
 94
        3
 73
     0
 74
     1
 95
       17
 96
       13
 40
0.0
 40
0.0
 40
0.0
 40
0.0
 40
1.0
 40
1.0
 40
1.0
 40
2.0
 40
2.0
 40
2.0
 40
3.0
 40
3.0
 40
3.0
 40
4.0
 40
4.0
 40
4.0
 40
4.0
 10
36.39069593046306
 20
49.55115202038239
 10
36.47593177328624
 20
49.55115202038239
 10
36.54513246333573
 20
49.4839392740565
 10
36.54513246333573
 20
49.40115202038238
 10
36.54513246333573
 20
49.31836476670827
 10
36.47593177328624
 20
49.25115202038236
 10
36.39069593046306
 20
49.25115202038236
 10
36.30546008763988
 20
49.25115202038236
 10
36.23625939759039
 20
49.31836476670827
 10
36.23625939759039
 20
49.40115202038238
 10
36.23625939759039
 20
49.4839392740565
 10
36.30546008763988
 20
49.55115202038239
 10
36.39069593046306
 20
49.55115202038239
 97
        0
 97
        0
 75
     0
 76
     1
 98
        0
  0
HATCH
  5
137
330
1F
100
AcDbEntity
  8
0
 62
     7
420
 16777215
440
 33554687
100
AcDbHatch
 10
0.0
 20
0.0
 30
0.0
210
0.0
220
0.0
230
1.0
  2
SOLID
 70
     1
 71
     1
 91
        1
 92
        0
 93
        1
 72
     4
 94
        3
 73
     0
 74
     1
 95
       17
 96
       13
 40
0.0
 40
0.0
 40
0.0
 40
0.0
 40
1.0
 40
1.0
 40
1.0
 40
2.0
 40
2.0
 40
2.0
 40
3.0
 40
3.0
 40
3.0
 40
4.0
 40
4.0
 40
4.0
 40
4.0
 10
38.50172854874173
 20
31.85732697374861
 10
38.64022054620616
 20
31.85732697374861
 10
38.75265847693377
 20
31.69473539423094
 10
38.75265847693377
 20
31.49446816703663
 10
38.75265847693377
 20
31.29420093984232
 10
38.64022054620616
 20
31.13160936032464
 10
38.50172854874173
 20
31.13160936032464
 10
38.36323655127738
 20
31.13160936032464
 10
38.25079862054972
 20
31.29420093984232
 10
38.25079862054972
 20
31.49446816703663
 10
38.25079862054972
 20
31.69473539423094
 10
38.36323655127738
 20
31.85732697374861
 10
38.50172854874173
 20
31.85732697374861
 97
        0
 97
        0
 75
     0
 76
     1
 98
        0
  0
HATCH
  5
138
330
1F
100
AcDbEntity
  8
0
 62
     7
420
 16777215
440
 33554687
100
AcDbHatch
 10
0.0
 20
0.0
 30
0.0
210
0.0
220
0.0
230
1.0
  2
SOLID
 70
     1
 71
     1
 91
        1
 92
        0
 93
        1
 72
     4
 94
        3
 73
     0
 74
     1
 95
       17
 96
       13
 40
0.0
 40
0.0
 40
0.0
 40
0.0
 40
1.0
 40
1.0
 40
1.0
 40
2.0
 40
2.0
 40
2.0
 40
3.0
 40
3.0
 40
3.0
 40
4.0
 40
4.0
 40
4.0
 40
4.0
 10
21.91016482168618
 20
33.67162100730832
 10
22.04865681915055
 20
33.67162100730832
 10
22.16109474987819
 20
33.50902942779064
 10
22.16109474987819
 20
33.30876220059633
 10
22.16109474987819
 20
33.10849497340204
 10
22.04865681915055
 20
32.94590339388437
 10
21.91016482168618
 20
32.94590339388437
 10
21.77167282422179
 20
32.94590339388437
 10
21.65923489349413
 20
33.10849497340204
 10
21.65923489349413
 20
33.30876220059633
 10
21.65923489349413
 20
33.50902942779064
 10
21.77167282422179
 20
33.67162100730832
 10
21.91016482168618
 20
33.67162100730832
 97
        0
 97
        0
 75
     0
 76
     1
 98
        0
  0
HATCH
  5
139
330
1F
100
AcDbEntity
  8
0
 62
     7
420
 16777215
440
 33554687
100
AcDbHatch
 10
0.0
 20
0.0
 30
0.0
210
0.0
220
0.0
230
1.0
  2
SOLID
 70
     1
 71
     1
 91
        1
 92
        0
 93
        1
 72
     4
 94
        3
 73
     0
 74
     1
 95
       17
 96
       13
 40
0.0
 40
0.0
 40
0.0
 40
0.0
 40
1.0
 40
1.0
 40
1.0
 40
2.0
 40
2.0
 40
2.0
 40
3.0
 40
3.0
 40
3.0
 40
4.0
 40
4.0
 40
4.0
 40
4.0
 10
55.81347766402671
 20
49.58792721455917
 10
55.89871350684992
 20
49.58792721455917
 10
55.9679141968994
 20
49.52071446823325
 10
55.9679141968994
 20
49.43792721455914
 10
55.9679141968994
 20
49.35513996088505
 10
55.89871350684992
 20
49.28792721455913
 10
55.81347766402671
 20
49.28792721455913
 10
55.72824182120355
 20
49.28792721455913
 10
55.65904113115407
 20
49.35513996088505
 10
55.65904113115407
 20
49.43792721455914
 10
55.65904113115407
 20
49.52071446823325
 10
55.72824182120355
 20
49.58792721455917
 10
55.81347766402671
 20
49.58792721455917
 97
        0
 97
        0
 75
     0
 76
     1
 98
        0
  0
HATCH
  5
13A
330
1F
100
AcDbEntity
  8
0
 62
     7
420
 16777215
440
 33554687
100
AcDbHatch
 10
0.0
 20
0.0
 30
0.0
210
0.0
220
0.0
230
1.0
  2
SOLID
 70
     1
 71
     1
 91
        1
 92
        0
 93
        1
 72
     4
 94
        3
 73
     0
 74
     1
 95
       17
 96
       13
 40
0.0
 40
0.0
 40
0.0
 40
0.0
 40
1.0
 40
1.0
 40
1.0
 40
2.0
 40
2.0
 40
2.0
 40
3.0
 40
3.0
 40
3.0
 40
4.0
 40
4.0
 40
4.0
 40
4.0
 10
20.07360963029031
 20
52.21292721455919
 10
20.1588454731135
 20
52.21292721455919
 10
20.22804616316298
 20
52.14571446823325
 10
20.22804616316298
 20
52.06292721455916
 10
20.22804616316298
 20
51.98013996088505
 10
20.1588454731135
 20
51.91292721455915
 10
20.07360963029031
 20
51.91292721455915
 10
19.98837378746713
 20
51.91292721455915
 10
19.91917309741765
 20
51.98013996088505
 10
19.91917309741765
 20
52.06292721455916
 10
19.91917309741765
 20
52.14571446823325
 10
19.98837378746713
 20
52.21292721455919
 10
20.07360963029031
 20
52.21292721455919
 97
        0
 97
        0
 75
     0
 76
     1
 98
        0
  0
HATCH
  5
13B
330
1F
100
AcDbEntity
  8
0
 62
     7
420
 16777215
440
 33554687
100
AcDbHatch
 10
0.0
 20
0.0
 30
0.0
210
0.0
220
0.0
230
1.0
  2
SOLID
 70
     1
 71
     1
 91
        1
 92
        0
 93
        1
 72
     4
 94
        3
 73
     0
 74
     1
 95
       17
 96
       13
 40
0.0
 40
0.0
 40
0.0
 40
0.0
 40
1.0
 40
1.0
 40
1.0
 40
2.0
 40
2.0
 40
2.0
 40
3.0
 40
3.0
 40
3.0
 40
4.0
 40
4.0
 40
4.0
 40
4.0
 10
48.78910711428588
 20
55.48641712681451
 10
48.91696087852065
 20
55.48641712681451
 10
49.02076191359489
 20
55.37273520942816
 10
49.02076191359489
 20
55.23271096927606
 10
49.02076191359489
 20
55.09268672912394
 10
48.91696087852065
 20
54.9790048117376
 10
48.78910711428588
 20
54.9790048117376
 10
48.66125335005109
 20
54.9790048117376
 10
48.55745231497689
 20
55.09268672912394
 10
48.55745231497689
 20
55.23271096927606
 10
48.55745231497689
 20
55.37273520942816
 10
48.66125335005109
 20
55.48641712681451
 10
48.78910711428588
 20
55.48641712681451
 97
        0
 97
        0
 75
     0
 76
     1
 98
        0
  0
HATCH
  5
13C
330
1F
100
AcDbEntity
  8
0
 62
     7
420
 16777215
440
 33554687
100
AcDbHatch
 10
0.0
 20
0.0
 30
0.0
210
0.0
220
0.0
230
1.0
  2
SOLID
 70
     1
 71
     1
 91
        1
 92
        0
 93
        1
 72
     4
 94
        3
 73
     0
 74
     1
 95
       17
 96
       13
 40
0.0
 40
0.0
 40
0.0
 40
0.0
 40
1.0
 40
1.0
 40
1.0
 40
2.0
 40
2.0
 40
2.0
 40
3.0
 40
3.0
 40
3.0
 40
4.0
 40
4.0
 40
4.0
 40
4.0
 10
45.22765863848286
 20
32.99490395874517
 10
45.31998663679246
 20
32.99490395874517
 10
45.39494525727755
 20
32.8987741006279
 10
45.39494525727755
 20
32.78036907502423
 10
45.39494525727755
 20
32.66196404942057
 10
45.31998663679246
 20
32.56583419130327
 10
45.22765863848286
 20
32.56583419130327
 10
45.13533064017329
 20
32.56583419130327
 10
45.06037201968818
 20
32.66196404942057
 10
45.06037201968818
 20
32.78036907502423
 10
45.06037201968818
 20
32.8987741006279
 10
45.13533064017329
 20
32.99490395874517
 10
45.22765863848286
 20
32.99490395874517
 97
        0
 97
        0
 75
     0
 76
     1
 98
        0
  0
HATCH
  5
13D
330
1F
100
AcDbEntity
  8
0
 62
     7
420
 16777215
440
 33554687
100
AcDbHatch
 10
0.0
 20
0.0
 30
0.0
210
0.0
220
0.0
230
1.0
  2
SOLID
 70
     1
 71
     1
 91
        1
 92
        0
 93
        1
 72
     4
 94
        3
 73
     0
 74
     1
 95
       17
 96
       13
 40
0.0
 40
0.0
 40
0.0
 40
0.0
 40
1.0
 40
1.0
 40
1.0
 40
2.0
 40
2.0
 40
2.0
 40
3.0
 40
3.0
 40
3.0
 40
4.0
 40
4.0
 40
4.0
 40
4.0
 10
29.49639136385397
 20
52.17615202038237
 10
29.58162720667715
 20
52.17615202038237
 10
29.65082789672664
 20
52.10893927405647
 10
29.65082789672664
 20
52.02615202038236
 10
29.65082789672664
 20
51.94336476670826
 10
29.58162720667715
 20
51.87615202038236
 10
29.49639136385397
 20
51.87615202038236
 10
29.41115552103079
 20
51.87615202038236
 10
29.3419548309813
 20
51.94336476670826
 10
29.3419548309813
 20
52.02615202038236
 10
29.3419548309813
 20
52.10893927405647
 10
29.41115552103079
 20
52.17615202038237
 10
29.49639136385397
 20
52.17615202038237
 97
        0
 97
        0
 75
     0
 76
     1
 98
        0
  0
HATCH
  5
13E
330
1F
100
AcDbEntity
  8
0
 62
     7
420
 16777215
440
 33554687
100
AcDbHatch
 10
0.0
 20
0.0
 30
0.0
210
0.0
220
0.0
230
1.0
  2
SOLID
 70
     1
 71
     1
 91
        1
 92
        0
 93
        1
 72
     4
 94
        3
 73
     0
 74
     1
 95
       17
 96
       13
 40
0.0
 40
0.0
 40
0.0
 40
0.0
 40
1.0
 40
1.0
 40
1.0
 40
2.0
 40
2.0
 40
2.0
 40
3.0
 40
3.0
 40
3.0
 40
4.0
 40
4.0
 40
4.0
 40
4.0
 10
25.67498839096744
 20
21.75775685359952
 10
25.81348038843182
 20
21.75775685359952
 10
25.92591831915946
 20
21.59516527408183
 10
25.92591831915946
 20
21.39489804688753
 10
25.92591831915946
 20
21.19463081969324
 10
25.81348038843182
 20
21.03203924017555
 10
25.67498839096744
 20
21.03203924017555
 10
25.53649639350307
 20
21.03203924017555
 10
25.42405846277541
 20
21.19463081969324
 10
25.42405846277541
 20
21.39489804688753
 10
25.42405846277541
 20
21.59516527408183
 10
25.53649639350307
 20
21.75775685359952
 10
25.67498839096744
 20
21.75775685359952
 97
        0
 97
        0
 75
     0
 76
     1
 98
        0
  0
HATCH
  5
13F
330
1F
100
AcDbEntity
  8
0
 62
     7
420
 16777215
440
 33554687
100
AcDbHatch
 10
0.0
 20
0.0
 30
0.0
210
0.0
220
0.0
230
1.0
  2
SOLID
 70
     1
 71
     1
 91
        1
 92
        0
 93
        1
 72
     4
 94
        3
 73
     0
 74
     1
 95
       17
 96
       13
 40
0.0
 40
0.0
 40
0.0
 40
0.0
 40
1.0
 40
1.0
 40
1.0
 40
2.0
 40
2.0
 40
2.0
 40
3.0
 40
3.0
 40
3.0
 40
4.0
 40
4.0
 40
4.0
 40
4.0
 10
49.91917309741764
 20
50.67615202038237
 10
50.00440894024081
 20
50.67615202038237
 10
50.07360963029029
 20
50.60893927405646
 10
50.07360963029029
 20
50.52615202038234
 10
50.07360963029029
 20
50.44336476670825
 10
50.00440894024081
 20
50.37615202038234
 10
49.91917309741764
 20
50.37615202038234
 10
49.83393725459446
 20
50.37615202038234
 10
49.76473656454496
 20
50.44336476670825
 10
49.76473656454496
 20
50.52615202038234
 10
49.76473656454496
 20
50.60893927405646
 10
49.83393725459446
 20
50.67615202038237
 10
49.91917309741764
 20
50.67615202038237
 97
        0
 97
        0
 75
     0
 76
     1
 98
        0
  0
HATCH
  5
140
330
1F
100
AcDbEntity
  8
0
 62
     7
420
 16777215
440
 33554687
100
AcDbHatch
 10
0.0
 20
0.0
 30
0.0
210
0.0
220
0.0
230
1.0
  2
SOLID
 70
     1
 71
     1
 91
        1
 92
        0
 93
        1
 72
     4
 94
        3
 73
     0
 74
     1
 95
       17
 96
       13
 40
0.0
 40
0.0
 40
0.0
 40
0.0
 40
1.0
 40
1.0
 40
1.0
 40
2.0
 40
2.0
 40
2.0
 40
3.0
 40
3.0
 40
3.0
 40
4.0
 40
4.0
 40
4.0
 40
4.0
 10
46.60208679724487
 20
48.80115202038238
 10
46.68732264006807
 20
48.80115202038238
 10
46.75652333011757
 20
48.7339392740565
 10
46.75652333011757
 20
48.65115202038238
 10
46.75652333011757
 20
48.56836476670826
 10
46.68732264006807
 20
48.50115202038235
 10
46.60208679724487
 20
48.50115202038235
 10
46.51685095442171
 20
48.50115202038235
 10
46.44765026437222
 20
48.56836476670826
 10
46.44765026437222
 20
48.65115202038238
 10
46.44765026437222
 20
48.7339392740565
 10
46.51685095442171
 20
48.80115202038238
 10
46.60208679724487
 20
48.80115202038238
 97
        0
 97
        0
 75
     0
 76
     1
 98
        0
  0
HATCH
  5
141
330
1F
100
AcDbEntity
  8
0
 62
     7
420
 16777215
440
 33554687
100
AcDbHatch
 10
0.0
 20
0.0
 30
0.0
210
0.0
220
0.0
230
1.0
  2
SOLID
 70
     1
 71
     1
 91
        1
 92
        0
 93
        1
 72
     4
 94
        3
 73
     0
 74
     1
 95
       17
 96
       13
 40
0.0
 40
0.0
 40
0.0
 40
0.0
 40
1.0
 40
1.0
 40
1.0
 40
2.0
 40
2.0
 40
2.0
 40
3.0
 40
3.0
 40
3.0
 40
4.0
 40
4.0
 40
4.0
 40
4.0
 10
33.97077025449522
 20
20.85060983681966
 10
34.10926225195961
 20
20.85060983681966
 10
34.22170018268725
 20
20.688018257302
 10
34.22170018268725
 20
20.4877510301077
 10
34.22170018268725
 20
20.28748380291339
 10
34.10926225195961
 20
20.1248922233957
 10
33.97077025449522
 20
20.1248922233957
 10
33.83227825703085
 20
20.1248922233957
 10
33.71984032630319
 20
20.28748380291339
 10
33.71984032630319
 20
20.4877510301077
 10
33.71984032630319
 20
20.688018257302
 10
33.83227825703085
 20
20.85060983681966
 10
33.97077025449522
 20
20.85060983681966
 97
        0
 97
        0
 75
     0
 76
     1
 98
        0
  0
HATCH
  5
142
330
1F
100
AcDbEntity
  8
0
 62
     7
420
 16777215
440
 33554687
100
AcDbHatch
 10
0.0
 20
0.0
 30
0.0
210
0.0
220
0.0
230
1.0
  2
SOLID
 70
     1
 71
     1
 91
        1
 92
        0
 93
        1
 72
     4
 94
        3
 73
     0
 74
     1
 95
       17
 96
       13
 40
0.0
 40
0.0
 40
0.0
 40
0.0
 40
1.0
 40
1.0
 40
1.0
 40
2.0
 40
2.0
 40
2.0
 40
3.0
 40
3.0
 40
3.0
 40
4.0
 40
4.0
 40
4.0
 40
4.0
 10
42.81347766402674
 20
45.78792721455915
 10
42.89871350684992
 20
45.78792721455915
 10
42.96791419689939
 20
45.72071446823323
 10
42.96791419689939
 20
45.63792721455912
 10
42.96791419689939
 20
45.55513996088503
 10
42.89871350684992
 20
45.48792721455911
 10
42.81347766402674
 20
45.48792721455911
 10
42.72824182120354
 20
45.48792721455911
 10
42.65904113115405
 20
45.55513996088503
 10
42.65904113115405
 20
45.63792721455912
 10
42.65904113115405
 20
45.72071446823323
 10
42.72824182120354
 20
45.78792721455915
 10
42.81347766402674
 20
45.78792721455915
 97
        0
 97
        0
 75
     0
 76
     1
 98
        0
  0
HATCH
  5
143
330
1F
100
AcDbEntity
  8
0
 62
     7
420
 16777215
440
 33554687
100
AcDbHatch
 10
0.0
 20
0.0
 30
0.0
210
0.0
220
0.0
230
1.0
  2
SOLID
 70
     1
 71
     1
 91
        1
 92
        0
 93
        1
 72
     4
 94
        3
 73
     0
 74
     1
 95
       17
 96
       13
 40
0.0
 40
0.0
 40
0.0
 40
0.0
 40
1.0
 40
1.0
 40
1.0
 40
2.0
 40
2.0
 40
2.0
 40
3.0
 40
3.0
 40
3.0
 40
4.0
 40
4.0
 40
4.0
 40
4.0
 10
31.20854468561977
 20
44.47804349362885
 10
31.30087268392935
 20
44.47804349362885
 10
31.37583130441447
 20
44.38191363551158
 10
31.37583130441447
 20
44.2635086099079
 10
31.37583130441447
 20
44.14510358430424
 10
31.30087268392935
 20
44.04897372618697
 10
31.20854468561977
 20
44.04897372618697
 10
31.11621668731019
 20
44.04897372618697
 10
31.04125806682508
 20
44.14510358430424
 10
31.04125806682508
 20
44.2635086099079
 10
31.04125806682508
 20
44.38191363551158
 10
31.11621668731019
 20
44.47804349362885
 10
31.20854468561977
 20
44.47804349362885
 97
        0
 97
        0
 75
     0
 76
     1
 98
        0
  0
HATCH
  5
144
330
1F
100
AcDbEntity
  8
0
 62
     7
420
 16777215
440
 33554687
100
AcDbHatch
 10
0.0
 20
0.0
 30
0.0
210
0.0
220
0.0
230
1.0
  2
SOLID
 70
     1
 71
     1
 91
        1
 92
        0
 93
        1
 72
     4
 94
        3
 73
     0
 74
     1
 95
       17
 96
       13
 40
0.0
 40
0.0
 40
0.0
 40
0.0
 40
1.0
 40
1.0
 40
1.0
 40
2.0
 40
2.0
 40
2.0
 40
3.0
 40
3.0
 40
3.0
 40
4.0
 40
4.0
 40
4.0
 40
4.0
 10
40.49639136385399
 20
50.71292721455918
 10
40.58162720667715
 20
50.71292721455918
 10
40.65082789672664
 20
50.64571446823325
 10
40.65082789672664
 20
50.56292721455915
 10
40.65082789672664
 20
50.48013996088504
 10
40.58162720667715
 20
50.41292721455914
 10
40.49639136385399
 20
50.41292721455914
 10
40.41115552103081
 20
50.41292721455914
 10
40.34195483098131
 20
50.48013996088504
 10
40.34195483098131
 20
50.56292721455915
 10
40.34195483098131
 20
50.64571446823325
 10
40.41115552103081
 20
50.71292721455918
 10
40.49639136385399
 20
50.71292721455918
 97
        0
 97
        0
 75
     0
 76
     1
 98
        0
  0
HATCH
  5
145
330
1F
100
AcDbEntity
  8
0
 62
     7
420
 16777215
440
 33554687
100
AcDbHatch
 10
0.0
 20
0.0
 30
0.0
210
0.0
220
0.0
230
1.0
  2
SOLID
 70
     1
 71
     1
 91
        1
 92
        0
 93
        1
 72
     4
 94
        3
 73
     0
 74
     1
 95
       17
 96
       13
 40
0.0
 40
0.0
 40
0.0
 40
0.0
 40
1.0
 40
1.0
 40
1.0
 40
2.0
 40
2.0
 40
2.0
 40
3.0
 40
3.0
 40
3.0
 40
4.0
 40
4.0
 40
4.0
 40
4.0
 10
42.26958717032349
 20
43.4053690750242
 10
42.36191516863309
 20
43.4053690750242
 10
42.4368737891182
 20
43.30923921690693
 10
42.4368737891182
 20
43.19083419130325
 10
42.4368737891182
 20
43.0724291656996
 10
42.36191516863309
 20
42.97629930758231
 10
42.26958717032349
 20
42.97629930758231
 10
42.17725917201391
 20
42.97629930758231
 10
42.10230055152881
 20
43.0724291656996
 10
42.10230055152881
 20
43.19083419130325
 10
42.10230055152881
 20
43.30923921690693
 10
42.17725917201391
 20
43.4053690750242
 10
42.26958717032349
 20
43.4053690750242
 97
        0
 97
        0
 75
     0
 76
     1
 98
        0
  0
HATCH
  5
146
330
1F
100
AcDbEntity
  8
0
 62
     7
420
 16777215
440
 33554687
100
AcDbHatch
 10
0.0
 20
0.0
 30
0.0
210
0.0
220
0.0
230
1.0
  2
SOLID
 70
     1
 71
     1
 91
        1
 92
        0
 93
        1
 72
     4
 94
        3
 73
     0
 74
     1
 95
       17
 96
       13
 40
0.0
 40
0.0
 40
0.0
 40
0.0
 40
1.0
 40
1.0
 40
1.0
 40
2.0
 40
2.0
 40
2.0
 40
3.0
 40
3.0
 40
3.0
 40
4.0
 40
4.0
 40
4.0
 40
4.0
 10
56.44765026437224
 20
54.85215173296842
 10
56.57550402860701
 20
54.85215173296842
 10
56.67930506368123
 20
54.73846981558207
 10
56.67930506368123
 20
54.59844557542996
 10
56.67930506368123
 20
54.45842133527785
 10
56.57550402860701
 20
54.3447394178915
 10
56.44765026437224
 20
54.3447394178915
 10
56.31979650013747
 20
54.3447394178915
 10
56.21599546506325
 20
54.45842133527785
 10
56.21599546506325
 20
54.59844557542996
 10
56.21599546506325
 20
54.73846981558207
 10
56.31979650013747
 20
54.85215173296842
 10
56.44765026437224
 20
54.85215173296842
 97
        0
 97
        0
 75
     0
 76
     1
 98
        0
  0
HATCH
  5
147
330
1F
100
AcDbEntity
  8
0
 62
     7
420
 16777215
440
 33554687
100
AcDbHatch
 10
0.0
 20
0.0
 30
0.0
210
0.0
220
0.0
230
1.0
  2
SOLID
 70
     1
 71
     1
 91
        1
 92
        0
 93
        1
 72
     4
 94
        3
 73
     0
 74
     1
 95
       17
 96
       13
 40
0.0
 40
0.0
 40
0.0
 40
0.0
 40
1.0
 40
1.0
 40
1.0
 40
2.0
 40
2.0
 40
2.0
 40
3.0
 40
3.0
 40
3.0
 40
4.0
 40
4.0
 40
4.0
 40
4.0
 10
20.08493480624439
 20
28.63269465641961
 10
20.17726280455399
 20
28.63269465641961
 10
20.2522214250391
 20
28.53656479830234
 10
20.2522214250391
 20
28.41815977269867
 10
20.2522214250391
 20
28.299754747095
 10
20.17726280455399
 20
28.20362488897771
 10
20.08493480624439
 20
28.20362488897771
 10
19.99260680793482
 20
28.20362488897771
 10
19.91764818744971
 20
28.299754747095
 10
19.91764818744971
 20
28.41815977269867
 10
19.91764818744971
 20
28.53656479830234
 10
19.99260680793482
 20
28.63269465641961
 10
20.08493480624439
 20
28.63269465641961
 97
        0
 97
        0
 75
     0
 76
     1
 98
        0
  0
HATCH
  5
148
330
1F
100
AcDbEntity
  8
0
 62
     7
420
 16777215
440
 33554687
100
AcDbHatch
 10
0.0
 20
0.0
 30
0.0
210
0.0
220
0.0
230
1.0
  2
SOLID
 70
     1
 71
     1
 91
        1
 92
        0
 93
        1
 72
     4
 94
        3
 73
     0
 74
     1
 95
       17
 96
       13
 40
0.0
 40
0.0
 40
0.0
 40
0.0
 40
1.0
 40
1.0
 40
1.0
 40
2.0
 40
2.0
 40
2.0
 40
3.0
 40
3.0
 40
3.0
 40
4.0
 40
4.0
 40
4.0
 40
4.0
 10
36.15493451394038
 20
52.94935555143022
 10
36.28278827817515
 20
52.94935555143022
 10
36.3865893132494
 20
52.83567363404387
 10
36.3865893132494
 20
52.69564939389176
 10
36.3865893132494
 20
52.55562515373965
 10
36.28278827817515
 20
52.4419432363533
 10
36.15493451394038
 20
52.4419432363533
 10
36.02708074970559
 20
52.4419432363533
 10
35.9232797146314
 20
52.55562515373965
 10
35.9232797146314
 20
52.69564939389176
 10
35.9232797146314
 20
52.83567363404387
 10
36.02708074970559
 20
52.94935555143022
 10
36.15493451394038
 20
52.94935555143022
 97
        0
 97
        0
 75
     0
 76
     1
 98
        0
  0
HATCH
  5
149
330
1F
100
AcDbEntity
  8
0
 62
     7
420
 16777215
440
 33554687
100
AcDbHatch
 10
0.0
 20
0.0
 30
0.0
210
0.0
220
0.0
230
1.0
  2
SOLID
 70
     1
 71
     1
 91
        1
 92
        0
 93
        1
 72
     4
 94
        3
 73
     0
 74
     1
 95
       17
 96
       13
 40
0.0
 40
0.0
 40
0.0
 40
0.0
 40
1.0
 40
1.0
 40
1.0
 40
2.0
 40
2.0
 40
2.0
 40
3.0
 40
3.0
 40
3.0
 40
4.0
 40
4.0
 40
4.0
 40
4.0
 10
17.37920652743965
 20
22.66490387037938
 10
17.51769852490404
 20
22.66490387037938
 10
17.63013645563168
 20
22.5023122908617
 10
17.63013645563168
 20
22.30204506366739
 10
17.63013645563168
 20
22.1017778364731
 10
17.51769852490404
 20
21.93918625695542
 10
17.37920652743965
 20
21.93918625695542
 10
17.24071452997529
 20
21.93918625695542
 10
17.12827659924762
 20
22.1017778364731
 10
17.12827659924762
 20
22.30204506366739
 10
17.12827659924762
 20
22.5023122908617
 10
17.24071452997529
 20
22.66490387037938
 10
17.37920652743965
 20
22.66490387037938
 97
        0
 97
        0
 75
     0
 76
     1
 98
        0
  0
HATCH
  5
14A
330
1F
100
AcDbEntity
  8
0
 62
     7
420
 16777215
440
 33554687
100
AcDbHatch
 10
0.0
 20
0.0
 30
0.0
210
0.0
220
0.0
230
1.0
  2
SOLID
 70
     1
 71
     1
 91
        1
 92
        0
 93
        1
 72
     4
 94
        3
 73
     0
 74
     1
 95
       17
 96
       13
 40
0.0
 40
0.0
 40
0.0
 40
0.0
 40
1.0
 40
1.0
 40
1.0
 40
2.0
 40
2.0
 40
2.0
 40
3.0
 40
3.0
 40
3.0
 40
4.0
 40
4.0
 40
4.0
 40
4.0
 10
26.17930506368123
 20
50.30115202038239
 10
26.26454090650441
 20
50.30115202038239
 10
26.3337415965539
 20
50.23393927405649
 10
26.3337415965539
 20
50.15115202038238
 10
26.3337415965539
 20
50.06836476670827
 10
26.26454090650441
 20
50.00115202038236
 10
26.17930506368123
 20
50.00115202038236
 10
26.09406922085805
 20
50.00115202038236
 10
26.02486853080857
 20
50.06836476670827
 10
26.02486853080857
 20
50.15115202038238
 10
26.02486853080857
 20
50.23393927405649
 10
26.09406922085805
 20
50.30115202038239
 10
26.17930506368123
 20
50.30115202038239
 97
        0
 97
        0
 75
     0
 76
     1
 98
        0
  0
HATCH
  5
14B
330
1F
100
AcDbEntity
  8
0
 62
     7
420
 16777215
440
 33554687
100
AcDbHatch
 10
0.0
 20
0.0
 30
0.0
210
0.0
220
0.0
230
1.0
  2
SOLID
 70
     1
 71
     1
 91
        1
 92
        0
 93
        1
 72
     4
 94
        3
 73
     0
 74
     1
 95
       17
 96
       13
 40
0.0
 40
0.0
 40
0.0
 40
0.0
 40
1.0
 40
1.0
 40
1.0
 40
2.0
 40
2.0
 40
2.0
 40
3.0
 40
3.0
 40
3.0
 40
4.0
 40
4.0
 40
4.0
 40
4.0
 10
47.80010841267534
 20
42.86903186572189
 10
47.89243641098493
 20
42.86903186572189
 10
47.96739503147002
 20
42.77290200760462
 10
47.96739503147002
 20
42.65449698200094
 10
47.96739503147002
 20
42.53609195639729
 10
47.89243641098493
 20
42.43996209828001
 10
47.80010841267534
 20
42.43996209828001
 10
47.70778041436578
 20
42.43996209828001
 10
47.63282179388065
 20
42.53609195639729
 10
47.63282179388065
 20
42.65449698200094
 10
47.63282179388065
 20
42.77290200760462
 10
47.70778041436578
 20
42.86903186572189
 10
47.80010841267534
 20
42.86903186572189
 97
        0
 97
        0
 75
     0
 76
     1
 98
        0
  0
HATCH
  5
14C
330
1F
100
AcDbEntity
  8
0
 62
     7
420
 16777215
440
 33554687
100
AcDbHatch
 10
0.0
 20
0.0
 30
0.0
210
0.0
220
0.0
230
1.0
  2
SOLID
 70
     1
 71
     1
 91
        1
 92
        0
 93
        1
 72
     4
 94
        3
 73
     0
 74
     1
 95
       17
 96
       13
 40
0.0
 40
0.0
 40
0.0
 40
0.0
 40
1.0
 40
1.0
 40
1.0
 40
2.0
 40
2.0
 40
2.0
 40
3.0
 40
3.0
 40
3.0
 40
4.0
 40
4.0
 40
4.0
 40
4.0
 10
58.95196693708604
 20
46.74387994233602
 10
59.09045893455043
 20
46.74387994233602
 10
59.20289686527809
 20
46.58128836281836
 10
59.20289686527809
 20
46.38102113562405
 10
59.20289686527809
 20
46.18075390842974
 10
59.09045893455043
 20
46.01816232891208
 10
58.95196693708604
 20
46.01816232891208
 10
58.8134749396217
 20
46.01816232891208
 10
58.70103700889403
 20
46.18075390842974
 10
58.70103700889403
 20
46.38102113562405
 10
58.70103700889403
 20
46.58128836281836
 10
58.8134749396217
 20
46.74387994233602
 10
58.95196693708604
 20
46.74387994233602
 97
        0
 97
        0
 75
     0
 76
     1
 98
        0
  0
HATCH
  5
14D
330
1F
100
AcDbEntity
  8
0
 62
     7
420
 16777215
440
 33554687
100
AcDbHatch
 10
0.0
 20
0.0
 30
0.0
210
0.0
220
0.0
230
1.0
  2
SOLID
 70
     1
 71
     1
 91
        1
 92
        0
 93
        1
 72
     4
 94
        3
 73
     0
 74
     1
 95
       17
 96
       13
 40
0.0
 40
0.0
 40
0.0
 40
0.0
 40
1.0
 40
1.0
 40
1.0
 40
2.0
 40
2.0
 40
2.0
 40
3.0
 40
3.0
 40
3.0
 40
4.0
 40
4.0
 40
4.0
 40
4.0
 10
32.67930506368126
 20
61.27937439060879
 10
32.80715882791603
 20
61.27937439060879
 10
32.91095986299026
 20
61.16569247322245
 10
32.91095986299026
 20
61.02566823307033
 10
32.91095986299026
 20
60.88564399291822
 10
32.80715882791603
 20
60.77196207553188
 10
32.67930506368126
 20
60.77196207553188
 10
32.55145129944648
 20
60.77196207553188
 10
32.44765026437227
 20
60.88564399291822
 10
32.44765026437227
 20
61.02566823307033
 10
32.44765026437227
 20
61.16569247322245
 10
32.55145129944648
 20
61.27937439060879
 10
32.67930506368126
 20
61.27937439060879
 97
        0
 97
        0
 75
     0
 76
     1
 98
        0
  0
HATCH
  5
14E
330
1F
100
AcDbEntity
  8
0
 62
     7
420
 16777215
440
 33554687
100
AcDbHatch
 10
0.0
 20
0.0
 30
0.0
210
0.0
220
0.0
230
1.0
  2
SOLID
 70
     1
 71
     1
 91
        1
 92
        0
 93
        1
 72
     4
 94
        3
 73
     0
 74
     1
 95
       17
 96
       13
 40
0.0
 40
0.0
 40
0.0
 40
0.0
 40
1.0
 40
1.0
 40
1.0
 40
2.0
 40
2.0
 40
2.0
 40
3.0
 40
3.0
 40
3.0
 40
4.0
 40
4.0
 40
4.0
 40
4.0
 10
41.1305639641995
 20
56.12068252066059
 10
41.25841772843427
 20
56.12068252066059
 10
41.36221876350851
 20
56.00700060327425
 10
41.36221876350851
 20
55.86697636312214
 10
41.36221876350851
 20
55.72695212297002
 10
41.25841772843427
 20
55.61327020558367
 10
41.1305639641995
 20
55.61327020558367
 10
41.00271019996471
 20
55.61327020558367
 10
40.89890916489051
 20
55.72695212297002
 10
40.89890916489051
 20
55.86697636312214
 10
40.89890916489051
 20
56.00700060327425
 10
41.00271019996471
 20
56.12068252066059
 10
41.1305639641995
 20
56.12068252066059
 97
        0
 97
        0
 75
     0
 76
     1
 98
        0
  0
HATCH
  5
14F
330
1F
100
AcDbEntity
  8
0
 62
     7
420
 16777215
440
 33554687
100
AcDbHatch
 10
0.0
 20
0.0
 30
0.0
210
0.0
220
0.0
230
1.0
  2
SOLID
 70
     1
 71
     1
 91
        1
 92
        0
 93
        1
 72
     4
 94
        3
 73
     0
 74
     1
 95
       17
 96
       13
 40
0.0
 40
0.0
 40
0.0
 40
0.0
 40
1.0
 40
1.0
 40
1.0
 40
2.0
 40
2.0
 40
2.0
 40
3.0
 40
3.0
 40
3.0
 40
4.0
 40
4.0
 40
4.0
 40
4.0
 10
25.17930506368123
 20
51.83792721455917
 10
25.26454090650443
 20
51.83792721455917
 10
25.33374159655389
 20
51.77071446823327
 10
25.33374159655389
 20
51.68792721455915
 10
25.33374159655389
 20
51.60513996088505
 10
25.26454090650443
 20
51.53792721455915
 10
25.17930506368123
 20
51.53792721455915
 10
25.09406922085805
 20
51.53792721455915
 10
25.02486853080858
 20
51.60513996088505
 10
25.02486853080858
 20
51.68792721455915
 10
25.02486853080858
 20
51.77071446823327
 10
25.09406922085805
 20
51.83792721455917
 10
25.17930506368123
 20
51.83792721455917
 97
        0
 97
        0
 75
     0
 76
     1
 98
        0
  0
HATCH
  5
150
330
1F
100
AcDbEntity
  8
0
 62
     7
420
 16777215
440
 33554687
100
AcDbHatch
 10
0.0
 20
0.0
 30
0.0
210
0.0
220
0.0
230
1.0
  2
SOLID
 70
     1
 71
     1
 91
        1
 92
        0
 93
        1
 72
     4
 94
        3
 73
     0
 74
     1
 95
       17
 96
       13
 40
0.0
 40
0.0
 40
0.0
 40
0.0
 40
1.0
 40
1.0
 40
1.0
 40
2.0
 40
2.0
 40
2.0
 40
3.0
 40
3.0
 40
3.0
 40
4.0
 40
4.0
 40
4.0
 40
4.0
 10
26.52076191359488
 20
59.3143775876884
 10
26.64861567782965
 20
59.3143775876884
 10
26.75241671290389
 20
59.20069567030205
 10
26.75241671290389
 20
59.06067143014995
 10
26.75241671290389
 20
58.92064718999782
 10
26.64861567782965
 20
58.80696527261149
 10
26.52076191359488
 20
58.80696527261149
 10
26.39290814936011
 20
58.80696527261149
 10
26.28910711428589
 20
58.92064718999782
 10
26.28910711428589
 20
59.06067143014995
 10
26.28910711428589
 20
59.20069567030205
 10
26.39290814936011
 20
59.3143775876884
 10
26.52076191359488
 20
59.3143775876884
 97
        0
 97
        0
 75
     0
 76
     1
 98
        0
  0
HATCH
  5
151
330
1F
100
AcDbEntity
  8
0
 62
     7
420
 16777215
440
 33554687
100
AcDbHatch
 10
0.0
 20
0.0
 30
0.0
210
0.0
220
0.0
230
1.0
  2
SOLID
 70
     1
 71
     1
 91
        1
 92
        0
 93
        1
 72
     4
 94
        3
 73
     0
 74
     1
 95
       17
 96
       13
 40
0.0
 40
0.0
 40
0.0
 40
0.0
 40
1.0
 40
1.0
 40
1.0
 40
2.0
 40
2.0
 40
2.0
 40
3.0
 40
3.0
 40
3.0
 40
4.0
 40
4.0
 40
4.0
 40
4.0
 10
51.47202081411313
 20
51.68082476373803
 10
51.5998745783479
 20
51.68082476373803
 10
51.70367561342211
 20
51.56714284635169
 10
51.70367561342211
 20
51.42711860619958
 10
51.70367561342211
 20
51.28709436604746
 10
51.5998745783479
 20
51.17341244866114
 10
51.47202081411313
 20
51.17341244866114
 10
51.34416704987835
 20
51.17341244866114
 10
51.24036601480414
 20
51.28709436604746
 10
51.24036601480414
 20
51.42711860619958
 10
51.24036601480414
 20
51.56714284635169
 10
51.34416704987835
 20
51.68082476373803
 10
51.47202081411313
 20
51.68082476373803
 97
        0
 97
        0
 75
     0
 76
     1
 98
        0
  0
HATCH
  5
152
330
1F
100
AcDbEntity
  8
0
 62
     7
420
 16777215
440
 33554687
100
AcDbHatch
 10
0.0
 20
0.0
 30
0.0
210
0.0
220
0.0
230
1.0
  2
SOLID
 70
     1
 71
     1
 91
        1
 92
        0
 93
        1
 72
     4
 94
        3
 73
     0
 74
     1
 95
       17
 96
       13
 40
0.0
 40
0.0
 40
0.0
 40
0.0
 40
1.0
 40
1.0
 40
1.0
 40
2.0
 40
2.0
 40
2.0
 40
3.0
 40
3.0
 40
3.0
 40
4.0
 40
4.0
 40
4.0
 40
4.0
 10
49.49639136385397
 20
57.41158140615013
 10
49.62424512808876
 20
57.41158140615013
 10
49.72804616316299
 20
57.29789948876379
 10
49.72804616316299
 20
57.15787524861169
 10
49.72804616316299
 20
57.01785100845957
 10
49.62424512808876
 20
56.90416909107324
 10
49.49639136385397
 20
56.90416909107324
 10
49.36853759961921
 20
56.90416909107324
 10
49.26473656454498
 20
57.01785100845957
 10
49.26473656454498
 20
57.15787524861169
 10
49.26473656454498
 20
57.29789948876379
 10
49.36853759961921
 20
57.41158140615013
 10
49.49639136385397
 20
57.41158140615013
 97
        0
 97
        0
 75
     0
 76
     1
 98
        0
  0
HATCH
  5
153
330
1F
100
AcDbEntity
  8
0
 62
     7
420
 16777215
440
 33554687
100
AcDbHatch
 10
0.0
 20
0.0
 30
0.0
210
0.0
220
0.0
230
1.0
  2
SOLID
 70
     1
 71
     1
 91
        1
 92
        0
 93
        1
 72
     4
 94
        3
 73
     0
 74
     1
 95
       17
 96
       13
 40
0.0
 40
0.0
 40
0.0
 40
0.0
 40
1.0
 40
1.0
 40
1.0
 40
2.0
 40
2.0
 40
2.0
 40
3.0
 40
3.0
 40
3.0
 40
4.0
 40
4.0
 40
4.0
 40
4.0
 10
16.45175318280215
 20
30.58338772145775
 10
16.59024518026654
 20
30.58338772145775
 10
16.70268311099418
 20
30.42079614194007
 10
16.70268311099418
 20
30.22052891474578
 10
16.70268311099418
 20
30.02026168755147
 10
16.59024518026654
 20
29.85767010803378
 10
16.45175318280215
 20
29.85767010803378
 10
16.31326118533778
 20
29.85767010803378
 10
16.20082325461012
 20
30.02026168755147
 10
16.20082325461012
 20
30.22052891474578
 10
16.20082325461012
 20
30.42079614194007
 10
16.31326118533778
 20
30.58338772145775
 10
16.45175318280215
 20
30.58338772145775
 97
        0
 97
        0
 75
     0
 76
     1
 98
        0
  0
HATCH
  5
154
330
1F
100
AcDbEntity
  8
0
 62
     7
420
 16777215
440
 33554687
100
AcDbHatch
 10
0.0
 20
0.0
 30
0.0
210
0.0
220
0.0
230
1.0
  2
SOLID
 70
     1
 71
     1
 91
        1
 92
        0
 93
        1
 72
     4
 94
        3
 73
     0
 74
     1
 95
       17
 96
       13
 40
0.0
 40
0.0
 40
0.0
 40
0.0
 40
1.0
 40
1.0
 40
1.0
 40
2.0
 40
2.0
 40
2.0
 40
3.0
 40
3.0
 40
3.0
 40
4.0
 40
4.0
 40
4.0
 40
4.0
 10
24.39069593046306
 20
52.55115202038239
 10
24.47593177328624
 20
52.55115202038239
 10
24.54513246333572
 20
52.48393927405647
 10
24.54513246333572
 20
52.40115202038236
 10
24.54513246333572
 20
52.31836476670824
 10
24.47593177328624
 20
52.25115202038235
 10
24.39069593046306
 20
52.25115202038235
 10
24.30546008763987
 20
52.25115202038235
 10
24.23625939759039
 20
52.31836476670824
 10
24.23625939759039
 20
52.40115202038236
 10
24.23625939759039
 20
52.48393927405647
 10
24.30546008763987
 20
52.55115202038239
 10
24.39069593046306
 20
52.55115202038239
 97
        0
 97
        0
 75
     0
 76
     1
 98
        0
  0
HATCH
  5
155
330
1F
100
AcDbEntity
  8
0
 62
     7
420
 16777215
440
 33554687
100
AcDbHatch
 10
0.0
 20
0.0
 30
0.0
210
0.0
220
0.0
230
1.0
  2
SOLID
 70
     1
 71
     1
 91
        1
 92
        0
 93
        1
 72
     4
 94
        3
 73
     0
 74
     1
 95
       17
 96
       13
 40
0.0
 40
0.0
 40
0.0
 40
0.0
 40
1.0
 40
1.0
 40
1.0
 40
2.0
 40
2.0
 40
2.0
 40
3.0
 40
3.0
 40
3.0
 40
4.0
 40
4.0
 40
4.0
 40
4.0
 10
59.13056396419951
 20
51.04655936989194
 10
59.25841772843424
 20
51.04655936989194
 10
59.36221876350849
 20
50.9328774525056
 10
59.36221876350849
 20
50.79285321235349
 10
59.36221876350849
 20
50.65282897220138
 10
59.25841772843424
 20
50.53914705481503
 10
59.13056396419951
 20
50.53914705481503
 10
59.00271019996472
 20
50.53914705481503
 10
58.89890916489052
 20
50.65282897220138
 10
58.89890916489052
 20
50.79285321235349
 10
58.89890916489052
 20
50.9328774525056
 10
59.00271019996472
 20
51.04655936989194
 10
59.13056396419951
 20
51.04655936989194
 97
        0
 97
        0
 75
     0
 76
     1
 98
        0
  0
HATCH
  5
156
330
1F
100
AcDbEntity
  8
0
 62
     7
420
 16777215
440
 33554687
100
AcDbHatch
 10
0.0
 20
0.0
 30
0.0
210
0.0
220
0.0
230
1.0
  2
SOLID
 70
     1
 71
     1
 91
        1
 92
        0
 93
        1
 72
     4
 94
        3
 73
     0
 74
     1
 95
       17
 96
       13
 40
0.0
 40
0.0
 40
0.0
 40
0.0
 40
1.0
 40
1.0
 40
1.0
 40
2.0
 40
2.0
 40
2.0
 40
3.0
 40
3.0
 40
3.0
 40
4.0
 40
4.0
 40
4.0
 40
4.0
 10
14.47305761944709
 20
28.10778597105848
 10
14.6115496169115
 20
28.10778597105848
 10
14.72398754763913
 20
27.94519439154079
 10
14.72398754763913
 20
27.74492716434648
 10
14.72398754763913
 20
27.54465993715219
 10
14.6115496169115
 20
27.38206835763451
 10
14.47305761944709
 20
27.38206835763451
 10
14.33456562198272
 20
27.38206835763451
 10
14.22212769125508
 20
27.54465993715219
 10
14.22212769125508
 20
27.74492716434648
 10
14.22212769125508
 20
27.94519439154079
 10
14.33456562198272
 20
28.10778597105848
 10
14.47305761944709
 20
28.10778597105848
 97
        0
 97
        0
 75
     0
 76
     1
 98
        0
  0
HATCH
  5
157
330
1F
100
AcDbEntity
  8
0
 62
     7
420
 16777215
440
 33554687
100
AcDbHatch
 10
0.0
 20
0.0
 30
0.0
210
0.0
220
0.0
230
1.0
  2
SOLID
 70
     1
 71
     1
 91
        1
 92
        0
 93
        1
 72
     4
 94
        3
 73
     0
 74
     1
 95
       17
 96
       13
 40
0.0
 40
0.0
 40
0.0
 40
0.0
 40
1.0
 40
1.0
 40
1.0
 40
2.0
 40
2.0
 40
2.0
 40
3.0
 40
3.0
 40
3.0
 40
4.0
 40
4.0
 40
4.0
 40
4.0
 10
39.36040321003048
 20
25.38634492071891
 10
39.49889520749487
 20
25.38634492071891
 10
39.61133313822249
 20
25.22375334120122
 10
39.61133313822249
 20
25.02348611400691
 10
39.61133313822249
 20
24.82321888681265
 10
39.49889520749487
 20
24.66062730729496
 10
39.36040321003048
 20
24.66062730729496
 10
39.22191121256611
 20
24.66062730729496
 10
39.10947328183845
 20
24.82321888681265
 10
39.10947328183845
 20
25.02348611400691
 10
39.10947328183845
 20
25.22375334120122
 10
39.22191121256611
 20
25.38634492071891
 10
39.36040321003048
 20
25.38634492071891
 97
        0
 97
        0
 75
     0
 76
     1
 98
        0
  0
HATCH
  5
158
330
1F
100
AcDbEntity
  8
0
 62
     7
420
 16777215
440
 33554687
100
AcDbHatch
 10
0.0
 20
0.0
 30
0.0
210
0.0
220
0.0
230
1.0
  2
SOLID
 70
     1
 71
     1
 91
        1
 92
        0
 93
        1
 72
     4
 94
        3
 73
     0
 74
     1
 95
       17
 96
       13
 40
0.0
 40
0.0
 40
0.0
 40
0.0
 40
1.0
 40
1.0
 40
1.0
 40
2.0
 40
2.0
 40
2.0
 40
3.0
 40
3.0
 40
3.0
 40
4.0
 40
4.0
 40
4.0
 40
4.0
 10
55.09329227579732
 20
30.04303294018889
 10
55.23178427326172
 20
30.04303294018889
 10
55.34422220398937
 20
29.8804413606712
 10
55.34422220398937
 20
29.6801741334769
 10
55.34422220398937
 20
29.47990690628261
 10
55.23178427326172
 20
29.31731532676492
 10
55.09329227579732
 20
29.31731532676492
 10
54.95480027833297
 20
29.31731532676492
 10
54.84236234760531
 20
29.47990690628261
 10
54.84236234760531
 20
29.6801741334769
 10
54.84236234760531
 20
29.8804413606712
 10
54.95480027833297
 20
30.04303294018889
 10
55.09329227579732
 20
30.04303294018889
 97
        0
 97
        0
 75
     0
 76
     1
 98
        0
  0
HATCH
  5
159
330
1F
100
AcDbEntity
  8
0
 62
     7
420
 16777215
440
 33554687
100
AcDbHatch
 10
0.0
 20
0.0
 30
0.0
210
0.0
220
0.0
230
1.0
  2
SOLID
 70
     1
 71
     1
 91
        1
 92
        0
 93
        1
 72
     4
 94
        3
 73
     0
 74
     1
 95
       17
 96
       13
 40
0.0
 40
0.0
 40
0.0
 40
0.0
 40
1.0
 40
1.0
 40
1.0
 40
2.0
 40
2.0
 40
2.0
 40
3.0
 40
3.0
 40
3.0
 40
4.0
 40
4.0
 40
4.0
 40
4.0
 10
30.20594668521396
 20
32.76447399052849
 10
30.34443868267835
 20
32.76447399052849
 10
30.45687661340599
 20
32.60188241101081
 10
30.45687661340599
 20
32.4016151838165
 10
30.45687661340599
 20
32.20134795662219
 10
30.34443868267835
 20
32.03875637710452
 10
30.20594668521396
 20
32.03875637710452
 10
30.0674546877496
 20
32.03875637710452
 10
29.95501675702194
 20
32.20134795662219
 10
29.95501675702194
 20
32.4016151838165
 10
29.95501675702194
 20
32.60188241101081
 10
30.0674546877496
 20
32.76447399052849
 10
30.20594668521396
 20
32.76447399052849
 97
        0
 97
        0
 75
     0
 76
     1
 98
        0
  0
HATCH
  5
15A
330
1F
100
AcDbEntity
  8
0
 62
     7
420
 16777215
440
 33554687
100
AcDbHatch
 10
0.0
 20
0.0
 30
0.0
210
0.0
220
0.0
230
1.0
  2
SOLID
 70
     1
 71
     1
 91
        1
 92
        0
 93
        1
 72
     4
 94
        3
 73
     0
 74
     1
 95
       17
 96
       13
 40
0.0
 40
0.0
 40
0.0
 40
0.0
 40
1.0
 40
1.0
 40
1.0
 40
2.0
 40
2.0
 40
2.0
 40
3.0
 40
3.0
 40
3.0
 40
4.0
 40
4.0
 40
4.0
 40
4.0
 10
25.6780234432679
 20
45.01438070293118
 10
25.7703514415775
 20
45.01438070293118
 10
25.84531006206261
 20
44.91825084481391
 10
25.84531006206261
 20
44.79984581921023
 10
25.84531006206261
 20
44.68144079360658
 10
25.7703514415775
 20
44.5853109354893
 10
25.6780234432679
 20
44.5853109354893
 10
25.58569544495833
 20
44.5853109354893
 10
25.51073682447322
 20
44.68144079360658
 10
25.51073682447322
 20
44.79984581921023
 10
25.51073682447322
 20
44.91825084481391
 10
25.58569544495833
 20
45.01438070293118
 10
25.6780234432679
 20
45.01438070293118
 97
        0
 97
        0
 75
     0
 76
     1
 98
        0
  0
HATCH
  5
15B
330
1F
100
AcDbEntity
  8
0
 62
     7
420
 16777215
440
 33554687
100
AcDbHatch
 10
0.0
 20
0.0
 30
0.0
210
0.0
220
0.0
230
1.0
  2
SOLID
 70
     1
 71
     1
 91
        1
 92
        0
 93
        1
 72
     4
 94
        3
 73
     0
 74
     1
 95
       17
 96
       13
 40
0.0
 40
0.0
 40
0.0
 40
0.0
 40
1.0
 40
1.0
 40
1.0
 40
2.0
 40
2.0
 40
2.0
 40
3.0
 40
3.0
 40
3.0
 40
4.0
 40
4.0
 40
4.0
 40
4.0
 10
32.184642248569
 20
35.24007574092773
 10
32.32313424603339
 20
35.24007574092773
 10
32.43557217676103
 20
35.07748416141006
 10
32.43557217676103
 20
34.87721693421575
 10
32.43557217676103
 20
34.67694970702144
 10
32.32313424603339
 20
34.51435812750376
 10
32.184642248569
 20
34.51435812750376
 10
32.04615025110463
 20
34.51435812750376
 10
31.93371232037697
 20
34.67694970702144
 10
31.93371232037697
 20
34.87721693421575
 10
31.93371232037697
 20
35.07748416141006
 10
32.04615025110463
 20
35.24007574092773
 10
32.184642248569
 20
35.24007574092773
 97
        0
 97
        0
 75
     0
 76
     1
 98
        0
  0
HATCH
  5
15C
330
1F
100
AcDbEntity
  8
0
 62
     7
420
 16777215
440
 33554687
100
AcDbHatch
 10
0.0
 20
0.0
 30
0.0
210
0.0
220
0.0
230
1.0
  2
SOLID
 70
     1
 71
     1
 91
        1
 92
        0
 93
        1
 72
     4
 94
        3
 73
     0
 74
     1
 95
       17
 96
       13
 40
0.0
 40
0.0
 40
0.0
 40
0.0
 40
1.0
 40
1.0
 40
1.0
 40
2.0
 40
2.0
 40
2.0
 40
3.0
 40
3.0
 40
3.0
 40
4.0
 40
4.0
 40
4.0
 40
4.0
 10
31.06462134650268
 20
26.29349193749874
 10
31.20311334396706
 20
26.29349193749874
 10
31.31555127469471
 20
26.13090035798109
 10
31.31555127469471
 20
25.93063313078677
 10
31.31555127469471
 20
25.73036590359248
 10
31.20311334396706
 20
25.56777432407479
 10
31.06462134650268
 20
25.56777432407479
 10
30.92612934903831
 20
25.56777432407479
 10
30.81369141831065
 20
25.73036590359248
 10
30.81369141831065
 20
25.93063313078677
 10
30.81369141831065
 20
26.13090035798109
 10
30.92612934903831
 20
26.29349193749874
 10
31.06462134650268
 20
26.29349193749874
 97
        0
 97
        0
 75
     0
 76
     1
 98
        0
  0
HATCH
  5
15D
330
1F
100
AcDbEntity
  8
0
 62
     7
420
 16777215
440
 33554687
100
AcDbHatch
 10
0.0
 20
0.0
 30
0.0
210
0.0
220
0.0
230
1.0
  2
SOLID
 70
     1
 71
     1
 91
        1
 92
        0
 93
        1
 72
     4
 94
        3
 73
     0
 74
     1
 95
       17
 96
       13
 40
0.0
 40
0.0
 40
0.0
 40
0.0
 40
1.0
 40
1.0
 40
1.0
 40
2.0
 40
2.0
 40
2.0
 40
3.0
 40
3.0
 40
3.0
 40
4.0
 40
4.0
 40
4.0
 40
4.0
 10
28.49639136385401
 20
53.58362094527628
 10
28.62424512808878
 20
53.58362094527628
 10
28.72804616316303
 20
53.46993902788994
 10
28.72804616316303
 20
53.32991478773783
 10
28.72804616316303
 20
53.18989054758573
 10
28.62424512808878
 20
53.07620863019937
 10
28.49639136385401
 20
53.07620863019937
 10
28.36853759961925
 20
53.07620863019937
 10
28.26473656454502
 20
53.18989054758573
 10
28.26473656454502
 20
53.32991478773783
 10
28.26473656454502
 20
53.46993902788994
 10
28.36853759961925
 20
53.58362094527628
 10
28.49639136385401
 20
53.58362094527628
 97
        0
 97
        0
 75
     0
 76
     1
 98
        0
  0
HATCH
  5
15E
330
1F
100
AcDbEntity
  8
0
 62
     7
420
 16777215
440
 33554687
100
AcDbHatch
 10
0.0
 20
0.0
 30
0.0
210
0.0
220
0.0
230
1.0
  2
SOLID
 70
     1
 71
     1
 91
        1
 92
        0
 93
        1
 72
     4
 94
        3
 73
     0
 74
     1
 95
       17
 96
       13
 40
0.0
 40
0.0
 40
0.0
 40
0.0
 40
1.0
 40
1.0
 40
1.0
 40
2.0
 40
2.0
 40
2.0
 40
3.0
 40
3.0
 40
3.0
 40
4.0
 40
4.0
 40
4.0
 40
4.0
 10
28.67498839096745
 20
44.92958590877635
 10
28.81348038843183
 20
44.92958590877635
 10
28.92591831915948
 20
44.76699432925868
 10
28.92591831915948
 20
44.56672710206435
 10
28.92591831915948
 20
44.36645987487007
 10
28.81348038843183
 20
44.20386829535238
 10
28.67498839096745
 20
44.20386829535238
 10
28.53649639350308
 20
44.20386829535238
 10
28.42405846277542
 20
44.36645987487007
 10
28.42405846277542
 20
44.56672710206435
 10
28.42405846277542
 20
44.76699432925868
 10
28.53649639350308
 20
44.92958590877635
 10
28.67498839096745
 20
44.92958590877635
 97
        0
 97
        0
 75
     0
 76
     1
 98
        0
  0
HATCH
  5
15F
330
1F
100
AcDbEntity
  8
0
 62
     7
420
 16777215
440
 33554687
100
AcDbHatch
 10
0.0
 20
0.0
 30
0.0
210
0.0
220
0.0
230
1.0
  2
SOLID
 70
     1
 71
     1
 91
        1
 92
        0
 93
        1
 72
     4
 94
        3
 73
     0
 74
     1
 95
       17
 96
       13
 40
0.0
 40
0.0
 40
0.0
 40
0.0
 40
1.0
 40
1.0
 40
1.0
 40
2.0
 40
2.0
 40
2.0
 40
3.0
 40
3.0
 40
3.0
 40
4.0
 40
4.0
 40
4.0
 40
4.0
 10
39.70778223063581
 20
51.42615202038237
 10
39.793018073459
 20
51.42615202038237
 10
39.86221876350846
 20
51.35893927405647
 10
39.86221876350846
 20
51.27615202038235
 10
39.86221876350846
 20
51.19336476670826
 10
39.793018073459
 20
51.12615202038235
 10
39.70778223063581
 20
51.12615202038235
 10
39.62254638781261
 20
51.12615202038235
 10
39.55334569776313
 20
51.19336476670826
 10
39.55334569776313
 20
51.27615202038235
 10
39.55334569776313
 20
51.35893927405647
 10
39.62254638781261
 20
51.42615202038237
 10
39.70778223063581
 20
51.42615202038237
 97
        0
 97
        0
 75
     0
 76
     1
 98
        0
  0
HATCH
  5
160
330
1F
100
AcDbEntity
  8
0
 62
     7
420
 16777215
440
 33554687
100
AcDbHatch
 10
0.0
 20
0.0
 30
0.0
210
0.0
220
0.0
230
1.0
  2
SOLID
 70
     1
 71
     1
 91
        1
 92
        0
 93
        1
 72
     4
 94
        3
 73
     0
 74
     1
 95
       17
 96
       13
 40
0.0
 40
0.0
 40
0.0
 40
0.0
 40
1.0
 40
1.0
 40
1.0
 40
2.0
 40
2.0
 40
2.0
 40
3.0
 40
3.0
 40
3.0
 40
4.0
 40
4.0
 40
4.0
 40
4.0
 10
46.81347766402673
 20
61.21717376922661
 10
46.94133142826149
 20
61.21717376922661
 10
47.04513246333575
 20
61.10349185184027
 10
47.04513246333575
 20
60.96346761168816
 10
47.04513246333575
 20
60.82344337153607
 10
46.94133142826149
 20
60.70976145414971
 10
46.81347766402673
 20
60.70976145414971
 10
46.68562389979196
 20
60.70976145414971
 10
46.58182286471775
 20
60.82344337153607
 10
46.58182286471775
 20
60.96346761168816
 10
46.58182286471775
 20
61.10349185184027
 10
46.68562389979196
 20
61.21717376922661
 10
46.81347766402673
 20
61.21717376922661
 97
        0
 97
        0
 75
     0
 76
     1
 98
        0
  0
HATCH
  5
161
330
1F
100
AcDbEntity
  8
0
 62
     7
420
 16777215
440
 33554687
100
AcDbHatch
 10
0.0
 20
0.0
 30
0.0
210
0.0
220
0.0
230
1.0
  2
SOLID
 70
     1
 71
     1
 91
        1
 92
        0
 93
        1
 72
     4
 94
        3
 73
     0
 74
     1
 95
       17
 96
       13
 40
0.0
 40
0.0
 40
0.0
 40
0.0
 40
1.0
 40
1.0
 40
1.0
 40
2.0
 40
2.0
 40
2.0
 40
3.0
 40
3.0
 40
3.0
 40
4.0
 40
4.0
 40
4.0
 40
4.0
 10
33.04331690985772
 20
28.76909368789804
 10
33.1818089073221
 20
28.76909368789804
 10
33.29424683804974
 20
28.60650210838035
 10
33.29424683804974
 20
28.40623488118604
 10
33.29424683804974
 20
28.20596765399173
 10
33.1818089073221
 20
28.04337607447407
 10
33.04331690985772
 20
28.04337607447407
 10
32.90482491239335
 20
28.04337607447407
 10
32.79238698166569
 20
28.20596765399173
 10
32.79238698166569
 20
28.40623488118604
 10
32.79238698166569
 20
28.60650210838035
 10
32.90482491239335
 20
28.76909368789804
 10
33.04331690985772
 20
28.76909368789804
 97
        0
 97
        0
 75
     0
 76
     1
 98
        0
  0
HATCH
  5
162
330
1F
100
AcDbEntity
  8
0
 62
     7
420
 16777215
440
 33554687
100
AcDbHatch
 10
0.0
 20
0.0
 30
0.0
210
0.0
220
0.0
230
1.0
  2
SOLID
 70
     1
 71
     1
 91
        1
 92
        0
 93
        1
 72
     4
 94
        3
 73
     0
 74
     1
 95
       17
 96
       13
 40
0.0
 40
0.0
 40
0.0
 40
0.0
 40
1.0
 40
1.0
 40
1.0
 40
2.0
 40
2.0
 40
2.0
 40
3.0
 40
3.0
 40
3.0
 40
4.0
 40
4.0
 40
4.0
 40
4.0
 10
18.75652333011757
 20
55.60115202038241
 10
18.84175917294075
 20
55.60115202038241
 10
18.91095986299023
 20
55.53393927405651
 10
18.91095986299023
 20
55.45115202038239
 10
18.91095986299023
 20
55.3683647667083
 10
18.84175917294075
 20
55.30115202038239
 10
18.75652333011757
 20
55.30115202038239
 10
18.67128748729439
 20
55.30115202038239
 10
18.6020867972449
 20
55.3683647667083
 10
18.6020867972449
 20
55.45115202038239
 10
18.6020867972449
 20
55.53393927405651
 10
18.67128748729439
 20
55.60115202038241
 10
18.75652333011757
 20
55.60115202038241
 97
        0
 97
        0
 75
     0
 76
     1
 98
        0
  0
HATCH
  5
163
330
1F
100
AcDbEntity
  8
0
 62
     7
420
 16777215
440
 33554687
100
AcDbHatch
 10
0.0
 20
0.0
 30
0.0
210
0.0
220
0.0
230
1.0
  2
SOLID
 70
     1
 71
     1
 91
        1
 92
        0
 93
        1
 72
     4
 94
        3
 73
     0
 74
     1
 95
       17
 96
       13
 40
0.0
 40
0.0
 40
0.0
 40
0.0
 40
1.0
 40
1.0
 40
1.0
 40
2.0
 40
2.0
 40
2.0
 40
3.0
 40
3.0
 40
3.0
 40
4.0
 40
4.0
 40
4.0
 40
4.0
 10
42.26655211802301
 20
19.94346282003978
 10
42.40504411548739
 20
19.94346282003978
 10
42.51748204621503
 20
19.78087124052212
 10
42.51748204621503
 20
19.58060401332781
 10
42.51748204621503
 20
19.38033678613352
 10
42.40504411548739
 20
19.21774520661583
 10
42.26655211802301
 20
19.21774520661583
 10
42.12806012055864
 20
19.21774520661583
 10
42.01562218983096
 20
19.38033678613352
 10
42.01562218983096
 20
19.58060401332781
 10
42.01562218983096
 20
19.78087124052212
 10
42.12806012055864
 20
19.94346282003978
 10
42.26655211802301
 20
19.94346282003978
 97
        0
 97
        0
 75
     0
 76
     1
 98
        0
  0
HATCH
  5
164
330
1F
100
AcDbEntity
  8
0
 62
     7
420
 16777215
440
 33554687
100
AcDbHatch
 10
0.0
 20
0.0
 30
0.0
210
0.0
220
0.0
230
1.0
  2
SOLID
 70
     1
 71
     1
 91
        1
 92
        0
 93
        1
 72
     4
 94
        3
 73
     0
 74
     1
 95
       17
 96
       13
 40
0.0
 40
0.0
 40
0.0
 40
0.0
 40
1.0
 40
1.0
 40
1.0
 40
2.0
 40
2.0
 40
2.0
 40
3.0
 40
3.0
 40
3.0
 40
4.0
 40
4.0
 40
4.0
 40
4.0
 10
25.81347766402676
 20
57.38921330835277
 10
25.94133142826151
 20
57.38921330835277
 10
26.04513246333577
 20
57.27553139096641
 10
26.04513246333577
 20
57.13550715081431
 10
26.04513246333577
 20
56.9954829106622
 10
25.94133142826151
 20
56.88180099327585
 10
25.81347766402676
 20
56.88180099327585
 10
25.68562389979197
 20
56.88180099327585
 10
25.58182286471775
 20
56.9954829106622
 10
25.58182286471775
 20
57.13550715081431
 10
25.58182286471775
 20
57.27553139096641
 10
25.68562389979197
 20
57.38921330835277
 10
25.81347766402676
 20
57.38921330835277
 97
        0
 97
        0
 75
     0
 76
     1
 98
        0
  0
HATCH
  5
165
330
1F
100
AcDbEntity
  8
0
 62
     7
420
 16777215
440
 33554687
100
AcDbHatch
 10
0.0
 20
0.0
 30
0.0
210
0.0
220
0.0
230
1.0
  2
SOLID
 70
     1
 71
     1
 91
        1
 92
        0
 93
        1
 72
     4
 94
        3
 73
     0
 74
     1
 95
       17
 96
       13
 40
0.0
 40
0.0
 40
0.0
 40
0.0
 40
1.0
 40
1.0
 40
1.0
 40
2.0
 40
2.0
 40
2.0
 40
3.0
 40
3.0
 40
3.0
 40
4.0
 40
4.0
 40
4.0
 40
4.0
 10
55.95196693708603
 20
23.57205088715919
 10
56.09045893455044
 20
23.57205088715919
 10
56.20289686527808
 20
23.40945930764153
 10
56.20289686527808
 20
23.20919208044722
 10
56.20289686527808
 20
23.00892485325291
 10
56.09045893455044
 20
22.84633327373523
 10
55.95196693708603
 20
22.84633327373523
 10
55.81347493962168
 20
22.84633327373523
 10
55.70103700889403
 20
23.00892485325291
 10
55.70103700889403
 20
23.20919208044722
 10
55.70103700889403
 20
23.40945930764153
 10
55.81347493962168
 20
23.57205088715919
 10
55.95196693708603
 20
23.57205088715919
 97
        0
 97
        0
 75
     0
 76
     1
 98
        0
  0
HATCH
  5
166
330
1F
100
AcDbEntity
  8
0
 62
     7
420
 16777215
440
 33554687
100
AcDbHatch
 10
0.0
 20
0.0
 30
0.0
210
0.0
220
0.0
230
1.0
  2
SOLID
 70
     1
 71
     1
 91
        1
 92
        0
 93
        1
 72
     4
 94
        3
 73
     0
 74
     1
 95
       17
 96
       13
 40
0.0
 40
0.0
 40
0.0
 40
0.0
 40
1.0
 40
1.0
 40
1.0
 40
2.0
 40
2.0
 40
2.0
 40
3.0
 40
3.0
 40
3.0
 40
4.0
 40
4.0
 40
4.0
 40
4.0
 10
23.57177408486845
 20
15.34331783955613
 10
23.71026608233286
 20
15.34331783955613
 10
23.82270401306048
 20
15.18072626003848
 10
23.82270401306048
 20
14.98045903284416
 10
23.82270401306048
 20
14.78019180564987
 10
23.71026608233286
 20
14.61760022613218
 10
23.57177408486845
 20
14.61760022613218
 10
23.43328208740408
 20
14.61760022613218
 10
23.32084415667644
 20
14.78019180564987
 10
23.32084415667644
 20
14.98045903284416
 10
23.32084415667644
 20
15.18072626003848
 10
23.43328208740408
 20
15.34331783955613
 10
23.57177408486845
 20
15.34331783955613
 97
        0
 97
        0
 75
     0
 76
     1
 98
        0
  0
HATCH
  5
167
330
1F
100
AcDbEntity
  8
0
 62
     7
420
 16777215
440
 33554687
100
AcDbHatch
 10
0.0
 20
0.0
 30
0.0
210
0.0
220
0.0
230
1.0
  2
SOLID
 70
     1
 71
     1
 91
        1
 92
        0
 93
        1
 72
     4
 94
        3
 73
     0
 74
     1
 95
       17
 96
       13
 40
0.0
 40
0.0
 40
0.0
 40
0.0
 40
1.0
 40
1.0
 40
1.0
 40
2.0
 40
2.0
 40
2.0
 40
3.0
 40
3.0
 40
3.0
 40
4.0
 40
4.0
 40
4.0
 40
4.0
 10
49.63488063691329
 20
26.9547996543383
 10
49.77337263437769
 20
26.9547996543383
 10
49.88581056510533
 20
26.79220807482063
 10
49.88581056510533
 20
26.59194084762633
 10
49.88581056510533
 20
26.39167362043204
 10
49.77337263437769
 20
26.22908204091435
 10
49.63488063691329
 20
26.22908204091435
 10
49.49638863944894
 20
26.22908204091435
 10
49.38395070872128
 20
26.39167362043204
 10
49.38395070872128
 20
26.59194084762633
 10
49.38395070872128
 20
26.79220807482063
 10
49.49638863944894
 20
26.9547996543383
 10
49.63488063691329
 20
26.9547996543383
 97
        0
 97
        0
 75
     0
 76
     1
 98
        0
  0
HATCH
  5
168
330
1F
100
AcDbEntity
  8
0
 62
     7
420
 16777215
440
 33554687
100
AcDbHatch
 10
0.0
 20
0.0
 30
0.0
210
0.0
220
0.0
230
1.0
  2
SOLID
 70
     1
 71
     1
 91
        1
 92
        0
 93
        1
 72
     4
 94
        3
 73
     0
 74
     1
 95
       17
 96
       13
 40
0.0
 40
0.0
 40
0.0
 40
0.0
 40
1.0
 40
1.0
 40
1.0
 40
2.0
 40
2.0
 40
2.0
 40
3.0
 40
3.0
 40
3.0
 40
4.0
 40
4.0
 40
4.0
 40
4.0
 10
34.06462134650269
 20
49.46532099267559
 10
34.20311334396708
 20
49.46532099267559
 10
34.31555127469472
 20
49.30272941315791
 10
34.31555127469472
 20
49.1024621859636
 10
34.31555127469472
 20
48.90219495876931
 10
34.20311334396708
 20
48.73960337925164
 10
34.06462134650269
 20
48.73960337925164
 10
33.92612934903832
 20
48.73960337925164
 10
33.81369141831066
 20
48.90219495876931
 10
33.81369141831066
 20
49.1024621859636
 10
33.81369141831066
 20
49.30272941315791
 10
33.92612934903832
 20
49.46532099267559
 10
34.06462134650269
 20
49.46532099267559
 97
        0
 97
        0
 75
     0
 76
     1
 98
        0
  0
HATCH
  5
169
330
1F
100
AcDbEntity
  8
0
 62
     7
420
 16777215
440
 33554687
100
AcDbHatch
 10
0.0
 20
0.0
 30
0.0
210
0.0
220
0.0
230
1.0
  2
SOLID
 70
     1
 71
     1
 91
        1
 92
        0
 93
        1
 72
     4
 94
        3
 73
     0
 74
     1
 95
       17
 96
       13
 40
0.0
 40
0.0
 40
0.0
 40
0.0
 40
1.0
 40
1.0
 40
1.0
 40
2.0
 40
2.0
 40
2.0
 40
3.0
 40
3.0
 40
3.0
 40
4.0
 40
4.0
 40
4.0
 40
4.0
 10
22.76883948297489
 20
27.20063895427865
 10
22.90733148043928
 20
27.20063895427865
 10
23.01976941116692
 20
27.03804737476096
 10
23.01976941116692
 20
26.83778014756665
 10
23.01976941116692
 20
26.63751292037234
 10
22.90733148043928
 20
26.47492134085468
 10
22.76883948297489
 20
26.47492134085468
 10
22.63034748551053
 20
26.47492134085468
 10
22.51790955478287
 20
26.63751292037234
 10
22.51790955478287
 20
26.83778014756665
 10
22.51790955478287
 20
27.03804737476096
 10
22.63034748551053
 20
27.20063895427865
 10
22.76883948297489
 20
27.20063895427865
 97
        0
 97
        0
 75
     0
 76
     1
 98
        0
  0
HATCH
  5
16A
330
1F
100
AcDbEntity
  8
0
 62
     7
420
 16777215
440
 33554687
100
AcDbHatch
 10
0.0
 20
0.0
 30
0.0
210
0.0
220
0.0
230
1.0
  2
SOLID
 70
     1
 71
     1
 91
        1
 92
        0
 93
        1
 72
     4
 94
        3
 73
     0
 74
     1
 95
       17
 96
       13
 40
0.0
 40
0.0
 40
0.0
 40
0.0
 40
1.0
 40
1.0
 40
1.0
 40
2.0
 40
2.0
 40
2.0
 40
3.0
 40
3.0
 40
3.0
 40
4.0
 40
4.0
 40
4.0
 40
4.0
 10
25.7688394829749
 20
50.37246800945545
 10
25.90733148043929
 20
50.37246800945545
 10
26.01976941116693
 20
50.20987642993777
 10
26.01976941116693
 20
50.00960920274346
 10
26.01976941116693
 20
49.80934197554917
 10
25.90733148043929
 20
49.64675039603151
 10
25.7688394829749
 20
49.64675039603151
 10
25.63034748551054
 20
49.64675039603151
 10
25.51790955478288
 20
49.80934197554917
 10
25.51790955478288
 20
50.00960920274346
 10
25.51790955478288
 20
50.20987642993777
 10
25.63034748551054
 20
50.37246800945545
 10
25.7688394829749
 20
50.37246800945545
 97
        0
 97
        0
 75
     0
 76
     1
 98
        0
  0
HATCH
  5
16B
330
1F
100
AcDbEntity
  8
0
 62
     7
420
 16777215
440
 33554687
100
AcDbHatch
 10
0.0
 20
0.0
 30
0.0
210
0.0
220
0.0
230
1.0
  2
SOLID
 70
     1
 71
     1
 91
        1
 92
        0
 93
        1
 72
     4
 94
        3
 73
     0
 74
     1
 95
       17
 96
       13
 40
0.0
 40
0.0
 40
0.0
 40
0.0
 40
1.0
 40
1.0
 40
1.0
 40
2.0
 40
2.0
 40
2.0
 40
3.0
 40
3.0
 40
3.0
 40
4.0
 40
4.0
 40
4.0
 40
4.0
 10
39.15493451394035
 20
61.8514391630727
 10
39.28278827817515
 20
61.8514391630727
 10
39.38658931324937
 20
61.73775724568635
 10
39.38658931324937
 20
61.59773300553424
 10
39.38658931324937
 20
61.45770876538213
 10
39.28278827817515
 20
61.34402684799579
 10
39.15493451394035
 20
61.34402684799579
 10
39.02708074970558
 20
61.34402684799579
 10
38.92327971463139
 20
61.45770876538213
 10
38.92327971463139
 20
61.59773300553424
 10
38.92327971463139
 20
61.73775724568635
 10
39.02708074970558
 20
61.8514391630727
 10
39.15493451394035
 20
61.8514391630727
 97
        0
 97
        0
 75
     0
 76
     1
 98
        0
  0
HATCH
  5
16C
330
1F
100
AcDbEntity
  8
0
 62
     7
420
 16777215
440
 33554687
100
AcDbHatch
 10
0.0
 20
0.0
 30
0.0
210
0.0
220
0.0
230
1.0
  2
SOLID
 70
     1
 71
     1
 91
        1
 92
        0
 93
        1
 72
     4
 94
        3
 73
     0
 74
     1
 95
       17
 96
       13
 40
0.0
 40
0.0
 40
0.0
 40
0.0
 40
1.0
 40
1.0
 40
1.0
 40
2.0
 40
2.0
 40
2.0
 40
3.0
 40
3.0
 40
3.0
 40
4.0
 40
4.0
 40
4.0
 40
4.0
 10
37.99562890887
 20
28.48734581921032
 10
38.0879569071796
 20
28.48734581921032
 10
38.1629155276647
 20
28.39121596109305
 10
38.1629155276647
 20
28.27281093548937
 10
38.1629155276647
 20
28.15440590988572
 10
38.0879569071796
 20
28.05827605176842
 10
37.99562890887
 20
28.05827605176842
 10
37.90330091056043
 20
28.05827605176842
 10
37.8283422900753
 20
28.15440590988572
 10
37.8283422900753
 20
28.27281093548937
 10
37.8283422900753
 20
28.39121596109305
 10
37.90330091056043
 20
28.48734581921032
 10
37.99562890887
 20
28.48734581921032
 97
        0
 97
        0
 75
     0
 76
     1
 98
        0
  0
HATCH
  5
16D
330
1F
100
AcDbEntity
  8
0
 62
     7
420
 16777215
440
 33554687
100
AcDbHatch
 10
0.0
 20
0.0
 30
0.0
210
0.0
220
0.0
230
1.0
  2
SOLID
 70
     1
 71
     1
 91
        1
 92
        0
 93
        1
 72
     4
 94
        3
 73
     0
 74
     1
 95
       17
 96
       13
 40
0.0
 40
0.0
 40
0.0
 40
0.0
 40
1.0
 40
1.0
 40
1.0
 40
2.0
 40
2.0
 40
2.0
 40
3.0
 40
3.0
 40
3.0
 40
4.0
 40
4.0
 40
4.0
 40
4.0
 10
47.22765863848285
 20
46.69490395874516
 10
47.31998663679249
 20
46.69490395874516
 10
47.39494525727758
 20
46.59877410062789
 10
47.39494525727758
 20
46.48036907502421
 10
47.39494525727758
 20
46.36196404942055
 10
47.31998663679249
 20
46.26583419130328
 10
47.22765863848285
 20
46.26583419130328
 10
47.13533064017329
 20
46.26583419130328
 10
47.06037201968819
 20
46.36196404942055
 10
47.06037201968819
 20
46.48036907502421
 10
47.06037201968819
 20
46.59877410062789
 10
47.13533064017329
 20
46.69490395874516
 10
47.22765863848285
 20
46.69490395874516
 97
        0
 97
        0
 75
     0
 76
     1
 98
        0
  0
HATCH
  5
16E
330
1F
100
AcDbEntity
  8
0
 62
     7
420
 16777215
440
 33554687
100
AcDbHatch
 10
0.0
 20
0.0
 30
0.0
210
0.0
220
0.0
230
1.0
  2
SOLID
 70
     1
 71
     1
 91
        1
 92
        0
 93
        1
 72
     4
 94
        3
 73
     0
 74
     1
 95
       17
 96
       13
 40
0.0
 40
0.0
 40
0.0
 40
0.0
 40
1.0
 40
1.0
 40
1.0
 40
2.0
 40
2.0
 40
2.0
 40
3.0
 40
3.0
 40
3.0
 40
4.0
 40
4.0
 40
4.0
 40
4.0
 10
41.83784821376762
 20
58.04584679999623
 10
41.96570197800238
 20
58.04584679999623
 10
42.06950301307663
 20
57.93216488260988
 10
42.06950301307663
 20
57.79214064245778
 10
42.06950301307663
 20
57.65211640230566
 10
41.96570197800238
 20
57.53843448491932
 10
41.83784821376762
 20
57.53843448491932
 10
41.70999444953285
 20
57.53843448491932
 10
41.60619341445864
 20
57.65211640230566
 10
41.60619341445864
 20
57.79214064245778
 10
41.60619341445864
 20
57.93216488260988
 10
41.70999444953285
 20
58.04584679999623
 10
41.83784821376762
 20
58.04584679999623
 97
        0
 97
        0
 75
     0
 76
     1
 98
        0
  0
HATCH
  5
16F
330
1F
100
AcDbEntity
  8
0
 62
     7
420
 16777215
440
 33554687
100
AcDbHatch
 10
0.0
 20
0.0
 30
0.0
210
0.0
220
0.0
230
1.0
  2
SOLID
 70
     1
 71
     1
 91
        1
 92
        0
 93
        1
 72
     4
 94
        3
 73
     0
 74
     1
 95
       17
 96
       13
 40
0.0
 40
0.0
 40
0.0
 40
0.0
 40
1.0
 40
1.0
 40
1.0
 40
2.0
 40
2.0
 40
2.0
 40
3.0
 40
3.0
 40
3.0
 40
4.0
 40
4.0
 40
4.0
 40
4.0
 10
50.65618507355828
 20
47.65102695911587
 10
50.79467707102267
 20
47.65102695911587
 10
50.90711500175031
 20
47.48843537959819
 10
50.90711500175031
 20
47.28816815240388
 10
50.90711500175031
 20
47.0879009252096
 10
50.79467707102267
 20
46.9253093456919
 10
50.65618507355828
 20
46.9253093456919
 10
50.51769307609391
 20
46.9253093456919
 10
50.40525514536623
 20
47.0879009252096
 10
50.40525514536623
 20
47.28816815240388
 10
50.40525514536623
 20
47.48843537959819
 10
50.51769307609391
 20
47.65102695911587
 10
50.65618507355828
 20
47.65102695911587
 97
        0
 97
        0
 75
     0
 76
     1
 98
        0
  0
HATCH
  5
170
330
1F
100
AcDbEntity
  8
0
 62
     7
420
 16777215
440
 33554687
100
AcDbHatch
 10
0.0
 20
0.0
 30
0.0
210
0.0
220
0.0
230
1.0
  2
SOLID
 70
     1
 71
     1
 91
        1
 92
        0
 93
        1
 72
     4
 94
        3
 73
     0
 74
     1
 95
       17
 96
       13
 40
0.0
 40
0.0
 40
0.0
 40
0.0
 40
1.0
 40
1.0
 40
1.0
 40
2.0
 40
2.0
 40
2.0
 40
3.0
 40
3.0
 40
3.0
 40
4.0
 40
4.0
 40
4.0
 40
4.0
 10
33.20594668521397
 20
55.93630304570533
 10
33.34443868267837
 20
55.93630304570533
 10
33.456876613406
 20
55.77371146618765
 10
33.456876613406
 20
55.57344423899333
 10
33.456876613406
 20
55.37317701179904
 10
33.34443868267837
 20
55.21058543228136
 10
33.20594668521397
 20
55.21058543228136
 10
33.06745468774961
 20
55.21058543228136
 10
32.95501675702195
 20
55.37317701179904
 10
32.95501675702195
 20
55.57344423899333
 10
32.95501675702195
 20
55.77371146618765
 10
33.06745468774961
 20
55.93630304570533
 10
33.20594668521397
 20
55.93630304570533
 97
        0
 97
        0
 75
     0
 76
     1
 98
        0
  0
HATCH
  5
171
330
1F
100
AcDbEntity
  8
0
 62
     7
420
 16777215
440
 33554687
100
AcDbHatch
 10
0.0
 20
0.0
 30
0.0
210
0.0
220
0.0
230
1.0
  2
SOLID
 70
     1
 71
     1
 91
        1
 92
        0
 93
        1
 72
     4
 94
        3
 73
     0
 74
     1
 95
       17
 96
       13
 40
0.0
 40
0.0
 40
0.0
 40
0.0
 40
1.0
 40
1.0
 40
1.0
 40
2.0
 40
2.0
 40
2.0
 40
3.0
 40
3.0
 40
3.0
 40
4.0
 40
4.0
 40
4.0
 40
4.0
 10
40.33784821376764
 20
60.6451089967627
 10
40.46570197800241
 20
60.6451089967627
 10
40.56950301307663
 20
60.53142707937635
 10
40.56950301307663
 20
60.39140283922424
 10
40.56950301307663
 20
60.25137859907215
 10
40.46570197800241
 20
60.1376966816858
 10
40.33784821376764
 20
60.1376966816858
 10
40.20999444953284
 20
60.1376966816858
 10
40.10619341445865
 20
60.25137859907215
 10
40.10619341445865
 20
60.39140283922424
 10
40.10619341445865
 20
60.53142707937635
 10
40.20999444953284
 20
60.6451089967627
 10
40.33784821376764
 20
60.6451089967627
 97
        0
 97
        0
 75
     0
 76
     1
 98
        0
  0
HATCH
  5
172
330
1F
100
AcDbEntity
  8
0
 62
     7
420
 16777215
440
 33554687
100
AcDbHatch
 10
0.0
 20
0.0
 30
0.0
210
0.0
220
0.0
230
1.0
  2
SOLID
 70
     1
 71
     1
 91
        1
 92
        0
 93
        1
 72
     4
 94
        3
 73
     0
 74
     1
 95
       17
 96
       13
 40
0.0
 40
0.0
 40
0.0
 40
0.0
 40
1.0
 40
1.0
 40
1.0
 40
2.0
 40
2.0
 40
2.0
 40
3.0
 40
3.0
 40
3.0
 40
4.0
 40
4.0
 40
4.0
 40
4.0
 10
43.52615015122188
 20
27.95100860990799
 10
43.61847814953146
 20
27.95100860990799
 10
43.69343677001657
 20
27.85487875179071
 10
43.69343677001657
 20
27.73647372618704
 10
43.69343677001657
 20
27.6180687005834
 10
43.61847814953146
 20
27.52193884246609
 10
43.52615015122188
 20
27.52193884246609
 10
43.43382215291228
 20
27.52193884246609
 10
43.35886353242718
 20
27.6180687005834
 10
43.35886353242718
 20
27.73647372618704
 10
43.35886353242718
 20
27.85487875179071
 10
43.43382215291228
 20
27.95100860990799
 10
43.52615015122188
 20
27.95100860990799
 97
        0
 97
        0
 75
     0
 76
     1
 98
        0
  0
HATCH
  5
173
330
1F
100
AcDbEntity
  8
0
 62
     7
420
 16777215
440
 33554687
100
AcDbHatch
 10
0.0
 20
0.0
 30
0.0
210
0.0
220
0.0
230
1.0
  2
SOLID
 70
     1
 71
     1
 91
        1
 92
        0
 93
        1
 72
     4
 94
        3
 73
     0
 74
     1
 95
       17
 96
       13
 40
0.0
 40
0.0
 40
0.0
 40
0.0
 40
1.0
 40
1.0
 40
1.0
 40
2.0
 40
2.0
 40
2.0
 40
3.0
 40
3.0
 40
3.0
 40
4.0
 40
4.0
 40
4.0
 40
4.0
 10
52.75817988083473
 20
46.15856674944284
 10
52.85050787914431
 20
46.15856674944284
 10
52.92546649962942
 20
46.06243689132558
 10
52.92546649962942
 20
45.9440318657219
 10
52.92546649962942
 20
45.82562684011823
 10
52.85050787914431
 20
45.72949698200095
 10
52.75817988083473
 20
45.72949698200095
 10
52.66585188252515
 20
45.72949698200095
 10
52.59089326204005
 20
45.82562684011823
 10
52.59089326204005
 20
45.9440318657219
 10
52.59089326204005
 20
46.06243689132558
 10
52.66585188252515
 20
46.15856674944284
 10
52.75817988083473
 20
46.15856674944284
 97
        0
 97
        0
 75
     0
 76
     1
 98
        0
  0
HATCH
  5
174
330
1F
100
AcDbEntity
  8
0
 62
     7
420
 16777215
440
 33554687
100
AcDbHatch
 10
0.0
 20
0.0
 30
0.0
210
0.0
220
0.0
230
1.0
  2
SOLID
 70
     1
 71
     1
 91
        1
 92
        0
 93
        1
 72
     4
 94
        3
 73
     0
 74
     1
 95
       17
 96
       13
 40
0.0
 40
0.0
 40
0.0
 40
0.0
 40
1.0
 40
1.0
 40
1.0
 40
2.0
 40
2.0
 40
2.0
 40
3.0
 40
3.0
 40
3.0
 40
4.0
 40
4.0
 40
4.0
 40
4.0
 10
27.65368395432247
 20
24.23335860399881
 10
27.79217595178686
 20
24.23335860399881
 10
27.9046138825145
 20
24.07076702448112
 10
27.9046138825145
 20
23.8704997972868
 10
27.9046138825145
 20
23.67023257009251
 10
27.79217595178686
 20
23.50764099057482
 10
27.65368395432247
 20
23.50764099057482
 10
27.51519195685811
 20
23.50764099057482
 10
27.40275402613045
 20
23.67023257009251
 10
27.40275402613045
 20
23.8704997972868
 10
27.40275402613045
 20
24.07076702448112
 10
27.51519195685811
 20
24.23335860399881
 10
27.65368395432247
 20
24.23335860399881
 97
        0
 97
        0
 75
     0
 76
     1
 98
        0
  0
HATCH
  5
175
330
1F
100
AcDbEntity
  8
0
 62
     7
420
 16777215
440
 33554687
100
AcDbHatch
 10
0.0
 20
0.0
 30
0.0
210
0.0
220
0.0
230
1.0
  2
SOLID
 70
     1
 71
     1
 91
        1
 92
        0
 93
        1
 72
     4
 94
        3
 73
     0
 74
     1
 95
       17
 96
       13
 40
0.0
 40
0.0
 40
0.0
 40
0.0
 40
1.0
 40
1.0
 40
1.0
 40
2.0
 40
2.0
 40
2.0
 40
3.0
 40
3.0
 40
3.0
 40
4.0
 40
4.0
 40
4.0
 40
4.0
 10
33.47202081411312
 20
56.75494791450667
 10
33.59987457834789
 20
56.75494791450667
 10
33.70367561342213
 20
56.64126599712033
 10
33.70367561342213
 20
56.50124175696823
 10
33.70367561342213
 20
56.36121751681611
 10
33.59987457834789
 20
56.24753559942978
 10
33.47202081411312
 20
56.24753559942978
 10
33.34416704987834
 20
56.24753559942978
 10
33.24036601480413
 20
56.36121751681611
 10
33.24036601480413
 20
56.50124175696823
 10
33.24036601480413
 20
56.64126599712033
 10
33.34416704987834
 20
56.75494791450667
 10
33.47202081411312
 20
56.75494791450667
 97
        0
 97
        0
 75
     0
 76
     1
 98
        0
  0
HATCH
  5
176
330
1F
100
AcDbEntity
  8
0
 62
     7
420
 16777215
440
 33554687
100
AcDbHatch
 10
0.0
 20
0.0
 30
0.0
210
0.0
220
0.0
230
1.0
  2
SOLID
 70
     1
 71
     1
 91
        1
 92
        0
 93
        1
 72
     4
 94
        3
 73
     0
 74
     1
 95
       17
 96
       13
 40
0.0
 40
0.0
 40
0.0
 40
0.0
 40
1.0
 40
1.0
 40
1.0
 40
2.0
 40
2.0
 40
2.0
 40
3.0
 40
3.0
 40
3.0
 40
4.0
 40
4.0
 40
4.0
 40
4.0
 10
40.48042411209681
 20
34.33292872414788
 10
40.61891610956119
 20
34.33292872414788
 10
40.73135404028883
 20
34.17033714463019
 10
40.73135404028883
 20
33.97006991743589
 10
40.73135404028883
 20
33.76980269024161
 10
40.61891610956119
 20
33.60721111072391
 10
40.48042411209681
 20
33.60721111072391
 10
40.34193211463242
 20
33.60721111072391
 10
40.22949418390476
 20
33.76980269024161
 10
40.22949418390476
 20
33.97006991743589
 10
40.22949418390476
 20
34.17033714463019
 10
40.34193211463242
 20
34.33292872414788
 10
40.48042411209681
 20
34.33292872414788
 97
        0
 97
        0
 75
     0
 76
     1
 98
        0
  0
HATCH
  5
177
330
1F
100
AcDbEntity
  8
0
 62
     7
420
 16777215
440
 33554687
100
AcDbHatch
 10
0.0
 20
0.0
 30
0.0
210
0.0
220
0.0
230
1.0
  2
SOLID
 70
     1
 71
     1
 91
        1
 92
        0
 93
        1
 72
     4
 94
        3
 73
     0
 74
     1
 95
       17
 96
       13
 40
0.0
 40
0.0
 40
0.0
 40
0.0
 40
1.0
 40
1.0
 40
1.0
 40
2.0
 40
2.0
 40
2.0
 40
3.0
 40
3.0
 40
3.0
 40
4.0
 40
4.0
 40
4.0
 40
4.0
 10
36.05819630354166
 20
31.70536907502423
 10
36.15052430185122
 20
31.70536907502423
 10
36.22548292233635
 20
31.60923921690696
 10
36.22548292233635
 20
31.49083419130328
 10
36.22548292233635
 20
31.37242916569962
 10
36.15052430185122
 20
31.27629930758235
 10
36.05819630354166
 20
31.27629930758235
 10
35.96586830523208
 20
31.27629930758235
 10
35.89090968474697
 20
31.37242916569962
 10
35.89090968474697
 20
31.49083419130328
 10
35.89090968474697
 20
31.60923921690696
 10
35.96586830523208
 20
31.70536907502423
 10
36.05819630354166
 20
31.70536907502423
 97
        0
 97
        0
 75
     0
 76
     1
 98
        0
  0
HATCH
  5
178
330
1F
100
AcDbEntity
  8
0
 62
     7
420
 16777215
440
 33554687
100
AcDbHatch
 10
0.0
 20
0.0
 30
0.0
210
0.0
220
0.0
230
1.0
  2
SOLID
 70
     1
 71
     1
 91
        1
 92
        0
 93
        1
 72
     4
 94
        3
 73
     0
 74
     1
 95
       17
 96
       13
 40
0.0
 40
0.0
 40
0.0
 40
0.0
 40
1.0
 40
1.0
 40
1.0
 40
2.0
 40
2.0
 40
2.0
 40
3.0
 40
3.0
 40
3.0
 40
4.0
 40
4.0
 40
4.0
 40
4.0
 10
26.93458642416627
 20
29.56002023781497
 10
27.02691442247587
 20
29.56002023781497
 10
27.10187304296098
 20
29.46389037969769
 10
27.10187304296098
 20
29.34548535409402
 10
27.10187304296098
 20
29.22708032849037
 10
27.02691442247587
 20
29.13095047037309
 10
26.93458642416627
 20
29.13095047037309
 10
26.84225842585669
 20
29.13095047037309
 10
26.76729980537159
 20
29.22708032849037
 10
26.76729980537159
 20
29.34548535409402
 10
26.76729980537159
 20
29.46389037969769
 10
26.84225842585669
 20
29.56002023781497
 10
26.93458642416627
 20
29.56002023781497
 97
        0
 97
        0
 75
     0
 76
     1
 98
        0
  0
HATCH
  5
179
330
1F
100
AcDbEntity
  8
0
 62
     7
420
 16777215
440
 33554687
100
AcDbHatch
 10
0.0
 20
0.0
 30
0.0
210
0.0
220
0.0
230
1.0
  2
SOLID
 70
     1
 71
     1
 91
        1
 92
        0
 93
        1
 72
     4
 94
        3
 73
     0
 74
     1
 95
       17
 96
       13
 40
0.0
 40
0.0
 40
0.0
 40
0.0
 40
1.0
 40
1.0
 40
1.0
 40
2.0
 40
2.0
 40
2.0
 40
3.0
 40
3.0
 40
3.0
 40
4.0
 40
4.0
 40
4.0
 40
4.0
 10
19.35790209079467
 20
25.14050562077864
 10
19.49639408825908
 20
25.14050562077864
 10
19.6088320189867
 20
24.97791404126095
 10
19.6088320189867
 20
24.77764681406665
 10
19.6088320189867
 20
24.57737958687234
 10
19.49639408825908
 20
24.41478800735467
 10
19.35790209079467
 20
24.41478800735467
 10
19.2194100933303
 20
24.41478800735467
 10
19.10697216260266
 20
24.57737958687234
 10
19.10697216260266
 20
24.77764681406665
 10
19.10697216260266
 20
24.97791404126095
 10
19.2194100933303
 20
25.14050562077864
 10
19.35790209079467
 20
25.14050562077864
 97
        0
 97
        0
 75
     0
 76
     1
 98
        0
  0
HATCH
  5
17A
330
1F
100
AcDbEntity
  8
0
 62
     7
420
 16777215
440
 33554687
100
AcDbHatch
 10
0.0
 20
0.0
 30
0.0
210
0.0
220
0.0
230
1.0
  2
SOLID
 70
     1
 71
     1
 91
        1
 92
        0
 93
        1
 72
     4
 94
        3
 73
     0
 74
     1
 95
       17
 96
       13
 40
0.0
 40
0.0
 40
0.0
 40
0.0
 40
1.0
 40
1.0
 40
1.0
 40
2.0
 40
2.0
 40
2.0
 40
3.0
 40
3.0
 40
3.0
 40
4.0
 40
4.0
 40
4.0
 40
4.0
 10
30.5276750611898
 20
32.24170628432656
 10
30.62000305949937
 20
32.24170628432656
 10
30.69496167998448
 20
32.14557642620929
 10
30.69496167998448
 20
32.02717140060561
 10
30.69496167998448
 20
31.90876637500195
 10
30.62000305949937
 20
31.81263651688468
 10
30.5276750611898
 20
31.81263651688468
 10
30.43534706288022
 20
31.81263651688468
 10
30.36038844239511
 20
31.90876637500195
 10
30.36038844239511
 20
32.02717140060561
 10
30.36038844239511
 20
32.14557642620929
 10
30.43534706288022
 20
32.24170628432656
 10
30.5276750611898
 20
32.24170628432656
 97
        0
 97
        0
 75
     0
 76
     1
 98
        0
  0
HATCH
  5
17B
330
1F
100
AcDbEntity
  8
0
 62
     7
420
 16777215
440
 33554687
100
AcDbHatch
 10
0.0
 20
0.0
 30
0.0
210
0.0
220
0.0
230
1.0
  2
SOLID
 70
     1
 71
     1
 91
        1
 92
        0
 93
        1
 72
     4
 94
        3
 73
     0
 74
     1
 95
       17
 96
       13
 40
0.0
 40
0.0
 40
0.0
 40
0.0
 40
1.0
 40
1.0
 40
1.0
 40
2.0
 40
2.0
 40
2.0
 40
3.0
 40
3.0
 40
3.0
 40
4.0
 40
4.0
 40
4.0
 40
4.0
 10
47.99639136385399
 20
60.01084360291662
 10
48.12424512808875
 20
60.01084360291662
 10
48.22804616316301
 20
59.89716168553028
 10
48.22804616316301
 20
59.75713744537818
 10
48.22804616316301
 20
59.61711320522605
 10
48.12424512808875
 20
59.50343128783972
 10
47.99639136385399
 20
59.50343128783972
 10
47.86853759961922
 20
59.50343128783972
 10
47.76473656454499
 20
59.61711320522605
 10
47.76473656454499
 20
59.75713744537818
 10
47.76473656454499
 20
59.89716168553028
 10
47.86853759961922
 20
60.01084360291662
 10
47.99639136385399
 20
60.01084360291662
 97
        0
 97
        0
 75
     0
 76
     1
 98
        0
  0
HATCH
  5
17C
330
1F
100
AcDbEntity
  8
0
 62
     7
420
 16777215
440
 33554687
100
AcDbHatch
 10
0.0
 20
0.0
 30
0.0
210
0.0
220
0.0
230
1.0
  2
SOLID
 70
     1
 71
     1
 91
        1
 92
        0
 93
        1
 72
     4
 94
        3
 73
     0
 74
     1
 95
       17
 96
       13
 40
0.0
 40
0.0
 40
0.0
 40
0.0
 40
1.0
 40
1.0
 40
1.0
 40
2.0
 40
2.0
 40
2.0
 40
3.0
 40
3.0
 40
3.0
 40
4.0
 40
4.0
 40
4.0
 40
4.0
 10
13.93611133413421
 20
33.85071791223352
 10
14.0284393324438
 20
33.85071791223352
 10
14.10339795292889
 20
33.75458805411625
 10
14.10339795292889
 20
33.63618302851258
 10
14.10339795292889
 20
33.51777800290892
 10
14.0284393324438
 20
33.42164814479165
 10
13.93611133413421
 20
33.42164814479165
 10
13.84378333582463
 20
33.42164814479165
 10
13.76882471533952
 20
33.51777800290892
 10
13.76882471533952
 20
33.63618302851258
 10
13.76882471533952
 20
33.75458805411625
 10
13.84378333582463
 20
33.85071791223352
 10
13.93611133413421
 20
33.85071791223352
 97
        0
 97
        0
 75
     0
 76
     1
 98
        0
  0
HATCH
  5
17D
330
1F
100
AcDbEntity
  8
0
 62
     7
420
 16777215
440
 33554687
100
AcDbHatch
 10
0.0
 20
0.0
 30
0.0
210
0.0
220
0.0
230
1.0
  2
SOLID
 70
     1
 71
     1
 91
        1
 92
        0
 93
        1
 72
     4
 94
        3
 73
     0
 74
     1
 95
       17
 96
       13
 40
0.0
 40
0.0
 40
0.0
 40
0.0
 40
1.0
 40
1.0
 40
1.0
 40
2.0
 40
2.0
 40
2.0
 40
3.0
 40
3.0
 40
3.0
 40
4.0
 40
4.0
 40
4.0
 40
4.0
 10
34.17930506368124
 20
58.68011219384231
 10
34.30715882791601
 20
58.68011219384231
 10
34.41095986299025
 20
58.56643027645596
 10
34.41095986299025
 20
58.42640603630386
 10
34.41095986299025
 20
58.28638179615174
 10
34.30715882791601
 20
58.1726998787654
 10
34.17930506368124
 20
58.1726998787654
 10
34.05145129944649
 20
58.1726998787654
 10
33.94765026437227
 20
58.28638179615174
 10
33.94765026437227
 20
58.42640603630386
 10
33.94765026437227
 20
58.56643027645596
 10
34.05145129944649
 20
58.68011219384231
 10
34.17930506368124
 20
58.68011219384231
 97
        0
 97
        0
 75
     0
 76
     1
 98
        0
  0
HATCH
  5
17E
330
1F
100
AcDbEntity
  8
0
 62
     7
420
 16777215
440
 33554687
100
AcDbHatch
 10
0.0
 20
0.0
 30
0.0
210
0.0
220
0.0
230
1.0
  2
SOLID
 70
     1
 71
     1
 91
        1
 92
        0
 93
        1
 72
     4
 94
        3
 73
     0
 74
     1
 95
       17
 96
       13
 40
0.0
 40
0.0
 40
0.0
 40
0.0
 40
1.0
 40
1.0
 40
1.0
 40
2.0
 40
2.0
 40
2.0
 40
3.0
 40
3.0
 40
3.0
 40
4.0
 40
4.0
 40
4.0
 40
4.0
 10
15.59307852151341
 20
37.05436977448744
 10
15.7315705189778
 20
37.05436977448744
 10
15.84400844970544
 20
36.89177819496976
 10
15.84400844970544
 20
36.69151096777545
 10
15.84400844970544
 20
36.49124374058114
 10
15.7315705189778
 20
36.32865216106347
 10
15.59307852151341
 20
36.32865216106347
 10
15.45458652404904
 20
36.32865216106347
 10
15.34214859332139
 20
36.49124374058114
 10
15.34214859332139
 20
36.69151096777545
 10
15.34214859332139
 20
36.89177819496976
 10
15.45458652404904
 20
37.05436977448744
 10
15.59307852151341
 20
37.05436977448744
 97
        0
 97
        0
 75
     0
 76
     1
 98
        0
  0
HATCH
  5
17F
330
1F
100
AcDbEntity
  8
0
 62
     7
420
 16777215
440
 33554687
100
AcDbHatch
 10
0.0
 20
0.0
 30
0.0
210
0.0
220
0.0
230
1.0
  2
SOLID
 70
     1
 71
     1
 91
        1
 92
        0
 93
        1
 72
     4
 94
        3
 73
     0
 74
     1
 95
       17
 96
       13
 40
0.0
 40
0.0
 40
0.0
 40
0.0
 40
1.0
 40
1.0
 40
1.0
 40
2.0
 40
2.0
 40
2.0
 40
3.0
 40
3.0
 40
3.0
 40
4.0
 40
4.0
 40
4.0
 40
4.0
 10
35.94946581785026
 20
23.32621158721891
 10
36.08795781531465
 20
23.32621158721891
 10
36.20039574604228
 20
23.16362000770122
 10
36.20039574604228
 20
22.96335278050691
 10
36.20039574604228
 20
22.76308555331264
 10
36.08795781531465
 20
22.60049397379495
 10
35.94946581785026
 20
22.60049397379495
 10
35.81097382038589
 20
22.60049397379495
 10
35.69853588965821
 20
22.76308555331264
 10
35.69853588965821
 20
22.96335278050691
 10
35.69853588965821
 20
23.16362000770122
 10
35.81097382038589
 20
23.32621158721891
 10
35.94946581785026
 20
23.32621158721891
 97
        0
 97
        0
 75
     0
 76
     1
 98
        0
  0
HATCH
  5
180
330
1F
100
AcDbEntity
  8
0
 62
     7
420
 16777215
440
 33554687
100
AcDbHatch
 10
0.0
 20
0.0
 30
0.0
210
0.0
220
0.0
230
1.0
  2
SOLID
 70
     1
 71
     1
 91
        1
 92
        0
 93
        1
 72
     4
 94
        3
 73
     0
 74
     1
 95
       17
 96
       13
 40
0.0
 40
0.0
 40
0.0
 40
0.0
 40
1.0
 40
1.0
 40
1.0
 40
2.0
 40
2.0
 40
2.0
 40
3.0
 40
3.0
 40
3.0
 40
4.0
 40
4.0
 40
4.0
 40
4.0
 10
23.8888603850412
 20
36.14722275770761
 10
24.02735238250558
 20
36.14722275770761
 10
24.13979031323325
 20
35.98463117818993
 10
24.13979031323325
 20
35.78436395099562
 10
24.13979031323325
 20
35.58409672380131
 10
24.02735238250558
 20
35.42150514428363
 10
23.8888603850412
 20
35.42150514428363
 10
23.75036838757683
 20
35.42150514428363
 10
23.63793045684917
 20
35.58409672380131
 10
23.63793045684917
 20
35.78436395099562
 10
23.63793045684917
 20
35.98463117818993
 10
23.75036838757683
 20
36.14722275770761
 10
23.8888603850412
 20
36.14722275770761
 97
        0
 97
        0
 75
     0
 76
     1
 98
        0
  0
HATCH
  5
181
330
1F
100
AcDbEntity
  8
0
 62
     7
420
 16777215
440
 33554687
100
AcDbHatch
 10
0.0
 20
0.0
 30
0.0
210
0.0
220
0.0
230
1.0
  2
SOLID
 70
     1
 71
     1
 91
        1
 92
        0
 93
        1
 72
     4
 94
        3
 73
     0
 74
     1
 95
       17
 96
       13
 40
0.0
 40
0.0
 40
0.0
 40
0.0
 40
1.0
 40
1.0
 40
1.0
 40
2.0
 40
2.0
 40
2.0
 40
3.0
 40
3.0
 40
3.0
 40
4.0
 40
4.0
 40
4.0
 40
4.0
 10
44.20701977565185
 20
40.1873458192103
 10
44.29934777396143
 20
40.1873458192103
 10
44.37430639444653
 20
40.09121596109303
 10
44.37430639444653
 20
39.97281093548935
 10
44.37430639444653
 20
39.85440590988569
 10
44.29934777396143
 20
39.75827605176842
 10
44.20701977565185
 20
39.75827605176842
 10
44.11469177734227
 20
39.75827605176842
 10
44.03973315685717
 20
39.85440590988569
 10
44.03973315685717
 20
39.97281093548935
 10
44.03973315685717
 20
40.09121596109303
 10
44.11469177734227
 20
40.1873458192103
 10
44.20701977565185
 20
40.1873458192103
 97
        0
 97
        0
 75
     0
 76
     1
 98
        0
  0
HATCH
  5
182
330
1F
100
AcDbEntity
  8
0
 62
     7
420
 16777215
440
 33554687
100
AcDbHatch
 10
0.0
 20
0.0
 30
0.0
210
0.0
220
0.0
230
1.0
  2
SOLID
 70
     1
 71
     1
 91
        1
 92
        0
 93
        1
 72
     4
 94
        3
 73
     0
 74
     1
 95
       17
 96
       13
 40
0.0
 40
0.0
 40
0.0
 40
0.0
 40
1.0
 40
1.0
 40
1.0
 40
2.0
 40
2.0
 40
2.0
 40
3.0
 40
3.0
 40
3.0
 40
4.0
 40
4.0
 40
4.0
 40
4.0
 10
21.40406518181443
 20
30.09635744711728
 10
21.49639318012401
 20
30.09635744711728
 10
21.57135180060914
 20
30.00022758900001
 10
21.57135180060914
 20
29.88182256339633
 10
21.57135180060914
 20
29.76341753779268
 10
21.49639318012401
 20
29.66728767967539
 10
21.40406518181443
 20
29.66728767967539
 10
21.31173718350485
 20
29.66728767967539
 10
21.23677856301975
 20
29.76341753779268
 10
21.23677856301975
 20
29.88182256339633
 10
21.23677856301975
 20
30.00022758900001
 10
21.31173718350485
 20
30.09635744711728
 10
21.40406518181443
 20
30.09635744711728
 97
        0
 97
        0
 75
     0
 76
     1
 98
        0
  0
HATCH
  5
183
330
1F
100
AcDbEntity
  8
0
 62
     7
420
 16777215
440
 33554687
100
AcDbHatch
 10
0.0
 20
0.0
 30
0.0
210
0.0
220
0.0
230
1.0
  2
SOLID
 70
     1
 71
     1
 91
        1
 92
        0
 93
        1
 72
     4
 94
        3
 73
     0
 74
     1
 95
       17
 96
       13
 40
0.0
 40
0.0
 40
0.0
 40
0.0
 40
1.0
 40
1.0
 40
1.0
 40
2.0
 40
2.0
 40
2.0
 40
3.0
 40
3.0
 40
3.0
 40
4.0
 40
4.0
 40
4.0
 40
4.0
 10
17.4730576194471
 20
51.27961502623532
 10
17.61154961691149
 20
51.27961502623532
 10
17.72398754763914
 20
51.11702344671762
 10
17.72398754763914
 20
50.91675621952332
 10
17.72398754763914
 20
50.71648899232902
 10
17.61154961691149
 20
50.55389741281135
 10
17.4730576194471
 20
50.55389741281135
 10
17.33456562198273
 20
50.55389741281135
 10
17.22212769125507
 20
50.71648899232902
 10
17.22212769125507
 20
50.91675621952332
 10
17.22212769125507
 20
51.11702344671762
 10
17.33456562198273
 20
51.27961502623532
 10
17.4730576194471
 20
51.27961502623532
 97
        0
 97
        0
 75
     0
 76
     1
 98
        0
  0
HATCH
  5
184
330
1F
100
AcDbEntity
  8
0
 62
     7
420
 16777215
440
 33554687
100
AcDbHatch
 10
0.0
 20
0.0
 30
0.0
210
0.0
220
0.0
230
1.0
  2
SOLID
 70
     1
 71
     1
 91
        1
 92
        0
 93
        1
 72
     4
 94
        3
 73
     0
 74
     1
 95
       17
 96
       13
 40
0.0
 40
0.0
 40
0.0
 40
0.0
 40
1.0
 40
1.0
 40
1.0
 40
2.0
 40
2.0
 40
2.0
 40
3.0
 40
3.0
 40
3.0
 40
4.0
 40
4.0
 40
4.0
 40
4.0
 10
41.33909877338552
 20
27.86194667111815
 10
41.47759077084991
 20
27.86194667111815
 10
41.59002870157754
 20
27.69935509160048
 10
41.59002870157754
 20
27.49908786440617
 10
41.59002870157754
 20
27.29882063721186
 10
41.47759077084991
 20
27.13622905769418
 10
41.33909877338552
 20
27.13622905769418
 10
41.20060677592113
 20
27.13622905769418
 10
41.08816884519347
 20
27.29882063721186
 10
41.08816884519347
 20
27.49908786440617
 10
41.08816884519347
 20
27.69935509160048
 10
41.20060677592113
 20
27.86194667111815
 10
41.33909877338552
 20
27.86194667111815
 97
        0
 97
        0
 75
     0
 76
     1
 98
        0
  0
HATCH
  5
185
330
1F
100
AcDbEntity
  8
0
 62
     7
420
 16777215
440
 33554687
100
AcDbHatch
 10
0.0
 20
0.0
 30
0.0
210
0.0
220
0.0
230
1.0
  2
SOLID
 70
     1
 71
     1
 91
        1
 92
        0
 93
        1
 72
     4
 94
        3
 73
     0
 74
     1
 95
       17
 96
       13
 40
0.0
 40
0.0
 40
0.0
 40
0.0
 40
1.0
 40
1.0
 40
1.0
 40
2.0
 40
2.0
 40
2.0
 40
3.0
 40
3.0
 40
3.0
 40
4.0
 40
4.0
 40
4.0
 40
4.0
 10
31.86755594839626
 20
14.43617082277626
 10
32.00604794586062
 20
14.43617082277626
 10
32.11848587658827
 20
14.2735792432586
 10
32.11848587658827
 20
14.07331201606429
 10
32.11848587658827
 20
13.87304478887
 10
32.00604794586062
 20
13.71045320935232
 10
31.86755594839626
 20
13.71045320935232
 10
31.72906395093189
 20
13.71045320935232
 10
31.61662602020421
 20
13.87304478887
 10
31.61662602020421
 20
14.07331201606429
 10
31.61662602020421
 20
14.2735792432586
 10
31.72906395093189
 20
14.43617082277626
 10
31.86755594839626
 20
14.43617082277626
 97
        0
 97
        0
 75
     0
 76
     1
 98
        0
  0
HATCH
  5
186
330
1F
100
AcDbEntity
  8
0
 62
     7
420
 16777215
440
 33554687
100
AcDbHatch
 10
0.0
 20
0.0
 30
0.0
210
0.0
220
0.0
230
1.0
  2
SOLID
 70
     1
 71
     1
 91
        1
 92
        0
 93
        1
 72
     4
 94
        3
 73
     0
 74
     1
 95
       17
 96
       13
 40
0.0
 40
0.0
 40
0.0
 40
0.0
 40
1.0
 40
1.0
 40
1.0
 40
2.0
 40
2.0
 40
2.0
 40
3.0
 40
3.0
 40
3.0
 40
4.0
 40
4.0
 40
4.0
 40
4.0
 10
49.79751041226957
 20
54.12200901214558
 10
49.93600240973395
 20
54.12200901214558
 10
50.04844034046159
 20
53.95941743262792
 10
50.04844034046159
 20
53.75915020543362
 10
50.04844034046159
 20
53.55888297823932
 10
49.93600240973395
 20
53.39629139872163
 10
49.79751041226957
 20
53.39629139872163
 10
49.6590184148052
 20
53.39629139872163
 10
49.54658048407752
 20
53.55888297823932
 10
49.54658048407752
 20
53.75915020543362
 10
49.54658048407752
 20
53.95941743262792
 10
49.6590184148052
 20
54.12200901214558
 10
49.79751041226957
 20
54.12200901214558
 97
        0
 97
        0
 75
     0
 76
     1
 98
        0
  0
HATCH
  5
187
330
1F
100
AcDbEntity
  8
0
 62
     7
420
 16777215
440
 33554687
100
AcDbHatch
 10
0.0
 20
0.0
 30
0.0
210
0.0
220
0.0
230
1.0
  2
SOLID
 70
     1
 71
     1
 91
        1
 92
        0
 93
        1
 72
     4
 94
        3
 73
     0
 74
     1
 95
       17
 96
       13
 40
0.0
 40
0.0
 40
0.0
 40
0.0
 40
1.0
 40
1.0
 40
1.0
 40
2.0
 40
2.0
 40
2.0
 40
3.0
 40
3.0
 40
3.0
 40
4.0
 40
4.0
 40
4.0
 40
4.0
 10
58.09329227579733
 20
53.21486199536572
 10
58.23178427326172
 20
53.21486199536572
 10
58.34422220398937
 20
53.05227041584806
 10
58.34422220398937
 20
52.85200318865373
 10
58.34422220398937
 20
52.65173596145944
 10
58.23178427326172
 20
52.48914438194177
 10
58.09329227579733
 20
52.48914438194177
 10
57.95480027833298
 20
52.48914438194177
 10
57.84236234760532
 20
52.65173596145944
 10
57.84236234760532
 20
52.85200318865373
 10
57.84236234760532
 20
53.05227041584806
 10
57.95480027833298
 20
53.21486199536572
 10
58.09329227579733
 20
53.21486199536572
 97
        0
 97
        0
 75
     0
 76
     1
 98
        0
  0
HATCH
  5
188
330
1F
100
AcDbEntity
  8
0
 62
     7
420
 16777215
440
 33554687
100
AcDbHatch
 10
0.0
 20
0.0
 30
0.0
210
0.0
220
0.0
230
1.0
  2
SOLID
 70
     1
 71
     1
 91
        1
 92
        0
 93
        1
 72
     4
 94
        3
 73
     0
 74
     1
 95
       17
 96
       13
 40
0.0
 40
0.0
 40
0.0
 40
0.0
 40
1.0
 40
1.0
 40
1.0
 40
2.0
 40
2.0
 40
2.0
 40
3.0
 40
3.0
 40
3.0
 40
4.0
 40
4.0
 40
4.0
 40
4.0
 10
45.26655211802301
 20
43.11529187521663
 10
45.40504411548741
 20
43.11529187521663
 10
45.51748204621504
 20
42.95270029569895
 10
45.51748204621504
 20
42.75243306850464
 10
45.51748204621504
 20
42.55216584131033
 10
45.40504411548741
 20
42.38957426179268
 10
45.26655211802301
 20
42.38957426179268
 10
45.12806012055865
 20
42.38957426179268
 10
45.01562218983099
 20
42.55216584131033
 10
45.01562218983099
 20
42.75243306850464
 10
45.01562218983099
 20
42.95270029569895
 10
45.12806012055865
 20
43.11529187521663
 10
45.26655211802301
 20
43.11529187521663
 97
        0
 97
        0
 75
     0
 76
     1
 98
        0
  0
HATCH
  5
189
330
1F
100
AcDbEntity
  8
0
 62
     7
420
 16777215
440
 33554687
100
AcDbHatch
 10
0.0
 20
0.0
 30
0.0
210
0.0
220
0.0
230
1.0
  2
SOLID
 70
     1
 71
     1
 91
        1
 92
        0
 93
        1
 72
     4
 94
        3
 73
     0
 74
     1
 95
       17
 96
       13
 40
0.0
 40
0.0
 40
0.0
 40
0.0
 40
1.0
 40
1.0
 40
1.0
 40
2.0
 40
2.0
 40
2.0
 40
3.0
 40
3.0
 40
3.0
 40
4.0
 40
4.0
 40
4.0
 40
4.0
 10
52.54102954490585
 20
21.51191755365919
 10
52.67952154237023
 20
21.51191755365919
 10
52.79195947309788
 20
21.34932597414152
 10
52.79195947309788
 20
21.14905874694721
 10
52.79195947309788
 20
20.94879151975291
 10
52.67952154237023
 20
20.78619994023522
 10
52.54102954490585
 20
20.78619994023522
 10
52.40253754744146
 20
20.78619994023522
 10
52.2900996167138
 20
20.94879151975291
 10
52.2900996167138
 20
21.14905874694721
 10
52.2900996167138
 20
21.34932597414152
 10
52.40253754744146
 20
21.51191755365919
 10
52.54102954490585
 20
21.51191755365919
 97
        0
 97
        0
 75
     0
 76
     1
 98
        0
  0
HATCH
  5
18A
330
1F
100
AcDbEntity
  8
0
 62
     7
420
 16777215
440
 33554687
100
AcDbHatch
 10
0.0
 20
0.0
 30
0.0
210
0.0
220
0.0
230
1.0
  2
SOLID
 70
     1
 71
     1
 91
        1
 92
        0
 93
        1
 72
     4
 94
        3
 73
     0
 74
     1
 95
       17
 96
       13
 40
0.0
 40
0.0
 40
0.0
 40
0.0
 40
1.0
 40
1.0
 40
1.0
 40
2.0
 40
2.0
 40
2.0
 40
3.0
 40
3.0
 40
3.0
 40
4.0
 40
4.0
 40
4.0
 40
4.0
 10
33.14597729094812
 20
41.26002023781495
 10
33.2383052892577
 20
41.26002023781495
 10
33.31326390974281
 20
41.16389037969768
 10
33.31326390974281
 20
41.045485354094
 10
33.31326390974281
 20
40.92708032849036
 10
33.2383052892577
 20
40.83095047037305
 10
33.14597729094812
 20
40.83095047037305
 10
33.05364929263855
 20
40.83095047037305
 10
32.97869067215344
 20
40.92708032849036
 10
32.97869067215344
 20
41.045485354094
 10
32.97869067215344
 20
41.16389037969768
 10
33.05364929263855
 20
41.26002023781495
 10
33.14597729094812
 20
41.26002023781495
 97
        0
 97
        0
 75
     0
 76
     1
 98
        0
  0
HATCH
  5
18B
330
1F
100
AcDbEntity
  8
0
 62
     7
420
 16777215
440
 33554687
100
AcDbHatch
 10
0.0
 20
0.0
 30
0.0
210
0.0
220
0.0
230
1.0
  2
SOLID
 70
     1
 71
     1
 91
        1
 92
        0
 93
        1
 72
     4
 94
        3
 73
     0
 74
     1
 95
       17
 96
       13
 40
0.0
 40
0.0
 40
0.0
 40
0.0
 40
1.0
 40
1.0
 40
1.0
 40
2.0
 40
2.0
 40
2.0
 40
3.0
 40
3.0
 40
3.0
 40
4.0
 40
4.0
 40
4.0
 40
4.0
 10
43.81347766402676
 20
52.31509015758411
 10
43.94133142826153
 20
52.31509015758411
 10
44.04513246333578
 20
52.20140824019776
 10
44.04513246333578
 20
52.06138400004566
 10
44.04513246333578
 20
51.92135975989356
 10
43.94133142826153
 20
51.80767784250722
 10
43.81347766402676
 20
51.80767784250722
 10
43.68562389979197
 20
51.80767784250722
 10
43.58182286471778
 20
51.92135975989356
 10
43.58182286471778
 20
52.06138400004566
 10
43.58182286471778
 20
52.20140824019776
 10
43.68562389979197
 20
52.31509015758411
 10
43.81347766402676
 20
52.31509015758411
 97
        0
 97
        0
 75
     0
 76
     1
 98
        0
  0
HATCH
  5
18C
330
1F
100
AcDbEntity
  8
0
 62
     7
420
 16777215
440
 33554687
100
AcDbHatch
 10
0.0
 20
0.0
 30
0.0
210
0.0
220
0.0
230
1.0
  2
SOLID
 70
     1
 71
     1
 91
        1
 92
        0
 93
        1
 72
     4
 94
        3
 73
     0
 74
     1
 95
       17
 96
       13
 40
0.0
 40
0.0
 40
0.0
 40
0.0
 40
1.0
 40
1.0
 40
1.0
 40
2.0
 40
2.0
 40
2.0
 40
3.0
 40
3.0
 40
3.0
 40
4.0
 40
4.0
 40
4.0
 40
4.0
 10
41.50172854874176
 20
55.02915602892544
 10
41.64022054620613
 20
55.02915602892544
 10
41.75265847693379
 20
54.86656444940777
 10
41.75265847693379
 20
54.66629722221346
 10
41.75265847693379
 20
54.46602999501916
 10
41.64022054620613
 20
54.30343841550149
 10
41.50172854874176
 20
54.30343841550149
 10
41.3632365512774
 20
54.30343841550149
 10
41.25079862054973
 20
54.46602999501916
 10
41.25079862054973
 20
54.66629722221346
 10
41.25079862054973
 20
54.86656444940777
 10
41.3632365512774
 20
55.02915602892544
 10
41.50172854874176
 20
55.02915602892544
 97
        0
 97
        0
 75
     0
 76
     1
 98
        0
  0
HATCH
  5
18D
330
1F
100
AcDbEntity
  8
0
 62
     7
420
 16777215
440
 33554687
100
AcDbHatch
 10
0.0
 20
0.0
 30
0.0
210
0.0
220
0.0
230
1.0
  2
SOLID
 70
     1
 71
     1
 91
        1
 92
        0
 93
        1
 72
     4
 94
        3
 73
     0
 74
     1
 95
       17
 96
       13
 40
0.0
 40
0.0
 40
0.0
 40
0.0
 40
1.0
 40
1.0
 40
1.0
 40
2.0
 40
2.0
 40
2.0
 40
3.0
 40
3.0
 40
3.0
 40
4.0
 40
4.0
 40
4.0
 40
4.0
 10
25.10557366907542
 20
48.84025279595446
 10
25.19790166738502
 20
48.84025279595446
 10
25.27286028787012
 20
48.74412293783718
 10
25.27286028787012
 20
48.6257179122335
 10
25.27286028787012
 20
48.50731288662985
 10
25.19790166738502
 20
48.41118302851257
 10
25.10557366907542
 20
48.41118302851257
 10
25.01324567076586
 20
48.41118302851257
 10
24.93828705028075
 20
48.50731288662985
 10
24.93828705028075
 20
48.6257179122335
 10
24.93828705028075
 20
48.74412293783718
 10
25.01324567076586
 20
48.84025279595446
 10
25.10557366907542
 20
48.84025279595446
 97
        0
 97
        0
 75
     0
 76
     1
 98
        0
  0
HATCH
  5
18E
330
1F
100
AcDbEntity
  8
0
 62
     7
420
 16777215
440
 33554687
100
AcDbHatch
 10
0.0
 20
0.0
 30
0.0
210
0.0
220
0.0
230
1.0
  2
SOLID
 70
     1
 71
     1
 91
        1
 92
        0
 93
        1
 72
     4
 94
        3
 73
     0
 74
     1
 95
       17
 96
       13
 40
0.0
 40
0.0
 40
0.0
 40
0.0
 40
1.0
 40
1.0
 40
1.0
 40
2.0
 40
2.0
 40
2.0
 40
3.0
 40
3.0
 40
3.0
 40
4.0
 40
4.0
 40
4.0
 40
4.0
 10
27.61545604859626
 20
41.79635744711726
 10
27.70778404690586
 20
41.79635744711726
 10
27.78274266739097
 20
41.70022758899999
 10
27.78274266739097
 20
41.58182256339632
 10
27.78274266739097
 20
41.46341753779266
 10
27.70778404690586
 20
41.36728767967539
 10
27.61545604859626
 20
41.36728767967539
 10
27.52312805028669
 20
41.36728767967539
 10
27.44816942980158
 20
41.46341753779266
 10
27.44816942980158
 20
41.58182256339632
 10
27.44816942980158
 20
41.70022758899999
 10
27.52312805028669
 20
41.79635744711726
 10
27.61545604859626
 20
41.79635744711726
 97
        0
 97
        0
 75
     0
 76
     1
 98
        0
  0
HATCH
  5
18F
330
1F
100
AcDbEntity
  8
0
 62
     7
420
 16777215
440
 33554687
100
AcDbHatch
 10
0.0
 20
0.0
 30
0.0
210
0.0
220
0.0
230
1.0
  2
SOLID
 70
     1
 71
     1
 91
        1
 92
        0
 93
        1
 72
     4
 94
        3
 73
     0
 74
     1
 95
       17
 96
       13
 40
0.0
 40
0.0
 40
0.0
 40
0.0
 40
1.0
 40
1.0
 40
1.0
 40
2.0
 40
2.0
 40
2.0
 40
3.0
 40
3.0
 40
3.0
 40
4.0
 40
4.0
 40
4.0
 40
4.0
 10
19.57505242672358
 20
49.37659000525679
 10
19.66738042503315
 20
49.37659000525679
 10
19.74233904551826
 20
49.28046014713951
 10
19.74233904551826
 20
49.16205512153584
 10
19.74233904551826
 20
49.04365009593218
 10
19.66738042503315
 20
48.94752023781491
 10
19.57505242672358
 20
48.94752023781491
 10
19.48272442841398
 20
48.94752023781491
 10
19.40776580792889
 20
49.04365009593218
 10
19.40776580792889
 20
49.16205512153584
 10
19.40776580792889
 20
49.28046014713951
 10
19.48272442841398
 20
49.37659000525679
 10
19.57505242672358
 20
49.37659000525679
 97
        0
 97
        0
 75
     0
 76
     1
 98
        0
  0
HATCH
  5
190
330
1F
100
AcDbEntity
  8
0
 62
     7
420
 16777215
440
 33554687
100
AcDbHatch
 10
0.0
 20
0.0
 30
0.0
210
0.0
220
0.0
230
1.0
  2
SOLID
 70
     1
 71
     1
 91
        1
 92
        0
 93
        1
 72
     4
 94
        3
 73
     0
 74
     1
 95
       17
 96
       13
 40
0.0
 40
0.0
 40
0.0
 40
0.0
 40
1.0
 40
1.0
 40
1.0
 40
2.0
 40
2.0
 40
2.0
 40
3.0
 40
3.0
 40
3.0
 40
4.0
 40
4.0
 40
4.0
 40
4.0
 10
24.74753504632991
 20
29.67624070467786
 10
24.8860270437943
 20
29.67624070467786
 10
24.99846497452196
 20
29.51364912516018
 10
24.99846497452196
 20
29.31338189796587
 10
24.99846497452196
 20
29.11311467077158
 10
24.8860270437943
 20
28.95052309125391
 10
24.74753504632991
 20
28.95052309125391
 10
24.60904304886554
 20
28.95052309125391
 10
24.49660511813789
 20
29.11311467077158
 10
24.49660511813789
 20
29.31338189796587
 10
24.49660511813789
 20
29.51364912516018
 10
24.60904304886554
 20
29.67624070467786
 10
24.74753504632991
 20
29.67624070467786
 97
        0
 97
        0
 75
     0
 76
     1
 98
        0
  0
HATCH
  5
191
330
1F
100
AcDbEntity
  8
0
 62
     7
420
 16777215
440
 33554687
100
AcDbHatch
 10
0.0
 20
0.0
 30
0.0
210
0.0
220
0.0
230
1.0
  2
SOLID
 70
     1
 71
     1
 91
        1
 92
        0
 93
        1
 72
     4
 94
        3
 73
     0
 74
     1
 95
       17
 96
       13
 40
0.0
 40
0.0
 40
0.0
 40
0.0
 40
1.0
 40
1.0
 40
1.0
 40
2.0
 40
2.0
 40
2.0
 40
3.0
 40
3.0
 40
3.0
 40
4.0
 40
4.0
 40
4.0
 40
4.0
 10
24.91016482168619
 20
56.84345006248516
 10
25.04865681915056
 20
56.84345006248516
 10
25.1610947498782
 20
56.68085848296748
 10
25.1610947498782
 20
56.48059125577318
 10
25.1610947498782
 20
56.28032402857887
 10
25.04865681915056
 20
56.1177324490612
 10
24.91016482168619
 20
56.1177324490612
 10
24.77167282422182
 20
56.1177324490612
 10
24.65923489349414
 20
56.28032402857887
 10
24.65923489349414
 20
56.48059125577318
 10
24.65923489349414
 20
56.68085848296748
 10
24.77167282422182
 20
56.84345006248516
 10
24.91016482168619
 20
56.84345006248516
 97
        0
 97
        0
 75
     0
 76
     1
 98
        0
  0
HATCH
  5
192
330
1F
100
AcDbEntity
  8
0
 62
     7
420
 16777215
440
 33554687
100
AcDbHatch
 10
0.0
 20
0.0
 30
0.0
210
0.0
220
0.0
230
1.0
  2
SOLID
 70
     1
 71
     1
 91
        1
 92
        0
 93
        1
 72
     4
 94
        3
 73
     0
 74
     1
 95
       17
 96
       13
 40
0.0
 40
0.0
 40
0.0
 40
0.0
 40
1.0
 40
1.0
 40
1.0
 40
2.0
 40
2.0
 40
2.0
 40
3.0
 40
3.0
 40
3.0
 40
4.0
 40
4.0
 40
4.0
 40
4.0
 10
55.26806226035558
 20
39.11467140060565
 10
55.36039025866516
 20
39.11467140060565
 10
55.43534887915025
 20
39.01854154248838
 10
55.43534887915025
 20
38.9001365168847
 10
55.43534887915025
 20
38.78173149128104
 10
55.36039025866516
 20
38.68560163316376
 10
55.26806226035558
 20
38.68560163316376
 10
55.17573426204598
 20
38.68560163316376
 10
55.10077564156089
 20
38.78173149128104
 10
55.10077564156089
 20
38.9001365168847
 10
55.10077564156089
 20
39.01854154248838
 10
55.17573426204598
 20
39.11467140060565
 10
55.26806226035558
 20
39.11467140060565
 97
        0
 97
        0
 75
     0
 76
     1
 98
        0
  0
HATCH
  5
193
330
1F
100
AcDbEntity
  8
0
 62
     7
420
 16777215
440
 33554687
100
AcDbHatch
 10
0.0
 20
0.0
 30
0.0
210
0.0
220
0.0
230
1.0
  2
SOLID
 70
     1
 71
     1
 91
        1
 92
        0
 93
        1
 72
     4
 94
        3
 73
     0
 74
     1
 95
       17
 96
       13
 40
0.0
 40
0.0
 40
0.0
 40
0.0
 40
1.0
 40
1.0
 40
1.0
 40
2.0
 40
2.0
 40
2.0
 40
3.0
 40
3.0
 40
3.0
 40
4.0
 40
4.0
 40
4.0
 40
4.0
 10
48.77620597562457
 20
33.42578170736801
 10
48.91469797308898
 20
33.42578170736801
 10
49.02713590381662
 20
33.26319012785032
 10
49.02713590381662
 20
33.06292290065602
 10
49.02713590381662
 20
32.86265567346173
 10
48.91469797308898
 20
32.70006409394406
 10
48.77620597562457
 20
32.70006409394406
 10
48.63771397816022
 20
32.70006409394406
 10
48.52527604743256
 20
32.86265567346173
 10
48.52527604743256
 20
33.06292290065602
 10
48.52527604743256
 20
33.26319012785032
 10
48.63771397816022
 20
33.42578170736801
 10
48.77620597562457
 20
33.42578170736801
 97
        0
 97
        0
 75
     0
 76
     1
 98
        0
  0
HATCH
  5
194
330
1F
100
AcDbEntity
  8
0
 62
     7
420
 16777215
440
 33554687
100
AcDbHatch
 10
0.0
 20
0.0
 30
0.0
210
0.0
220
0.0
230
1.0
  2
SOLID
 70
     1
 71
     1
 91
        1
 92
        0
 93
        1
 72
     4
 94
        3
 73
     0
 74
     1
 95
       17
 96
       13
 40
0.0
 40
0.0
 40
0.0
 40
0.0
 40
1.0
 40
1.0
 40
1.0
 40
2.0
 40
2.0
 40
2.0
 40
3.0
 40
3.0
 40
3.0
 40
4.0
 40
4.0
 40
4.0
 40
4.0
 10
38.67649853329999
 20
40.72368302851261
 10
38.76882653160957
 20
40.72368302851261
 10
38.8437851520947
 20
40.62755317039534
 10
38.8437851520947
 20
40.50914814479167
 10
38.8437851520947
 20
40.39074311918801
 10
38.76882653160957
 20
40.29461326107072
 10
38.67649853329999
 20
40.29461326107072
 10
38.58417053499041
 20
40.29461326107072
 10
38.50921191450531
 20
40.39074311918801
 10
38.50921191450531
 20
40.50914814479167
 10
38.50921191450531
 20
40.62755317039534
 10
38.58417053499041
 20
40.72368302851261
 10
38.67649853329999
 20
40.72368302851261
 97
        0
 97
        0
 75
     0
 76
     1
 98
        0
  0
HATCH
  5
195
330
1F
100
AcDbEntity
  8
0
 62
     7
420
 16777215
440
 33554687
100
AcDbHatch
 10
0.0
 20
0.0
 30
0.0
210
0.0
220
0.0
230
1.0
  2
SOLID
 70
     1
 71
     1
 91
        1
 92
        0
 93
        1
 72
     4
 94
        3
 73
     0
 74
     1
 95
       17
 96
       13
 40
0.0
 40
0.0
 40
0.0
 40
0.0
 40
1.0
 40
1.0
 40
1.0
 40
2.0
 40
2.0
 40
2.0
 40
3.0
 40
3.0
 40
3.0
 40
4.0
 40
4.0
 40
4.0
 40
4.0
 10
57.07198783915238
 20
32.51863469058816
 10
57.21047983661674
 20
32.51863469058816
 10
57.32291776734439
 20
32.3560431110705
 10
57.32291776734439
 20
32.15577588387619
 10
57.32291776734439
 20
31.95550865668188
 10
57.21047983661674
 20
31.79291707716421
 10
57.07198783915238
 20
31.79291707716421
 10
56.93349584168801
 20
31.79291707716421
 10
56.82105791096035
 20
31.95550865668188
 10
56.82105791096035
 20
32.15577588387619
 10
56.82105791096035
 20
32.3560431110705
 10
56.93349584168801
 20
32.51863469058816
 10
57.07198783915238
 20
32.51863469058816
 97
        0
 97
        0
 75
     0
 76
     1
 98
        0
  0
HATCH
  5
196
330
1F
100
AcDbEntity
  8
0
 62
     7
420
 16777215
440
 33554687
100
AcDbHatch
 10
0.0
 20
0.0
 30
0.0
210
0.0
220
0.0
230
1.0
  2
SOLID
 70
     1
 71
     1
 91
        1
 92
        0
 93
        1
 72
     4
 94
        3
 73
     0
 74
     1
 95
       17
 96
       13
 40
0.0
 40
0.0
 40
0.0
 40
0.0
 40
1.0
 40
1.0
 40
1.0
 40
2.0
 40
2.0
 40
2.0
 40
3.0
 40
3.0
 40
3.0
 40
4.0
 40
4.0
 40
4.0
 40
4.0
 10
19.46663257648607
 20
33.31438070293121
 10
19.55896057479565
 20
33.31438070293121
 10
19.63391919528075
 20
33.21825084481394
 10
19.63391919528075
 20
33.09984581921026
 10
19.63391919528075
 20
32.9814407936066
 10
19.55896057479565
 20
32.88531093548931
 10
19.46663257648607
 20
32.88531093548931
 10
19.37430457817649
 20
32.88531093548931
 10
19.29934595769139
 20
32.9814407936066
 10
19.29934595769139
 20
33.09984581921026
 10
19.29934595769139
 20
33.21825084481394
 10
19.37430457817649
 20
33.31438070293121
 10
19.46663257648607
 20
33.31438070293121
 97
        0
 97
        0
 75
     0
 76
     1
 98
        0
  0
HATCH
  5
197
330
1F
100
AcDbEntity
  8
0
 62
     7
420
 16777215
440
 33554687
100
AcDbHatch
 10
0.0
 20
0.0
 30
0.0
210
0.0
220
0.0
230
1.0
  2
SOLID
 70
     1
 71
     1
 91
        1
 92
        0
 93
        1
 72
     4
 94
        3
 73
     0
 74
     1
 95
       17
 96
       13
 40
0.0
 40
0.0
 40
0.0
 40
0.0
 40
1.0
 40
1.0
 40
1.0
 40
2.0
 40
2.0
 40
2.0
 40
3.0
 40
3.0
 40
3.0
 40
4.0
 40
4.0
 40
4.0
 40
4.0
 10
54.58719263592559
 20
26.87833419130334
 10
54.67952063423517
 20
26.87833419130334
 10
54.75447925472029
 20
26.78220433318607
 10
54.75447925472029
 20
26.66379930758239
 10
54.75447925472029
 20
26.54539428197874
 10
54.67952063423517
 20
26.44926442386146
 10
54.58719263592559
 20
26.44926442386146
 10
54.49486463761601
 20
26.44926442386146
 10
54.41990601713088
 20
26.54539428197874
 10
54.41990601713088
 20
26.66379930758239
 10
54.41990601713088
 20
26.78220433318607
 10
54.49486463761601
 20
26.87833419130334
 10
54.58719263592559
 20
26.87833419130334
 97
        0
 97
        0
 75
     0
 76
     1
 98
        0
  0
HATCH
  5
198
330
1F
100
AcDbEntity
  8
0
 62
     7
420
 16777215
440
 33554687
100
AcDbHatch
 10
0.0
 20
0.0
 30
0.0
210
0.0
220
0.0
230
1.0
  2
SOLID
 70
     1
 71
     1
 91
        1
 92
        0
 93
        1
 72
     4
 94
        3
 73
     0
 74
     1
 95
       17
 96
       13
 40
0.0
 40
0.0
 40
0.0
 40
0.0
 40
1.0
 40
1.0
 40
1.0
 40
2.0
 40
2.0
 40
2.0
 40
3.0
 40
3.0
 40
3.0
 40
4.0
 40
4.0
 40
4.0
 40
4.0
 10
58.2887011231866
 20
45.62222954014052
 10
58.38102912149616
 20
45.62222954014052
 10
58.45598774198128
 20
45.52609968202326
 10
58.45598774198128
 20
45.40769465641958
 10
58.45598774198128
 20
45.28928963081592
 10
58.38102912149616
 20
45.19315977269865
 10
58.2887011231866
 20
45.19315977269865
 10
58.19637312487702
 20
45.19315977269865
 10
58.12141450439189
 20
45.28928963081592
 10
58.12141450439189
 20
45.40769465641958
 10
58.12141450439189
 20
45.52609968202326
 10
58.19637312487702
 20
45.62222954014052
 10
58.2887011231866
 20
45.62222954014052
 97
        0
 97
        0
 75
     0
 76
     1
 98
        0
  0
HATCH
  5
199
330
1F
100
AcDbEntity
  8
0
 62
     7
420
 16777215
440
 33554687
100
AcDbHatch
 10
0.0
 20
0.0
 30
0.0
210
0.0
220
0.0
230
1.0
  2
SOLID
 70
     1
 71
     1
 91
        1
 92
        0
 93
        1
 72
     4
 94
        3
 73
     0
 74
     1
 95
       17
 96
       13
 40
0.0
 40
0.0
 40
0.0
 40
0.0
 40
1.0
 40
1.0
 40
1.0
 40
2.0
 40
2.0
 40
2.0
 40
3.0
 40
3.0
 40
3.0
 40
4.0
 40
4.0
 40
4.0
 40
4.0
 10
30.97646932359736
 20
40.12852642817762
 10
31.03134139284143
 20
40.19375069451045
 10
31.12732316356695
 20
40.20343513875812
 10
31.19067371779101
 20
40.15013939173825
 10
31.25402427201507
 20
40.09684364471838
 10
31.2609077261085
 20
40.00062043113799
 10
31.20603565686445
 20
39.93539616480516
 10
31.15116358762041
 20
39.87017189847234
 10
31.05518181689487
 20
39.86048745422467
 10
30.99183126267083
 20
39.91378320124456
 10
30.92848070844678
 20
39.96707894826442
 10
30.92159725435332
 20
40.06330216184482
 10
30.97646932359736
 20
40.12852642817762
 97
        0
 97
        0
 75
     0
 76
     1
 98
        0
  0
HATCH
  5
19A
330
1F
100
AcDbEntity
  8
0
 62
     7
420
 16777215
440
 33554687
100
AcDbHatch
 10
0.0
 20
0.0
 30
0.0
210
0.0
220
0.0
230
1.0
  2
SOLID
 70
     1
 71
     1
 91
        1
 92
        0
 93
        1
 72
     4
 94
        3
 73
     0
 74
     1
 95
       17
 96
       13
 40
0.0
 40
0.0
 40
0.0
 40
0.0
 40
1.0
 40
1.0
 40
1.0
 40
2.0
 40
2.0
 40
2.0
 40
3.0
 40
3.0
 40
3.0
 40
4.0
 40
4.0
 40
4.0
 40
4.0
 10
52.60475335737502
 20
36.37380819745479
 10
52.66419112614231
 20
36.44445953088752
 10
52.78600765001493
 20
36.43993416700545
 10
52.87661367524234
 20
36.36370885440726
 10
52.96721970046978
 20
36.28748354180906
 10
52.9925243702336
 20
36.16823834025016
 10
52.9330866014663
 20
36.09758700681743
 10
52.87364883269906
 20
36.02693567338469
 10
52.75183230882642
 20
36.03146103726679
 10
52.66122628359899
 20
36.10768634986497
 10
52.57062025837156
 20
36.18391166246317
 10
52.54531558860773
 20
36.30315686402208
 10
52.60475335737502
 20
36.37380819745479
 97
        0
 97
        0
 75
     0
 76
     1
 98
        0
  0
HATCH
  5
19B
330
1F
100
AcDbEntity
  8
0
 62
     7
420
 16777215
440
 33554687
100
AcDbHatch
 10
0.0
 20
0.0
 30
0.0
210
0.0
220
0.0
230
1.0
  2
SOLID
 70
     1
 71
     1
 91
        1
 92
        0
 93
        1
 72
     4
 94
        3
 73
     0
 74
     1
 95
       17
 96
       13
 40
0.0
 40
0.0
 40
0.0
 40
0.0
 40
1.0
 40
1.0
 40
1.0
 40
2.0
 40
2.0
 40
2.0
 40
3.0
 40
3.0
 40
3.0
 40
4.0
 40
4.0
 40
4.0
 40
4.0
 10
38.12414718176721
 20
47.45967263255957
 10
38.17901925101124
 20
47.5248968988924
 10
38.2750010217368
 20
47.53458134314007
 10
38.33835157596084
 20
47.4812855961202
 10
38.40170213018489
 20
47.42798984910034
 10
38.40858558427835
 20
47.33176663551994
 10
38.35371351503429
 20
47.26654236918712
 10
38.29884144579024
 20
47.20131810285429
 10
38.20285967506471
 20
47.19163365860663
 10
38.13950912084066
 20
47.24492940562651
 10
38.0761585666166
 20
47.29822515264637
 10
38.06927511252315
 20
47.39444836622679
 10
38.12414718176721
 20
47.45967263255957
 97
        0
 97
        0
 75
     0
 76
     1
 98
        0
  0
HATCH
  5
19C
330
1F
100
AcDbEntity
  8
0
 62
     7
420
 16777215
440
 33554687
100
AcDbHatch
 10
0.0
 20
0.0
 30
0.0
210
0.0
220
0.0
230
1.0
  2
SOLID
 70
     1
 71
     1
 91
        1
 92
        0
 93
        1
 72
     4
 94
        3
 73
     0
 74
     1
 95
       17
 96
       13
 40
0.0
 40
0.0
 40
0.0
 40
0.0
 40
1.0
 40
1.0
 40
1.0
 40
2.0
 40
2.0
 40
2.0
 40
3.0
 40
3.0
 40
3.0
 40
4.0
 40
4.0
 40
4.0
 40
4.0
 10
30.14262603813979
 20
31.54421779441596
 10
30.19749810738385
 20
31.60944206074878
 10
30.29347987810937
 20
31.61912650499645
 10
30.35683043233344
 20
31.56583075797657
 10
30.4201809865575
 20
31.51253501095669
 10
30.42706444065092
 20
31.41631179737629
 10
30.37219237140688
 20
31.35108753104347
 10
30.31732030216285
 20
31.28586326471066
 10
30.2213385314373
 20
31.27617882046301
 10
30.15798797721325
 20
31.32947456748285
 10
30.09463742298921
 20
31.38277031450274
 10
30.08775396889575
 20
31.47899352808314
 10
30.14262603813979
 20
31.54421779441596
 97
        0
 97
        0
 75
     0
 76
     1
 98
        0
  0
HATCH
  5
19D
330
1F
100
AcDbEntity
  8
0
 62
     7
420
 16777215
440
 33554687
100
AcDbHatch
 10
0.0
 20
0.0
 30
0.0
210
0.0
220
0.0
230
1.0
  2
SOLID
 70
     1
 71
     1
 91
        1
 92
        0
 93
        1
 72
     4
 94
        3
 73
     0
 74
     1
 95
       17
 96
       13
 40
0.0
 40
0.0
 40
0.0
 40
0.0
 40
1.0
 40
1.0
 40
1.0
 40
2.0
 40
2.0
 40
2.0
 40
3.0
 40
3.0
 40
3.0
 40
4.0
 40
4.0
 40
4.0
 40
4.0
 10
53.66850082721557
 20
22.47180141637352
 10
53.72793859598283
 20
22.54245274980625
 10
53.84975511985545
 20
22.53792738592416
 10
53.9403611450829
 20
22.46170207332597
 10
54.0309671703103
 20
22.38547676072777
 10
54.05627184007414
 20
22.26623155916889
 10
53.99683407130686
 20
22.19558022573614
 10
53.9373963025396
 20
22.12492889230342
 10
53.81557977866695
 20
22.1294542561855
 10
53.72497375343953
 20
22.20567956878368
 10
53.63436772821208
 20
22.28190488138188
 10
53.60906305844829
 20
22.40115008294079
 10
53.66850082721557
 20
22.47180141637352
 97
        0
 97
        0
 75
     0
 76
     1
 98
        0
  0
HATCH
  5
19E
330
1F
100
AcDbEntity
  8
0
 62
     7
420
 16777215
440
 33554687
100
AcDbHatch
 10
0.0
 20
0.0
 30
0.0
210
0.0
220
0.0
230
1.0
  2
SOLID
 70
     1
 71
     1
 91
        1
 92
        0
 93
        1
 72
     4
 94
        3
 73
     0
 74
     1
 95
       17
 96
       13
 40
0.0
 40
0.0
 40
0.0
 40
0.0
 40
1.0
 40
1.0
 40
1.0
 40
2.0
 40
2.0
 40
2.0
 40
3.0
 40
3.0
 40
3.0
 40
4.0
 40
4.0
 40
4.0
 40
4.0
 10
40.01776949395862
 20
18.80170608409701
 10
40.07720726272587
 20
18.87235741752975
 10
40.19902378659848
 20
18.86783205364765
 10
40.2896298118259
 20
18.79160674104946
 10
40.38023583705333
 20
18.71538142845128
 10
40.40554050681717
 20
18.59613622689236
 10
40.34610273804989
 20
18.52548489345963
 10
40.28666496928261
 20
18.45483356002691
 10
40.16484844540994
 20
18.45935892390901
 10
40.07424242018254
 20
18.53558423650718
 10
39.98363639495511
 20
18.61180954910538
 10
39.95833172519132
 20
18.73105475066428
 10
40.01776949395862
 20
18.80170608409701
 97
        0
 97
        0
 75
     0
 76
     1
 98
        0
  0
HATCH
  5
19F
330
1F
100
AcDbEntity
  8
0
 62
     7
420
 16777215
440
 33554687
100
AcDbHatch
 10
0.0
 20
0.0
 30
0.0
210
0.0
220
0.0
230
1.0
  2
SOLID
 70
     1
 71
     1
 91
        1
 92
        0
 93
        1
 72
     4
 94
        3
 73
     0
 74
     1
 95
       17
 96
       13
 40
0.0
 40
0.0
 40
0.0
 40
0.0
 40
1.0
 40
1.0
 40
1.0
 40
2.0
 40
2.0
 40
2.0
 40
3.0
 40
3.0
 40
3.0
 40
4.0
 40
4.0
 40
4.0
 40
4.0
 10
51.66909832679855
 20
25.98620172599682
 10
51.72853609556582
 20
26.05685305942956
 10
51.85035261943845
 20
26.05232769554748
 10
51.94095864466588
 20
25.9761023829493
 10
52.0315646698933
 20
25.89987707035109
 10
52.05686933965711
 20
25.78063186879219
 10
51.99743157088982
 20
25.70998053535946
 10
51.93799380212258
 20
25.63932920192673
 10
51.81617727824993
 20
25.64385456580882
 10
51.72557125302251
 20
25.72007987840701
 10
51.63496522779509
 20
25.79630519100523
 10
51.60966055803125
 20
25.91555039256411
 10
51.66909832679855
 20
25.98620172599682
 97
        0
 97
        0
 75
     0
 76
     1
 98
        0
  0
HATCH
  5
1A0
330
1F
100
AcDbEntity
  8
0
 62
     7
420
 16777215
440
 33554687
100
AcDbHatch
 10
0.0
 20
0.0
 30
0.0
210
0.0
220
0.0
230
1.0
  2
SOLID
 70
     1
 71
     1
 91
        1
 92
        0
 93
        1
 72
     4
 94
        3
 73
     0
 74
     1
 95
       17
 96
       13
 40
0.0
 40
0.0
 40
0.0
 40
0.0
 40
1.0
 40
1.0
 40
1.0
 40
2.0
 40
2.0
 40
2.0
 40
3.0
 40
3.0
 40
3.0
 40
4.0
 40
4.0
 40
4.0
 40
4.0
 10
34.41710788691063
 20
38.95515950622171
 10
34.47197995615467
 20
39.02038377255454
 10
34.56796172688021
 20
39.03006821680221
 10
34.63131228110427
 20
38.97677246978233
 10
34.69466283532832
 20
38.92347672276244
 10
34.70154628942176
 20
38.82725350918204
 10
34.64667422017774
 20
38.76202924284922
 10
34.59180215093367
 20
38.69680497651641
 10
34.49582038020816
 20
38.68712053226876
 10
34.43246982598411
 20
38.74041627928861
 10
34.36911927176003
 20
38.79371202630849
 10
34.3622358176666
 20
38.88993523988889
 10
34.41710788691063
 20
38.95515950622171
 97
        0
 97
        0
 75
     0
 76
     1
 98
        0
  0
HATCH
  5
1A1
330
1F
100
AcDbEntity
  8
0
 62
     7
420
 16777215
440
 33554687
100
AcDbHatch
 10
0.0
 20
0.0
 30
0.0
210
0.0
220
0.0
230
1.0
  2
SOLID
 70
     1
 71
     1
 91
        1
 92
        0
 93
        1
 72
     4
 94
        3
 73
     0
 74
     1
 95
       17
 96
       13
 40
0.0
 40
0.0
 40
0.0
 40
0.0
 40
1.0
 40
1.0
 40
1.0
 40
2.0
 40
2.0
 40
2.0
 40
3.0
 40
3.0
 40
3.0
 40
4.0
 40
4.0
 40
4.0
 40
4.0
 10
51.93012940052451
 20
30.46209144583041
 10
51.98956716929181
 20
30.53274277926315
 10
52.11138369316443
 20
30.52821741538105
 10
52.20198971839184
 20
30.45199210278286
 10
52.2925957436193
 20
30.37576679018466
 10
52.3179004133831
 20
30.25652158862576
 10
52.25846264461583
 20
30.18587025519302
 10
52.19902487584856
 20
30.11521892176031
 10
52.07720835197594
 20
30.11974428564239
 10
51.98660232674847
 20
30.19596959824059
 10
51.89599630152109
 20
30.27219491083878
 10
51.87069163175725
 20
30.39144011239767
 10
51.93012940052451
 20
30.46209144583041
 97
        0
 97
        0
 75
     0
 76
     1
 98
        0
  0
HATCH
  5
1A2
330
1F
100
AcDbEntity
  8
0
 62
     7
420
 16777215
440
 33554687
100
AcDbHatch
 10
0.0
 20
0.0
 30
0.0
210
0.0
220
0.0
230
1.0
  2
SOLID
 70
     1
 71
     1
 91
        1
 92
        0
 93
        1
 72
     4
 94
        3
 73
     0
 74
     1
 95
       17
 96
       13
 40
0.0
 40
0.0
 40
0.0
 40
0.0
 40
1.0
 40
1.0
 40
1.0
 40
2.0
 40
2.0
 40
2.0
 40
3.0
 40
3.0
 40
3.0
 40
4.0
 40
4.0
 40
4.0
 40
4.0
 10
16.68111360725768
 20
25.46623401941371
 10
16.73598567650173
 20
25.53145828574654
 10
16.83196744722726
 20
25.5411427299942
 10
16.89531800145133
 20
25.48784698297434
 10
16.95866855567537
 20
25.43455123595447
 10
16.96555200976881
 20
25.33832802237408
 10
16.91067994052477
 20
25.27310375604125
 10
16.85580787128072
 20
25.20787948970843
 10
16.75982610055519
 20
25.19819504546076
 10
16.69647554633114
 20
25.25149079248065
 10
16.63312499210708
 20
25.30478653950051
 10
16.62624153801364
 20
25.40100975308091
 10
16.68111360725768
 20
25.46623401941371
 97
        0
 97
        0
 75
     0
 76
     1
 98
        0
  0
HATCH
  5
1A3
330
1F
100
AcDbEntity
  8
0
 62
     7
420
 16777215
440
 33554687
100
AcDbHatch
 10
0.0
 20
0.0
 30
0.0
210
0.0
220
0.0
230
1.0
  2
SOLID
 70
     1
 71
     1
 91
        1
 92
        0
 93
        1
 72
     4
 94
        3
 73
     0
 74
     1
 95
       17
 96
       13
 40
0.0
 40
0.0
 40
0.0
 40
0.0
 40
1.0
 40
1.0
 40
1.0
 40
2.0
 40
2.0
 40
2.0
 40
3.0
 40
3.0
 40
3.0
 40
4.0
 40
4.0
 40
4.0
 40
4.0
 10
28.45608603806011
 20
36.60726270099138
 10
28.51095810730416
 20
36.67248696732421
 10
28.60693987802969
 20
36.68217141157188
 10
28.67029043225374
 20
36.628875664552
 10
28.7336409864778
 20
36.57557991753211
 10
28.74052444057124
 20
36.47935670395172
 10
28.6856523713272
 20
36.41413243761889
 10
28.63078030208315
 20
36.34890817128608
 10
28.53479853135762
 20
36.33922372703844
 10
28.47144797713358
 20
36.39251947405828
 10
28.40809742290951
 20
36.44581522107816
 10
28.40121396881607
 20
36.54203843465856
 10
28.45608603806011
 20
36.60726270099138
 97
        0
 97
        0
 75
     0
 76
     1
 98
        0
  0
HATCH
  5
1A4
330
1F
100
AcDbEntity
  8
0
 62
     7
420
 16777215
440
 33554687
100
AcDbHatch
 10
0.0
 20
0.0
 30
0.0
210
0.0
220
0.0
230
1.0
  2
SOLID
 70
     1
 71
     1
 91
        1
 92
        0
 93
        1
 72
     4
 94
        3
 73
     0
 74
     1
 95
       17
 96
       13
 40
0.0
 40
0.0
 40
0.0
 40
0.0
 40
1.0
 40
1.0
 40
1.0
 40
2.0
 40
2.0
 40
2.0
 40
3.0
 40
3.0
 40
3.0
 40
4.0
 40
4.0
 40
4.0
 40
4.0
 10
39.17760282531488
 20
47.60398200756433
 10
39.23247489455892
 20
47.66920627389715
 10
39.32845666528446
 20
47.67889071814481
 10
39.3918072195085
 20
47.62559497112493
 10
39.45515777373254
 20
47.57229922410505
 10
39.46204122782599
 20
47.47607601052465
 10
39.40716915858197
 20
47.41085174419183
 10
39.3522970893379
 20
47.34562747785903
 10
39.25631531861237
 20
47.33594303361136
 10
39.19296476438832
 20
47.38923878063122
 10
39.12961421016428
 20
47.44253452765111
 10
39.12273075607082
 20
47.53875774123149
 10
39.17760282531488
 20
47.60398200756433
 97
        0
 97
        0
 75
     0
 76
     1
 98
        0
  0
HATCH
  5
1A5
330
1F
100
AcDbEntity
  8
0
 62
     7
420
 16777215
440
 33554687
100
AcDbHatch
 10
0.0
 20
0.0
 30
0.0
210
0.0
220
0.0
230
1.0
  2
SOLID
 70
     1
 71
     1
 91
        1
 92
        0
 93
        1
 72
     4
 94
        3
 73
     0
 74
     1
 95
       17
 96
       13
 40
0.0
 40
0.0
 40
0.0
 40
0.0
 40
1.0
 40
1.0
 40
1.0
 40
2.0
 40
2.0
 40
2.0
 40
3.0
 40
3.0
 40
3.0
 40
4.0
 40
4.0
 40
4.0
 40
4.0
 10
37.29030389630966
 20
38.87536399879792
 10
37.34517596555369
 20
38.94058826513074
 10
37.4411577362792
 20
38.95027270937841
 10
37.50450829050329
 20
38.89697696235856
 10
37.56785884472733
 20
38.84368121533868
 10
37.57474229882077
 20
38.74745800175828
 10
37.51987022957673
 20
38.68223373542546
 10
37.46499816033268
 20
38.61700946909264
 10
37.36901638960715
 20
38.60732502484497
 10
37.3056658353831
 20
38.66062077186485
 10
37.24231528115904
 20
38.71391651888472
 10
37.2354318270656
 20
38.81013973246511
 10
37.29030389630966
 20
38.87536399879792
 97
        0
 97
        0
 75
     0
 76
     1
 98
        0
  0
HATCH
  5
1A6
330
1F
100
AcDbEntity
  8
0
 62
     7
420
 16777215
440
 33554687
100
AcDbHatch
 10
0.0
 20
0.0
 30
0.0
210
0.0
220
0.0
230
1.0
  2
SOLID
 70
     1
 71
     1
 91
        1
 92
        0
 93
        1
 72
     4
 94
        3
 73
     0
 74
     1
 95
       17
 96
       13
 40
0.0
 40
0.0
 40
0.0
 40
0.0
 40
1.0
 40
1.0
 40
1.0
 40
2.0
 40
2.0
 40
2.0
 40
3.0
 40
3.0
 40
3.0
 40
4.0
 40
4.0
 40
4.0
 40
4.0
 10
55.15949854173422
 20
57.20322950975282
 10
55.21437061097829
 20
57.26845377608565
 10
55.3103523817038
 20
57.27813822033331
 10
55.37370293592789
 20
57.22484247331343
 10
55.43705349015193
 20
57.17154672629356
 10
55.44393694424535
 20
57.07532351271317
 10
55.38906487500133
 20
57.01009924638034
 10
55.33419280575728
 20
56.94487498004753
 10
55.23821103503175
 20
56.93519053579986
 10
55.1748604808077
 20
56.98848628281974
 10
55.11150992658364
 20
57.04178202983961
 10
55.1046264724902
 20
57.13800524342
 10
55.15949854173422
 20
57.20322950975282
 97
        0
 97
        0
 75
     0
 76
     1
 98
        0
  0
HATCH
  5
1A7
330
1F
100
AcDbEntity
  8
0
 62
     7
420
 16777215
440
 33554687
100
AcDbHatch
 10
0.0
 20
0.0
 30
0.0
210
0.0
220
0.0
230
1.0
  2
SOLID
 70
     1
 71
     1
 91
        1
 92
        0
 93
        1
 72
     4
 94
        3
 73
     0
 74
     1
 95
       17
 96
       13
 40
0.0
 40
0.0
 40
0.0
 40
0.0
 40
1.0
 40
1.0
 40
1.0
 40
2.0
 40
2.0
 40
2.0
 40
3.0
 40
3.0
 40
3.0
 40
4.0
 40
4.0
 40
4.0
 40
4.0
 10
27.40263039451245
 20
36.46295332598665
 10
27.45750246375649
 20
36.52817759231947
 10
27.55348423448203
 20
36.53786203656713
 10
27.61683478870607
 20
36.48456628954729
 10
27.68018534293014
 20
36.43127054252741
 10
27.68706879702358
 20
36.33504732894701
 10
27.63219672777954
 20
36.26982306261419
 10
27.57732465853549
 20
36.20459879628136
 10
27.48134288780996
 20
36.19491435203369
 10
27.41799233358591
 20
36.24821009905358
 10
27.35464177936185
 20
36.30150584607344
 10
27.3477583252684
 20
36.39772905965384
 10
27.40263039451245
 20
36.46295332598665
 97
        0
 97
        0
 75
     0
 76
     1
 98
        0
  0
HATCH
  5
1A8
330
1F
100
AcDbEntity
  8
0
 62
     7
420
 16777215
440
 33554687
100
AcDbHatch
 10
0.0
 20
0.0
 30
0.0
210
0.0
220
0.0
230
1.0
  2
SOLID
 70
     1
 71
     1
 91
        1
 92
        0
 93
        1
 72
     4
 94
        3
 73
     0
 74
     1
 95
       17
 96
       13
 40
0.0
 40
0.0
 40
0.0
 40
0.0
 40
1.0
 40
1.0
 40
1.0
 40
2.0
 40
2.0
 40
2.0
 40
3.0
 40
3.0
 40
3.0
 40
4.0
 40
4.0
 40
4.0
 40
4.0
 10
49.69771419169356
 20
18.58500629579571
 10
49.75715196046086
 20
18.65565762922844
 10
49.87896848433347
 20
18.65113226534635
 10
49.96957450956089
 20
18.57490695274816
 10
50.06018053478832
 20
18.49868164014995
 10
50.08548520455215
 20
18.37943643859106
 10
50.02604743578488
 20
18.30878510515834
 10
49.96660966701759
 20
18.23813377172561
 10
49.84479314314493
 20
18.24265913560768
 10
49.75418711791752
 20
18.31888444820587
 10
49.6635810926901
 20
18.39510976080408
 10
49.6382764229263
 20
18.51435496236297
 10
49.69771419169356
 20
18.58500629579571
 97
        0
 97
        0
 75
     0
 76
     1
 98
        0
  0
HATCH
  5
1A9
330
1F
100
AcDbEntity
  8
0
 62
     7
420
 16777215
440
 33554687
100
AcDbHatch
 10
0.0
 20
0.0
 30
0.0
210
0.0
220
0.0
230
1.0
  2
SOLID
 70
     1
 71
     1
 91
        1
 92
        0
 93
        1
 72
     4
 94
        3
 73
     0
 74
     1
 95
       17
 96
       13
 40
0.0
 40
0.0
 40
0.0
 40
0.0
 40
1.0
 40
1.0
 40
1.0
 40
2.0
 40
2.0
 40
2.0
 40
3.0
 40
3.0
 40
3.0
 40
4.0
 40
4.0
 40
4.0
 40
4.0
 10
47.69831169127656
 20
22.09940660541905
 10
47.75774946004384
 20
22.17005793885178
 10
47.87956598391644
 20
22.16553257496969
 10
47.97017200914389
 20
22.08930726237151
 10
48.0607780343713
 20
22.0130819497733
 10
48.08608270413511
 20
21.89383674821442
 10
48.02664493536785
 20
21.82318541478167
 10
47.96720716660059
 20
21.75253408134895
 10
47.84539064272795
 20
21.75705944523103
 10
47.75478461750053
 20
21.83328475782921
 10
47.6641785922731
 20
21.90951007042742
 10
47.63887392250928
 20
22.02875527198631
 10
47.69831169127656
 20
22.09940660541905
 97
        0
 97
        0
 75
     0
 76
     1
 98
        0
  0
HATCH
  5
1AA
330
1F
100
AcDbEntity
  8
0
 62
     7
420
 16777215
440
 33554687
100
AcDbHatch
 10
0.0
 20
0.0
 30
0.0
210
0.0
220
0.0
230
1.0
  2
SOLID
 70
     1
 71
     1
 91
        1
 92
        0
 93
        1
 72
     4
 94
        3
 73
     0
 74
     1
 95
       17
 96
       13
 40
0.0
 40
0.0
 40
0.0
 40
0.0
 40
1.0
 40
1.0
 40
1.0
 40
2.0
 40
2.0
 40
2.0
 40
3.0
 40
3.0
 40
3.0
 40
4.0
 40
4.0
 40
4.0
 40
4.0
 10
32.02992496714504
 20
40.27283580318237
 10
32.08479703638907
 20
40.33806006951519
 10
32.18077880711463
 20
40.34774451376285
 10
32.24412936133867
 20
40.29444876674297
 10
32.30747991556272
 20
40.24115301972309
 10
32.31436336965618
 20
40.14492980614269
 10
32.25949130041212
 20
40.07970553980987
 10
32.20461923116807
 20
40.01448127347708
 10
32.10863746044254
 20
40.0047968292294
 10
32.04528690621849
 20
40.05809257624926
 10
31.98193635199442
 20
40.11138832326915
 10
31.97505289790098
 20
40.20761153684954
 10
32.02992496714504
 20
40.27283580318237
 97
        0
 97
        0
 75
     0
 76
     1
 98
        0
  0
HATCH
  5
1AB
330
1F
100
AcDbEntity
  8
0
 62
     7
420
 16777215
440
 33554687
100
AcDbHatch
 10
0.0
 20
0.0
 30
0.0
210
0.0
220
0.0
230
1.0
  2
SOLID
 70
     1
 71
     1
 91
        1
 92
        0
 93
        1
 72
     4
 94
        3
 73
     0
 74
     1
 95
       17
 96
       13
 40
0.0
 40
0.0
 40
0.0
 40
0.0
 40
1.0
 40
1.0
 40
1.0
 40
2.0
 40
2.0
 40
2.0
 40
3.0
 40
3.0
 40
3.0
 40
4.0
 40
4.0
 40
4.0
 40
4.0
 10
36.72160681528707
 20
20.82662771514362
 10
36.78104458405434
 20
20.89727904857635
 10
36.90286110792697
 20
20.89275368469426
 10
36.99346713315442
 20
20.81652837209607
 10
37.08407315838182
 20
20.74030305949786
 10
37.10937782814564
 20
20.62105785793896
 10
37.04994005937838
 20
20.55040652450623
 10
36.9905022906111
 20
20.47975519107352
 10
36.86868576673847
 20
20.4842805549556
 10
36.77807974151103
 20
20.56050586755378
 10
36.68747371628361
 20
20.63673118015198
 10
36.66216904651981
 20
20.75597638171088
 10
36.72160681528707
 20
20.82662771514362
 97
        0
 97
        0
 75
     0
 76
     1
 98
        0
  0
HATCH
  5
1AC
330
1F
100
AcDbEntity
  8
0
 62
     7
420
 16777215
440
 33554687
100
AcDbHatch
 10
0.0
 20
0.0
 30
0.0
210
0.0
220
0.0
230
1.0
  2
SOLID
 70
     1
 71
     1
 91
        1
 92
        0
 93
        1
 72
     4
 94
        3
 73
     0
 74
     1
 95
       17
 96
       13
 40
0.0
 40
0.0
 40
0.0
 40
0.0
 40
1.0
 40
1.0
 40
1.0
 40
2.0
 40
2.0
 40
2.0
 40
3.0
 40
3.0
 40
3.0
 40
4.0
 40
4.0
 40
4.0
 40
4.0
 10
56.96466350588704
 20
20.44687978532691
 10
57.02410127465433
 20
20.51753111875965
 10
57.14591779852697
 20
20.51300575487755
 10
57.23652382375439
 20
20.43678044227936
 10
57.32712984898181
 20
20.36055512968118
 10
57.35243451874562
 20
20.24130992812226
 10
57.29299674997835
 20
20.17065859468955
 10
57.23355898121108
 20
20.10000726125681
 10
57.11174245733844
 20
20.10453262513889
 10
57.021136432111
 20
20.18075793773708
 10
56.9305304068836
 20
20.25698325033528
 10
56.90522573711978
 20
20.37622845189418
 10
56.96466350588704
 20
20.44687978532691
 97
        0
 97
        0
 75
     0
 76
     1
 98
        0
  0
HATCH
  5
1AD
330
1F
100
AcDbEntity
  8
0
 62
     7
420
 16777215
440
 33554687
100
AcDbHatch
 10
0.0
 20
0.0
 30
0.0
210
0.0
220
0.0
230
1.0
  2
SOLID
 70
     1
 71
     1
 91
        1
 92
        0
 93
        1
 72
     4
 94
        3
 73
     0
 74
     1
 95
       17
 96
       13
 40
0.0
 40
0.0
 40
0.0
 40
0.0
 40
1.0
 40
1.0
 40
1.0
 40
2.0
 40
2.0
 40
2.0
 40
3.0
 40
3.0
 40
3.0
 40
4.0
 40
4.0
 40
4.0
 40
4.0
 10
23.82879146542751
 20
32.79738022379566
 10
23.88366353467158
 20
32.86260449012849
 10
23.97964530539709
 20
32.87228893437616
 10
24.04299585962116
 20
32.81899318735629
 10
24.10634641384522
 20
32.76569744033643
 10
24.11322986793865
 20
32.66947422675603
 10
24.0583577986946
 20
32.60424996042321
 10
24.00348572945056
 20
32.53902569409038
 10
23.90750395872502
 20
32.52934124984272
 10
23.84415340450098
 20
32.5826369968626
 10
23.78080285027693
 20
32.63593274388248
 10
23.77391939618349
 20
32.73215595746286
 10
23.82879146542751
 20
32.79738022379566
 97
        0
 97
        0
 75
     0
 76
     1
 98
        0
  0
HATCH
  5
1AE
330
1F
100
AcDbEntity
  8
0
 62
     7
420
 16777215
440
 33554687
100
AcDbHatch
 10
0.0
 20
0.0
 30
0.0
210
0.0
220
0.0
230
1.0
  2
SOLID
 70
     1
 71
     1
 91
        1
 92
        0
 93
        1
 72
     4
 94
        3
 73
     0
 74
     1
 95
       17
 96
       13
 40
0.0
 40
0.0
 40
0.0
 40
0.0
 40
1.0
 40
1.0
 40
1.0
 40
2.0
 40
2.0
 40
2.0
 40
3.0
 40
3.0
 40
3.0
 40
4.0
 40
4.0
 40
4.0
 40
4.0
 10
51.58565961264932
 20
53.53765640756184
 10
51.64053168189339
 20
53.60288067389466
 10
51.73651345261891
 20
53.61256511814232
 10
51.79986400684295
 20
53.55926937112245
 10
51.863214561067
 20
53.50597362410258
 10
51.87009801516046
 20
53.40975041052219
 10
51.81522594591643
 20
53.34452614418937
 10
51.76035387667235
 20
53.27930187785655
 10
51.66437210594683
 20
53.26961743360888
 10
51.60102155172279
 20
53.32291318062875
 10
51.53767099749874
 20
53.37620892764863
 10
51.5307875434053
 20
53.47243214122902
 10
51.58565961264932
 20
53.53765640756184
 97
        0
 97
        0
 75
     0
 76
     1
 98
        0
  0
HATCH
  5
1AF
330
1F
100
AcDbEntity
  8
0
 62
     7
420
 16777215
440
 33554687
100
AcDbHatch
 10
0.0
 20
0.0
 30
0.0
210
0.0
220
0.0
230
1.0
  2
SOLID
 70
     1
 71
     1
 91
        1
 92
        0
 93
        1
 72
     4
 94
        3
 73
     0
 74
     1
 95
       17
 96
       13
 40
0.0
 40
0.0
 40
0.0
 40
0.0
 40
1.0
 40
1.0
 40
1.0
 40
2.0
 40
2.0
 40
2.0
 40
3.0
 40
3.0
 40
3.0
 40
4.0
 40
4.0
 40
4.0
 40
4.0
 10
29.95522528699729
 20
36.06757837734983
 10
30.04755328530689
 20
36.06757837734983
 10
30.122511905792
 20
35.97144851923255
 10
30.122511905792
 20
35.85304349362888
 10
30.122511905792
 20
35.73463846802522
 10
30.04755328530689
 20
35.63850860990795
 10
29.95522528699729
 20
35.63850860990795
 10
29.86289728868773
 20
35.63850860990795
 10
29.78793866820261
 20
35.73463846802522
 10
29.78793866820261
 20
35.85304349362888
 10
29.78793866820261
 20
35.97144851923255
 10
29.86289728868773
 20
36.06757837734983
 10
29.95522528699729
 20
36.06757837734983
 97
        0
 97
        0
 75
     0
 76
     1
 98
        0
  0
HATCH
  5
1B0
330
1F
100
AcDbEntity
  8
0
 62
     7
420
 16777215
440
 33554687
100
AcDbHatch
 10
0.0
 20
0.0
 30
0.0
210
0.0
220
0.0
230
1.0
  2
SOLID
 70
     1
 71
     1
 91
        1
 92
        0
 93
        1
 72
     4
 94
        3
 73
     0
 74
     1
 95
       17
 96
       13
 40
0.0
 40
0.0
 40
0.0
 40
0.0
 40
1.0
 40
1.0
 40
1.0
 40
2.0
 40
2.0
 40
2.0
 40
3.0
 40
3.0
 40
3.0
 40
4.0
 40
4.0
 40
4.0
 40
4.0
 10
13.36366155994172
 20
37.67659000525681
 10
13.4559895582513
 20
37.67659000525681
 10
13.53094817873641
 20
37.58046014713954
 10
13.53094817873641
 20
37.46205512153586
 10
13.53094817873641
 20
37.3436500959322
 10
13.4559895582513
 20
37.24752023781491
 10
13.36366155994172
 20
37.24752023781491
 10
13.27133356163215
 20
37.24752023781491
 10
13.19637494114704
 20
37.3436500959322
 10
13.19637494114704
 20
37.46205512153586
 10
13.19637494114704
 20
37.58046014713954
 10
13.27133356163215
 20
37.67659000525681
 10
13.36366155994172
 20
37.67659000525681
 97
        0
 97
        0
 75
     0
 76
     1
 98
        0
  0
HATCH
  5
1B1
330
1F
100
AcDbEntity
  8
0
 62
     7
420
 16777215
440
 33554687
100
AcDbHatch
 10
0.0
 20
0.0
 30
0.0
210
0.0
220
0.0
230
1.0
  2
SOLID
 70
     1
 71
     1
 91
        1
 92
        0
 93
        1
 72
     4
 94
        3
 73
     0
 74
     1
 95
       17
 96
       13
 40
0.0
 40
0.0
 40
0.0
 40
0.0
 40
1.0
 40
1.0
 40
1.0
 40
2.0
 40
2.0
 40
2.0
 40
3.0
 40
3.0
 40
3.0
 40
4.0
 40
4.0
 40
4.0
 40
4.0
 10
47.95934276500257
 20
26.5752963252526
 10
48.01878053376984
 20
26.64594765868533
 10
48.14059705764245
 20
26.64142229480326
 10
48.23120308286988
 20
26.56519698220507
 10
48.32180910809728
 20
26.48897166960687
 10
48.34711377786113
 20
26.36972646804796
 10
48.28767600909384
 20
26.29907513461524
 10
48.22823824032658
 20
26.2284238011825
 10
48.10642171645392
 20
26.2329491650646
 10
48.01581569122653
 20
26.30917447766278
 10
47.92520966599906
 20
26.38539979026098
 10
47.89990499623529
 20
26.50464499181988
 10
47.95934276500257
 20
26.5752963252526
 97
        0
 97
        0
 75
     0
 76
     1
 98
        0
  0
HATCH
  5
1B2
330
1F
100
AcDbEntity
  8
0
 62
     7
420
 16777215
440
 33554687
100
AcDbHatch
 10
0.0
 20
0.0
 30
0.0
210
0.0
220
0.0
230
1.0
  2
SOLID
 70
     1
 71
     1
 91
        1
 92
        0
 93
        1
 72
     4
 94
        3
 73
     0
 74
     1
 95
       17
 96
       13
 40
0.0
 40
0.0
 40
0.0
 40
0.0
 40
1.0
 40
1.0
 40
1.0
 40
2.0
 40
2.0
 40
2.0
 40
3.0
 40
3.0
 40
3.0
 40
4.0
 40
4.0
 40
4.0
 40
4.0
 10
46.54678901405288
 20
34.45856674944289
 10
46.63911701236248
 20
34.45856674944289
 10
46.71407563284759
 20
34.36243689132559
 10
46.71407563284759
 20
34.24403186572194
 10
46.71407563284759
 20
34.12562684011826
 10
46.63911701236248
 20
34.02949698200099
 10
46.54678901405288
 20
34.02949698200099
 10
46.45446101574331
 20
34.02949698200099
 10
46.3795023952582
 20
34.12562684011826
 10
46.3795023952582
 20
34.24403186572194
 10
46.3795023952582
 20
34.36243689132559
 10
46.45446101574331
 20
34.45856674944289
 10
46.54678901405288
 20
34.45856674944289
 97
        0
 97
        0
 75
     0
 76
     1
 98
        0
  0
HATCH
  5
1B3
330
1F
100
AcDbEntity
  8
0
 62
     7
420
 16777215
440
 33554687
100
AcDbHatch
 10
0.0
 20
0.0
 30
0.0
210
0.0
220
0.0
230
1.0
  2
SOLID
 70
     1
 71
     1
 91
        1
 92
        0
 93
        1
 72
     4
 94
        3
 73
     0
 74
     1
 95
       17
 96
       13
 40
0.0
 40
0.0
 40
0.0
 40
0.0
 40
1.0
 40
1.0
 40
1.0
 40
2.0
 40
2.0
 40
2.0
 40
3.0
 40
3.0
 40
3.0
 40
4.0
 40
4.0
 40
4.0
 40
4.0
 10
30.84326895782571
 20
35.28958640403074
 10
30.89814102706976
 20
35.35481067036356
 10
30.99412279779529
 20
35.36449511461123
 10
31.05747335201936
 20
35.31119936759134
 10
31.1208239062434
 20
35.25790362057146
 10
31.12770736033685
 20
35.16168040699107
 10
31.0728352910928
 20
35.09645614065824
 10
31.01796322184876
 20
35.03123187432544
 10
30.92198145112322
 20
35.02154743007777
 10
30.85863089689918
 20
35.07484317709763
 10
30.79528034267511
 20
35.12813892411751
 10
30.78839688858167
 20
35.22436213769791
 10
30.84326895782571
 20
35.28958640403074
 97
        0
 97
        0
 75
     0
 76
     1
 98
        0
  0
HATCH
  5
1B4
330
1F
100
AcDbEntity
  8
0
 62
     7
420
 16777215
440
 33554687
100
AcDbHatch
 10
0.0
 20
0.0
 30
0.0
210
0.0
220
0.0
230
1.0
  2
SOLID
 70
     1
 71
     1
 91
        1
 92
        0
 93
        1
 72
     4
 94
        3
 73
     0
 74
     1
 95
       17
 96
       13
 40
0.0
 40
0.0
 40
0.0
 40
0.0
 40
1.0
 40
1.0
 40
1.0
 40
2.0
 40
2.0
 40
2.0
 40
3.0
 40
3.0
 40
3.0
 40
4.0
 40
4.0
 40
4.0
 40
4.0
 10
56.57553999289699
 20
40.2606033180326
 10
56.63497776166427
 20
40.33125465146534
 10
56.7567942855369
 20
40.32672928758324
 10
56.8474003107643
 20
40.25050397498506
 10
56.93800633599174
 20
40.17427866238685
 10
56.96331100575556
 20
40.05503346082795
 10
56.90387323698827
 20
39.98438212739521
 10
56.84443546822103
 20
39.9137307939625
 10
56.72261894434838
 20
39.91825615784458
 10
56.63201291912094
 20
39.99448147044276
 10
56.54140689389353
 20
40.07070678304097
 10
56.51610222412972
 20
40.18995198459987
 10
56.57553999289699
 20
40.2606033180326
 97
        0
 97
        0
 75
     0
 76
     1
 98
        0
  0
HATCH
  5
1B5
330
1F
100
AcDbEntity
  8
0
 62
     7
420
 16777215
440
 33554687
100
AcDbHatch
 10
0.0
 20
0.0
 30
0.0
210
0.0
220
0.0
230
1.0
  2
SOLID
 70
     1
 71
     1
 91
        1
 92
        0
 93
        1
 72
     4
 94
        3
 73
     0
 74
     1
 95
       17
 96
       13
 40
0.0
 40
0.0
 40
0.0
 40
0.0
 40
1.0
 40
1.0
 40
1.0
 40
2.0
 40
2.0
 40
2.0
 40
3.0
 40
3.0
 40
3.0
 40
4.0
 40
4.0
 40
4.0
 40
4.0
 10
43.72752505575458
 20
18.21261148484124
 10
43.78696282452185
 20
18.28326281827398
 10
43.90877934839448
 20
18.27873745439188
 10
43.99938537362188
 20
18.20251214179369
 10
44.08999139884933
 20
18.12628682919549
 10
44.11529606861314
 20
18.00704162763659
 10
44.05585829984584
 20
17.93639029420387
 10
43.99642053107861
 20
17.86573896077114
 10
43.87460400720596
 20
17.87026432465321
 10
43.78399798197854
 20
17.9464896372514
 10
43.69339195675111
 20
18.02271494984961
 10
43.6680872869873
 20
18.1419601514085
 10
43.72752505575458
 20
18.21261148484124
 97
        0
 97
        0
 75
     0
 76
     1
 98
        0
  0
HATCH
  5
1B6
330
1F
100
AcDbEntity
  8
0
 62
     7
420
 16777215
440
 33554687
100
AcDbHatch
 10
0.0
 20
0.0
 30
0.0
210
0.0
220
0.0
230
1.0
  2
SOLID
 70
     1
 71
     1
 91
        1
 92
        0
 93
        1
 72
     4
 94
        3
 73
     0
 74
     1
 95
       17
 96
       13
 40
0.0
 40
0.0
 40
0.0
 40
0.0
 40
1.0
 40
1.0
 40
1.0
 40
2.0
 40
2.0
 40
2.0
 40
3.0
 40
3.0
 40
3.0
 40
4.0
 40
4.0
 40
4.0
 40
4.0
 10
34.55030825268228
 20
43.7940995303686
 10
34.60518032192633
 20
43.85932379670142
 10
34.70116209265186
 20
43.86900824094909
 10
34.76451264687591
 20
43.81571249392923
 10
34.82786320109997
 20
43.76241674690937
 10
34.83474665519341
 20
43.66619353332896
 10
34.77987458594937
 20
43.60096926699615
 10
34.72500251670532
 20
43.53574500066332
 10
34.62902074597979
 20
43.52606055641565
 10
34.56567019175574
 20
43.57935630343553
 10
34.50231963753168
 20
43.6326520504554
 10
34.49543618343824
 20
43.72887526403579
 10
34.55030825268228
 20
43.7940995303686
 97
        0
 97
        0
 75
     0
 76
     1
 98
        0
  0
HATCH
  5
1B7
330
1F
100
AcDbEntity
  8
0
 62
     7
420
 16777215
440
 33554687
100
AcDbHatch
 10
0.0
 20
0.0
 30
0.0
210
0.0
220
0.0
230
1.0
  2
SOLID
 70
     1
 71
     1
 91
        1
 92
        0
 93
        1
 72
     4
 94
        3
 73
     0
 74
     1
 95
       17
 96
       13
 40
0.0
 40
0.0
 40
0.0
 40
0.0
 40
1.0
 40
1.0
 40
1.0
 40
2.0
 40
2.0
 40
2.0
 40
3.0
 40
3.0
 40
3.0
 40
4.0
 40
4.0
 40
4.0
 40
4.0
 10
26.56878710905487
 20
27.87864469222498
 10
26.62365917829892
 20
27.94386895855781
 10
26.71964094902445
 20
27.95355340280548
 10
26.78299150324852
 20
27.90025765578562
 10
26.84634205747256
 20
27.84696190876575
 10
26.85322551156601
 20
27.75073869518535
 10
26.79835344232198
 20
27.68551442885253
 10
26.74348137307792
 20
27.6202901625197
 10
26.6474996023524
 20
27.61060571827203
 10
26.58414904812836
 20
27.66390146529192
 10
26.52079849390427
 20
27.71719721231178
 10
26.51391503981085
 20
27.81342042589218
 10
26.56878710905487
 20
27.87864469222498
 97
        0
 97
        0
 75
     0
 76
     1
 98
        0
  0
HATCH
  5
1B8
330
1F
100
AcDbEntity
  8
0
 62
     7
420
 16777215
440
 33554687
100
AcDbHatch
 10
0.0
 20
0.0
 30
0.0
210
0.0
220
0.0
230
1.0
  2
SOLID
 70
     1
 71
     1
 91
        1
 92
        0
 93
        1
 72
     4
 94
        3
 73
     0
 74
     1
 95
       17
 96
       13
 40
0.0
 40
0.0
 40
0.0
 40
0.0
 40
1.0
 40
1.0
 40
1.0
 40
2.0
 40
2.0
 40
2.0
 40
3.0
 40
3.0
 40
3.0
 40
4.0
 40
4.0
 40
4.0
 40
4.0
 10
37.99094681599556
 20
42.62073260841269
 10
38.0458188852396
 20
42.68595687474551
 10
38.14180065596514
 20
42.69564131899318
 10
38.20515121018919
 20
42.6423455719733
 10
38.26850176441325
 20
42.58904982495342
 10
38.2753852185067
 20
42.49282661137302
 10
38.22051314926263
 20
42.4276023450402
 10
38.16564108001859
 20
42.36237807870739
 10
38.06965930929305
 20
42.35269363445973
 10
38.00630875506901
 20
42.40598938147959
 10
37.94295820084496
 20
42.45928512849947
 10
37.9360747467515
 20
42.55550834207987
 10
37.99094681599556
 20
42.62073260841269
 97
        0
 97
        0
 75
     0
 76
     1
 98
        0
  0
HATCH
  5
1B9
330
1F
100
AcDbEntity
  8
0
 62
     7
420
 16777215
440
 33554687
100
AcDbHatch
 10
0.0
 20
0.0
 30
0.0
210
0.0
220
0.0
230
1.0
  2
SOLID
 70
     1
 71
     1
 91
        1
 92
        0
 93
        1
 72
     4
 94
        3
 73
     0
 74
     1
 95
       17
 96
       13
 40
0.0
 40
0.0
 40
0.0
 40
0.0
 40
1.0
 40
1.0
 40
1.0
 40
2.0
 40
2.0
 40
2.0
 40
3.0
 40
3.0
 40
3.0
 40
4.0
 40
4.0
 40
4.0
 40
4.0
 10
32.16312533291668
 20
45.11177582732925
 10
32.21799740216074
 20
45.17700009366207
 10
32.31397917288626
 20
45.18668453790974
 10
32.37732972711032
 20
45.13338879088988
 10
32.44068028133439
 20
45.08009304387001
 10
32.44756373542781
 20
44.98386983028962
 10
32.39269166618377
 20
44.91864556395679
 10
32.33781959693975
 20
44.85342129762397
 10
32.24183782621419
 20
44.8437368533763
 10
32.17848727199014
 20
44.89703260039619
 10
32.1151367177661
 20
44.95032834741605
 10
32.10825326367264
 20
45.04655156099645
 10
32.16312533291668
 20
45.11177582732925
 97
        0
 97
        0
 75
     0
 76
     1
 98
        0
  0
HATCH
  5
1BA
330
1F
100
AcDbEntity
  8
0
 62
     7
420
 16777215
440
 33554687
100
AcDbHatch
 10
0.0
 20
0.0
 30
0.0
210
0.0
220
0.0
230
1.0
  2
SOLID
 70
     1
 71
     1
 91
        1
 92
        0
 93
        1
 72
     4
 94
        3
 73
     0
 74
     1
 95
       17
 96
       13
 40
0.0
 40
0.0
 40
0.0
 40
0.0
 40
1.0
 40
1.0
 40
1.0
 40
2.0
 40
2.0
 40
2.0
 40
3.0
 40
3.0
 40
3.0
 40
4.0
 40
4.0
 40
4.0
 40
4.0
 10
59.61067159784252
 20
33.75979196715245
 10
59.67010936660977
 20
33.83044330058518
 10
59.79192589048242
 20
33.82591793670309
 10
59.88253191570985
 20
33.7496926241049
 10
59.97313794093727
 20
33.6734673115067
 10
59.99844261070108
 20
33.5542221099478
 10
59.93900484193381
 20
33.48357077651509
 10
59.87956707316655
 20
33.41291944308235
 10
59.75775054929388
 20
33.41744480696443
 10
59.66714452406648
 20
33.49367011956261
 10
59.57653849883904
 20
33.56989543216082
 10
59.55123382907522
 20
33.68914063371972
 10
59.61067159784252
 20
33.75979196715245
 97
        0
 97
        0
 75
     0
 76
     1
 98
        0
  0
HATCH
  5
1BB
330
1F
100
AcDbEntity
  8
0
 62
     7
420
 16777215
440
 33554687
100
AcDbHatch
 10
0.0
 20
0.0
 30
0.0
210
0.0
220
0.0
230
1.0
  2
SOLID
 70
     1
 71
     1
 91
        1
 92
        0
 93
        1
 72
     4
 94
        3
 73
     0
 74
     1
 95
       17
 96
       13
 40
0.0
 40
0.0
 40
0.0
 40
0.0
 40
1.0
 40
1.0
 40
1.0
 40
2.0
 40
2.0
 40
2.0
 40
3.0
 40
3.0
 40
3.0
 40
4.0
 40
4.0
 40
4.0
 40
4.0
 10
23.69559109965586
 20
27.95844019964878
 10
23.75046316889991
 20
28.0236644659816
 10
23.84644493962544
 20
28.03334891022927
 10
23.9097954938495
 20
27.98005316320939
 10
23.97314604807355
 20
27.9267574161895
 10
23.98002950216699
 20
27.83053420260911
 10
23.92515743292295
 20
27.76530993627628
 10
23.8702853636789
 20
27.70008566994348
 10
23.77430359295337
 20
27.69040122569582
 10
23.71095303872933
 20
27.74369697271568
 10
23.64760248450526
 20
27.79699271973556
 10
23.64071903041182
 20
27.89321593331596
 10
23.69559109965586
 20
27.95844019964878
 97
        0
 97
        0
 75
     0
 76
     1
 98
        0
  0
HATCH
  5
1BC
330
1F
100
AcDbEntity
  8
0
 62
     7
420
 16777215
440
 33554687
100
AcDbHatch
 10
0.0
 20
0.0
 30
0.0
210
0.0
220
0.0
230
1.0
  2
SOLID
 70
     1
 71
     1
 91
        1
 92
        0
 93
        1
 72
     4
 94
        3
 73
     0
 74
     1
 95
       17
 96
       13
 40
0.0
 40
0.0
 40
0.0
 40
0.0
 40
1.0
 40
1.0
 40
1.0
 40
2.0
 40
2.0
 40
2.0
 40
3.0
 40
3.0
 40
3.0
 40
4.0
 40
4.0
 40
4.0
 40
4.0
 10
26.85098872839022
 20
25.26496854597509
 10
26.9104264971575
 20
25.33561987940782
 10
27.03224302103013
 20
25.33109451552573
 10
27.12284904625755
 20
25.25486920292754
 10
27.21345507148498
 20
25.17864389032936
 10
27.23875974124879
 20
25.05939868877044
 10
27.17932197248151
 20
24.98874735533771
 10
27.11988420371425
 20
24.91809602190499
 10
26.99806767984161
 20
24.92262138578709
 10
26.90746165461418
 20
24.99884669838525
 10
26.81685562938676
 20
25.07507201098346
 10
26.79155095962295
 20
25.19431721254236
 10
26.85098872839022
 20
25.26496854597509
 97
        0
 97
        0
 75
     0
 76
     1
 98
        0
  0
HATCH
  5
1BD
330
1F
100
AcDbEntity
  8
0
 62
     7
420
 16777215
440
 33554687
100
AcDbHatch
 10
0.0
 20
0.0
 30
0.0
210
0.0
220
0.0
230
1.0
  2
SOLID
 70
     1
 71
     1
 91
        1
 92
        0
 93
        1
 72
     4
 94
        3
 73
     0
 74
     1
 95
       17
 96
       13
 40
0.0
 40
0.0
 40
0.0
 40
0.0
 40
1.0
 40
1.0
 40
1.0
 40
2.0
 40
2.0
 40
2.0
 40
3.0
 40
3.0
 40
3.0
 40
4.0
 40
4.0
 40
4.0
 40
4.0
 10
42.75144175439979
 20
51.26955510975528
 10
42.80631382364384
 20
51.33477937608811
 10
42.90229559436937
 20
51.34446382033579
 10
42.96564614859342
 20
51.2911680733159
 10
43.02899670281748
 20
51.23787232629603
 10
43.03588015691093
 20
51.14164911271565
 10
42.98100808766688
 20
51.07642484638281
 10
42.92613601842282
 20
51.01120058005
 10
42.8301542476973
 20
51.00151613580233
 10
42.76680369347326
 20
51.05481188282221
 10
42.70345313924919
 20
51.10810762984208
 10
42.69656968515575
 20
51.20433084342248
 10
42.75144175439979
 20
51.26955510975528
 97
        0
 97
        0
 75
     0
 76
     1
 98
        0
  0
HATCH
  5
1BE
330
1F
100
AcDbEntity
  8
0
 62
     7
420
 16777215
440
 33554687
100
AcDbHatch
 10
0.0
 20
0.0
 30
0.0
210
0.0
220
0.0
230
1.0
  2
SOLID
 70
     1
 71
     1
 91
        1
 92
        0
 93
        1
 72
     4
 94
        3
 73
     0
 74
     1
 95
       17
 96
       13
 40
0.0
 40
0.0
 40
0.0
 40
0.0
 40
1.0
 40
1.0
 40
1.0
 40
2.0
 40
2.0
 40
2.0
 40
3.0
 40
3.0
 40
3.0
 40
4.0
 40
4.0
 40
4.0
 40
4.0
 10
40.99734319116623
 20
47.37987712513582
 10
41.05221526041026
 20
47.44510139146864
 10
41.14819703113579
 20
47.45478583571631
 10
41.21154758535985
 20
47.40149008869643
 10
41.2748981395839
 20
47.34819434167655
 10
41.28178159367737
 20
47.25197112809614
 10
41.22690952443328
 20
47.18674686176333
 10
41.17203745518925
 20
47.12152259543052
 10
41.07605568446374
 20
47.11183815118285
 10
41.01270513023969
 20
47.16513389820271
 10
40.94935457601561
 20
47.2184296452226
 10
40.94247112192217
 20
47.31465285880299
 10
40.99734319116623
 20
47.37987712513582
 97
        0
 97
        0
 75
     0
 76
     1
 98
        0
  0
HATCH
  5
1BF
330
1F
100
AcDbEntity
  8
0
 62
     7
420
 16777215
440
 33554687
100
AcDbHatch
 10
0.0
 20
0.0
 30
0.0
210
0.0
220
0.0
230
1.0
  2
SOLID
 70
     1
 71
     1
 91
        1
 92
        0
 93
        1
 72
     4
 94
        3
 73
     0
 74
     1
 95
       17
 96
       13
 40
0.0
 40
0.0
 40
0.0
 40
0.0
 40
1.0
 40
1.0
 40
1.0
 40
2.0
 40
2.0
 40
2.0
 40
3.0
 40
3.0
 40
3.0
 40
4.0
 40
4.0
 40
4.0
 40
4.0
 10
46.32528068348469
 20
54.93512821194628
 10
46.38015275272875
 20
55.00035247827909
 10
46.47613452345427
 20
55.01003692252676
 10
46.53948507767831
 20
54.95674117550688
 10
46.6028356319024
 20
54.90344542848701
 10
46.60971908599584
 20
54.80722221490662
 10
46.5548470167518
 20
54.74199794857379
 10
46.49997494750775
 20
54.67677368224098
 10
46.40399317678222
 20
54.66708923799331
 10
46.34064262255817
 20
54.72038498501318
 10
46.27729206833411
 20
54.77368073203306
 10
46.27040861424067
 20
54.86990394561345
 10
46.32528068348469
 20
54.93512821194628
 97
        0
 97
        0
 75
     0
 76
     1
 98
        0
  0
HATCH
  5
1C0
330
1F
100
AcDbEntity
  8
0
 62
     7
420
 16777215
440
 33554687
100
AcDbHatch
 10
0.0
 20
0.0
 30
0.0
210
0.0
220
0.0
230
1.0
  2
SOLID
 70
     1
 71
     1
 91
        1
 92
        0
 93
        1
 72
     4
 94
        3
 73
     0
 74
     1
 95
       17
 96
       13
 40
0.0
 40
0.0
 40
0.0
 40
0.0
 40
1.0
 40
1.0
 40
1.0
 40
2.0
 40
2.0
 40
2.0
 40
3.0
 40
3.0
 40
3.0
 40
4.0
 40
4.0
 40
4.0
 40
4.0
 10
30.27582640391146
 20
36.38315781856289
 10
30.33069847315551
 20
36.44838208489571
 10
30.42668024388104
 20
36.45806652914338
 10
30.49003079810509
 20
36.40477078212349
 10
30.55338135232915
 20
36.35147503510361
 10
30.56026480642259
 20
36.25525182152322
 10
30.50539273717855
 20
36.19002755519039
 10
30.45052066793451
 20
36.12480328885761
 10
30.35453889720897
 20
36.11511884460992
 10
30.29118834298492
 20
36.16841459162978
 10
30.22783778876086
 20
36.22171033864966
 10
30.22095433466742
 20
36.31793355223006
 10
30.27582640391146
 20
36.38315781856289
 97
        0
 97
        0
 75
     0
 76
     1
 98
        0
  0
HATCH
  5
1C1
330
1F
100
AcDbEntity
  8
0
 62
     7
420
 16777215
440
 33554687
100
AcDbHatch
 10
0.0
 20
0.0
 30
0.0
210
0.0
220
0.0
230
1.0
  2
SOLID
 70
     1
 71
     1
 91
        1
 92
        0
 93
        1
 72
     4
 94
        3
 73
     0
 74
     1
 95
       17
 96
       13
 40
0.0
 40
0.0
 40
0.0
 40
0.0
 40
1.0
 40
1.0
 40
1.0
 40
2.0
 40
2.0
 40
2.0
 40
3.0
 40
3.0
 40
3.0
 40
4.0
 40
4.0
 40
4.0
 40
4.0
 10
20.2549525363426
 20
29.13180712160469
 10
20.30982460558664
 20
29.19703138793751
 10
20.40580637631218
 20
29.20671583218518
 10
20.46915693053624
 20
29.15342008516532
 10
20.53250748476029
 20
29.10012433814545
 10
20.53939093885373
 20
29.00390112456505
 10
20.4845188696097
 20
28.93867685823223
 10
20.42964680036564
 20
28.87345259189941
 10
20.33366502964013
 20
28.86376814765174
 10
20.27031447541608
 20
28.91706389467162
 10
20.206963921192
 20
28.97035964169149
 10
20.20008046709857
 20
29.0665828552719
 10
20.2549525363426
 20
29.13180712160469
 97
        0
 97
        0
 75
     0
 76
     1
 98
        0
  0
HATCH
  5
1C2
330
1F
100
AcDbEntity
  8
0
 62
     7
420
 16777215
440
 33554687
100
AcDbHatch
 10
0.0
 20
0.0
 30
0.0
210
0.0
220
0.0
230
1.0
  2
SOLID
 70
     1
 71
     1
 91
        1
 92
        0
 93
        1
 72
     4
 94
        3
 73
     0
 74
     1
 95
       17
 96
       13
 40
0.0
 40
0.0
 40
0.0
 40
0.0
 40
1.0
 40
1.0
 40
1.0
 40
2.0
 40
2.0
 40
2.0
 40
3.0
 40
3.0
 40
3.0
 40
4.0
 40
4.0
 40
4.0
 40
4.0
 10
28.58928640383176
 20
41.44620272513827
 10
28.64415847307581
 20
41.5114269914711
 10
28.74014024380134
 20
41.52111143571877
 10
28.80349079802539
 20
41.4678156886989
 10
28.86684135224945
 20
41.41451994167904
 10
28.8737248063429
 20
41.31829672809864
 10
28.81885273709885
 20
41.25307246176582
 10
28.76398066785481
 20
41.18784819543299
 10
28.66799889712927
 20
41.17816375118532
 10
28.60464834290523
 20
41.2314594982052
 10
28.54129778868116
 20
41.28475524522507
 10
28.53441433458772
 20
41.38097845880547
 10
28.58928640383176
 20
41.44620272513827
 97
        0
 97
        0
 75
     0
 76
     1
 98
        0
  0
HATCH
  5
1C3
330
1F
100
AcDbEntity
  8
0
 62
     7
420
 16777215
440
 33554687
100
AcDbHatch
 10
0.0
 20
0.0
 30
0.0
210
0.0
220
0.0
230
1.0
  2
SOLID
 70
     1
 71
     1
 91
        1
 92
        0
 93
        1
 72
     4
 94
        3
 73
     0
 74
     1
 95
       17
 96
       13
 40
0.0
 40
0.0
 40
0.0
 40
0.0
 40
1.0
 40
1.0
 40
1.0
 40
2.0
 40
2.0
 40
2.0
 40
3.0
 40
3.0
 40
3.0
 40
4.0
 40
4.0
 40
4.0
 40
4.0
 10
30.82177536391221
 20
29.15176366655287
 10
30.88121313267948
 20
29.2224149999856
 10
31.00302965655211
 20
29.21788963610352
 10
31.09363568177953
 20
29.14166432350534
 10
31.18424170700696
 20
29.06543901090713
 10
31.20954637677077
 20
28.94619380934824
 10
31.1501086080035
 20
28.8755424759155
 10
31.09067083923624
 20
28.80489114248277
 10
30.96885431536359
 20
28.80941650636486
 10
30.87824829013617
 20
28.88564181896304
 10
30.78764226490874
 20
28.96186713156125
 10
30.76233759514493
 20
29.08111233312017
 10
30.82177536391221
 20
29.15176366655287
 97
        0
 97
        0
 75
     0
 76
     1
 98
        0
  0
HATCH
  5
1C4
330
1F
100
AcDbEntity
  8
0
 62
     7
420
 16777215
440
 33554687
100
AcDbHatch
 10
0.0
 20
0.0
 30
0.0
210
0.0
220
0.0
230
1.0
  2
SOLID
 70
     1
 71
     1
 91
        1
 92
        0
 93
        1
 72
     4
 94
        3
 73
     0
 74
     1
 95
       17
 96
       13
 40
0.0
 40
0.0
 40
0.0
 40
0.0
 40
1.0
 40
1.0
 40
1.0
 40
2.0
 40
2.0
 40
2.0
 40
3.0
 40
3.0
 40
3.0
 40
4.0
 40
4.0
 40
4.0
 40
4.0
 10
46.70492190600014
 20
44.69894414886407
 10
46.76435967476744
 20
44.76959548229681
 10
46.88617619864005
 20
44.76507011841471
 10
46.9767822238675
 20
44.68884480581653
 10
47.0673882490949
 20
44.61261949321833
 10
47.09269291885874
 20
44.49337429165942
 10
47.03325515009146
 20
44.42272295822671
 10
46.97381738132418
 20
44.35207162479398
 10
46.85200085745154
 20
44.35659698867605
 10
46.76139483222411
 20
44.43282230127424
 10
46.67078880699668
 20
44.50904761387244
 10
46.64548413723289
 20
44.62829281543134
 10
46.70492190600014
 20
44.69894414886407
 97
        0
 97
        0
 75
     0
 76
     1
 98
        0
  0
HATCH
  5
1C5
330
1F
100
AcDbEntity
  8
0
 62
     7
420
 16777215
440
 33554687
100
AcDbHatch
 10
0.0
 20
0.0
 30
0.0
210
0.0
220
0.0
230
1.0
  2
SOLID
 70
     1
 71
     1
 91
        1
 92
        0
 93
        1
 72
     4
 94
        3
 73
     0
 74
     1
 95
       17
 96
       13
 40
0.0
 40
0.0
 40
0.0
 40
0.0
 40
1.0
 40
1.0
 40
1.0
 40
2.0
 40
2.0
 40
2.0
 40
3.0
 40
3.0
 40
3.0
 40
4.0
 40
4.0
 40
4.0
 40
4.0
 10
44.43798175447949
 20
46.20651020317987
 10
44.49285382372354
 20
46.27173446951269
 10
44.58883559444905
 20
46.28141891376036
 10
44.65218614867314
 20
46.2281231667405
 10
44.71553670289718
 20
46.17482741972064
 10
44.72242015699062
 20
46.07860420614024
 10
44.66754808774658
 20
46.01337993980742
 10
44.61267601850254
 20
45.94815567347459
 10
44.516694247777
 20
45.93847122922692
 10
44.45334369355296
 20
45.99176697624681
 10
44.38999313932889
 20
46.04506272326667
 10
44.38310968523545
 20
46.14128593684707
 10
44.43798175447949
 20
46.20651020317987
 97
        0
 97
        0
 75
     0
 76
     1
 98
        0
  0
HATCH
  5
1C6
330
1F
100
AcDbEntity
  8
0
 62
     7
420
 16777215
440
 33554687
100
AcDbHatch
 10
0.0
 20
0.0
 30
0.0
210
0.0
220
0.0
230
1.0
  2
SOLID
 70
     1
 71
     1
 91
        1
 92
        0
 93
        1
 72
     4
 94
        3
 73
     0
 74
     1
 95
       17
 96
       13
 40
0.0
 40
0.0
 40
0.0
 40
0.0
 40
1.0
 40
1.0
 40
1.0
 40
2.0
 40
2.0
 40
2.0
 40
3.0
 40
3.0
 40
3.0
 40
4.0
 40
4.0
 40
4.0
 40
4.0
 10
33.71646496722472
 20
35.20979089660694
 10
33.77133703646877
 20
35.27501516293977
 10
33.8673188071943
 20
35.28469960718743
 10
33.93066936141835
 20
35.23140386016755
 10
33.99401991564241
 20
35.17810811314767
 10
34.00090336973586
 20
35.08188489956727
 10
33.94603130049181
 20
35.01666063323444
 10
33.89115923124777
 20
34.95143636690166
 10
33.79517746052223
 20
34.94175192265397
 10
33.73182690629819
 20
34.99504766967384
 10
33.66847635207412
 20
35.04834341669372
 10
33.66159289798068
 20
35.14456663027411
 10
33.71646496722472
 20
35.20979089660694
 97
        0
 97
        0
 75
     0
 76
     1
 98
        0
  0
HATCH
  5
1C7
330
1F
100
AcDbEntity
  8
0
 62
     7
420
 16777215
440
 33554687
100
AcDbHatch
 10
0.0
 20
0.0
 30
0.0
210
0.0
220
0.0
230
1.0
  2
SOLID
 70
     1
 71
     1
 91
        1
 92
        0
 93
        1
 72
     4
 94
        3
 73
     0
 74
     1
 95
       17
 96
       13
 40
0.0
 40
0.0
 40
0.0
 40
0.0
 40
1.0
 40
1.0
 40
1.0
 40
2.0
 40
2.0
 40
2.0
 40
3.0
 40
3.0
 40
3.0
 40
4.0
 40
4.0
 40
4.0
 40
4.0
 10
18.90941545734625
 20
17.49137830481951
 10
18.96885322611353
 20
17.56202963825224
 10
19.09066974998615
 20
17.55750427437015
 10
19.18127577521358
 20
17.48127896177196
 10
19.271881800441
 20
17.40505364917375
 10
19.29718647020482
 20
17.28580844761488
 10
19.23774870143754
 20
17.21515711418212
 10
19.17831093267029
 20
17.14450578074941
 10
19.05649440879764
 20
17.14903114463148
 10
18.96588838357021
 20
17.22525645722967
 10
18.87528235834279
 20
17.30148176982787
 10
18.84997768857897
 20
17.42072697138677
 10
18.90941545734625
 20
17.49137830481951
 97
        0
 97
        0
 75
     0
 76
     1
 98
        0
  0
HATCH
  5
1C8
330
1F
100
AcDbEntity
  8
0
 62
     7
420
 16777215
440
 33554687
100
AcDbHatch
 10
0.0
 20
0.0
 30
0.0
210
0.0
220
0.0
230
1.0
  2
SOLID
 70
     1
 71
     1
 91
        1
 92
        0
 93
        1
 72
     4
 94
        3
 73
     0
 74
     1
 95
       17
 96
       13
 40
0.0
 40
0.0
 40
0.0
 40
0.0
 40
1.0
 40
1.0
 40
1.0
 40
2.0
 40
2.0
 40
2.0
 40
3.0
 40
3.0
 40
3.0
 40
4.0
 40
4.0
 40
4.0
 40
4.0
 10
40.86414282539457
 20
42.5409371009889
 10
40.9190148946386
 20
42.60616136732172
 10
41.01499666536414
 20
42.61584581156939
 10
41.0783472195882
 20
42.56255006454951
 10
41.14169777381227
 20
42.50925431752962
 10
41.14858122790571
 20
42.41303110394922
 10
41.09370915866167
 20
42.3478068376164
 10
41.03883708941762
 20
42.2825825712836
 10
40.94285531869207
 20
42.27289812703593
 10
40.87950476446802
 20
42.32619387405579
 10
40.81615421024396
 20
42.37948962107568
 10
40.8092707561505
 20
42.47571283465607
 10
40.86414282539457
 20
42.5409371009889
 97
        0
 97
        0
 75
     0
 76
     1
 98
        0
  0
HATCH
  5
1C9
330
1F
100
AcDbEntity
  8
0
 62
     7
420
 16777215
440
 33554687
100
AcDbHatch
 10
0.0
 20
0.0
 30
0.0
210
0.0
220
0.0
230
1.0
  2
SOLID
 70
     1
 71
     1
 91
        1
 92
        0
 93
        1
 72
     4
 94
        3
 73
     0
 74
     1
 95
       17
 96
       13
 40
0.0
 40
0.0
 40
0.0
 40
0.0
 40
1.0
 40
1.0
 40
1.0
 40
2.0
 40
2.0
 40
2.0
 40
3.0
 40
3.0
 40
3.0
 40
4.0
 40
4.0
 40
4.0
 40
4.0
 10
21.30840817989026
 20
29.27611649660943
 10
21.36328024913432
 20
29.34134076294226
 10
21.45926201985984
 20
29.35102520718993
 10
21.5226125740839
 20
29.29772946017004
 10
21.58596312830797
 20
29.24443371315016
 10
21.59284658240139
 20
29.14821049956976
 10
21.53797451315735
 20
29.08298623323694
 10
21.48310244391332
 20
29.01776196690413
 10
21.38712067318777
 20
29.00807752265646
 10
21.32377011896372
 20
29.06137326967633
 10
21.26041956473968
 20
29.11466901669621
 10
21.25353611064622
 20
29.21089223027661
 10
21.30840817989026
 20
29.27611649660943
 97
        0
 97
        0
 75
     0
 76
     1
 98
        0
  0
HATCH
  5
1CA
330
1F
100
AcDbEntity
  8
0
 62
     7
420
 16777215
440
 33554687
100
AcDbHatch
 10
0.0
 20
0.0
 30
0.0
210
0.0
220
0.0
230
1.0
  2
SOLID
 70
     1
 71
     1
 91
        1
 92
        0
 93
        1
 72
     4
 94
        3
 73
     0
 74
     1
 95
       17
 96
       13
 40
0.0
 40
0.0
 40
0.0
 40
0.0
 40
1.0
 40
1.0
 40
1.0
 40
2.0
 40
2.0
 40
2.0
 40
3.0
 40
3.0
 40
3.0
 40
4.0
 40
4.0
 40
4.0
 40
4.0
 10
40.69239345080907
 20
24.71342283572139
 10
40.75183121957633
 20
24.78407416915412
 10
40.87364774344898
 20
24.77954880527205
 10
40.9642537686764
 20
24.70332349267386
 10
41.05485979390381
 20
24.62709818007566
 10
41.08016446366764
 20
24.50785297851676
 10
41.02072669490036
 20
24.43720164508402
 10
40.96128892613311
 20
24.3665503116513
 10
40.83947240226044
 20
24.37107567553339
 10
40.74886637703303
 20
24.44730098813157
 10
40.65826035180559
 20
24.5235263007298
 10
40.6329556820418
 20
24.64277150228867
 10
40.69239345080907
 20
24.71342283572139
 97
        0
 97
        0
 75
     0
 76
     1
 98
        0
  0
HATCH
  5
1CB
330
1F
100
AcDbEntity
  8
0
 62
     7
420
 16777215
440
 33554687
100
AcDbHatch
 10
0.0
 20
0.0
 30
0.0
210
0.0
220
0.0
230
1.0
  2
SOLID
 70
     1
 71
     1
 91
        1
 92
        0
 93
        1
 72
     4
 94
        3
 73
     0
 74
     1
 95
       17
 96
       13
 40
0.0
 40
0.0
 40
0.0
 40
0.0
 40
1.0
 40
1.0
 40
1.0
 40
2.0
 40
2.0
 40
2.0
 40
3.0
 40
3.0
 40
3.0
 40
4.0
 40
4.0
 40
4.0
 40
4.0
 10
20.12175217057094
 20
24.2928670974578
 10
20.17662423981499
 20
24.35809136379063
 10
20.27260601054052
 20
24.3677758080383
 10
20.33595656476457
 20
24.31448006101841
 10
20.39930711898863
 20
24.26118431399853
 10
20.40619057308208
 20
24.16496110041813
 10
20.35131850383803
 20
24.09973683408531
 10
20.29644643459399
 20
24.03451256775252
 10
20.20046466386845
 20
24.02482812350483
 10
20.13711410964441
 20
24.0781238705247
 10
20.07376355542034
 20
24.13141961754458
 10
20.0668801013269
 20
24.22764283112498
 10
20.12175217057094
 20
24.2928670974578
 97
        0
 97
        0
 75
     0
 76
     1
 98
        0
  0
HATCH
  5
1CC
330
1F
100
AcDbEntity
  8
0
 62
     7
420
 16777215
440
 33554687
100
AcDbHatch
 10
0.0
 20
0.0
 30
0.0
210
0.0
220
0.0
230
1.0
  2
SOLID
 70
     1
 71
     1
 91
        1
 92
        0
 93
        1
 72
     4
 94
        3
 73
     0
 74
     1
 95
       17
 96
       13
 40
0.0
 40
0.0
 40
0.0
 40
0.0
 40
1.0
 40
1.0
 40
1.0
 40
2.0
 40
2.0
 40
2.0
 40
3.0
 40
3.0
 40
3.0
 40
4.0
 40
4.0
 40
4.0
 40
4.0
 10
38.50231756123019
 20
32.4494641878749
 10
38.56175532999747
 20
32.52011552130764
 10
38.68357185387009
 20
32.51559015742554
 10
38.77417787909752
 20
32.43936484482736
 10
38.86478390432494
 20
32.36313953222915
 10
38.89008857408876
 20
32.24389433067027
 10
38.83065080532148
 20
32.17324299723752
 10
38.77121303655422
 20
32.1025916638048
 10
38.64939651268156
 20
32.10711702768688
 10
38.55879048745415
 20
32.18334234028507
 10
38.46818446222673
 20
32.25956765288327
 10
38.4428797924629
 20
32.37881285444217
 10
38.50231756123019
 20
32.4494641878749
 97
        0
 97
        0
 75
     0
 76
     1
 98
        0
  0
HATCH
  5
1CD
330
1F
100
AcDbEntity
  8
0
 62
     7
420
 16777215
440
 33554687
100
AcDbHatch
 10
0.0
 20
0.0
 30
0.0
210
0.0
220
0.0
230
1.0
  2
SOLID
 70
     1
 71
     1
 91
        1
 92
        0
 93
        1
 72
     4
 94
        3
 73
     0
 74
     1
 95
       17
 96
       13
 40
0.0
 40
0.0
 40
0.0
 40
0.0
 40
1.0
 40
1.0
 40
1.0
 40
2.0
 40
2.0
 40
2.0
 40
3.0
 40
3.0
 40
3.0
 40
4.0
 40
4.0
 40
4.0
 40
4.0
 10
16.54791324148603
 20
20.62729399526683
 10
16.60278531073007
 20
20.69251826159965
 10
16.69876708145561
 20
20.70220270584732
 10
16.76211763567966
 20
20.64890695882743
 10
16.82546818990372
 20
20.59561121180755
 10
16.83235164399715
 20
20.49938799822716
 10
16.77747957475312
 20
20.43416373189433
 10
16.72260750550907
 20
20.36893946556152
 10
16.62662573478354
 20
20.35925502131388
 10
16.56327518055949
 20
20.41255076833372
 10
16.49992462633543
 20
20.4658465153536
 10
16.49304117224198
 20
20.562069728934
 10
16.54791324148603
 20
20.62729399526683
 97
        0
 97
        0
 75
     0
 76
     1
 98
        0
  0
HATCH
  5
1CE
330
1F
100
AcDbEntity
  8
0
 62
     7
420
 16777215
440
 33554687
100
AcDbHatch
 10
0.0
 20
0.0
 30
0.0
210
0.0
220
0.0
230
1.0
  2
SOLID
 70
     1
 71
     1
 91
        1
 92
        0
 93
        1
 72
     4
 94
        3
 73
     0
 74
     1
 95
       17
 96
       13
 40
0.0
 40
0.0
 40
0.0
 40
0.0
 40
1.0
 40
1.0
 40
1.0
 40
2.0
 40
2.0
 40
2.0
 40
3.0
 40
3.0
 40
3.0
 40
4.0
 40
4.0
 40
4.0
 40
4.0
 10
34.79256199943419
 20
33.03855878713068
 10
34.85199976820147
 20
33.10921012056341
 10
34.9738162920741
 20
33.10468475668134
 10
35.06442231730152
 20
33.02845944408315
 10
35.15502834252893
 20
32.95223413148494
 10
35.18033301229276
 20
32.83298892992605
 10
35.12089524352548
 20
32.76233759649331
 10
35.06145747475822
 20
32.69168626306057
 10
34.93964095088558
 20
32.69621162694267
 10
34.84903492565815
 20
32.77243693954086
 10
34.75842890043073
 20
32.84866225213906
 10
34.73312423066692
 20
32.96790745369796
 10
34.79256199943419
 20
33.03855878713068
 97
        0
 97
        0
 75
     0
 76
     1
 98
        0
  0
HATCH
  5
1CF
330
1F
100
AcDbEntity
  8
0
 62
     7
420
 16777215
440
 33554687
100
AcDbHatch
 10
0.0
 20
0.0
 30
0.0
210
0.0
220
0.0
230
1.0
  2
SOLID
 70
     1
 71
     1
 91
        1
 92
        0
 93
        1
 72
     4
 94
        3
 73
     0
 74
     1
 95
       17
 96
       13
 40
0.0
 40
0.0
 40
0.0
 40
0.0
 40
1.0
 40
1.0
 40
1.0
 40
2.0
 40
2.0
 40
2.0
 40
3.0
 40
3.0
 40
3.0
 40
4.0
 40
4.0
 40
4.0
 40
4.0
 10
30.56074429018624
 20
24.67587394671931
 10
30.6201820589535
 20
24.74652528015205
 10
30.74199858282612
 20
24.74199991626995
 10
30.83260460805355
 20
24.66577460367177
 10
30.92321063328097
 20
24.58954929107357
 10
30.94851530304479
 20
24.47030408951467
 10
30.88907753427751
 20
24.39965275608195
 10
30.82963976551027
 20
24.32900142264922
 10
30.70782324163763
 20
24.33352678653129
 10
30.6172172164102
 20
24.40975209912948
 10
30.52661119118276
 20
24.48597741172768
 10
30.50130652141896
 20
24.60522261328659
 10
30.56074429018624
 20
24.67587394671931
 97
        0
 97
        0
 75
     0
 76
     1
 98
        0
  0
HATCH
  5
1D0
330
1F
100
AcDbEntity
  8
0
 62
     7
420
 16777215
440
 33554687
100
AcDbHatch
 10
0.0
 20
0.0
 30
0.0
210
0.0
220
0.0
230
1.0
  2
SOLID
 70
     1
 71
     1
 91
        1
 92
        0
 93
        1
 72
     4
 94
        3
 73
     0
 74
     1
 95
       17
 96
       13
 40
0.0
 40
0.0
 40
0.0
 40
0.0
 40
1.0
 40
1.0
 40
1.0
 40
2.0
 40
2.0
 40
2.0
 40
3.0
 40
3.0
 40
3.0
 40
4.0
 40
4.0
 40
4.0
 40
4.0
 10
33.84966533299636
 20
40.04873092075383
 10
33.90453740224042
 20
40.11395518708665
 10
34.00051917296594
 20
40.12363963133432
 10
34.06386972719
 20
40.07034388431445
 10
34.12722028141405
 20
40.01704813729459
 10
34.13410373550749
 20
39.92082492371419
 10
34.07923166626345
 20
39.85560065738137
 10
34.02435959701941
 20
39.79037639104855
 10
33.92837782629387
 20
39.78069194680088
 10
33.86502727206982
 20
39.83398769382076
 10
33.80167671784576
 20
39.88728344084063
 10
33.79479326375233
 20
39.98350665442102
 10
33.84966533299636
 20
40.04873092075383
 97
        0
 97
        0
 75
     0
 76
     1
 98
        0
  0
HATCH
  5
1D1
330
1F
100
AcDbEntity
  8
0
 62
     7
420
 16777215
440
 33554687
100
AcDbHatch
 10
0.0
 20
0.0
 30
0.0
210
0.0
220
0.0
230
1.0
  2
SOLID
 70
     1
 71
     1
 91
        1
 92
        0
 93
        1
 72
     4
 94
        3
 73
     0
 74
     1
 95
       17
 96
       13
 40
0.0
 40
0.0
 40
0.0
 40
0.0
 40
1.0
 40
1.0
 40
1.0
 40
2.0
 40
2.0
 40
2.0
 40
3.0
 40
3.0
 40
3.0
 40
4.0
 40
4.0
 40
4.0
 40
4.0
 10
54.38546410331813
 20
47.99664467018607
 10
54.44490187208539
 20
48.06729600361881
 10
54.56671839595801
 20
48.06277063973673
 10
54.65732442118546
 20
47.98654532713854
 10
54.74793044641287
 20
47.91032001454035
 10
54.77323511617668
 20
47.79107481298145
 10
54.71379734740942
 20
47.72042347954871
 10
54.65435957864216
 20
47.64977214611598
 10
54.53254305476952
 20
47.65429750999807
 10
54.44193702954209
 20
47.73052282259626
 10
54.35133100431465
 20
47.80674813519447
 10
54.32602633455085
 20
47.92599333675336
 10
54.38546410331813
 20
47.99664467018607
 97
        0
 97
        0
 75
     0
 76
     1
 98
        0
  0
HATCH
  5
1D2
330
1F
100
AcDbEntity
  8
0
 62
     7
420
 16777215
440
 33554687
100
AcDbHatch
 10
0.0
 20
0.0
 30
0.0
210
0.0
220
0.0
230
1.0
  2
SOLID
 70
     1
 71
     1
 91
        1
 92
        0
 93
        1
 72
     4
 94
        3
 73
     0
 74
     1
 95
       17
 96
       13
 40
0.0
 40
0.0
 40
0.0
 40
0.0
 40
1.0
 40
1.0
 40
1.0
 40
2.0
 40
2.0
 40
2.0
 40
3.0
 40
3.0
 40
3.0
 40
4.0
 40
4.0
 40
4.0
 40
4.0
 10
48.63396672185304
 20
32.48701307687701
 10
48.69340449062032
 20
32.55766441030975
 10
48.81522101449293
 20
32.55313904642765
 10
48.90582703972037
 20
32.47691373382947
 10
48.99643306494777
 20
32.40068842123127
 10
49.02173773471159
 20
32.28144321967237
 10
48.96229996594433
 20
32.21079188623965
 10
48.90286219717707
 20
32.14014055280692
 10
48.78104567330443
 20
32.14466591668899
 10
48.690439648077
 20
32.22089122928718
 10
48.59983362284958
 20
32.29711654188538
 10
48.57452895308577
 20
32.41636174344428
 10
48.63396672185304
 20
32.48701307687701
 97
        0
 97
        0
 75
     0
 76
     1
 98
        0
  0
HATCH
  5
1D3
330
1F
100
AcDbEntity
  8
0
 62
     7
420
 16777215
440
 33554687
100
AcDbHatch
 10
0.0
 20
0.0
 30
0.0
210
0.0
220
0.0
230
1.0
  2
SOLID
 70
     1
 71
     1
 91
        1
 92
        0
 93
        1
 72
     4
 94
        3
 73
     0
 74
     1
 95
       17
 96
       13
 40
0.0
 40
0.0
 40
0.0
 40
0.0
 40
1.0
 40
1.0
 40
1.0
 40
2.0
 40
2.0
 40
2.0
 40
3.0
 40
3.0
 40
3.0
 40
4.0
 40
4.0
 40
4.0
 40
4.0
 10
50.41467746779612
 20
44.1098495496083
 10
50.47411523656341
 20
44.18050088304103
 10
50.59593176043605
 20
44.17597551915894
 10
50.68653778566345
 20
44.09975020656076
 10
50.7771438108909
 20
44.02352489396255
 10
50.8024484806547
 20
43.90427969240366
 10
50.74301071188741
 20
43.83362835897092
 10
50.68357294312018
 20
43.76297702553821
 10
50.56175641924753
 20
43.76750238942028
 10
50.47115039402009
 20
43.84372770201846
 10
50.38054436879268
 20
43.91995301461667
 10
50.35523969902883
 20
44.03919821617557
 10
50.41467746779612
 20
44.1098495496083
 97
        0
 97
        0
 75
     0
 76
     1
 98
        0
  0
HATCH
  5
1D4
330
1F
100
AcDbEntity
  8
0
 62
     7
420
 16777215
440
 33554687
100
AcDbHatch
 10
0.0
 20
0.0
 30
0.0
210
0.0
220
0.0
230
1.0
  2
SOLID
 70
     1
 71
     1
 91
        1
 92
        0
 93
        1
 72
     4
 94
        3
 73
     0
 74
     1
 95
       17
 96
       13
 40
0.0
 40
0.0
 40
0.0
 40
0.0
 40
1.0
 40
1.0
 40
1.0
 40
2.0
 40
2.0
 40
2.0
 40
3.0
 40
3.0
 40
3.0
 40
4.0
 40
4.0
 40
4.0
 40
4.0
 10
26.70198747482655
 20
32.71758471637191
 10
26.75685954407057
 20
32.78280898270473
 10
26.85284131479611
 20
32.7924934269524
 10
26.91619186902017
 20
32.73919767993252
 10
26.97954242324422
 20
32.68590193291264
 10
26.98642587733768
 20
32.58967871933223
 10
26.93155380809361
 20
32.52445445299941
 10
26.87668173884957
 20
32.45923018666661
 10
26.78069996812404
 20
32.44954574241894
 10
26.71734941389999
 20
32.5028414894388
 10
26.65399885967593
 20
32.55613723645869
 10
26.64711540558248
 20
32.65236045003908
 10
26.70198747482655
 20
32.71758471637191
 97
        0
 97
        0
 75
     0
 76
     1
 98
        0
  0
HATCH
  5
1D5
330
1F
100
AcDbEntity
  8
0
 62
     7
420
 16777215
440
 33554687
100
AcDbHatch
 10
0.0
 20
0.0
 30
0.0
210
0.0
220
0.0
230
1.0
  2
SOLID
 70
     1
 71
     1
 91
        1
 92
        0
 93
        1
 72
     4
 94
        3
 73
     0
 74
     1
 95
       17
 96
       13
 40
0.0
 40
0.0
 40
0.0
 40
0.0
 40
1.0
 40
1.0
 40
1.0
 40
2.0
 40
2.0
 40
2.0
 40
3.0
 40
3.0
 40
3.0
 40
4.0
 40
4.0
 40
4.0
 40
4.0
 10
35.60376389622996
 20
43.93840890537334
 10
35.65863596547398
 20
44.00363317170617
 10
35.75461773619954
 20
44.01331761595384
 10
35.81796829042361
 20
43.96002186893395
 10
35.88131884464765
 20
43.90672612191407
 10
35.88820229874109
 20
43.81050290833367
 10
35.83333022949705
 20
43.74527864200085
 10
35.778458160253
 20
43.68005437566804
 10
35.68247638952747
 20
43.67036993142037
 10
35.61912583530343
 20
43.72366567844024
 10
35.55577528107936
 20
43.77696142546012
 10
35.54889182698592
 20
43.87318463904052
 10
35.60376389622996
 20
43.93840890537334
 97
        0
 97
        0
 75
     0
 76
     1
 98
        0
  0
HATCH
  5
1D6
330
1F
100
AcDbEntity
  8
0
 62
     7
420
 16777215
440
 33554687
100
AcDbHatch
 10
0.0
 20
0.0
 30
0.0
210
0.0
220
0.0
230
1.0
  2
SOLID
 70
     1
 71
     1
 91
        1
 92
        0
 93
        1
 72
     4
 94
        3
 73
     0
 74
     1
 95
       17
 96
       13
 40
0.0
 40
0.0
 40
0.0
 40
0.0
 40
1.0
 40
1.0
 40
1.0
 40
2.0
 40
2.0
 40
2.0
 40
3.0
 40
3.0
 40
3.0
 40
4.0
 40
4.0
 40
4.0
 40
4.0
 10
34.53153092570819
 20
28.56266906729713
 10
34.59096869447546
 20
28.63332040072986
 10
34.71278521834811
 20
28.62879503684777
 10
34.80339124357552
 20
28.55256972424958
 10
34.89399726880294
 20
28.47634441165138
 10
34.91930193856678
 20
28.35709921009248
 10
34.85986416979949
 20
28.28644787665974
 10
34.80042640103222
 20
28.21579654322703
 10
34.67860987715957
 20
28.22032190710911
 10
34.58800385193215
 20
28.29654721970729
 10
34.49739782670473
 20
28.3727725323055
 10
34.47209315694091
 20
28.49201773386439
 10
34.53153092570819
 20
28.56266906729713
 97
        0
 97
        0
 75
     0
 76
     1
 98
        0
  0
HATCH
  5
1D7
330
1F
100
AcDbEntity
  8
0
 62
     7
420
 16777215
440
 33554687
100
AcDbHatch
 10
0.0
 20
0.0
 30
0.0
210
0.0
220
0.0
230
1.0
  2
SOLID
 70
     1
 71
     1
 91
        1
 92
        0
 93
        1
 72
     4
 94
        3
 73
     0
 74
     1
 95
       17
 96
       13
 40
0.0
 40
0.0
 40
0.0
 40
0.0
 40
1.0
 40
1.0
 40
1.0
 40
2.0
 40
2.0
 40
2.0
 40
3.0
 40
3.0
 40
3.0
 40
4.0
 40
4.0
 40
4.0
 40
4.0
 10
48.14502104933606
 20
54.71102332951777
 10
48.19989311858011
 20
54.77624759585059
 10
48.29587488930564
 20
54.78593204009826
 10
48.3592254435297
 20
54.73263629307839
 10
48.42257599775375
 20
54.67934054605851
 10
48.42945945184719
 20
54.58311733247811
 10
48.37458738260313
 20
54.51789306614529
 10
48.3197153133591
 20
54.45266879981247
 10
48.22373354263355
 20
54.4429843555648
 10
48.16038298840951
 20
54.49628010258468
 10
48.09703243418546
 20
54.54957584960455
 10
48.090148980092
 20
54.64579906318495
 10
48.14502104933606
 20
54.71102332951777
 97
        0
 97
        0
 75
     0
 76
     1
 98
        0
  0
HATCH
  5
1D8
330
1F
100
AcDbEntity
  8
0
 62
     7
420
 16777215
440
 33554687
100
AcDbHatch
 10
0.0
 20
0.0
 30
0.0
210
0.0
220
0.0
230
1.0
  2
SOLID
 70
     1
 71
     1
 91
        1
 92
        0
 93
        1
 72
     4
 94
        3
 73
     0
 74
     1
 95
       17
 96
       13
 40
0.0
 40
0.0
 40
0.0
 40
0.0
 40
1.0
 40
1.0
 40
1.0
 40
2.0
 40
2.0
 40
2.0
 40
3.0
 40
3.0
 40
3.0
 40
4.0
 40
4.0
 40
4.0
 40
4.0
 10
17.73456925080534
 20
25.61054339441846
 10
17.78944132004941
 20
25.67576766075128
 10
17.88542309077493
 20
25.68545210499894
 10
17.94877364499899
 20
25.63215635797906
 10
18.01212419922303
 20
25.57886061095918
 10
18.01900765331647
 20
25.48263739737878
 10
17.96413558407244
 20
25.41741313104596
 10
17.90926351482839
 20
25.35218886471316
 10
17.81328174410286
 20
25.34250442046549
 10
17.74993118987882
 20
25.39580016748535
 10
17.68658063565474
 20
25.44909591450524
 10
17.67969718156131
 20
25.54531912808563
 10
17.73456925080534
 20
25.61054339441846
 97
        0
 97
        0
 75
     0
 76
     1
 98
        0
  0
HATCH
  5
1D9
330
1F
100
AcDbEntity
  8
0
 62
     7
420
 16777215
440
 33554687
100
AcDbHatch
 10
0.0
 20
0.0
 30
0.0
210
0.0
220
0.0
230
1.0
  2
SOLID
 70
     1
 71
     1
 91
        1
 92
        0
 93
        1
 72
     4
 94
        3
 73
     0
 74
     1
 95
       17
 96
       13
 40
0.0
 40
0.0
 40
0.0
 40
0.0
 40
1.0
 40
1.0
 40
1.0
 40
2.0
 40
2.0
 40
2.0
 40
3.0
 40
3.0
 40
3.0
 40
4.0
 40
4.0
 40
4.0
 40
4.0
 10
42.73413527047816
 20
40.81214902828626
 10
42.79357303924544
 20
40.882800361719
 10
42.91538956311805
 20
40.87827499783692
 10
43.00599558834549
 20
40.80204968523874
 10
43.09660161357289
 20
40.72582437264053
 10
43.12190628333671
 20
40.60657917108163
 10
43.06246851456945
 20
40.5359278376489
 10
43.00303074580219
 20
40.46527650421616
 10
42.88121422192955
 20
40.46980186809826
 10
42.79060819670212
 20
40.54602718069645
 10
42.7000021714747
 20
40.62225249329465
 10
42.67469750171089
 20
40.74149769485355
 10
42.73413527047816
 20
40.81214902828626
 97
        0
 97
        0
 75
     0
 76
     1
 98
        0
  0
HATCH
  5
1DA
330
1F
100
AcDbEntity
  8
0
 62
     7
420
 16777215
440
 33554687
100
AcDbHatch
 10
0.0
 20
0.0
 30
0.0
210
0.0
220
0.0
230
1.0
  2
SOLID
 70
     1
 71
     1
 91
        1
 92
        0
 93
        1
 72
     4
 94
        3
 73
     0
 74
     1
 95
       17
 96
       13
 40
0.0
 40
0.0
 40
0.0
 40
0.0
 40
1.0
 40
1.0
 40
1.0
 40
2.0
 40
2.0
 40
2.0
 40
3.0
 40
3.0
 40
3.0
 40
4.0
 40
4.0
 40
4.0
 40
4.0
 10
58.3562507388401
 20
51.88343979076389
 10
58.41568850760736
 20
51.95409112419664
 10
58.53750503148002
 20
51.94956576031456
 10
58.62811105670743
 20
51.87334044771637
 10
58.71871708193487
 20
51.79711513511815
 10
58.74402175169867
 20
51.67786993355926
 10
58.68458398293139
 20
51.60721860012652
 10
58.62514621416415
 20
51.53656726669379
 10
58.5033296902915
 20
51.54109263057589
 10
58.41272366506406
 20
51.61731794317408
 10
58.32211763983666
 20
51.69354325577228
 10
58.29681297007282
 20
51.81278845733117
 10
58.3562507388401
 20
51.88343979076389
 97
        0
 97
        0
 75
     0
 76
     1
 98
        0
  0
HATCH
  5
1DB
330
1F
100
AcDbEntity
  8
0
 62
     7
420
 16777215
440
 33554687
100
AcDbHatch
 10
0.0
 20
0.0
 30
0.0
210
0.0
220
0.0
230
1.0
  2
SOLID
 70
     1
 71
     1
 91
        1
 92
        0
 93
        1
 72
     4
 94
        3
 73
     0
 74
     1
 95
       17
 96
       13
 40
0.0
 40
0.0
 40
0.0
 40
0.0
 40
1.0
 40
1.0
 40
1.0
 40
2.0
 40
2.0
 40
2.0
 40
3.0
 40
3.0
 40
3.0
 40
4.0
 40
4.0
 40
4.0
 40
4.0
 10
19.5543096166567
 20
25.38643851198995
 10
19.60918168590074
 20
25.45166277832278
 10
19.70516345662627
 20
25.46134722257045
 10
19.76851401085032
 20
25.40805147555056
 10
19.83186456507438
 20
25.35475572853068
 10
19.83874801916783
 20
25.25853251495028
 10
19.78387594992378
 20
25.19330824861746
 10
19.72900388067974
 20
25.12808398228465
 10
19.6330221099542
 20
25.11839953803698
 10
19.56967155573016
 20
25.17169528505685
 10
19.50632100150609
 20
25.22499103207673
 10
19.49943754741265
 20
25.32121424565712
 10
19.5543096166567
 20
25.38643851198995
 97
        0
 97
        0
 75
     0
 76
     1
 98
        0
  0
HATCH
  5
1DC
330
1F
100
AcDbEntity
  8
0
 62
     7
420
 16777215
440
 33554687
100
AcDbHatch
 10
0.0
 20
0.0
 30
0.0
210
0.0
220
0.0
230
1.0
  2
SOLID
 70
     1
 71
     1
 91
        1
 92
        0
 93
        1
 72
     4
 94
        3
 73
     0
 74
     1
 95
       17
 96
       13
 40
0.0
 40
0.0
 40
0.0
 40
0.0
 40
1.0
 40
1.0
 40
1.0
 40
2.0
 40
2.0
 40
2.0
 40
3.0
 40
3.0
 40
3.0
 40
4.0
 40
4.0
 40
4.0
 40
4.0
 10
55.36907261850894
 20
31.82468185883037
 10
55.42851038727624
 20
31.89533319226311
 10
55.55032691114886
 20
31.89080782838103
 10
55.64093293637629
 20
31.81458251578285
 10
55.73153896160372
 20
31.73835720318464
 10
55.75684363136753
 20
31.61911200162574
 10
55.69740586260026
 20
31.54846066819301
 10
55.63796809383302
 20
31.47780933476027
 10
55.51615156996036
 20
31.48233469864237
 10
55.42554554473291
 20
31.55856001124055
 10
55.33493951950552
 20
31.63478532383876
 10
55.30963484974168
 20
31.75403052539766
 10
55.36907261850894
 20
31.82468185883037
 97
        0
 97
        0
 75
     0
 76
     1
 98
        0
  0
HATCH
  5
1DD
330
1F
100
AcDbEntity
  8
0
 62
     7
420
 16777215
440
 33554687
100
AcDbHatch
 10
0.0
 20
0.0
 30
0.0
210
0.0
220
0.0
230
1.0
  2
SOLID
 70
     1
 71
     1
 91
        1
 92
        0
 93
        1
 72
     4
 94
        3
 73
     0
 74
     1
 95
       17
 96
       13
 40
0.0
 40
0.0
 40
0.0
 40
0.0
 40
1.0
 40
1.0
 40
1.0
 40
2.0
 40
2.0
 40
2.0
 40
3.0
 40
3.0
 40
3.0
 40
4.0
 40
4.0
 40
4.0
 40
4.0
 10
47.37954586285062
 20
50.61066090048845
 10
47.4389836316179
 20
50.6813122339212
 10
47.56080015549051
 20
50.67678687003912
 10
47.65140618071795
 20
50.60056155744094
 10
47.74201220594538
 20
50.52433624484271
 10
47.76731687570917
 20
50.40509104328383
 10
47.70787910694192
 20
50.33443970985109
 10
47.64844133817466
 20
50.26378837641836
 10
47.52662481430201
 20
50.26831374030046
 10
47.43601878907459
 20
50.34453905289865
 10
47.34541276384716
 20
50.42076436549685
 10
47.32010809408334
 20
50.54000956705574
 10
47.37954586285062
 20
50.61066090048845
 97
        0
 97
        0
 75
     0
 76
     1
 98
        0
  0
HATCH
  5
1DE
330
1F
100
AcDbEntity
  8
0
 62
     7
420
 16777215
440
 33554687
100
AcDbHatch
 10
0.0
 20
0.0
 30
0.0
210
0.0
220
0.0
230
1.0
  2
SOLID
 70
     1
 71
     1
 91
        1
 92
        0
 93
        1
 72
     4
 94
        3
 73
     0
 74
     1
 95
       17
 96
       13
 40
0.0
 40
0.0
 40
0.0
 40
0.0
 40
1.0
 40
1.0
 40
1.0
 40
2.0
 40
2.0
 40
2.0
 40
3.0
 40
3.0
 40
3.0
 40
4.0
 40
4.0
 40
4.0
 40
4.0
 10
27.5256126852407
 20
31.17668529759947
 10
27.58505045400797
 20
31.2473366310322
 10
27.7068669778806
 20
31.24281126715013
 10
27.79747300310803
 20
31.16658595455194
 10
27.88807902833545
 20
31.09036064195374
 10
27.91338369809927
 20
30.97111544039484
 10
27.85394592933199
 20
30.9004641069621
 10
27.79450816056473
 20
30.82981277352937
 10
27.67269163669208
 20
30.83433813741146
 10
27.58208561146466
 20
30.91056345000965
 10
27.49147958623724
 20
30.98678876260788
 10
27.46617491647342
 20
31.10603396416676
 10
27.5256126852407
 20
31.17668529759947
 97
        0
 97
        0
 75
     0
 76
     1
 98
        0
  0
HATCH
  5
1DF
330
1F
100
AcDbEntity
  8
0
 62
     7
420
 16777215
440
 33554687
100
AcDbHatch
 10
0.0
 20
0.0
 30
0.0
210
0.0
220
0.0
230
1.0
  2
SOLID
 70
     1
 71
     1
 91
        1
 92
        0
 93
        1
 72
     4
 94
        3
 73
     0
 74
     1
 95
       17
 96
       13
 40
0.0
 40
0.0
 40
0.0
 40
0.0
 40
1.0
 40
1.0
 40
1.0
 40
2.0
 40
2.0
 40
2.0
 40
3.0
 40
3.0
 40
3.0
 40
4.0
 40
4.0
 40
4.0
 40
4.0
 10
42.47310419675215
 20
36.33625930845272
 10
42.53254196551944
 20
36.40691064188545
 10
42.65435848939208
 20
36.40238527800336
 10
42.74496451461947
 20
36.32615996540517
 10
42.83557053984693
 20
36.24993465280696
 10
42.86087520961073
 20
36.13068945124807
 10
42.80143744084343
 20
36.06003811781533
 10
42.74199967207619
 20
35.98938678438262
 10
42.62018314820356
 20
35.99391214826471
 10
42.52957712297612
 20
36.0701374608629
 10
42.43897109774871
 20
36.14636277346109
 10
42.41366642798488
 20
36.26560797501998
 10
42.47310419675215
 20
36.33625930845272
 97
        0
 97
        0
 75
     0
 76
     1
 98
        0
  0
HATCH
  5
1E0
330
1F
100
AcDbEntity
  8
0
 62
     7
420
 16777215
440
 33554687
100
AcDbHatch
 10
0.0
 20
0.0
 30
0.0
210
0.0
220
0.0
230
1.0
  2
SOLID
 70
     1
 71
     1
 91
        1
 92
        0
 93
        1
 72
     4
 94
        3
 73
     0
 74
     1
 95
       17
 96
       13
 40
0.0
 40
0.0
 40
0.0
 40
0.0
 40
1.0
 40
1.0
 40
1.0
 40
2.0
 40
2.0
 40
2.0
 40
3.0
 40
3.0
 40
3.0
 40
4.0
 40
4.0
 40
4.0
 40
4.0
 10
43.45671271194301
 20
20.16429649709701
 10
43.5161504807103
 20
20.23494783052975
 10
43.63796700458293
 20
20.23042246664765
 10
43.72857302981033
 20
20.15419715404946
 10
43.81917905503778
 20
20.07797184145126
 10
43.84448372480159
 20
19.95872663989238
 10
43.78504595603432
 20
19.88807530645963
 10
43.72560818726708
 20
19.81742397302691
 10
43.60379166339441
 20
19.82194933690899
 10
43.51318563816697
 20
19.89817464950718
 10
43.42257961293956
 20
19.97439996210538
 10
43.39727494317575
 20
20.09364516366428
 10
43.45671271194301
 20
20.16429649709701
 97
        0
 97
        0
 75
     0
 76
     1
 98
        0
  0
HATCH
  5
1E1
330
1F
100
AcDbEntity
  8
0
 62
     7
420
 16777215
440
 33554687
100
AcDbHatch
 10
0.0
 20
0.0
 30
0.0
210
0.0
220
0.0
230
1.0
  2
SOLID
 70
     1
 71
     1
 91
        1
 92
        0
 93
        1
 72
     4
 94
        3
 73
     0
 74
     1
 95
       17
 96
       13
 40
0.0
 40
0.0
 40
0.0
 40
0.0
 40
1.0
 40
1.0
 40
1.0
 40
2.0
 40
2.0
 40
2.0
 40
3.0
 40
3.0
 40
3.0
 40
4.0
 40
4.0
 40
4.0
 40
4.0
 10
36.45079447147552
 20
22.77831272739935
 10
36.51023224024279
 20
22.84896406083209
 10
36.63204876411542
 20
22.84443869695003
 10
36.72265478934287
 20
22.76821338435185
 10
36.81326081457027
 20
22.69198807175362
 10
36.83856548433409
 20
22.57274287019472
 10
36.77912771556683
 20
22.50209153676199
 10
36.71968994679955
 20
22.43144020332925
 10
36.5978734229269
 20
22.43596556721135
 10
36.5072673976995
 20
22.51219087980954
 10
36.41666137247206
 20
22.58841619240774
 10
36.39135670270824
 20
22.70766139396664
 10
36.45079447147552
 20
22.77831272739935
 97
        0
 97
        0
 75
     0
 76
     1
 98
        0
  0
HATCH
  5
1E2
330
1F
100
AcDbEntity
  8
0
 62
     7
420
 16777215
440
 33554687
100
AcDbHatch
 10
0.0
 20
0.0
 30
0.0
210
0.0
220
0.0
230
1.0
  2
SOLID
 70
     1
 71
     1
 91
        1
 92
        0
 93
        1
 72
     4
 94
        3
 73
     0
 74
     1
 95
       17
 96
       13
 40
0.0
 40
0.0
 40
0.0
 40
0.0
 40
1.0
 40
1.0
 40
1.0
 40
2.0
 40
2.0
 40
2.0
 40
3.0
 40
3.0
 40
3.0
 40
4.0
 40
4.0
 40
4.0
 40
4.0
 10
59.33985925403097
 20
35.71147697940818
 10
59.39929702279824
 20
35.78212831284092
 10
59.52111354667087
 20
35.77760294895882
 10
59.6117195718983
 20
35.70137763636064
 10
59.70232559712572
 20
35.62515232376244
 10
59.72763026688953
 20
35.50590712220355
 10
59.66819249812224
 20
35.4352557887708
 10
59.608754729355
 20
35.36460445533809
 10
59.48693820548235
 20
35.36912981922016
 10
59.39633218025493
 20
35.44535513181835
 10
59.30572615502751
 20
35.52158044441655
 10
59.28042148526367
 20
35.64082564597545
 10
59.33985925403097
 20
35.71147697940818
 97
        0
 97
        0
 75
     0
 76
     1
 98
        0
  0
HATCH
  5
1E3
330
1F
100
AcDbEntity
  8
0
 62
     7
420
 16777215
440
 33554687
100
AcDbHatch
 10
0.0
 20
0.0
 30
0.0
210
0.0
220
0.0
230
1.0
  2
SOLID
 70
     1
 71
     1
 91
        1
 92
        0
 93
        1
 72
     4
 94
        3
 73
     0
 74
     1
 95
       17
 96
       13
 40
0.0
 40
0.0
 40
0.0
 40
0.0
 40
1.0
 40
1.0
 40
1.0
 40
2.0
 40
2.0
 40
2.0
 40
3.0
 40
3.0
 40
3.0
 40
4.0
 40
4.0
 40
4.0
 40
4.0
 10
48.01182068356441
 20
49.87208330537085
 10
48.06669275280845
 20
49.93730757170368
 10
48.16267452353399
 20
49.94699201595134
 10
48.22602507775805
 20
49.89369626893148
 10
48.2893756319821
 20
49.84040052191162
 10
48.29625908607554
 20
49.74417730833122
 10
48.24138701683152
 20
49.6789530419984
 10
48.18651494758745
 20
49.61372877566557
 10
48.09053317686192
 20
49.6040443314179
 10
48.02718262263787
 20
49.65734007843778
 10
47.96383206841381
 20
49.71063582545765
 10
47.95694861432035
 20
49.80685903903807
 10
48.01182068356441
 20
49.87208330537085
 97
        0
 97
        0
 75
     0
 76
     1
 98
        0
  0
HATCH
  5
1E4
330
1F
100
AcDbEntity
  8
0
 62
     7
420
 16777215
440
 33554687
100
AcDbHatch
 10
0.0
 20
0.0
 30
0.0
210
0.0
220
0.0
230
1.0
  2
SOLID
 70
     1
 71
     1
 91
        1
 92
        0
 93
        1
 72
     4
 94
        3
 73
     0
 74
     1
 95
       17
 96
       13
 40
0.0
 40
0.0
 40
0.0
 40
0.0
 40
1.0
 40
1.0
 40
1.0
 40
2.0
 40
2.0
 40
2.0
 40
3.0
 40
3.0
 40
3.0
 40
4.0
 40
4.0
 40
4.0
 40
4.0
 10
22.88020209286824
 20
21.37817342539728
 10
22.93963986163553
 20
21.44882475883001
 10
23.06145638550814
 20
21.44429939494792
 10
23.15206241073557
 20
21.36807408234973
 10
23.24266843596301
 20
21.29184876975152
 10
23.26797310572681
 20
21.17260356819263
 10
23.20853533695953
 20
21.10195223475989
 10
23.14909756819227
 20
21.03130090132718
 10
23.02728104431964
 20
21.03582626520925
 10
22.93667501909222
 20
21.11205157780744
 10
22.84606899386479
 20
21.18827689040565
 10
22.82076432410096
 20
21.30752209196454
 10
22.88020209286824
 20
21.37817342539728
 97
        0
 97
        0
 75
     0
 76
     1
 98
        0
  0
HATCH
  5
1E5
330
1F
100
AcDbEntity
  8
0
 62
     7
420
 16777215
440
 33554687
100
AcDbHatch
 10
0.0
 20
0.0
 30
0.0
210
0.0
220
0.0
230
1.0
  2
SOLID
 70
     1
 71
     1
 91
        1
 92
        0
 93
        1
 72
     4
 94
        3
 73
     0
 74
     1
 95
       17
 96
       13
 40
0.0
 40
0.0
 40
0.0
 40
0.0
 40
1.0
 40
1.0
 40
1.0
 40
2.0
 40
2.0
 40
2.0
 40
3.0
 40
3.0
 40
3.0
 40
4.0
 40
4.0
 40
4.0
 40
4.0
 10
37.42350426208127
 20
43.71430402294484
 10
37.47837633132534
 20
43.77952828927766
 10
37.57435810205085
 20
43.78921273352533
 10
37.63770865627494
 20
43.73591698650545
 10
37.70105921049898
 20
43.68262123948557
 10
37.70794266459241
 20
43.58639802590517
 10
37.65307059534838
 20
43.52117375957235
 10
37.59819852610434
 20
43.45594949323954
 10
37.5022167553788
 20
43.44626504899188
 10
37.43886620115476
 20
43.49956079601174
 10
37.37551564693069
 20
43.55285654303162
 10
37.36863219283725
 20
43.64907975661202
 10
37.42350426208127
 20
43.71430402294484
 97
        0
 97
        0
 75
     0
 76
     1
 98
        0
  0
HATCH
  5
1E6
330
1F
100
AcDbEntity
  8
0
 62
     7
420
 16777215
440
 33554687
100
AcDbHatch
 10
0.0
 20
0.0
 30
0.0
210
0.0
220
0.0
230
1.0
  2
SOLID
 70
     1
 71
     1
 91
        1
 92
        0
 93
        1
 72
     4
 94
        3
 73
     0
 74
     1
 95
       17
 96
       13
 40
0.0
 40
0.0
 40
0.0
 40
0.0
 40
1.0
 40
1.0
 40
1.0
 40
2.0
 40
2.0
 40
2.0
 40
3.0
 40
3.0
 40
3.0
 40
4.0
 40
4.0
 40
4.0
 40
4.0
 10
21.44160854566191
 20
34.11505652075632
 10
21.49648061490596
 20
34.18028078708914
 10
21.59246238563149
 20
34.18996523133681
 10
21.65581293985555
 20
34.13666948431693
 10
21.7191634940796
 20
34.08337373729704
 10
21.72604694817304
 20
33.98715052371664
 10
21.67117487892902
 20
33.92192625738382
 10
21.61630280968496
 20
33.85670199105102
 10
21.52032103895944
 20
33.84701754680335
 10
21.45697048473539
 20
33.90031329382321
 10
21.39361993051131
 20
33.9536090408431
 10
21.38673647641789
 20
34.04983225442349
 10
21.44160854566191
 20
34.11505652075632
 97
        0
 97
        0
 75
     0
 76
     1
 98
        0
  0
HATCH
  5
1E7
330
1F
100
AcDbEntity
  8
0
 62
     7
420
 16777215
440
 33554687
100
AcDbHatch
 10
0.0
 20
0.0
 30
0.0
210
0.0
220
0.0
230
1.0
  2
SOLID
 70
     1
 71
     1
 91
        1
 92
        0
 93
        1
 72
     4
 94
        3
 73
     0
 74
     1
 95
       17
 96
       13
 40
0.0
 40
0.0
 40
0.0
 40
0.0
 40
1.0
 40
1.0
 40
1.0
 40
2.0
 40
2.0
 40
2.0
 40
3.0
 40
3.0
 40
3.0
 40
4.0
 40
4.0
 40
4.0
 40
4.0
 10
47.688530421191
 20
28.52698133750837
 10
47.74796818995828
 20
28.59763267094111
 10
47.8697847138309
 20
28.59310730705901
 10
47.96039073905833
 20
28.51688199446082
 10
48.05099676428575
 20
28.44065668186264
 10
48.07630143404957
 20
28.32141148030372
 10
48.01686366528229
 20
28.25076014687099
 10
47.95742589651503
 20
28.18010881343827
 10
47.83560937264237
 20
28.18463417732037
 10
47.74500334741496
 20
28.26085948991854
 10
47.65439732218753
 20
28.33708480251674
 10
47.6290926524237
 20
28.45633000407564
 10
47.688530421191
 20
28.52698133750837
 97
        0
 97
        0
 75
     0
 76
     1
 98
        0
  0
HATCH
  5
1E8
330
1F
100
AcDbEntity
  8
0
 62
     7
420
 16777215
440
 33554687
100
AcDbHatch
 10
0.0
 20
0.0
 30
0.0
210
0.0
220
0.0
230
1.0
  2
SOLID
 70
     1
 71
     1
 91
        1
 92
        0
 93
        1
 72
     4
 94
        3
 73
     0
 74
     1
 95
       17
 96
       13
 40
0.0
 40
0.0
 40
0.0
 40
0.0
 40
1.0
 40
1.0
 40
1.0
 40
2.0
 40
2.0
 40
2.0
 40
3.0
 40
3.0
 40
3.0
 40
4.0
 40
4.0
 40
4.0
 40
4.0
 10
32.48000783595354
 20
18.89151760682158
 10
32.53944560472081
 20
18.96216894025432
 10
32.66126212859344
 20
18.95764357637222
 10
32.75186815382087
 20
18.88141826377403
 10
32.84247417904829
 20
18.80519295117583
 10
32.8677788488121
 20
18.68594774961695
 10
32.80834108004483
 20
18.61529641618419
 10
32.74890331127757
 20
18.54464508275148
 10
32.62708678740492
 20
18.54917044663355
 10
32.5364807621775
 20
18.62539575923174
 10
32.44587473695007
 20
18.70162107182995
 10
32.42057006718625
 20
18.82086627338884
 10
32.48000783595354
 20
18.89151760682158
 97
        0
 97
        0
 75
     0
 76
     1
 98
        0
  0
HATCH
  5
1E9
330
1F
100
AcDbEntity
  8
0
 62
     7
420
 16777215
440
 33554687
100
AcDbHatch
 10
0.0
 20
0.0
 30
0.0
210
0.0
220
0.0
230
1.0
  2
SOLID
 70
     1
 71
     1
 91
        1
 92
        0
 93
        1
 72
     4
 94
        3
 73
     0
 74
     1
 95
       17
 96
       13
 40
0.0
 40
0.0
 40
0.0
 40
0.0
 40
1.0
 40
1.0
 40
1.0
 40
2.0
 40
2.0
 40
2.0
 40
3.0
 40
3.0
 40
3.0
 40
4.0
 40
4.0
 40
4.0
 40
4.0
 10
51.65931705671296
 20
32.41377645808615
 10
51.71875482548026
 20
32.48442779151888
 10
51.84057134935289
 20
32.4799024276368
 10
51.93117737458032
 20
32.40367711503862
 10
52.02178339980774
 20
32.32745180244041
 10
52.04708806957153
 20
32.20820660088152
 10
51.98765030080428
 20
32.13755526744878
 10
51.92821253203699
 20
32.06690393401605
 10
51.80639600816437
 20
32.07142929789814
 10
51.71578998293693
 20
32.14765461049633
 10
51.62518395770952
 20
32.22387992309454
 10
51.5998792879457
 20
32.34312512465345
 10
51.65931705671296
 20
32.41377645808615
 97
        0
 97
        0
 75
     0
 76
     1
 98
        0
  0
HATCH
  5
1EA
330
1F
100
AcDbEntity
  8
0
 62
     7
420
 16777215
440
 33554687
100
AcDbHatch
 10
0.0
 20
0.0
 30
0.0
210
0.0
220
0.0
230
1.0
  2
SOLID
 70
     1
 71
     1
 91
        1
 92
        0
 93
        1
 72
     4
 94
        3
 73
     0
 74
     1
 95
       17
 96
       13
 40
0.0
 40
0.0
 40
0.0
 40
0.0
 40
1.0
 40
1.0
 40
1.0
 40
2.0
 40
2.0
 40
2.0
 40
3.0
 40
3.0
 40
3.0
 40
4.0
 40
4.0
 40
4.0
 40
4.0
 10
51.398285982987
 20
27.9378867382526
 10
51.45772375175427
 20
28.00853807168534
 10
51.57954027562692
 20
28.00401270780324
 10
51.67014630085431
 20
27.92778739520505
 10
51.76075232608177
 20
27.85156208260687
 10
51.78605699584556
 20
27.73231688104795
 10
51.72661922707827
 20
27.66166554761524
 10
51.66718145831103
 20
27.5910142141825
 10
51.5453649344384
 20
27.59553957806457
 10
51.45475890921096
 20
27.67176489066276
 10
51.36415288398355
 20
27.74799020326097
 10
51.33884821421972
 20
27.86723540481987
 10
51.398285982987
 20
27.9378867382526
 97
        0
 97
        0
 75
     0
 76
     1
 98
        0
  0
HATCH
  5
1EB
330
1F
100
AcDbEntity
  8
0
 62
     7
420
 16777215
440
 33554687
100
AcDbHatch
 10
0.0
 20
0.0
 30
0.0
210
0.0
220
0.0
230
1.0
  2
SOLID
 70
     1
 71
     1
 91
        1
 92
        0
 93
        1
 72
     4
 94
        3
 73
     0
 74
     1
 95
       17
 96
       13
 40
0.0
 40
0.0
 40
0.0
 40
0.0
 40
1.0
 40
1.0
 40
1.0
 40
2.0
 40
2.0
 40
2.0
 40
3.0
 40
3.0
 40
3.0
 40
4.0
 40
4.0
 40
4.0
 40
4.0
 10
17.867769616577
 20
30.44948341856534
 10
17.92264168582104
 20
30.51470768489816
 10
18.01862345654657
 20
30.52439212914583
 10
18.08197401077064
 20
30.47109638212596
 10
18.14532456499468
 20
30.4178006351061
 10
18.15220801908813
 20
30.32157742152571
 10
18.09733594984408
 20
30.25635315519288
 10
18.04246388060004
 20
30.19112888886006
 10
17.94648210987451
 20
30.18144444461239
 10
17.88313155565046
 20
30.23474019163228
 10
17.8197810014264
 20
30.28803593865216
 10
17.81289754733295
 20
30.38425915223253
 10
17.867769616577
 20
30.44948341856534
 97
        0
 97
        0
 75
     0
 76
     1
 98
        0
  0
HATCH
  5
1EC
330
1F
100
AcDbEntity
  8
0
 62
     7
420
 16777215
440
 33554687
100
AcDbHatch
 10
0.0
 20
0.0
 30
0.0
210
0.0
220
0.0
230
1.0
  2
SOLID
 70
     1
 71
     1
 91
        1
 92
        0
 93
        1
 72
     4
 94
        3
 73
     0
 74
     1
 95
       17
 96
       13
 40
0.0
 40
0.0
 40
0.0
 40
0.0
 40
1.0
 40
1.0
 40
1.0
 40
2.0
 40
2.0
 40
2.0
 40
3.0
 40
3.0
 40
3.0
 40
4.0
 40
4.0
 40
4.0
 40
4.0
 10
39.43797259180667
 20
42.83707065933287
 10
39.49741036057395
 20
42.9077219927656
 10
39.61922688444658
 20
42.90319662888351
 10
39.709832909674
 20
42.82697131628532
 10
39.80043893490142
 20
42.75074600368712
 10
39.82574360466524
 20
42.63150080212822
 10
39.76630583589798
 20
42.56084946869549
 10
39.70686806713071
 20
42.49019813526277
 10
39.58505154325804
 20
42.49472349914485
 10
39.49444551803063
 20
42.57094881174303
 10
39.40383949280321
 20
42.64717412434123
 10
39.37853482303937
 20
42.76641932590014
 10
39.43797259180667
 20
42.83707065933287
 97
        0
 97
        0
 75
     0
 76
     1
 98
        0
  0
HATCH
  5
1ED
330
1F
100
AcDbEntity
  8
0
 62
     7
420
 16777215
440
 33554687
100
AcDbHatch
 10
0.0
 20
0.0
 30
0.0
210
0.0
220
0.0
230
1.0
  2
SOLID
 70
     1
 71
     1
 91
        1
 92
        0
 93
        1
 72
     4
 94
        3
 73
     0
 74
     1
 95
       17
 96
       13
 40
0.0
 40
0.0
 40
0.0
 40
0.0
 40
1.0
 40
1.0
 40
1.0
 40
2.0
 40
2.0
 40
2.0
 40
3.0
 40
3.0
 40
3.0
 40
4.0
 40
4.0
 40
4.0
 40
4.0
 10
48.36315437804146
 20
34.43869808913275
 10
48.42259214680875
 20
34.50934942256549
 10
48.54440867068136
 20
34.50482405868341
 10
48.6350146959088
 20
34.42859874608522
 10
48.72562072113622
 20
34.35237343348702
 10
48.75092539090002
 20
34.23312823192812
 10
48.69148762213276
 20
34.16247689849538
 10
48.63204985336549
 20
34.09182556506266
 10
48.51023332949286
 20
34.09635092894475
 10
48.41962730426543
 20
34.17257624154293
 10
48.32902127903801
 20
34.24880155414116
 10
48.3037166092742
 20
34.36804675570004
 10
48.36315437804146
 20
34.43869808913275
 97
        0
 97
        0
 75
     0
 76
     1
 98
        0
  0
HATCH
  5
1EE
330
1F
100
AcDbEntity
  8
0
 62
     7
420
 16777215
440
 33554687
100
AcDbHatch
 10
0.0
 20
0.0
 30
0.0
210
0.0
220
0.0
230
1.0
  2
SOLID
 70
     1
 71
     1
 91
        1
 92
        0
 93
        1
 72
     4
 94
        3
 73
     0
 74
     1
 95
       17
 96
       13
 40
0.0
 40
0.0
 40
0.0
 40
0.0
 40
1.0
 40
1.0
 40
1.0
 40
2.0
 40
2.0
 40
2.0
 40
3.0
 40
3.0
 40
3.0
 40
4.0
 40
4.0
 40
4.0
 40
4.0
 10
40.4215811069975
 20
26.66510784797717
 10
40.48101887576478
 20
26.7357591814099
 10
40.60283539963743
 20
26.7312338175278
 10
40.69344142486483
 20
26.65500850492962
 10
40.78404745009227
 20
26.57878319233144
 10
40.80935211985605
 20
26.45953799077252
 10
40.7499143510888
 20
26.3888866573398
 10
40.69047658232156
 20
26.31823532390707
 10
40.56866005844889
 20
26.32276068778914
 10
40.47805403322147
 20
26.39898600038733
 10
40.38744800799406
 20
26.47521131298554
 10
40.36214333823023
 20
26.59445651454443
 10
40.4215811069975
 20
26.66510784797717
 97
        0
 97
        0
 75
     0
 76
     1
 98
        0
  0
HATCH
  5
1EF
330
1F
100
AcDbEntity
  8
0
 62
     7
420
 16777215
440
 33554687
100
AcDbHatch
 10
0.0
 20
0.0
 30
0.0
210
0.0
220
0.0
230
1.0
  2
SOLID
 70
     1
 71
     1
 91
        1
 92
        0
 93
        1
 72
     4
 94
        3
 73
     0
 74
     1
 95
       17
 96
       13
 40
0.0
 40
0.0
 40
0.0
 40
0.0
 40
1.0
 40
1.0
 40
1.0
 40
2.0
 40
2.0
 40
2.0
 40
3.0
 40
3.0
 40
3.0
 40
4.0
 40
4.0
 40
4.0
 40
4.0
 10
19.58403941419673
 20
23.40309505644388
 10
19.64347718296401
 20
23.47374638987662
 10
19.76529370683663
 20
23.46922102599454
 10
19.85589973206406
 20
23.39299571339635
 10
19.94650575729148
 20
23.31677040079815
 10
19.9718104270553
 20
23.19752519923925
 10
19.91237265828802
 20
23.12687386580652
 10
19.85293488952076
 20
23.05622253237379
 10
19.73111836564811
 20
23.06074789625588
 10
19.64051234042069
 20
23.13697320885407
 10
19.54990631519327
 20
23.21319852145227
 10
19.52460164542945
 20
23.33244372301119
 10
19.58403941419673
 20
23.40309505644388
 97
        0
 97
        0
 75
     0
 76
     1
 98
        0
  0
HATCH
  5
1F0
330
1F
100
AcDbEntity
  8
0
 62
     7
420
 16777215
440
 33554687
100
AcDbHatch
 10
0.0
 20
0.0
 30
0.0
210
0.0
220
0.0
230
1.0
  2
SOLID
 70
     1
 71
     1
 91
        1
 92
        0
 93
        1
 72
     4
 94
        3
 73
     0
 74
     1
 95
       17
 96
       13
 40
0.0
 40
0.0
 40
0.0
 40
0.0
 40
1.0
 40
1.0
 40
1.0
 40
2.0
 40
2.0
 40
2.0
 40
3.0
 40
3.0
 40
3.0
 40
4.0
 40
4.0
 40
4.0
 40
4.0
 10
46.44389083227416
 20
40.22305442903049
 10
46.50332860104142
 20
40.29370576246323
 10
46.62514512491406
 20
40.28918039858114
 10
46.71575115014149
 20
40.21295508598296
 10
46.80635717536889
 20
40.13672977338476
 10
46.83166184513273
 20
40.01748457182586
 10
46.77222407636545
 20
39.94683323839313
 10
46.71278630759819
 20
39.87618190496039
 10
46.59096978372553
 20
39.88070726884249
 10
46.50036375849812
 20
39.95693258144067
 10
46.40975773327068
 20
40.03315789403888
 10
46.38445306350688
 20
40.15240309559779
 10
46.44389083227416
 20
40.22305442903049
 97
        0
 97
        0
 75
     0
 76
     1
 98
        0
  0
HATCH
  5
1F1
330
1F
100
AcDbEntity
  8
0
 62
     7
420
 16777215
440
 33554687
100
AcDbHatch
 10
0.0
 20
0.0
 30
0.0
210
0.0
220
0.0
230
1.0
  2
SOLID
 70
     1
 71
     1
 91
        1
 92
        0
 93
        1
 72
     4
 94
        3
 73
     0
 74
     1
 95
       17
 96
       13
 40
0.0
 40
0.0
 40
0.0
 40
0.0
 40
1.0
 40
1.0
 40
1.0
 40
2.0
 40
2.0
 40
2.0
 40
3.0
 40
3.0
 40
3.0
 40
4.0
 40
4.0
 40
4.0
 40
4.0
 10
52.33394101356346
 20
38.32549320971057
 10
52.39337878233074
 20
38.3961445431433
 10
52.51519530620336
 20
38.39161917926121
 10
52.60580133143079
 20
38.31539386666302
 10
52.69640735665821
 20
38.23916855406481
 10
52.72171202642203
 20
38.11992335250591
 10
52.66227425765475
 20
38.04927201907318
 10
52.60283648888749
 20
37.97862068564046
 10
52.48101996501482
 20
37.98314604952256
 10
52.39041393978742
 20
38.05937136212075
 10
52.29980791456
 20
38.13559667471893
 10
52.27450324479616
 20
38.25484187627783
 10
52.33394101356346
 20
38.32549320971057
 97
        0
 97
        0
 75
     0
 76
     1
 98
        0
  0
HATCH
  5
1F2
330
1F
100
AcDbEntity
  8
0
 62
     7
420
 16777215
440
 33554687
100
AcDbHatch
 10
0.0
 20
0.0
 30
0.0
210
0.0
220
0.0
230
1.0
  2
SOLID
 70
     1
 71
     1
 91
        1
 92
        0
 93
        1
 72
     4
 94
        3
 73
     0
 74
     1
 95
       17
 96
       13
 40
0.0
 40
0.0
 40
0.0
 40
0.0
 40
1.0
 40
1.0
 40
1.0
 40
2.0
 40
2.0
 40
2.0
 40
3.0
 40
3.0
 40
3.0
 40
4.0
 40
4.0
 40
4.0
 40
4.0
 10
35.77617051462504
 20
16.86659597577498
 10
35.8356082833923
 20
16.93724730920771
 10
35.95742480726493
 20
16.93272194532561
 10
36.04803083249237
 20
16.85649663272743
 10
36.13863685771977
 20
16.78027132012924
 10
36.16394152748361
 20
16.66102611857033
 10
36.10450375871633
 20
16.59037478513761
 10
36.04506598994907
 20
16.51972345170488
 10
35.92324946607643
 20
16.52424881558695
 10
35.832643440849
 20
16.60047412818513
 10
35.74203741562156
 20
16.67669944078335
 10
35.71673274585776
 20
16.79594464234224
 10
35.77617051462504
 20
16.86659597577498
 97
        0
 97
        0
 75
     0
 76
     1
 98
        0
  0
HATCH
  5
1F3
330
1F
100
AcDbEntity
  8
0
 62
     7
420
 16777215
440
 33554687
100
AcDbHatch
 10
0.0
 20
0.0
 30
0.0
210
0.0
220
0.0
230
1.0
  2
SOLID
 70
     1
 71
     1
 91
        1
 92
        0
 93
        1
 72
     4
 94
        3
 73
     0
 74
     1
 95
       17
 96
       13
 40
0.0
 40
0.0
 40
0.0
 40
0.0
 40
1.0
 40
1.0
 40
1.0
 40
2.0
 40
2.0
 40
2.0
 40
3.0
 40
3.0
 40
3.0
 40
4.0
 40
4.0
 40
4.0
 40
4.0
 10
35.46718595628469
 20
38.95027553875509
 10
35.52662372505195
 20
39.02092687218783
 10
35.64844024892457
 20
39.01640150830573
 10
35.73904627415202
 20
38.94017619570755
 10
35.82965229937942
 20
38.86395088310934
 10
35.85495696914324
 20
38.74470568155044
 10
35.79551920037598
 20
38.67405434811773
 10
35.7360814316087
 20
38.60340301468499
 10
35.61426490773605
 20
38.60792837856707
 10
35.52365888250865
 20
38.68415369116526
 10
35.4330528572812
 20
38.76037900376346
 10
35.40774818751739
 20
38.87962420532236
 10
35.46718595628469
 20
38.95027553875509
 97
        0
 97
        0
 75
     0
 76
     1
 98
        0
  0
HATCH
  5
1F4
330
1F
100
AcDbEntity
  8
0
 62
     7
420
 16777215
440
 33554687
100
AcDbHatch
 10
0.0
 20
0.0
 30
0.0
210
0.0
220
0.0
230
1.0
  2
SOLID
 70
     1
 71
     1
 91
        1
 92
        0
 93
        1
 72
     4
 94
        3
 73
     0
 74
     1
 95
       17
 96
       13
 40
0.0
 40
0.0
 40
0.0
 40
0.0
 40
1.0
 40
1.0
 40
1.0
 40
2.0
 40
2.0
 40
2.0
 40
3.0
 40
3.0
 40
3.0
 40
4.0
 40
4.0
 40
4.0
 40
4.0
 10
44.39236774251949
 20
30.55190296855498
 10
44.45180551128679
 20
30.62255430198771
 10
44.57362203515941
 20
30.61802893810562
 10
44.66422806038684
 20
30.54180362550743
 10
44.75483408561426
 20
30.46557831290922
 10
44.78013875537808
 20
30.34633311135033
 10
44.7207009866108
 20
30.27568177791759
 10
44.66126321784352
 20
30.20503044448488
 10
44.53944669397089
 20
30.20955580836696
 10
44.44884066874345
 20
30.28578112096514
 10
44.35823464351604
 20
30.36200643356334
 10
44.33292997375223
 20
30.48125163512224
 10
44.39236774251949
 20
30.55190296855498
 97
        0
 97
        0
 75
     0
 76
     1
 98
        0
  0
HATCH
  5
1F5
330
1F
100
AcDbEntity
  8
0
 62
     7
420
 16777215
440
 33554687
100
AcDbHatch
 10
0.0
 20
0.0
 30
0.0
210
0.0
220
0.0
230
1.0
  2
SOLID
 70
     1
 71
     1
 91
        1
 92
        0
 93
        1
 72
     4
 94
        3
 73
     0
 74
     1
 95
       17
 96
       13
 40
0.0
 40
0.0
 40
0.0
 40
0.0
 40
1.0
 40
1.0
 40
1.0
 40
2.0
 40
2.0
 40
2.0
 40
3.0
 40
3.0
 40
3.0
 40
4.0
 40
4.0
 40
4.0
 40
4.0
 10
35.73696426200159
 20
48.77734892952023
 10
35.79183633124566
 20
48.84257319585305
 10
35.88781810197118
 20
48.85225764010072
 10
35.95116865619526
 20
48.79896189308086
 10
36.0145192104193
 20
48.74566614606099
 10
36.02140266451273
 20
48.6494429324806
 10
35.9665305952687
 20
48.58421866614778
 10
35.91165852602466
 20
48.51899439981494
 10
35.81567675529912
 20
48.50930995556728
 10
35.75232620107508
 20
48.56260570258716
 10
35.68897564685101
 20
48.61590144960705
 10
35.68209219275757
 20
48.71212466318742
 10
35.73696426200159
 20
48.77734892952023
 97
        0
 97
        0
 75
     0
 76
     1
 98
        0
  0
HATCH
  5
1F6
330
1F
100
AcDbEntity
  8
0
 62
     7
420
 16777215
440
 33554687
100
AcDbHatch
 10
0.0
 20
0.0
 30
0.0
210
0.0
220
0.0
230
1.0
  2
SOLID
 70
     1
 71
     1
 91
        1
 92
        0
 93
        1
 72
     4
 94
        3
 73
     0
 74
     1
 95
       17
 96
       13
 40
0.0
 40
0.0
 40
0.0
 40
0.0
 40
1.0
 40
1.0
 40
1.0
 40
2.0
 40
2.0
 40
2.0
 40
3.0
 40
3.0
 40
3.0
 40
4.0
 40
4.0
 40
4.0
 40
4.0
 10
25.01544747474683
 20
37.78062962294729
 10
25.07031954399089
 20
37.84585388928012
 10
25.16630131471641
 20
37.85553833352779
 10
25.22965186894047
 20
37.8022425865079
 10
25.29300242316454
 20
37.74894683948802
 10
25.29988587725796
 20
37.65272362590763
 10
25.24501380801392
 20
37.5874993595748
 10
25.19014173876989
 20
37.52227509324199
 10
25.09415996804434
 20
37.51259064899433
 10
25.03080941382029
 20
37.56588639601419
 10
24.96745885959625
 20
37.61918214303407
 10
24.9605754055028
 20
37.71540535661447
 10
25.01544747474683
 20
37.78062962294729
 97
        0
 97
        0
 75
     0
 76
     1
 98
        0
  0
HATCH
  5
1F7
330
1F
100
AcDbEntity
  8
0
 62
     7
420
 16777215
440
 33554687
100
AcDbHatch
 10
0.0
 20
0.0
 30
0.0
210
0.0
220
0.0
230
1.0
  2
SOLID
 70
     1
 71
     1
 91
        1
 92
        0
 93
        1
 72
     4
 94
        3
 73
     0
 74
     1
 95
       17
 96
       13
 40
0.0
 40
0.0
 40
0.0
 40
0.0
 40
1.0
 40
1.0
 40
1.0
 40
2.0
 40
2.0
 40
2.0
 40
3.0
 40
3.0
 40
3.0
 40
4.0
 40
4.0
 40
4.0
 40
4.0
 10
39.74695715014703
 20
20.75339109635279
 10
39.80639491891431
 20
20.82404242978552
 10
39.92821144278693
 20
20.81951706590343
 10
40.01881746801434
 20
20.74329175330524
 10
40.10942349324178
 20
20.66706644070703
 10
40.1347281630056
 20
20.54782123914816
 10
40.0752903942383
 20
20.4771699057154
 10
40.01585262547106
 20
20.40651857228269
 10
39.89403610159842
 20
20.41104393616477
 10
39.80343007637099
 20
20.48726924876295
 10
39.71282405114356
 20
20.56349456136115
 10
39.68751938137975
 20
20.68273976292005
 10
39.74695715014703
 20
20.75339109635279
 97
        0
 97
        0
 75
     0
 76
     1
 98
        0
  0
HATCH
  5
1F8
330
1F
100
AcDbEntity
  8
0
 62
     7
420
 16777215
440
 33554687
100
AcDbHatch
 10
0.0
 20
0.0
 30
0.0
210
0.0
220
0.0
230
1.0
  2
SOLID
 70
     1
 71
     1
 91
        1
 92
        0
 93
        1
 72
     4
 94
        3
 73
     0
 74
     1
 95
       17
 96
       13
 40
0.0
 40
0.0
 40
0.0
 40
0.0
 40
1.0
 40
1.0
 40
1.0
 40
2.0
 40
2.0
 40
2.0
 40
3.0
 40
3.0
 40
3.0
 40
4.0
 40
4.0
 40
4.0
 40
4.0
 10
26.58995765466424
 20
20.78907882614151
 10
26.64939542343151
 20
20.85973015957424
 10
26.77121194730414
 20
20.85520479569218
 10
26.86181797253156
 20
20.778979483094
 10
26.95242399775899
 20
20.70275417049577
 10
26.9777286675228
 20
20.58350896893688
 10
26.91829089875553
 20
20.51285763550414
 10
26.85885312998827
 20
20.4422063020714
 10
26.73703660611562
 20
20.4467316659535
 10
26.6464305808882
 20
20.52295697855169
 10
26.55582455566077
 20
20.59918229114989
 10
26.53051988589696
 20
20.71842749270879
 10
26.58995765466424
 20
20.78907882614151
 97
        0
 97
        0
 75
     0
 76
     1
 98
        0
  0
HATCH
  5
1F9
330
1F
100
AcDbEntity
  8
0
 62
     7
420
 16777215
440
 33554687
100
AcDbHatch
 10
0.0
 20
0.0
 30
0.0
210
0.0
220
0.0
230
1.0
  2
SOLID
 70
     1
 71
     1
 91
        1
 92
        0
 93
        1
 72
     4
 94
        3
 73
     0
 74
     1
 95
       35
 96
       31
 40
0.0
 40
0.0
 40
0.0
 40
0.0
 40
1.0
 40
1.0
 40
1.0
 40
2.0
 40
2.0
 40
2.0
 40
3.0
 40
3.0
 40
3.0
 40
4.0
 40
4.0
 40
4.0
 40
5.0
 40
5.0
 40
5.0
 40
6.0
 40
6.0
 40
6.0
 40
7.0
 40
7.0
 40
7.0
 40
8.0
 40
8.0
 40
8.0
 40
9.0
 40
9.0
 40
9.0
 40
10.0
 40
10.0
 40
10.0
 40
10.0
 10
57.85842336530678
 20
26.03236521882441
 10
57.80517351686021
 20
26.03021201581444
 10
57.74572202281534
 20
26.0504428140103
 10
57.69576038896152
 20
26.09247468936147
 10
57.60515436373405
 20
26.1687000019597
 10
57.57984969397027
 20
26.28794520351858
 10
57.63928746273756
 20
26.3585965369513
 10
57.69872523150483
 20
26.42924787038402
 10
57.82054175537744
 20
26.42472250650197
 10
57.91114778060486
 20
26.34849719390377
 10
58.00175380583227
 20
26.27227188130556
 10
58.02705847559612
 20
26.15302667974666
 10
57.96762070682882
 20
26.08237534631393
 10
57.95496903453723
 20
26.06733680203318
 10
57.93949113176856
 20
26.05570433202813
 10
57.92208957143484
 20
26.04744440660943
 10
57.92208957143484
 20
26.04744440660943
 10
57.93066250044109
 20
26.04765263755843
 10
57.93066250044109
 20
26.04765263755843
 10
58.06915449790548
 20
26.04765263755843
 10
58.1815924286331
 20
25.88506105804076
 10
58.1815924286331
 20
25.68479383084647
 10
58.1815924286331
 20
25.48452660365215
 10
58.06915449790548
 20
25.32193502413448
 10
57.93066250044109
 20
25.32193502413448
 10
57.79217050297672
 20
25.32193502413448
 10
57.67973257224907
 20
25.48452660365215
 10
57.67973257224907
 20
25.68479383084647
 10
57.67973257224907
 20
25.84875404264577
 10
57.75509762649003
 20
25.9874609683668
 10
57.85842336530678
 20
26.03236521882441
 97
        0
 97
        0
 75
     0
 76
     1
 98
        0
  0
HATCH
  5
1FA
330
1F
100
AcDbEntity
  8
0
 62
     7
420
 16777215
440
 33554687
100
AcDbHatch
 10
0.0
 20
0.0
 30
0.0
210
0.0
220
0.0
230
1.0
  2
SOLID
 70
     1
 71
     1
 91
        1
 92
        0
 93
        1
 72
     4
 94
        3
 73
     0
 74
     1
 95
      113
 96
      109
 40
0.0
 40
0.0
 40
0.0
 40
0.0
 40
1.0
 40
1.0
 40
1.0
 40
2.0
 40
2.0
 40
2.0
 40
3.0
 40
3.0
 40
3.0
 40
4.0
 40
4.0
 40
4.0
 40
5.0
 40
5.0
 40
5.0
 40
6.0
 40
6.0
 40
6.0
 40
7.0
 40
7.0
 40
7.0
 40
8.0
 40
8.0
 40
8.0
 40
9.0
 40
9.0
 40
9.0
 40
10.0
 40
10.0
 40
10.0
 40
11.0
 40
11.0
 40
11.0
 40
12.0
 40
12.0
 40
12.0
 40
13.0
 40
13.0
 40
13.0
 40
14.0
 40
14.0
 40
14.0
 40
15.0
 40
15.0
 40
15.0
 40
16.0
 40
16.0
 40
16.0
 40
17.0
 40
17.0
 40
17.0
 40
18.0
 40
18.0
 40
18.0
 40
19.0
 40
19.0
 40
19.0
 40
20.0
 40
20.0
 40
20.0
 40
21.0
 40
21.0
 40
21.0
 40
22.0
 40
22.0
 40
22.0
 40
23.0
 40
23.0
 40
23.0
 40
24.0
 40
24.0
 40
24.0
 40
25.0
 40
25.0
 40
25.0
 40
26.0
 40
26.0
 40
26.0
 40
27.0
 40
27.0
 40
27.0
 40
28.0
 40
28.0
 40
28.0
 40
29.0
 40
29.0
 40
29.0
 40
30.0
 40
30.0
 40
30.0
 40
31.0
 40
31.0
 40
31.0
 40
32.0
 40
32.0
 40
32.0
 40
33.0
 40
33.0
 40
33.0
 40
34.0
 40
34.0
 40
34.0
 40
35.0
 40
35.0
 40
35.0
 40
36.0
 40
36.0
 40
36.0
 40
36.0
 10
53.55756870026473
 20
41.48249150319385
 10
53.55756870026473
 20
41.48249150319385
 10
53.48642048398623
 20
41.25300871107673
 10
53.48642048398623
 20
41.25300871107673
 10
53.48642048398623
 20
41.25300871107673
 10
53.47392544853945
 20
41.24917166558696
 10
53.47392544853945
 20
41.24917166558696
 10
53.47392544853945
 20
41.24917166558696
 10
54.15467090376647
 20
41.20782464580714
 10
54.15467090376647
 20
41.20782464580714
 10
54.15467090376647
 20
41.20782464580714
 10
53.55761428534822
 20
41.08777174627632
 10
53.55761428534822
 20
41.08777174627632
 10
53.55761428534822
 20
41.08777174627632
 10
53.57319189428956
 20
41.08566382787053
 10
53.57319189428956
 20
41.08566382787053
 10
53.57319189428956
 20
41.08566382787053
 10
55.04079836731299
 20
40.06509125176353
 10
55.04079836731299
 20
40.06509125176353
 10
55.04079836731299
 20
40.06509125176353
 10
53.4109909838545
 20
40.79936983349268
 10
53.4109909838545
 20
40.79936983349268
 10
53.4109909838545
 20
40.79936983349268
 10
53.4011755980412
 20
40.81164840921097
 10
53.4011755980412
 20
40.81164840921097
 10
53.4011755980412
 20
40.81164840921097
 10
53.60509853611757
 20
40.23779761012723
 10
53.60509853611757
 20
40.23779761012723
 10
53.60509853611757
 20
40.23779761012723
 10
53.21971258166551
 20
40.80047124285583
 10
53.21971258166551
 20
40.80047124285583
 10
53.21971258166551
 20
40.80047124285583
 10
53.22284400452928
 20
40.78778097021275
 10
53.22284400452928
 20
40.78778097021275
 10
53.22284400452928
 20
40.78778097021275
 10
52.43182692066974
 20
39.90439234761516
 10
52.43182692066974
 20
39.90439234761516
 10
52.43182692066974
 20
39.90439234761516
 10
52.78297458112358
 20
41.0369906020948
 10
52.78297458112358
 20
41.0369906020948
 10
52.78297458112358
 20
41.0369906020948
 10
52.79546961657034
 20
41.04082764758456
 10
52.79546961657034
 20
41.04082764758456
 10
52.79546961657034
 20
41.04082764758456
 10
52.11472416134334
 20
41.08217466736439
 10
52.11472416134334
 20
41.08217466736439
 10
52.11472416134334
 20
41.08217466736439
 10
52.71178077976163
 20
41.20222756689521
 10
52.71178077976163
 20
41.20222756689521
 10
52.71178077976163
 20
41.20222756689521
 10
52.69620317082023
 20
41.20433548530101
 10
52.69620317082023
 20
41.20433548530101
 10
52.69620317082023
 20
41.20433548530101
 10
51.22859669779682
 20
42.224908061408
 10
51.22859669779682
 20
42.224908061408
 10
51.22859669779682
 20
42.224908061408
 10
52.85840408125529
 20
41.49062947967886
 10
52.85840408125529
 20
41.49062947967886
 10
52.85840408125529
 20
41.49062947967886
 10
52.86821946706861
 20
41.47835090396057
 10
52.86821946706861
 20
41.47835090396057
 10
52.86821946706861
 20
41.47835090396057
 10
52.66429652899222
 20
42.0522017030443
 10
52.66429652899222
 20
42.0522017030443
 10
52.66429652899222
 20
42.0522017030443
 10
53.0496824834443
 20
41.48952807031569
 10
53.0496824834443
 20
41.48952807031569
 10
53.0496824834443
 20
41.48952807031569
 10
53.04655106058051
 20
41.50221834295878
 10
53.04655106058051
 20
41.50221834295878
 10
53.04655106058051
 20
41.50221834295878
 10
53.31333008186071
 20
41.80015065940985
 10
53.31333008186071
 20
41.80015065940985
 10
53.31205885996287
 20
41.81493936723545
 10
53.31140405335877
 20
41.83000300333937
 10
53.31140405335877
 20
41.84528605172481
 10
53.31140405335877
 20
41.86547681304619
 10
53.31254692765311
 20
41.88528462059942
 10
53.31474413885594
 20
41.90458146529784
 10
53.22985498242029
 20
41.91485590163093
 10
53.16334303623253
 20
42.00662528642149
 10
53.16334303623253
 20
42.11815977269861
 10
53.16334303623253
 20
42.2365647983023
 10
53.23830165671762
 20
42.33269465641956
 10
53.33062965502722
 20
42.33269465641956
 10
53.40277860436221
 20
42.33269465641956
 10
53.46432092308734
 20
42.27399284764264
 10
53.48777572570314
 20
42.1918317306472
 10
53.51133399749265
 20
42.20243298046724
 10
53.53637634697265
 20
42.20814485843678
 10
53.56233398155082
 20
42.20814485843678
 10
53.59524608507516
 20
42.20814485843678
 10
53.62668676592623
 20
42.19896237882621
 10
53.655496644889
 20
42.18227394723784
 10
53.655496644889
 20
42.18227394723784
 10
53.83756814444006
 20
42.38560696555638
 10
53.83756814444006
 20
42.38560696555638
 10
53.83756814444006
 20
42.38560696555638
 10
53.74645227229357
 20
42.09172012144314
 10
53.74645227229357
 20
42.09172012144314
 10
53.78791013261676
 20
42.02698801516349
 10
53.81326390974283
 20
41.9403847991585
 10
53.81326390974283
 20
41.84528605172481
 10
53.81326390974283
 20
41.6450188245305
 10
53.70082597901521
 20
41.48242724501281
 10
53.56233398155082
 20
41.48242724501281
 10
53.56233398155082
 20
41.48242724501281
 10
53.55756870026473
 20
41.48249150319385
 10
53.55756870026473
 20
41.48249150319385
 97
        0
 97
        0
 75
     0
 76
     1
 98
        0
  0
HATCH
  5
1FB
330
1F
100
AcDbEntity
  8
0
 62
     7
420
 16777215
440
 33554687
100
AcDbHatch
 10
0.0
 20
0.0
 30
0.0
210
0.0
220
0.0
230
1.0
  2
SOLID
 70
     1
 71
     1
 91
        1
 92
        0
 93
        1
 72
     4
 94
        3
 73
     0
 74
     1
 95
       29
 96
       25
 40
0.0
 40
0.0
 40
0.0
 40
0.0
 40
1.0
 40
1.0
 40
1.0
 40
2.0
 40
2.0
 40
2.0
 40
3.0
 40
3.0
 40
3.0
 40
4.0
 40
4.0
 40
4.0
 40
5.0
 40
5.0
 40
5.0
 40
6.0
 40
6.0
 40
6.0
 40
7.0
 40
7.0
 40
7.0
 40
8.0
 40
8.0
 40
8.0
 40
8.0
 10
36.74129369481166
 20
43.51265519055605
 10
36.74129369481166
 20
43.51265519055605
 10
36.73906592797163
 20
43.51263651688464
 10
36.73906592797163
 20
43.51263651688464
 10
36.64673792966207
 20
43.51263651688464
 10
36.57177930917695
 20
43.60876637500193
 10
36.57177930917695
 20
43.72717140060559
 10
36.57177930917695
 20
43.84557642620926
 10
36.64673792966207
 20
43.94170628432654
 10
36.73906592797163
 20
43.94170628432654
 10
36.76090168656314
 20
43.94170628432654
 10
36.78176592013254
 20
43.93632943298055
 10
36.80089683528688
 20
43.92655272399925
 10
36.84560197181665
 20
43.98607225145601
 10
36.90527237407288
 20
44.0224388919965
 10
36.97077025449524
 20
44.0224388919965
 10
37.10926225195962
 20
44.0224388919965
 10
37.22170018268726
 20
43.85984731247881
 10
37.22170018268726
 20
43.6595800852845
 10
37.22170018268726
 20
43.45931285809024
 10
37.10926225195962
 20
43.29672127857255
 10
36.97077025449524
 20
43.29672127857255
 10
36.86843435718689
 20
43.29672127857255
 10
36.78032443899581
 20
43.38549914339653
 10
36.74129369481166
 20
43.51265519055605
 97
        0
 97
        0
 75
     0
 76
     1
 98
        0
  0
HATCH
  5
1FC
330
1F
100
AcDbEntity
  8
0
 62
     7
420
 16777215
440
 33554687
100
AcDbHatch
 10
0.0
 20
0.0
 30
0.0
210
0.0
220
0.0
230
1.0
  2
SOLID
 70
     1
 71
     1
 91
        1
 92
        0
 93
        1
 72
     4
 94
        3
 73
     0
 74
     1
 95
       17
 96
       13
 40
0.0
 40
0.0
 40
0.0
 40
0.0
 40
1.0
 40
1.0
 40
1.0
 40
2.0
 40
2.0
 40
2.0
 40
3.0
 40
3.0
 40
3.0
 40
4.0
 40
4.0
 40
4.0
 40
4.0
 10
28.50922120043155
 20
15.00472248624376
 10
28.56865896919883
 20
15.0753738196765
 10
28.69047549307147
 20
15.0708484557944
 10
28.7810815182989
 20
14.99462314319622
 10
28.87168754352632
 20
14.91839783059802
 10
28.89699221329012
 20
14.7991526290391
 10
28.83755444452286
 20
14.7285012956064
 10
28.77811667575558
 20
14.65784996217367
 10
28.65630015188293
 20
14.66237532605575
 10
28.56569412665551
 20
14.73860063865393
 10
28.47508810142808
 20
14.81482595125213
 10
28.44978343166427
 20
14.93407115281104
 10
28.50922120043155
 20
15.00472248624376
 97
        0
 97
        0
 75
     0
 76
     1
 98
        0
  0
HATCH
  5
1FD
330
1F
100
AcDbEntity
  8
0
 62
     7
420
 16777215
440
 33554687
100
AcDbHatch
 10
0.0
 20
0.0
 30
0.0
210
0.0
220
0.0
230
1.0
  2
SOLID
 70
     1
 71
     1
 91
        1
 92
        0
 93
        1
 72
     4
 94
        3
 73
     0
 74
     1
 95
       26
 96
       22
 40
0.0
 40
0.0
 40
0.0
 40
0.0
 40
1.0
 40
1.0
 40
1.0
 40
2.0
 40
2.0
 40
2.0
 40
3.0
 40
3.0
 40
3.0
 40
4.0
 40
4.0
 40
4.0
 40
5.0
 40
5.0
 40
5.0
 40
6.0
 40
6.0
 40
6.0
 40
7.0
 40
7.0
 40
7.0
 40
7.0
 10
20.24792965660422
 20
45.16464190222402
 10
20.21995330076857
 20
45.13765160735078
 10
20.1851735565115
 20
45.12164814479161
 10
20.14750220091604
 20
45.12164814479161
 10
20.05517420260648
 20
45.12164814479161
 10
19.98021558212137
 20
45.21777800290889
 10
19.98021558212137
 20
45.33618302851255
 10
19.98021558212137
 20
45.44868035199973
 10
20.04788083248948
 20
45.54106985099379
 10
20.13381922897888
 20
45.55000916493379
 10
20.15803909906757
 20
45.71377519919474
 10
20.25877129198198
 20
45.83673292555623
 10
20.37920652743966
 20
45.83673292555623
 10
20.51769852490405
 20
45.83673292555623
 10
20.63013645563169
 20
45.67414134603855
 10
20.63013645563169
 20
45.47387411884424
 10
20.63013645563169
 20
45.27360689164993
 10
20.51769852490405
 20
45.11101531213227
 10
20.37920652743966
 20
45.11101531213227
 10
20.33109632158828
 20
45.11101531213227
 10
20.28613024645232
 20
45.13063640178378
 10
20.24792965660422
 20
45.16464190222402
 97
        0
 97
        0
 75
     0
 76
     1
 98
        0
  0
HATCH
  5
1FE
330
1F
100
AcDbEntity
  8
0
 62
     7
420
 16777215
440
 33554687
100
AcDbHatch
 10
0.0
 20
0.0
 30
0.0
210
0.0
220
0.0
230
1.0
  2
SOLID
 70
     1
 71
     1
 91
        1
 92
        0
 93
        1
 72
     4
 94
        3
 73
     0
 74
     1
 95
       29
 96
       25
 40
0.0
 40
0.0
 40
0.0
 40
0.0
 40
1.0
 40
1.0
 40
1.0
 40
2.0
 40
2.0
 40
2.0
 40
3.0
 40
3.0
 40
3.0
 40
4.0
 40
4.0
 40
4.0
 40
5.0
 40
5.0
 40
5.0
 40
6.0
 40
6.0
 40
6.0
 40
7.0
 40
7.0
 40
7.0
 40
8.0
 40
8.0
 40
8.0
 40
8.0
 10
46.96931365768563
 20
30.32294485948768
 10
46.92440306453531
 20
30.26188826177612
 10
46.86395534809115
 20
30.22446234354481
 10
46.79751041226955
 20
30.22446234354481
 10
46.65901841480517
 20
30.22446234354481
 10
46.54658048407751
 20
30.38705392306247
 10
46.54658048407751
 20
30.58732115025678
 10
46.54658048407751
 20
30.78758837745109
 10
46.65901841480517
 20
30.95017995696875
 10
46.79751041226955
 20
30.95017995696875
 10
46.9302175808151
 20
30.95017995696875
 10
47.039001788528
 20
30.80088764004072
 10
47.04785810979018
 20
30.61221040865849
 10
47.0695124825358
 20
30.62534626884033
 10
47.09371175778397
 20
30.63269465641958
 10
47.11923878824537
 20
30.63269465641958
 10
47.21156678655496
 20
30.63269465641958
 10
47.28652540704007
 20
30.53656479830231
 10
47.28652540704007
 20
30.41815977269863
 10
47.28652540704007
 20
30.29975474709497
 10
47.21156678655496
 20
30.20362488897768
 10
47.11923878824537
 20
30.20362488897768
 10
47.05356935312686
 20
30.20362488897768
 10
46.99668698592511
 20
30.25225642895801
 10
46.96931365768563
 20
30.32294485948768
 97
        0
 97
        0
 75
     0
 76
     1
 98
        0
  0
HATCH
  5
1FF
330
1F
100
AcDbEntity
  8
0
 62
     7
420
 16777215
440
 33554687
100
AcDbHatch
 10
0.0
 20
0.0
 30
0.0
210
0.0
220
0.0
230
1.0
  2
SOLID
 70
     1
 71
     1
 91
        1
 92
        0
 93
        1
 72
     4
 94
        3
 73
     0
 74
     1
 95
       92
 96
       88
 40
0.0
 40
0.0
 40
0.0
 40
0.0
 40
1.0
 40
1.0
 40
1.0
 40
2.0
 40
2.0
 40
2.0
 40
3.0
 40
3.0
 40
3.0
 40
4.0
 40
4.0
 40
4.0
 40
5.0
 40
5.0
 40
5.0
 40
6.0
 40
6.0
 40
6.0
 40
7.0
 40
7.0
 40
7.0
 40
8.0
 40
8.0
 40
8.0
 40
9.0
 40
9.0
 40
9.0
 40
10.0
 40
10.0
 40
10.0
 40
11.0
 40
11.0
 40
11.0
 40
12.0
 40
12.0
 40
12.0
 40
13.0
 40
13.0
 40
13.0
 40
14.0
 40
14.0
 40
14.0
 40
15.0
 40
15.0
 40
15.0
 40
16.0
 40
16.0
 40
16.0
 40
17.0
 40
17.0
 40
17.0
 40
18.0
 40
18.0
 40
18.0
 40
19.0
 40
19.0
 40
19.0
 40
20.0
 40
20.0
 40
20.0
 40
21.0
 40
21.0
 40
21.0
 40
22.0
 40
22.0
 40
22.0
 40
23.0
 40
23.0
 40
23.0
 40
24.0
 40
24.0
 40
24.0
 40
25.0
 40
25.0
 40
25.0
 40
26.0
 40
26.0
 40
26.0
 40
27.0
 40
27.0
 40
27.0
 40
28.0
 40
28.0
 40
28.0
 40
29.0
 40
29.0
 40
29.0
 40
29.0
 10
14.55907506380752
 20
26.71282792647531
 10
14.5649188568005
 20
26.67090505731807
 10
14.5533431810286
 20
26.62625700754805
 10
14.52349702075917
 20
26.59078005300186
 10
14.46862495151513
 20
26.52555578666906
 10
14.37264318078959
 20
26.51587134242141
 10
14.30929262656554
 20
26.56916708944126
 10
14.24594207234149
 20
26.62246283646114
 10
14.23905861824804
 20
26.71868605004153
 10
14.29393068749208
 20
26.78391031637436
 10
14.34880275673613
 20
26.84913458270719
 10
14.44478452746166
 20
26.85881902695485
 10
14.50813508168572
 20
26.80552327993497
 10
14.53367189713648
 20
26.78403959012947
 10
14.55003324672721
 20
26.7555805199171
 10
14.55687273263001
 20
26.72498833478404
 10
14.55687273263001
 20
26.72498833478404
 10
14.72093419554003
 20
26.72969014006879
 10
14.72093419554003
 20
26.72969014006879
 10
14.72093419554003
 20
26.72969014006879
 10
14.7170650905382
 20
26.73105502427278
 10
14.7170650905382
 20
26.73105502427278
 10
14.7170650905382
 20
26.73105502427278
 10
14.59127439990821
 20
27.09797649065278
 10
14.59127439990821
 20
27.09797649065278
 10
14.59127439990821
 20
27.09797649065278
 10
14.8468747661321
 20
26.8062178350385
 10
14.8468747661321
 20
26.8062178350385
 10
14.8468747661321
 20
26.8062178350385
 10
14.84613235376974
 20
26.80218277539966
 10
14.84613235376974
 20
26.80218277539966
 10
14.84613235376974
 20
26.80218277539966
 10
14.95413199835996
 20
26.97843662609839
 10
14.95413199835996
 20
26.97843662609839
 10
14.95413199835996
 20
26.97843662609839
 10
14.90158112978827
 20
26.79664380831883
 10
14.90158112978827
 20
26.79664380831883
 10
14.90158112978827
 20
26.79664380831883
 10
14.90436592837298
 20
26.80047484704209
 10
14.90436592837298
 20
26.80047484704209
 10
14.90436592837298
 20
26.80047484704209
 10
15.3884851829816
 20
27.01834039043604
 10
15.3884851829816
 20
27.01834039043604
 10
15.3884851829816
 20
27.01834039043604
 10
14.95852797194985
 20
26.70693447468786
 10
14.95852797194985
 20
26.70693447468786
 10
14.95852797194985
 20
26.70693447468786
 10
14.95381905481792
 20
26.7064264783294
 10
14.95381905481792
 20
26.7064264783294
 10
14.95381905481792
 20
26.7064264783294
 10
15.13764491727894
 20
26.66150126631777
 10
15.13764491727894
 20
26.66150126631777
 10
15.13764491727894
 20
26.66150126631777
 10
14.9310189819428
 20
26.65557961416684
 10
14.9310189819428
 20
26.65557961416684
 10
14.9310189819428
 20
26.65557961416684
 10
14.93488808694454
 20
26.6542147299629
 10
14.93488808694454
 20
26.6542147299629
 10
14.93488808694454
 20
26.6542147299629
 10
15.06067877757456
 20
26.28729326358285
 10
15.06067877757456
 20
26.28729326358285
 10
15.06067877757456
 20
26.28729326358285
 10
14.80507841135064
 20
26.57905191919716
 10
14.80507841135064
 20
26.57905191919716
 10
14.80507841135064
 20
26.57905191919716
 10
14.805820823713
 20
26.58308697883595
 10
14.805820823713
 20
26.58308697883595
 10
14.805820823713
 20
26.58308697883595
 10
14.69782117912278
 20
26.40683312813723
 10
14.69782117912278
 20
26.40683312813723
 10
14.69782117912278
 20
26.40683312813723
 10
14.75037204769448
 20
26.58862594591685
 10
14.75037204769448
 20
26.58862594591685
 10
14.75037204769448
 20
26.58862594591685
 10
14.74758724910977
 20
26.58479490719355
 10
14.74758724910977
 20
26.58479490719355
 10
14.74758724910977
 20
26.58479490719355
 10
14.26346799450115
 20
26.36692936379957
 10
14.26346799450115
 20
26.36692936379957
 10
14.26346799450115
 20
26.36692936379957
 10
14.69342520553289
 20
26.67833527954775
 10
14.69342520553289
 20
26.67833527954775
 10
14.69342520553289
 20
26.67833527954775
 10
14.69813412266488
 20
26.67884327590621
 10
14.69813412266488
 20
26.67884327590621
 10
14.69813412266488
 20
26.67884327590621
 10
14.55907506380752
 20
26.71282792647531
 10
14.55907506380752
 20
26.71282792647531
 97
        0
 97
        0
 75
     0
 76
     1
 98
        0
  0
HATCH
  5
200
330
1F
100
AcDbEntity
  8
0
 62
     7
420
 16777215
440
 33554687
100
AcDbHatch
 10
0.0
 20
0.0
 30
0.0
210
0.0
220
0.0
230
1.0
  2
SOLID
 70
     1
 71
     1
 91
        1
 92
        0
 93
        1
 72
     4
 94
        3
 73
     0
 74
     1
 95
       17
 96
       13
 40
0.0
 40
0.0
 40
0.0
 40
0.0
 40
1.0
 40
1.0
 40
1.0
 40
2.0
 40
2.0
 40
2.0
 40
3.0
 40
3.0
 40
3.0
 40
4.0
 40
4.0
 40
4.0
 40
4.0
 10
39.48592607642102
 20
16.2775013765192
 10
39.5453638451883
 20
16.34815270995193
 10
39.66718036906094
 20
16.34362734606984
 10
39.75778639428835
 20
16.26740203347165
 10
39.8483924195158
 20
16.19117672087345
 10
39.87369708927957
 20
16.07193151931453
 10
39.81425932051231
 20
16.00128018588183
 10
39.75482155174507
 20
15.9306288524491
 10
39.63300502787241
 20
15.93515421633118
 10
39.54239900264498
 20
16.01137952892936
 10
39.45179297741756
 20
16.08760484152756
 10
39.42648830765374
 20
16.20685004308647
 10
39.48592607642102
 20
16.2775013765192
 97
        0
 97
        0
 75
     0
 76
     1
 98
        0
  0
HATCH
  5
201
330
1F
100
AcDbEntity
  8
0
 62
     7
420
 16777215
440
 33554687
100
AcDbHatch
 10
0.0
 20
0.0
 30
0.0
210
0.0
220
0.0
230
1.0
  2
SOLID
 70
     1
 71
     1
 91
        1
 92
        0
 93
        1
 72
     4
 94
        3
 73
     0
 74
     1
 95
       17
 96
       13
 40
0.0
 40
0.0
 40
0.0
 40
0.0
 40
1.0
 40
1.0
 40
1.0
 40
2.0
 40
2.0
 40
2.0
 40
3.0
 40
3.0
 40
3.0
 40
4.0
 40
4.0
 40
4.0
 40
4.0
 10
43.71774378566903
 20
24.64018621693056
 10
43.77718155443629
 20
24.71083755036329
 10
43.8989980783089
 20
24.7063121864812
 10
43.98960410353636
 20
24.63008687388302
 10
44.08021012876377
 20
24.55386156128481
 10
44.1055147985276
 20
24.43461635972593
 10
44.04607702976033
 20
24.36396502629318
 10
43.98663926099302
 20
24.29331369286046
 10
43.8648227371204
 20
24.29783905674254
 10
43.774216711893
 20
24.37406436934072
 10
43.68361068666555
 20
24.45028968193893
 10
43.65830601690175
 20
24.56953488349782
 10
43.71774378566903
 20
24.64018621693056
 97
        0
 97
        0
 75
     0
 76
     1
 98
        0
  0
HATCH
  5
202
330
1F
100
AcDbEntity
  8
0
 62
     7
420
 16777215
440
 33554687
100
AcDbHatch
 10
0.0
 20
0.0
 30
0.0
210
0.0
220
0.0
230
1.0
  2
SOLID
 70
     1
 71
     1
 91
        1
 92
        0
 93
        1
 72
     4
 94
        3
 73
     0
 74
     1
 95
       17
 96
       13
 40
0.0
 40
0.0
 40
0.0
 40
0.0
 40
1.0
 40
1.0
 40
1.0
 40
2.0
 40
2.0
 40
2.0
 40
3.0
 40
3.0
 40
3.0
 40
4.0
 40
4.0
 40
4.0
 40
4.0
 10
41.37732667911168
 20
18.86903186572194
 10
41.46965467742127
 20
18.86903186572194
 10
41.54461329790636
 20
18.77290200760466
 10
41.54461329790636
 20
18.65449698200099
 10
41.54461329790636
 20
18.53609195639735
 10
41.46965467742127
 20
18.43996209828004
 10
41.37732667911168
 20
18.43996209828004
 10
41.28499868080208
 20
18.43996209828004
 10
41.21004006031699
 20
18.53609195639735
 10
41.21004006031699
 20
18.65449698200099
 10
41.21004006031699
 20
18.77290200760466
 10
41.28499868080208
 20
18.86903186572194
 10
41.37732667911168
 20
18.86903186572194
 97
        0
 97
        0
 75
     0
 76
     1
 98
        0
  0
HATCH
  5
203
330
1F
100
AcDbEntity
  8
0
 62
     7
420
 16777215
440
 33554687
100
AcDbHatch
 10
0.0
 20
0.0
 30
0.0
210
0.0
220
0.0
230
1.0
  2
SOLID
 70
     1
 71
     1
 91
        1
 92
        0
 93
       24
 72
     1
 10
33.31698858213313
 20
48.28529265753059
 11
33.23503240616245
 21
48.47506232933827
 72
     1
 10
33.23503240616245
 20
48.47506232933827
 11
33.35343595897344
 21
48.3274451858028
 72
     1
 10
33.35343595897344
 20
48.3274451858028
 11
33.35190630639919
 21
48.33192760968481
 72
     1
 10
33.35190630639919
 20
48.33192760968481
 11
33.45243055594234
 21
48.85320653975481
 72
     1
 10
33.45243055594234
 20
48.85320653975481
 11
33.45957249875331
 21
48.3223714991499
 72
     1
 10
33.45957249875331
 20
48.3223714991499
 11
33.45727728609087
 21
48.31822855820289
 72
     1
 10
33.45727728609087
 20
48.31822855820289
 11
33.59982915168685
 21
48.44268412456678
 72
     1
 10
33.59982915168685
 20
48.44268412456678
 11
33.48573073869895
 21
48.27031563768078
 72
     1
 10
33.48573073869895
 20
48.27031563768078
 11
33.48907399865396
 21
48.27269376620499
 72
     1
 10
33.48907399865396
 20
48.27269376620499
 11
33.86151802123145
 21
48.16434197625227
 72
     1
 10
33.86151802123145
 20
48.16434197625227
 11
33.47581260598194
 21
48.12328113131625
 72
     1
 10
33.47581260598194
 20
48.12328113131625
 11
33.47294045992732
 21
48.1262109196099
 72
     1
 10
33.47294045992732
 20
48.1262109196099
 11
33.55489663589801
 21
47.93644124780219
 72
     1
 10
33.55489663589801
 20
47.93644124780219
 11
33.436493083087
 21
48.08405839133768
 72
     1
 10
33.436493083087
 20
48.08405839133768
 11
33.43802273566127
 21
48.07957596745568
 72
     1
 10
33.43802273566127
 20
48.07957596745568
 11
33.33749848611812
 21
47.55829703738566
 72
     1
 10
33.33749848611812
 20
47.55829703738566
 11
33.33035654330715
 21
48.08913207799058
 72
     1
 10
33.33035654330715
 20
48.08913207799058
 11
33.33265175596959
 21
48.0932750189376
 72
     1
 10
33.33265175596959
 20
48.0932750189376
 11
33.1900998903736
 21
47.96881945257368
 72
     1
 10
33.1900998903736
 20
47.96881945257368
 11
33.30419830336151
 21
48.14118793945968
 72
     1
 10
33.30419830336151
 20
48.14118793945968
 11
33.30085504340649
 21
48.13880981093547
 72
     1
 10
33.30085504340649
 20
48.13880981093547
 11
32.92841102082902
 21
48.24716160088819
 72
     1
 10
32.92841102082902
 20
48.24716160088819
 11
33.31411643607851
 21
48.28822244582421
 72
     1
 10
33.31411643607851
 20
48.28822244582421
 11
33.31698858213313
 21
48.28529265753059
 97
        0
 75
     0
 76
     1
 98
        0
  0
HATCH
  5
204
330
1F
100
AcDbEntity
  8
0
 62
     7
420
 16777215
440
 33554687
100
AcDbHatch
 10
0.0
 20
0.0
 30
0.0
210
0.0
220
0.0
230
1.0
  2
SOLID
 70
     1
 71
     1
 91
        1
 92
        0
 93
        1
 72
     4
 94
        3
 73
     0
 74
     1
 95
       17
 96
       13
 40
0.0
 40
0.0
 40
0.0
 40
0.0
 40
1.0
 40
1.0
 40
1.0
 40
2.0
 40
2.0
 40
2.0
 40
3.0
 40
3.0
 40
3.0
 40
4.0
 40
4.0
 40
4.0
 40
4.0
 10
43.40875922732864
 20
46.72386577991068
 10
43.46819699609591
 20
46.79451711334342
 10
43.59001351996854
 20
46.78999174946132
 10
43.68061954519595
 20
46.71376643686314
 10
43.77122557042339
 20
46.63754112426493
 10
43.79653024018721
 20
46.51829592270605
 10
43.73709247141991
 20
46.4476445892733
 10
43.67765470265267
 20
46.37699325584058
 10
43.55583817878002
 20
46.38151861972266
 10
43.4652321535526
 20
46.45774393232085
 10
43.37462612832518
 20
46.53396924491905
 10
43.34932145856136
 20
46.65321444647795
 10
43.40875922732864
 20
46.72386577991068
 97
        0
 97
        0
 75
     0
 76
     1
 98
        0
  0
HATCH
  5
205
330
1F
100
AcDbEntity
  8
0
 62
     7
420
 16777215
440
 33554687
100
AcDbHatch
 10
0.0
 20
0.0
 30
0.0
210
0.0
220
0.0
230
1.0
  2
SOLID
 70
     1
 71
     1
 91
        1
 92
        0
 93
       24
 72
     1
 10
22.31198735637518
 20
35.19616431644723
 11
22.23003118040447
 21
35.38593398825495
 72
     1
 10
22.23003118040447
 20
35.38593398825495
 11
22.34843473321547
 21
35.23831684471948
 72
     1
 10
22.34843473321547
 20
35.23831684471948
 11
22.3469050806412
 21
35.24279926860145
 72
     1
 10
22.3469050806412
 20
35.24279926860145
 11
22.44742933018437
 21
35.76407819867147
 72
     1
 10
22.44742933018437
 20
35.76407819867147
 11
22.45457127299534
 21
35.23324315806654
 72
     1
 10
22.45457127299534
 20
35.23324315806654
 11
22.45227606033293
 21
35.22910021711959
 72
     1
 10
22.45227606033293
 20
35.22910021711959
 11
22.59482792592888
 21
35.35355578348346
 72
     1
 10
22.59482792592888
 20
35.35355578348346
 11
22.48072951294096
 21
35.18118729659745
 72
     1
 10
22.48072951294096
 20
35.18118729659745
 11
22.48407277289599
 21
35.18356542512168
 72
     1
 10
22.48407277289599
 20
35.18356542512168
 11
22.85651679547347
 21
35.07521363516894
 72
     1
 10
22.85651679547347
 20
35.07521363516894
 11
22.47081138022397
 21
35.03415279023292
 72
     1
 10
22.47081138022397
 20
35.03415279023292
 11
22.46793923416933
 21
35.03708257852656
 72
     1
 10
22.46793923416933
 20
35.03708257852656
 11
22.54989541014004
 21
34.84731290671888
 72
     1
 10
22.54989541014004
 20
34.84731290671888
 11
22.43149185732902
 21
34.99493005025434
 72
     1
 10
22.43149185732902
 20
34.99493005025434
 11
22.4330215099033
 21
34.99044762637234
 72
     1
 10
22.4330215099033
 20
34.99044762637234
 11
22.33249726036017
 21
34.46916869630232
 72
     1
 10
22.33249726036017
 20
34.46916869630232
 11
22.3253553175492
 21
35.00000373690725
 72
     1
 10
22.3253553175492
 20
35.00000373690725
 11
22.32765053021163
 21
35.00414667785427
 72
     1
 10
22.32765053021163
 20
35.00414667785427
 11
22.18509866461563
 21
34.87969111149037
 72
     1
 10
22.18509866461563
 20
34.87969111149037
 11
22.29919707760354
 21
35.05205959837635
 72
     1
 10
22.29919707760354
 20
35.05205959837635
 11
22.29585381764852
 21
35.04968146985213
 72
     1
 10
22.29585381764852
 20
35.04968146985213
 11
21.92340979507104
 21
35.15803325980485
 72
     1
 10
21.92340979507104
 20
35.15803325980485
 11
22.30911521032054
 21
35.19909410474087
 72
     1
 10
22.30911521032054
 20
35.19909410474087
 11
22.31198735637518
 21
35.19616431644723
 97
        0
 75
     0
 76
     1
 98
        0
  0
HATCH
  5
206
330
1F
100
AcDbEntity
  8
0
 62
     7
420
 16777215
440
 33554687
100
AcDbHatch
 10
0.0
 20
0.0
 30
0.0
210
0.0
220
0.0
230
1.0
  2
SOLID
 70
     1
 71
     1
 91
        1
 92
        0
 93
        1
 72
     4
 94
        3
 73
     0
 74
     1
 95
       26
 96
       22
 40
0.0
 40
0.0
 40
0.0
 40
0.0
 40
1.0
 40
1.0
 40
1.0
 40
2.0
 40
2.0
 40
2.0
 40
3.0
 40
3.0
 40
3.0
 40
4.0
 40
4.0
 40
4.0
 40
5.0
 40
5.0
 40
5.0
 40
6.0
 40
6.0
 40
6.0
 40
7.0
 40
7.0
 40
7.0
 40
7.0
 10
47.76752200088336
 20
23.79111666274118
 10
47.76407377002577
 20
23.78546518241706
 10
47.76017984088433
 20
23.78003783099892
 10
47.75583259155628
 20
23.77487042703742
 10
47.69639482278905
 20
23.70421909360469
 10
47.5745782989164
 20
23.70874445748678
 10
47.48397227368893
 20
23.78496977008497
 10
47.402173363031
 20
23.85378580654002
 10
47.37359790922313
 20
23.95766493146453
 10
47.41255104137404
 20
24.02919595129941
 10
47.40778424936894
 20
24.05711527969294
 10
47.40525514536622
 20
24.08630346298441
 10
47.40525514536622
 20
24.11633909722705
 10
47.40525514536622
 20
24.31660632442136
 10
47.51769307609388
 20
24.47919790393905
 10
47.65618507355827
 20
24.47919790393905
 10
47.79467707102265
 20
24.47919790393905
 10
47.9071150017503
 20
24.31660632442136
 10
47.9071150017503
 20
24.11633909722705
 10
47.9071150017503
 20
23.97387882981916
 10
47.85021915238192
 20
23.85048319621586
 10
47.76752200088336
 20
23.79111666274118
 97
        0
 97
        0
 75
     0
 76
     1
 98
        0
  0
HATCH
  5
207
330
1F
100
AcDbEntity
  8
0
 62
     7
420
 16777215
440
 33554687
100
AcDbHatch
 10
0.0
 20
0.0
 30
0.0
210
0.0
220
0.0
230
1.0
  2
SOLID
 70
     1
 71
     1
 91
        1
 92
        0
 93
        1
 72
     4
 94
        3
 73
     0
 74
     1
 95
      107
 96
      103
 40
0.0
 40
0.0
 40
0.0
 40
0.0
 40
1.0
 40
1.0
 40
1.0
 40
2.0
 40
2.0
 40
2.0
 40
3.0
 40
3.0
 40
3.0
 40
4.0
 40
4.0
 40
4.0
 40
5.0
 40
5.0
 40
5.0
 40
6.0
 40
6.0
 40
6.0
 40
7.0
 40
7.0
 40
7.0
 40
8.0
 40
8.0
 40
8.0
 40
9.0
 40
9.0
 40
9.0
 40
10.0
 40
10.0
 40
10.0
 40
11.0
 40
11.0
 40
11.0
 40
12.0
 40
12.0
 40
12.0
 40
13.0
 40
13.0
 40
13.0
 40
14.0
 40
14.0
 40
14.0
 40
15.0
 40
15.0
 40
15.0
 40
16.0
 40
16.0
 40
16.0
 40
17.0
 40
17.0
 40
17.0
 40
18.0
 40
18.0
 40
18.0
 40
19.0
 40
19.0
 40
19.0
 40
20.0
 40
20.0
 40
20.0
 40
21.0
 40
21.0
 40
21.0
 40
22.0
 40
22.0
 40
22.0
 40
23.0
 40
23.0
 40
23.0
 40
24.0
 40
24.0
 40
24.0
 40
25.0
 40
25.0
 40
25.0
 40
26.0
 40
26.0
 40
26.0
 40
27.0
 40
27.0
 40
27.0
 40
28.0
 40
28.0
 40
28.0
 40
29.0
 40
29.0
 40
29.0
 40
30.0
 40
30.0
 40
30.0
 40
31.0
 40
31.0
 40
31.0
 40
32.0
 40
32.0
 40
32.0
 40
33.0
 40
33.0
 40
33.0
 40
34.0
 40
34.0
 40
34.0
 40
34.0
 10
23.60021477931078
 20
27.32475342582909
 10
23.60021477931078
 20
27.32475342582909
 10
23.11709893513155
 20
27.93968906456583
 10
23.11709893513155
 20
27.93968906456583
 10
23.11709893513155
 20
27.93968906456583
 10
23.11737141741395
 20
27.9498529557174
 10
23.11737141741395
 20
27.9498529557174
 10
23.11737141741395
 20
27.9498529557174
 10
22.93961344325547
 20
27.53130072183496
 10
22.93961344325547
 20
27.53130072183496
 10
22.93961344325547
 20
27.53130072183496
 10
22.99381467143857
 20
27.98279390752923
 10
22.99381467143857
 20
27.98279390752923
 10
22.99381467143857
 20
27.98279390752923
 10
22.98899113115677
 20
27.9738433550834
 10
22.98899113115677
 20
27.9738433550834
 10
22.98899113115677
 20
27.9738433550834
 10
21.99975185475067
 20
27.57438157153516
 10
21.99975185475067
 20
27.57438157153516
 10
21.99975185475067
 20
27.57438157153516
 10
22.83866550962528
 20
28.23346270627118
 10
22.83866550962528
 20
28.23346270627118
 10
22.83866550962528
 20
28.23346270627118
 10
22.84882940077691
 20
28.23319022398876
 10
22.84882940077691
 20
28.23319022398876
 10
22.84882940077691
 20
28.23319022398876
 10
22.43027716689442
 20
28.41094819814728
 10
22.43027716689442
 20
28.41094819814728
 10
22.43027716689442
 20
28.41094819814728
 10
22.88177035258869
 20
28.35674696996418
 10
22.88177035258869
 20
28.35674696996418
 10
22.88177035258869
 20
28.35674696996418
 10
22.87281980014287
 20
28.36157051024598
 10
22.87281980014287
 20
28.36157051024598
 10
22.87281980014287
 20
28.36157051024598
 10
22.47335801659463
 20
29.35080978665206
 10
22.47335801659463
 20
29.35080978665206
 10
22.47335801659463
 20
29.35080978665206
 10
23.13243915133068
 20
28.51189613177745
 10
23.13243915133068
 20
28.51189613177745
 10
23.13243915133068
 20
28.51189613177745
 10
23.13216666904825
 20
28.50173224062588
 10
23.13216666904825
 20
28.50173224062588
 10
23.13216666904825
 20
28.50173224062588
 10
23.26074807653779
 20
28.80449241549438
 10
23.26074807653779
 20
28.80449241549438
 10
23.21982136614759
 20
28.79846771426968
 10
23.1770836018328
 20
28.80902389320732
 10
23.14351048481507
 20
28.83726838724782
 10
23.08015993059103
 20
28.89056413426771
 10
23.07327647649756
 20
28.98678734784811
 10
23.12814854574161
 20
29.05201161418093
 10
23.18302061498567
 20
29.11723588051375
 10
23.27900238571119
 20
29.12692032476142
 10
23.34235293993525
 20
29.07362457774154
 10
23.40570349415932
 20
29.02032883072165
 10
23.41258694825274
 20
28.92410561714126
 10
23.3577148790087
 20
28.85888135080843
 10
23.34075480375392
 20
28.83872157770925
 10
23.31986740028761
 20
28.8238676838132
 10
23.29723006676654
 20
28.81453936595334
 10
23.29723006676654
 20
28.81453936595334
 10
23.25572341502364
 20
28.468791288814
 10
23.25572341502364
 20
28.468791288814
 10
23.25572341502364
 20
28.468791288814
 10
23.26054695530544
 20
28.47774184125986
 10
23.26054695530544
 20
28.47774184125986
 10
23.26054695530544
 20
28.47774184125986
 10
24.24978623171154
 20
28.8772036248081
 10
24.24978623171154
 20
28.8772036248081
 10
24.24978623171154
 20
28.8772036248081
 10
23.41087257683693
 20
28.21812249007208
 10
23.41087257683693
 20
28.21812249007208
 10
23.41087257683693
 20
28.21812249007208
 10
23.40070868568537
 20
28.2183949723545
 10
23.40070868568537
 20
28.2183949723545
 10
23.40070868568537
 20
28.2183949723545
 10
23.81926091956781
 20
28.04063699819601
 10
23.81926091956781
 20
28.04063699819601
 10
23.81926091956781
 20
28.04063699819601
 10
23.36776773387352
 20
28.09483822637909
 10
23.36776773387352
 20
28.09483822637909
 10
23.36776773387352
 20
28.09483822637909
 10
23.37671828631933
 20
28.0900146860973
 10
23.37671828631933
 20
28.0900146860973
 10
23.37671828631933
 20
28.0900146860973
 10
23.6796207030143
 20
27.33989795440049
 10
23.6796207030143
 20
27.33989795440049
 10
23.72867505135761
 20
27.33793982375678
 10
23.78155287898538
 20
27.31776087259575
 10
23.82668636758604
 20
27.27979083397415
 10
23.91729239281347
 20
27.20356552137594
 10
23.94259706257728
 20
27.08432031981705
 10
23.88315929381
 20
27.01366898638431
 10
23.82372152504275
 20
26.9430176529516
 10
23.70190500117012
 20
26.94754301683367
 10
23.61129897594269
 20
27.02376832943186
 10
23.52069295071527
 20
27.09999364203006
 10
23.49538828095143
 20
27.21923884358896
 10
23.55482604971873
 20
27.2898901770217
 10
23.56744319990558
 20
27.30488768623701
 10
23.58287117797165
 20
27.31649768384964
 10
23.60021477931078
 20
27.32475342582909
 97
        0
 97
        0
 75
     0
 76
     1
 98
        0
  0
HATCH
  5
208
330
1F
100
AcDbEntity
  8
0
 62
     7
420
 16777215
440
 33554687
100
AcDbHatch
 10
0.0
 20
0.0
 30
0.0
210
0.0
220
0.0
230
1.0
  2
SOLID
 70
     1
 71
     1
 91
        1
 92
        0
 93
        1
 72
     4
 94
        3
 73
     0
 74
     1
 95
       17
 96
       13
 40
0.0
 40
0.0
 40
0.0
 40
0.0
 40
1.0
 40
1.0
 40
1.0
 40
2.0
 40
2.0
 40
2.0
 40
3.0
 40
3.0
 40
3.0
 40
4.0
 40
4.0
 40
4.0
 40
4.0
 10
38.76334863495618
 20
36.92535390770849
 10
38.82278640372346
 20
36.99600524114123
 10
38.94460292759608
 20
36.99147987725913
 10
39.03520895282352
 20
36.91525456466094
 10
39.12581497805093
 20
36.83902925206274
 10
39.15111964781475
 20
36.71978405050384
 10
39.09168187904748
 20
36.6491327170711
 10
39.03224411028021
 20
36.57848138363839
 10
38.91042758640756
 20
36.58300674752046
 10
38.81982156118016
 20
36.65923206011863
 10
38.72921553595271
 20
36.73545737271686
 10
38.70391086618892
 20
36.85470257427576
 10
38.76334863495618
 20
36.92535390770849
 97
        0
 97
        0
 75
     0
 76
     1
 98
        0
  0
HATCH
  5
209
330
1F
100
AcDbEntity
  8
0
 62
     7
420
 16777215
440
 33554687
100
AcDbHatch
 10
0.0
 20
0.0
 30
0.0
210
0.0
220
0.0
230
1.0
  2
SOLID
 70
     1
 71
     1
 91
        1
 92
        0
 93
        1
 72
     4
 94
        3
 73
     0
 74
     1
 95
       92
 96
       88
 40
0.0
 40
0.0
 40
0.0
 40
0.0
 40
1.0
 40
1.0
 40
1.0
 40
2.0
 40
2.0
 40
2.0
 40
3.0
 40
3.0
 40
3.0
 40
4.0
 40
4.0
 40
4.0
 40
5.0
 40
5.0
 40
5.0
 40
6.0
 40
6.0
 40
6.0
 40
7.0
 40
7.0
 40
7.0
 40
8.0
 40
8.0
 40
8.0
 40
9.0
 40
9.0
 40
9.0
 40
10.0
 40
10.0
 40
10.0
 40
11.0
 40
11.0
 40
11.0
 40
12.0
 40
12.0
 40
12.0
 40
13.0
 40
13.0
 40
13.0
 40
14.0
 40
14.0
 40
14.0
 40
15.0
 40
15.0
 40
15.0
 40
16.0
 40
16.0
 40
16.0
 40
17.0
 40
17.0
 40
17.0
 40
18.0
 40
18.0
 40
18.0
 40
19.0
 40
19.0
 40
19.0
 40
20.0
 40
20.0
 40
20.0
 40
21.0
 40
21.0
 40
21.0
 40
22.0
 40
22.0
 40
22.0
 40
23.0
 40
23.0
 40
23.0
 40
24.0
 40
24.0
 40
24.0
 40
25.0
 40
25.0
 40
25.0
 40
26.0
 40
26.0
 40
26.0
 40
27.0
 40
27.0
 40
27.0
 40
28.0
 40
28.0
 40
28.0
 40
29.0
 40
29.0
 40
29.0
 40
29.0
 10
18.01572666056609
 20
31.76829335429769
 10
18.01572666056609
 20
31.76829335429769
 10
17.55990088447786
 20
32.34849273742432
 10
17.55990088447786
 20
32.34849273742432
 10
17.55990088447786
 20
32.34849273742432
 10
17.56017336676029
 20
32.35865662857589
 10
17.56017336676029
 20
32.35865662857589
 10
17.56017336676029
 20
32.35865662857589
 10
17.38241539260178
 20
31.94010439469343
 10
17.38241539260178
 20
31.94010439469343
 10
17.38241539260178
 20
31.94010439469343
 10
17.43661662078489
 20
32.39159758038772
 10
17.43661662078489
 20
32.39159758038772
 10
17.43661662078489
 20
32.39159758038772
 10
17.43179308050308
 20
32.38264702794189
 10
17.43179308050308
 20
32.38264702794189
 10
17.43179308050308
 20
32.38264702794189
 10
16.44255380409698
 20
31.98318524439365
 10
16.44255380409698
 20
31.98318524439365
 10
16.44255380409698
 20
31.98318524439365
 10
17.28146745897159
 20
32.64226637912967
 10
17.28146745897159
 20
32.64226637912967
 10
17.28146745897159
 20
32.64226637912967
 10
17.29163135012323
 20
32.64199389684727
 10
17.29163135012323
 20
32.64199389684727
 10
17.29163135012323
 20
32.64199389684727
 10
16.87307911624073
 20
32.81975187100579
 10
16.87307911624073
 20
32.81975187100579
 10
16.87307911624073
 20
32.81975187100579
 10
17.324572301935
 20
32.76555064282267
 10
17.324572301935
 20
32.76555064282267
 10
17.324572301935
 20
32.76555064282267
 10
17.31562174948919
 20
32.77037418310447
 10
17.31562174948919
 20
32.77037418310447
 10
17.31562174948919
 20
32.77037418310447
 10
16.91615996594095
 20
33.75961345951057
 10
16.91615996594095
 20
33.75961345951057
 10
16.91615996594095
 20
33.75961345951057
 10
17.57524110067698
 20
32.92069980463594
 10
17.57524110067698
 20
32.92069980463594
 10
17.57524110067698
 20
32.92069980463594
 10
17.57496861839457
 20
32.91053591348437
 10
17.57496861839457
 20
32.91053591348437
 10
17.57496861839457
 20
32.91053591348437
 10
17.75272659255307
 20
33.3290881473668
 10
17.75272659255307
 20
33.3290881473668
 10
17.75272659255307
 20
33.3290881473668
 10
17.69852536436995
 20
32.87759496167254
 10
17.69852536436995
 20
32.87759496167254
 10
17.69852536436995
 20
32.87759496167254
 10
17.70334890465175
 20
32.88654551411837
 10
17.70334890465175
 20
32.88654551411837
 10
17.70334890465175
 20
32.88654551411837
 10
18.69258818105785
 20
33.28600729766659
 10
18.69258818105785
 20
33.28600729766659
 10
18.69258818105785
 20
33.28600729766659
 10
17.85367452618324
 20
32.62692616293057
 10
17.85367452618324
 20
32.62692616293057
 10
17.85367452618324
 20
32.62692616293057
 10
17.84351063503167
 20
32.62719864521299
 10
17.84351063503167
 20
32.62719864521299
 10
17.84351063503167
 20
32.62719864521299
 10
18.26206286891411
 20
32.44944067105448
 10
18.26206286891411
 20
32.44944067105448
 10
18.26206286891411
 20
32.44944067105448
 10
17.81056968321983
 20
32.50364189923758
 10
17.81056968321983
 20
32.50364189923758
 10
17.81056968321983
 20
32.50364189923758
 10
17.81952023566565
 20
32.49881835895579
 10
17.81952023566565
 20
32.49881835895579
 10
17.81952023566565
 20
32.49881835895579
 10
18.08706336573059
 20
31.83626643711244
 10
18.08706336573059
 20
31.83626643711244
 10
18.10581269280116
 20
31.84559817324004
 10
18.12619491272675
 20
31.85071791223351
 10
18.14750220091603
 20
31.85071791223351
 10
18.23983019922562
 20
31.85071791223351
 10
18.31478881971073
 20
31.75458805411624
 10
18.31478881971073
 20
31.63618302851257
 10
18.31478881971073
 20
31.51777800290891
 10
18.23983019922562
 20
31.42164814479164
 10
18.14750220091603
 20
31.42164814479164
 10
18.05517420260647
 20
31.42164814479164
 10
17.98021558212135
 20
31.51777800290891
 10
17.98021558212135
 20
31.63618302851257
 10
17.98021558212135
 20
31.68599503753931
 10
17.99348187037356
 20
31.73186475426096
 10
18.01572666056609
 20
31.76829335429769
 97
        0
 97
        0
 75
     0
 76
     1
 98
        0
  0
HATCH
  5
20A
330
1F
100
AcDbEntity
  8
0
 62
     7
420
 16777215
440
 33554687
100
AcDbHatch
 10
0.0
 20
0.0
 30
0.0
210
0.0
220
0.0
230
1.0
  2
SOLID
 70
     1
 71
     1
 91
        1
 92
        0
 93
        1
 72
     4
 94
        3
 73
     0
 74
     1
 95
       89
 96
       85
 40
0.0
 40
0.0
 40
0.0
 40
0.0
 40
1.0
 40
1.0
 40
1.0
 40
2.0
 40
2.0
 40
2.0
 40
3.0
 40
3.0
 40
3.0
 40
4.0
 40
4.0
 40
4.0
 40
5.0
 40
5.0
 40
5.0
 40
6.0
 40
6.0
 40
6.0
 40
7.0
 40
7.0
 40
7.0
 40
8.0
 40
8.0
 40
8.0
 40
9.0
 40
9.0
 40
9.0
 40
10.0
 40
10.0
 40
10.0
 40
11.0
 40
11.0
 40
11.0
 40
12.0
 40
12.0
 40
12.0
 40
13.0
 40
13.0
 40
13.0
 40
14.0
 40
14.0
 40
14.0
 40
15.0
 40
15.0
 40
15.0
 40
16.0
 40
16.0
 40
16.0
 40
17.0
 40
17.0
 40
17.0
 40
18.0
 40
18.0
 40
18.0
 40
19.0
 40
19.0
 40
19.0
 40
20.0
 40
20.0
 40
20.0
 40
21.0
 40
21.0
 40
21.0
 40
22.0
 40
22.0
 40
22.0
 40
23.0
 40
23.0
 40
23.0
 40
24.0
 40
24.0
 40
24.0
 40
25.0
 40
25.0
 40
25.0
 40
26.0
 40
26.0
 40
26.0
 40
27.0
 40
27.0
 40
27.0
 40
28.0
 40
28.0
 40
28.0
 40
28.0
 10
34.75383315420023
 20
30.2408802202301
 10
34.75383315420023
 20
30.2408802202301
 10
34.76516530444076
 20
30.28789315604399
 10
34.76516530444076
 20
30.28789315604399
 10
34.76516530444076
 20
30.28789315604399
 10
34.77540783442117
 20
30.29981774408447
 10
34.77540783442117
 20
30.29981774408447
 10
34.77540783442117
 20
30.29981774408447
 10
34.2494006549913
 20
29.99288818951046
 10
34.2494006549913
 20
29.99288818951046
 10
34.2494006549913
 20
29.99288818951046
 10
34.73073092767493
 20
30.47604977682392
 10
34.73073092767493
 20
30.47604977682392
 10
34.73073092767493
 20
30.47604977682392
 10
34.71884277978645
 20
30.47061647500188
 10
34.71884277978645
 20
30.47061647500188
 10
34.71884277978645
 20
30.47061647500188
 10
33.70393980405626
 20
31.08385006454711
 10
33.70393980405626
 20
31.08385006454711
 10
33.70393980405626
 20
31.08385006454711
 10
34.88204361773123
 20
30.94910998254839
 10
34.88204361773123
 20
30.94910998254839
 10
34.88204361773123
 20
30.94910998254839
 10
34.8881340198463
 20
30.93754469694949
 10
34.8881340198463
 20
30.93754469694949
 10
34.8881340198463
 20
30.93754469694949
 10
34.80236099702046
 20
31.61412945838908
 10
34.80236099702046
 20
31.61412945838908
 10
34.80236099702046
 20
31.61412945838908
 10
35.03118785919968
 20
31.04974698928856
 10
35.03118785919968
 20
31.04974698928856
 10
35.03118785919968
 20
31.04974698928856
 10
35.03036666610104
 20
31.06544510580712
 10
35.03036666610104
 20
31.06544510580712
 10
35.03036666610104
 20
31.06544510580712
 10
35.76068607478427
 20
32.69703044040118
 10
35.76068607478427
 20
32.69703044040118
 10
35.76068607478427
 20
32.69703044040118
 10
35.34179958293963
 20
30.95922399268844
 10
35.34179958293963
 20
30.95922399268844
 10
35.34179958293963
 20
30.95922399268844
 10
35.33155705295923
 20
30.94729940464799
 10
35.33155705295923
 20
30.94729940464799
 10
35.33155705295923
 20
30.94729940464799
 10
35.85756423238911
 20
31.254228959222
 10
35.85756423238911
 20
31.254228959222
 10
35.85756423238911
 20
31.254228959222
 10
35.37623395970544
 20
30.77106737190848
 10
35.37623395970544
 20
30.77106737190848
 10
35.37623395970544
 20
30.77106737190848
 10
35.38812210759396
 20
30.77650067373055
 10
35.38812210759396
 20
30.77650067373055
 10
35.38812210759396
 20
30.77650067373055
 10
36.40302508332417
 20
30.1632670841853
 10
36.40302508332417
 20
30.1632670841853
 10
36.40302508332417
 20
30.1632670841853
 10
35.22492126964916
 20
30.29800716618404
 10
35.22492126964916
 20
30.29800716618404
 10
35.22492126964916
 20
30.29800716618404
 10
35.21883086753407
 20
30.309572451783
 10
35.21883086753407
 20
30.309572451783
 10
35.21883086753407
 20
30.309572451783
 10
35.30460389035993
 20
29.63298769034334
 10
35.30460389035993
 20
29.63298769034334
 10
35.30460389035993
 20
29.63298769034334
 10
35.07577702818068
 20
30.19737015944391
 10
35.07577702818068
 20
30.19737015944391
 10
35.07577702818068
 20
30.19737015944391
 10
35.07659822127937
 20
30.1816720429253
 10
35.07659822127937
 20
30.1816720429253
 10
35.07659822127937
 20
30.1816720429253
 10
34.34627881259611
 20
28.55008670833124
 10
34.34627881259611
 20
28.55008670833124
 10
34.34627881259611
 20
28.55008670833124
 10
34.65721833824558
 20
29.840060777781
 10
34.65721833824558
 20
29.840060777781
 10
34.60624370390295
 20
29.87683926014203
 10
34.57177930917695
 20
29.94688450397739
 10
34.57177930917695
 20
30.0271714006056
 10
34.57177930917695
 20
30.14557642620928
 10
34.64673792966206
 20
30.24170628432655
 10
34.73906592797162
 20
30.24170628432655
 10
34.74404179077219
 20
30.24170628432655
 10
34.74896720438059
 20
30.24142707607099
 10
34.75383315420023
 20
30.2408802202301
 97
        0
 97
        0
 75
     0
 76
     1
 98
        0
  0
HATCH
  5
20B
330
1F
100
AcDbEntity
  8
0
 62
     7
420
 16777215
440
 33554687
100
AcDbHatch
 10
0.0
 20
0.0
 30
0.0
210
0.0
220
0.0
230
1.0
  2
SOLID
 70
     1
 71
     1
 91
        1
 92
        0
 93
       24
 72
     1
 10
46.30656717331122
 20
49.38676036803194
 11
46.12274131085007
 21
49.43168558004359
 72
     1
 10
46.12274131085007
 20
49.43168558004359
 11
46.32936724618624
 21
49.43760723219455
 72
     1
 10
46.32936724618624
 20
49.43760723219455
 11
46.32549814118449
 21
49.4389721163985
 72
     1
 10
46.32549814118449
 20
49.4389721163985
 11
46.19970745055448
 21
49.80589358277852
 72
     1
 10
46.19970745055448
 20
49.80589358277852
 11
46.45530781677836
 21
49.51413492716425
 72
     1
 10
46.45530781677836
 20
49.51413492716425
 11
46.45456540441602
 21
49.51009986752538
 72
     1
 10
46.45456540441602
 20
49.51009986752538
 11
46.56256504900626
 21
49.6863537182241
 72
     1
 10
46.56256504900626
 20
49.6863537182241
 11
46.51001418043459
 21
49.50456090044463
 72
     1
 10
46.51001418043459
 20
49.50456090044463
 11
46.51279897901924
 21
49.50839193916785
 72
     1
 10
46.51279897901924
 20
49.50839193916785
 11
46.99691823362787
 21
49.7262574825618
 72
     1
 10
46.99691823362787
 20
49.7262574825618
 11
46.56696102259613
 21
49.41485156681361
 72
     1
 10
46.56696102259613
 20
49.41485156681361
 11
46.56225210546414
 21
49.41434357045516
 72
     1
 10
46.56225210546414
 20
49.41434357045516
 11
46.74607796792522
 21
49.36941835844353
 72
     1
 10
46.74607796792522
 20
49.36941835844353
 11
46.53945203258909
 21
49.36349670629258
 72
     1
 10
46.53945203258909
 20
49.36349670629258
 11
46.54332113759079
 21
49.36213182208865
 72
     1
 10
46.54332113759079
 20
49.36213182208865
 11
46.66911182822081
 21
48.99521035570858
 72
     1
 10
46.66911182822081
 20
48.99521035570858
 11
46.4135114619969
 21
49.28696901132287
 72
     1
 10
46.4135114619969
 20
49.28696901132287
 11
46.41425387435928
 21
49.29100407096165
 72
     1
 10
46.41425387435928
 20
49.29100407096165
 11
46.30625422976907
 21
49.11475022026299
 72
     1
 10
46.30625422976907
 20
49.11475022026299
 11
46.35880509834077
 21
49.29654303804254
 72
     1
 10
46.35880509834077
 20
49.29654303804254
 11
46.35602029975606
 21
49.29271199931928
 72
     1
 10
46.35602029975606
 20
49.29271199931928
 11
45.87190104514744
 21
49.07484645592531
 72
     1
 10
45.87190104514744
 20
49.07484645592531
 11
46.30185825617919
 21
49.38625237167349
 72
     1
 10
46.30185825617919
 20
49.38625237167349
 11
46.30656717331122
 21
49.38676036803194
 97
        0
 75
     0
 76
     1
 98
        0
  0
HATCH
  5
20C
330
1F
100
AcDbEntity
  8
0
 62
     7
420
 16777215
440
 33554687
100
AcDbHatch
 10
0.0
 20
0.0
 30
0.0
210
0.0
220
0.0
230
1.0
  2
SOLID
 70
     1
 71
     1
 91
        1
 92
        0
 93
       24
 72
     1
 10
35.30156594755316
 20
36.29763202694863
 11
35.11774008509208
 21
36.34255723896024
 72
     1
 10
35.11774008509208
 20
36.34255723896024
 11
35.32436602042833
 21
36.34847889111119
 72
     1
 10
35.32436602042833
 20
36.34847889111119
 11
35.32049691542652
 21
36.34984377531516
 72
     1
 10
35.32049691542652
 20
36.34984377531516
 11
35.19470622479651
 21
36.71676524169519
 72
     1
 10
35.19470622479651
 20
36.71676524169519
 11
35.45030659102041
 21
36.4250065860809
 72
     1
 10
35.45030659102041
 20
36.4250065860809
 11
35.44956417865804
 21
36.42097152644207
 72
     1
 10
35.44956417865804
 20
36.42097152644207
 11
35.55756382324827
 21
36.59722537714079
 72
     1
 10
35.55756382324827
 20
36.59722537714079
 11
35.50501295467656
 21
36.41543255936124
 72
     1
 10
35.50501295467656
 20
36.41543255936124
 11
35.50779775326128
 21
36.41926359808449
 72
     1
 10
35.50779775326128
 20
36.41926359808449
 11
35.99191700786988
 21
36.63712914147844
 72
     1
 10
35.99191700786988
 20
36.63712914147844
 11
35.56195979683814
 21
36.32572322573026
 72
     1
 10
35.56195979683814
 20
36.32572322573026
 11
35.55725087970619
 21
36.32521522937181
 72
     1
 10
35.55725087970619
 20
36.32521522937181
 11
35.74107674216724
 21
36.28029001736017
 72
     1
 10
35.74107674216724
 20
36.28029001736017
 11
35.53445080683106
 21
36.27436836520924
 72
     1
 10
35.53445080683106
 20
36.27436836520924
 11
35.53831991183284
 21
36.27300348100531
 72
     1
 10
35.53831991183284
 20
36.27300348100531
 11
35.66411060246284
 21
35.90608201462525
 72
     1
 10
35.66411060246284
 20
35.90608201462525
 11
35.40851023623894
 21
36.19784067023954
 72
     1
 10
35.40851023623894
 20
36.19784067023954
 11
35.4092526486013
 21
36.20187572987833
 72
     1
 10
35.4092526486013
 20
36.20187572987833
 11
35.30125300401109
 21
36.02562187917963
 72
     1
 10
35.30125300401109
 20
36.02562187917963
 11
35.35380387258279
 21
36.20741469695924
 72
     1
 10
35.35380387258279
 20
36.20741469695924
 11
35.35101907399807
 21
36.20358365823596
 72
     1
 10
35.35101907399807
 20
36.20358365823596
 11
34.86689981938945
 21
35.98571811484197
 72
     1
 10
34.86689981938945
 20
35.98571811484197
 11
35.29685703042119
 21
36.29712403059015
 72
     1
 10
35.29685703042119
 20
36.29712403059015
 11
35.30156594755316
 21
36.29763202694863
 97
        0
 75
     0
 76
     1
 98
        0
  0
HATCH
  5
20D
330
1F
100
AcDbEntity
  8
0
 62
     7
420
 16777215
440
 33554687
100
AcDbHatch
 10
0.0
 20
0.0
 30
0.0
210
0.0
220
0.0
230
1.0
  2
SOLID
 70
     1
 71
     1
 91
        1
 92
        0
 93
        1
 72
     4
 94
        3
 73
     0
 74
     1
 95
       83
 96
       79
 40
0.0
 40
0.0
 40
0.0
 40
0.0
 40
1.0
 40
1.0
 40
1.0
 40
2.0
 40
2.0
 40
2.0
 40
3.0
 40
3.0
 40
3.0
 40
4.0
 40
4.0
 40
4.0
 40
5.0
 40
5.0
 40
5.0
 40
6.0
 40
6.0
 40
6.0
 40
7.0
 40
7.0
 40
7.0
 40
8.0
 40
8.0
 40
8.0
 40
9.0
 40
9.0
 40
9.0
 40
10.0
 40
10.0
 40
10.0
 40
11.0
 40
11.0
 40
11.0
 40
12.0
 40
12.0
 40
12.0
 40
13.0
 40
13.0
 40
13.0
 40
14.0
 40
14.0
 40
14.0
 40
15.0
 40
15.0
 40
15.0
 40
16.0
 40
16.0
 40
16.0
 40
17.0
 40
17.0
 40
17.0
 40
18.0
 40
18.0
 40
18.0
 40
19.0
 40
19.0
 40
19.0
 40
20.0
 40
20.0
 40
20.0
 40
21.0
 40
21.0
 40
21.0
 40
22.0
 40
22.0
 40
22.0
 40
23.0
 40
23.0
 40
23.0
 40
24.0
 40
24.0
 40
24.0
 40
25.0
 40
25.0
 40
25.0
 40
26.0
 40
26.0
 40
26.0
 40
26.0
 10
32.08764925715901
 20
16.53515490860926
 10
32.08764925715901
 20
16.53515490860926
 10
31.60168804519617
 20
16.48235423902163
 10
31.60168804519617
 20
16.48235423902163
 10
31.60168804519617
 20
16.48235423902163
 10
32.19479843850976
 20
16.71689452929259
 10
32.19479843850976
 20
16.71689452929259
 10
32.19479843850976
 20
16.71689452929259
 10
32.17884233472419
 20
16.71642505495188
 10
32.17884233472419
 20
16.71642505495188
 10
32.17884233472419
 20
16.71642505495188
 10
30.60005541833648
 20
17.55843461202807
 10
30.60005541833648
 20
17.55843461202807
 10
30.60005541833648
 20
17.55843461202807
 10
32.31666374715152
 20
17.05365340496162
 10
32.31666374715152
 20
17.05365340496162
 10
32.31666374715152
 20
17.05365340496162
 10
32.32772371485444
 20
17.04214276776882
 10
32.32772371485444
 20
17.04214276776882
 10
32.32772371485444
 20
17.04214276776882
 10
32.0686573102715
 20
17.62495807679351
 10
32.0686573102715
 20
17.62495807679351
 10
32.0686573102715
 20
17.62495807679351
 10
32.51031281646744
 20
17.08613732194722
 10
32.51031281646744
 20
17.08613732194722
 10
32.51031281646744
 20
17.08613732194722
 10
32.50597828965353
 20
17.09926844344575
 10
32.50597828965353
 20
17.09926844344575
 10
32.50597828965353
 20
17.09926844344575
 10
33.22521707436427
 20
18.19096314567472
 10
33.22521707436427
 20
18.19096314567472
 10
33.22521707436427
 20
18.19096314567472
 10
32.98359808417301
 20
16.95720490696366
 10
32.98359808417301
 20
16.95720490696366
 10
32.99705654880069
 20
16.94942157638165
 10
33.01016621606296
 20
16.94026130439536
 10
33.02268049763243
 20
16.92973325151828
 10
33.02997348577098
 20
16.92359778426607
 10
33.03684339726356
 20
16.91718359829198
 10
33.04328009379608
 20
16.91053846917721
 10
33.04328009379608
 20
16.91053846917721
 10
33.65429386249556
 20
16.97692635224359
 10
33.65429386249556
 20
16.97692635224359
 10
33.65429386249556
 20
16.97692635224359
 10
33.11121183943337
 20
16.76216934112741
 10
33.11121183943337
 20
16.76216934112741
 10
33.11163427176716
 20
16.74986427642365
 10
33.11074863691743
 20
16.73778174605161
 10
33.10851207152624
 20
16.72612373841103
 10
33.10851207152624
 20
16.72612373841103
 10
34.65592648935526
 20
15.90084597923715
 10
34.65592648935526
 20
15.90084597923715
 10
34.65592648935526
 20
15.90084597923715
 10
32.9393181605402
 20
16.40562718630361
 10
32.9393181605402
 20
16.40562718630361
 10
32.9393181605402
 20
16.40562718630361
 10
32.92825819283725
 20
16.41713782349644
 10
32.92825819283725
 20
16.41713782349644
 10
32.92825819283725
 20
16.41713782349644
 10
33.18732459742022
 20
15.83432251447171
 10
33.18732459742022
 20
15.83432251447171
 10
33.18732459742022
 20
15.83432251447171
 10
32.7456690912243
 20
16.37314326931802
 10
32.7456690912243
 20
16.37314326931802
 10
32.7456690912243
 20
16.37314326931802
 10
32.75000361803819
 20
16.36001214781949
 10
32.75000361803819
 20
16.36001214781949
 10
32.75000361803819
 20
16.36001214781949
 10
32.03076483332744
 20
15.26831744559054
 10
32.03076483332744
 20
15.26831744559054
 10
32.03076483332744
 20
15.26831744559054
 10
32.23210255831824
 20
16.2963909292769
 10
32.23210255831824
 20
16.2963909292769
 10
32.14996874405089
 20
16.31000378459065
 10
32.08643018094163
 20
16.40013520840496
 10
32.08643018094163
 20
16.50914814479173
 10
32.08643018094163
 20
16.51795027939421
 10
32.08684442598851
 20
16.52662931437533
 10
32.08764925715901
 20
16.53515490860926
 97
        0
 97
        0
 75
     0
 76
     1
 98
        0
  0
HATCH
  5
20E
330
1F
100
AcDbEntity
  8
0
 62
     7
420
 16777215
440
 33554687
100
AcDbHatch
 10
0.0
 20
0.0
 30
0.0
210
0.0
220
0.0
230
1.0
  2
SOLID
 70
     1
 71
     1
 91
        1
 92
        0
 93
        1
 72
     4
 94
        3
 73
     0
 74
     1
 95
       29
 96
       25
 40
0.0
 40
0.0
 40
0.0
 40
0.0
 40
1.0
 40
1.0
 40
1.0
 40
2.0
 40
2.0
 40
2.0
 40
3.0
 40
3.0
 40
3.0
 40
4.0
 40
4.0
 40
4.0
 40
5.0
 40
5.0
 40
5.0
 40
6.0
 40
6.0
 40
6.0
 40
7.0
 40
7.0
 40
7.0
 40
8.0
 40
8.0
 40
8.0
 40
8.0
 10
25.09829966263119
 20
32.73435278264341
 10
25.13848129215493
 20
32.69515327362061
 10
25.16444043763262
 20
32.63318803191332
 10
25.16444043763262
 20
32.56350860990793
 10
25.16444043763262
 20
32.44510358430427
 10
25.08948181714751
 20
32.34897372618698
 10
24.99715381883792
 20
32.34897372618698
 10
24.90482582052836
 20
32.34897372618698
 10
24.82986720004325
 20
32.44510358430427
 10
24.82986720004325
 20
32.56350860990793
 10
24.82986720004325
 20
32.63132456989348
 10
24.85445644203512
 20
32.69183343857728
 10
24.89281493988558
 20
32.73115924397262
 10
24.83394420293756
 20
32.78519041986537
 10
24.82879183666583
 20
32.87814942315124
 10
24.88224710897519
 20
32.94168959880041
 10
24.93711917821924
 20
33.00691386513324
 10
25.03310094894477
 20
33.0165983093809
 10
25.09645150316882
 20
32.96330256236102
 10
25.15980205739288
 20
32.91000681534113
 10
25.16668551148633
 20
32.81378360176074
 10
25.11181344224228
 20
32.74855933542791
 10
25.10754593718016
 20
32.74348672033279
 10
25.1030297813888
 20
32.738750036095
 10
25.09829966263119
 20
32.73435278264341
 97
        0
 97
        0
 75
     0
 76
     1
 98
        0
  0
HATCH
  5
20F
330
1F
100
AcDbEntity
  8
0
 62
     7
420
 16777215
440
 33554687
100
AcDbHatch
 10
0.0
 20
0.0
 30
0.0
210
0.0
220
0.0
230
1.0
  2
SOLID
 70
     1
 71
     1
 91
        1
 92
        0
 93
        1
 72
     4
 94
        3
 73
     0
 74
     1
 95
       95
 96
       91
 40
0.0
 40
0.0
 40
0.0
 40
0.0
 40
1.0
 40
1.0
 40
1.0
 40
2.0
 40
2.0
 40
2.0
 40
3.0
 40
3.0
 40
3.0
 40
4.0
 40
4.0
 40
4.0
 40
5.0
 40
5.0
 40
5.0
 40
6.0
 40
6.0
 40
6.0
 40
7.0
 40
7.0
 40
7.0
 40
8.0
 40
8.0
 40
8.0
 40
9.0
 40
9.0
 40
9.0
 40
10.0
 40
10.0
 40
10.0
 40
11.0
 40
11.0
 40
11.0
 40
12.0
 40
12.0
 40
12.0
 40
13.0
 40
13.0
 40
13.0
 40
14.0
 40
14.0
 40
14.0
 40
15.0
 40
15.0
 40
15.0
 40
16.0
 40
16.0
 40
16.0
 40
17.0
 40
17.0
 40
17.0
 40
18.0
 40
18.0
 40
18.0
 40
19.0
 40
19.0
 40
19.0
 40
20.0
 40
20.0
 40
20.0
 40
21.0
 40
21.0
 40
21.0
 40
22.0
 40
22.0
 40
22.0
 40
23.0
 40
23.0
 40
23.0
 40
24.0
 40
24.0
 40
24.0
 40
25.0
 40
25.0
 40
25.0
 40
26.0
 40
26.0
 40
26.0
 40
27.0
 40
27.0
 40
27.0
 40
28.0
 40
28.0
 40
28.0
 40
29.0
 40
29.0
 40
29.0
 40
30.0
 40
30.0
 40
30.0
 40
30.0
 10
41.77998861827546
 20
47.203086920733
 10
41.77998861827546
 20
47.203086920733
 10
42.01089672471844
 20
47.94786226101148
 10
42.01089672471844
 20
47.94786226101148
 10
42.01089672471844
 20
47.94786226101148
 10
42.02339176016525
 20
47.95169930650125
 10
42.02339176016525
 20
47.95169930650125
 10
42.02339176016525
 20
47.95169930650125
 10
41.34264630493821
 20
47.99304632628107
 10
41.34264630493821
 20
47.99304632628107
 10
41.34264630493821
 20
47.99304632628107
 10
41.93970292335648
 20
48.11309922581189
 10
41.93970292335648
 20
48.11309922581189
 10
41.93970292335648
 20
48.11309922581189
 10
41.92412531441511
 20
48.11520714421768
 10
41.92412531441511
 20
48.11520714421768
 10
41.92412531441511
 20
48.11520714421768
 10
40.45651884139169
 20
49.13577972032468
 10
40.45651884139169
 20
49.13577972032468
 10
40.45651884139169
 20
49.13577972032468
 10
42.08632622485015
 20
48.40150113859553
 10
42.08632622485015
 20
48.40150113859553
 10
42.08632622485015
 20
48.40150113859553
 10
42.09614161066352
 20
48.38922256287719
 10
42.09614161066352
 20
48.38922256287719
 10
42.09614161066352
 20
48.38922256287719
 10
41.89221867258711
 20
48.96307336196099
 10
41.89221867258711
 20
48.96307336196099
 10
41.89221867258711
 20
48.96307336196099
 10
42.21532219733273
 20
48.49133371520993
 10
42.21532219733273
 20
48.49133371520993
 10
42.25629498566097
 20
48.53342042386656
 10
42.30636581341475
 20
48.55817397589574
 10
42.3604032100305
 20
48.55817397589574
 10
42.37397805657309
 20
48.55817397589574
 10
42.38730258284453
 20
48.55661184094448
 10
42.40029543775501
 20
48.55360520929894
 10
42.40029543775501
 20
48.55360520929894
 10
43.06549028803494
 20
49.29647862447305
 10
43.06549028803494
 20
49.29647862447305
 10
43.06549028803494
 20
49.29647862447305
 10
42.7143426275811
 20
48.16388036999341
 10
42.7143426275811
 20
48.16388036999341
 10
42.7143426275811
 20
48.16388036999341
 10
42.70184759213431
 20
48.16004332450363
 10
42.70184759213431
 20
48.16004332450363
 10
42.70184759213431
 20
48.16004332450363
 10
43.38259304736132
 20
48.11869630472382
 10
43.38259304736132
 20
48.11869630472382
 10
43.38259304736132
 20
48.11869630472382
 10
42.78553642894308
 20
47.99864340519299
 10
42.78553642894308
 20
47.99864340519299
 10
42.78553642894308
 20
47.99864340519299
 10
42.80111403788442
 20
47.9965354867872
 10
42.80111403788442
 20
47.9965354867872
 10
42.80111403788442
 20
47.9965354867872
 10
44.26872051090786
 20
46.97596291068021
 10
44.26872051090786
 20
46.97596291068021
 10
44.26872051090786
 20
46.97596291068021
 10
42.63891312744938
 20
47.71024149240935
 10
42.63891312744938
 20
47.71024149240935
 10
42.63891312744938
 20
47.71024149240935
 10
42.62909774163605
 20
47.72252006812768
 10
42.62909774163605
 20
47.72252006812768
 10
42.62909774163605
 20
47.72252006812768
 10
42.83302067971243
 20
47.14866926904391
 10
42.83302067971243
 20
47.14866926904391
 10
42.83302067971243
 20
47.14866926904391
 10
42.44763472526036
 20
47.71134290177251
 10
42.44763472526036
 20
47.71134290177251
 10
42.44763472526036
 20
47.71134290177251
 10
42.45076614812415
 20
47.69865262912943
 10
42.45076614812415
 20
47.69865262912943
 10
42.45076614812415
 20
47.69865262912943
 10
41.86322488679779
 20
47.04250085168629
 10
41.86322488679779
 20
47.04250085168629
 10
41.86401661387426
 20
47.03404345659291
 10
41.86442401492571
 20
47.02543540336841
 10
41.86442401492571
 20
47.01670628432655
 10
41.86442401492571
 20
46.89830125872288
 10
41.7894653944406
 20
46.80217140060562
 10
41.69713739613101
 20
46.80217140060562
 10
41.60480939782143
 20
46.80217140060562
 10
41.52985077733632
 20
46.89830125872288
 10
41.52985077733632
 20
47.01670628432655
 10
41.52985077733632
 20
47.13511130993022
 10
41.60480939782143
 20
47.23124116804749
 10
41.69713739613101
 20
47.23124116804749
 10
41.72727229980757
 20
47.23124116804749
 10
41.75555684005111
 20
47.2210004342641
 10
41.77998861827546
 20
47.203086920733
 97
        0
 97
        0
 75
     0
 76
     1
 98
        0
  0
HATCH
  5
210
330
1F
100
AcDbEntity
  8
0
 62
     7
420
 16777215
440
 33554687
100
AcDbHatch
 10
0.0
 20
0.0
 30
0.0
210
0.0
220
0.0
230
1.0
  2
SOLID
 70
     1
 71
     1
 91
        1
 92
        0
 93
        1
 72
     4
 94
        3
 73
     0
 74
     1
 95
       17
 96
       13
 40
0.0
 40
0.0
 40
0.0
 40
0.0
 40
1.0
 40
1.0
 40
1.0
 40
2.0
 40
2.0
 40
2.0
 40
3.0
 40
3.0
 40
3.0
 40
4.0
 40
4.0
 40
4.0
 40
4.0
 10
39.31080319108653
 20
52.44292203171123
 10
39.36567526033058
 20
52.50814629804404
 10
39.46165703105611
 20
52.51783074229172
 10
39.52500758528016
 20
52.46453499527185
 10
39.58835813950422
 20
52.41123924825195
 10
39.59524159359766
 20
52.31501603467157
 10
39.5403695243536
 20
52.24979176833874
 10
39.48549745510957
 20
52.18456750200593
 10
39.38951568438402
 20
52.17488305775825
 10
39.32616513015997
 20
52.22817880477814
 10
39.26281457593593
 20
52.28147455179801
 10
39.25593112184247
 20
52.3776977653784
 10
39.31080319108653
 20
52.44292203171123
 97
        0
 97
        0
 75
     0
 76
     1
 98
        0
  0
HATCH
  5
211
330
1F
100
AcDbEntity
  8
0
 62
     7
420
 16777215
440
 33554687
100
AcDbHatch
 10
0.0
 20
0.0
 30
0.0
210
0.0
220
0.0
230
1.0
  2
SOLID
 70
     1
 71
     1
 91
        1
 92
        0
 93
        1
 72
     4
 94
        3
 73
     0
 74
     1
 95
       95
 96
       91
 40
0.0
 40
0.0
 40
0.0
 40
0.0
 40
1.0
 40
1.0
 40
1.0
 40
2.0
 40
2.0
 40
2.0
 40
3.0
 40
3.0
 40
3.0
 40
4.0
 40
4.0
 40
4.0
 40
5.0
 40
5.0
 40
5.0
 40
6.0
 40
6.0
 40
6.0
 40
7.0
 40
7.0
 40
7.0
 40
8.0
 40
8.0
 40
8.0
 40
9.0
 40
9.0
 40
9.0
 40
10.0
 40
10.0
 40
10.0
 40
11.0
 40
11.0
 40
11.0
 40
12.0
 40
12.0
 40
12.0
 40
13.0
 40
13.0
 40
13.0
 40
14.0
 40
14.0
 40
14.0
 40
15.0
 40
15.0
 40
15.0
 40
16.0
 40
16.0
 40
16.0
 40
17.0
 40
17.0
 40
17.0
 40
18.0
 40
18.0
 40
18.0
 40
19.0
 40
19.0
 40
19.0
 40
20.0
 40
20.0
 40
20.0
 40
21.0
 40
21.0
 40
21.0
 40
22.0
 40
22.0
 40
22.0
 40
23.0
 40
23.0
 40
23.0
 40
24.0
 40
24.0
 40
24.0
 40
25.0
 40
25.0
 40
25.0
 40
26.0
 40
26.0
 40
26.0
 40
27.0
 40
27.0
 40
27.0
 40
28.0
 40
28.0
 40
28.0
 40
29.0
 40
29.0
 40
29.0
 40
30.0
 40
30.0
 40
30.0
 40
30.0
 10
19.17151643687568
 20
20.61411053514495
 10
19.17151643687568
 20
20.61411053514495
 10
17.6617713667283
 20
20.61975536672582
 10
17.6617713667283
 20
20.61975536672582
 10
17.6617713667283
 20
20.61975536672582
 10
19.11382119727036
 20
20.91442928318453
 10
19.11382119727036
 20
20.91442928318453
 10
19.14348532133793
 20
20.97448041900428
 10
19.19575879207508
 20
21.01438070293123
 10
19.25524170970424
 20
21.01438070293123
 10
19.29587389002988
 20
21.01438070293123
 10
19.33314205726975
 20
20.99576275910471
 10
19.36213768098203
 20
20.96482176231123
 10
19.36213768098203
 20
20.96482176231123
 10
19.41531445805433
 20
20.97561327155215
 10
19.41531445805433
 20
20.97561327155215
 10
19.41531445805433
 20
20.97561327155215
 10
19.43047137830011
 20
20.97060473655284
 10
19.43047137830011
 20
20.97060473655284
 10
19.43047137830011
 20
20.97060473655284
 10
18.92908973458973
 20
21.36481982221986
 10
18.92908973458973
 20
21.36481982221986
 10
18.92908973458973
 20
21.36481982221986
 10
19.57134213089728
 20
21.09482120843918
 10
19.57134213089728
 20
21.09482120843918
 10
19.57134213089728
 20
21.09482120843918
 10
19.56137400840138
 20
21.10440510161554
 10
19.56137400840138
 20
21.10440510161554
 10
19.56137400840138
 20
21.10440510161554
 10
19.68713046487398
 20
22.40566874360449
 10
19.68713046487398
 20
22.40566874360449
 10
19.68713046487398
 20
22.40566874360449
 10
20.0644960423117
 20
21.15399108011758
 10
20.0644960423117
 20
21.15399108011758
 10
20.0644960423117
 20
21.15399108011758
 10
20.05659064355406
 20
21.14264563411532
 10
20.05659064355406
 20
21.14264563411532
 10
20.05659064355406
 20
21.14264563411532
 10
20.63377786889683
 20
21.5328280259622
 10
20.63377786889683
 20
21.5328280259622
 10
20.63377786889683
 20
21.5328280259622
 10
20.21900021136717
 20
21.04831942827653
 10
20.21900021136717
 20
21.04831942827653
 10
20.21900021136717
 20
21.04831942827653
 10
20.23288776315861
 20
21.056190486618
 10
20.23288776315861
 20
21.056190486618
 10
20.23288776315861
 20
21.056190486618
 10
22.02216232728439
 20
21.04950051374365
 10
22.02216232728439
 20
21.04950051374365
 10
22.02216232728439
 20
21.04950051374365
 10
20.26861923595839
 20
20.69364260891729
 10
20.26861923595839
 20
20.69364260891729
 10
20.26861923595839
 20
20.69364260891729
 10
20.25346231571274
 20
20.69865114391656
 10
20.25346231571274
 20
20.69865114391656
 10
20.25346231571274
 20
20.69865114391656
 10
20.75484395942299
 20
20.30443605824964
 10
20.75484395942299
 20
20.30443605824964
 10
20.75484395942299
 20
20.30443605824964
 10
20.11259156311541
 20
20.5744346720303
 10
20.11259156311541
 20
20.5744346720303
 10
20.11259156311541
 20
20.5744346720303
 10
20.12255968561134
 20
20.56485077885392
 10
20.12255968561134
 20
20.56485077885392
 10
20.12255968561134
 20
20.56485077885392
 10
19.99680322913871
 20
19.26358713686497
 10
19.99680322913871
 20
19.26358713686497
 10
19.99680322913871
 20
19.26358713686497
 10
19.61943765170102
 20
20.51526480035188
 10
19.61943765170102
 20
20.51526480035188
 10
19.61943765170102
 20
20.51526480035188
 10
19.62734305045869
 20
20.5266102463542
 10
19.62734305045869
 20
20.5266102463542
 10
19.62734305045869
 20
20.5266102463542
 10
19.05015582511589
 20
20.13642785450728
 10
19.05015582511589
 20
20.13642785450728
 10
19.05015582511589
 20
20.13642785450728
 10
19.46493348264551
 20
20.62093645219291
 10
19.46493348264551
 20
20.62093645219291
 10
19.46493348264551
 20
20.62093645219291
 10
19.45104593085411
 20
20.61306539385146
 10
19.45104593085411
 20
20.61306539385146
 10
19.45104593085411
 20
20.61306539385146
 10
19.3381235026192
 20
20.61348760293942
 10
19.3381235026192
 20
20.61348760293942
 10
19.31368474926735
 20
20.5955602142372
 10
19.28538918318263
 20
20.58531093548934
 10
19.25524170970424
 20
20.58531093548934
 10
19.22474676598515
 20
20.58531093548934
 10
19.196146664667
 20
20.59579783565355
 10
19.17151643687568
 20
20.61411053514495
 97
        0
 97
        0
 75
     0
 76
     1
 98
        0
  0
HATCH
  5
212
330
1F
100
AcDbEntity
  8
0
 62
     7
420
 16777215
440
 33554687
100
AcDbHatch
 10
0.0
 20
0.0
 30
0.0
210
0.0
220
0.0
230
1.0
  2
SOLID
 70
     1
 71
     1
 91
        1
 92
        0
 93
       44
 72
     1
 10
35.69545134030684
 20
56.13618136241998
 11
35.27443374861643
 21
55.65431979369169
 72
     1
 10
35.27443374861643
 20
55.65431979369169
 11
35.26439601081344
 21
55.65270030311307
 72
     1
 10
35.26439601081344
 20
55.65270030311307
 11
35.70867586441288
 21
55.55575041115551
 72
     1
 10
35.70867586441288
 20
55.55575041115551
 11
35.25496995005862
 21
55.52517569701313
 72
     1
 10
35.25496995005862
 20
55.52517569701313
 11
35.26466049071862
 21
55.52209797843391
 72
     1
 10
35.26466049071862
 20
55.52209797843391
 11
35.84085797198861
 21
54.6242335537694
 72
     1
 10
35.84085797198861
 20
54.6242335537694
 11
35.03746837366965
 21
55.32618028665796
 72
     1
 10
35.03746837366965
 20
55.32618028665796
 11
35.03584888309103
 21
55.33621802446094
 72
     1
 10
35.03584888309103
 20
55.33621802446094
 11
34.93889899113349
 21
54.89193817086151
 72
     1
 10
34.93889899113349
 20
54.89193817086151
 11
34.90832427699112
 21
55.3456440852158
 72
     1
 10
34.90832427699112
 20
55.3456440852158
 11
34.90524655841187
 21
55.33595354455579
 72
     1
 10
34.90524655841187
 20
55.33595354455579
 11
34.00738213374738
 21
54.7597560632858
 72
     1
 10
34.00738213374738
 20
54.7597560632858
 11
34.70932886663595
 21
55.56314566160475
 72
     1
 10
34.70932886663595
 20
55.56314566160475
 11
34.71936660443891
 21
55.56476515218338
 72
     1
 10
34.71936660443891
 20
55.56476515218338
 11
34.27508675083948
 21
55.66171504414093
 72
     1
 10
34.27508675083948
 20
55.66171504414093
 11
34.72879266519372
 21
55.69228975828331
 72
     1
 10
34.72879266519372
 20
55.69228975828331
 11
34.71910212453376
 21
55.69536747686253
 72
     1
 10
34.71910212453376
 20
55.69536747686253
 11
34.14290464326376
 21
56.59323190152703
 72
     1
 10
34.14290464326376
 20
56.59323190152703
 11
34.9462942415827
 21
55.89128516863846
 72
     1
 10
34.9462942415827
 20
55.89128516863846
 11
34.94791373216132
 21
55.8812474308355
 72
     1
 10
34.94791373216132
 20
55.8812474308355
 11
35.04486362411888
 21
56.32552728443493
 72
     1
 10
35.04486362411888
 20
56.32552728443493
 11
35.07543833826128
 21
55.87182137008068
 72
     1
 10
35.07543833826128
 20
55.87182137008068
 11
35.07851605684048
 21
55.88151191074064
 72
     1
 10
35.07851605684048
 20
55.88151191074064
 11
35.57204114935728
 21
56.19822778391713
 72
     1
 10
35.57204114935728
 20
56.19822778391713
 11
35.09982318874229
 21
55.98571811484201
 72
     1
 10
35.09982318874229
 20
55.98571811484201
 11
35.52978039977402
 21
56.29712403059018
 72
     1
 10
35.52978039977402
 20
56.29712403059018
 11
35.53448931690605
 21
56.29763202694865
 72
     1
 10
35.53448931690605
 20
56.29763202694865
 11
35.35066345444493
 21
56.34255723896027
 72
     1
 10
35.35066345444493
 20
56.34255723896027
 11
35.55728938978108
 21
56.34847889111123
 72
     1
 10
35.55728938978108
 20
56.34847889111123
 11
35.55342028477936
 21
56.34984377531516
 72
     1
 10
35.55342028477936
 20
56.34984377531516
 11
35.42762959414933
 21
56.7167652416952
 72
     1
 10
35.42762959414933
 20
56.7167652416952
 11
35.68322996037325
 21
56.42500658608091
 72
     1
 10
35.68322996037325
 20
56.42500658608091
 11
35.68248754801087
 21
56.42097152644211
 72
     1
 10
35.68248754801087
 20
56.42097152644211
 11
35.79048719260109
 21
56.5972253771408
 72
     1
 10
35.79048719260109
 20
56.5972253771408
 11
35.73793632402942
 21
56.41543255936128
 72
     1
 10
35.73793632402942
 20
56.41543255936128
 11
35.7407211226141
 21
56.41926359808452
 72
     1
 10
35.7407211226141
 20
56.41926359808452
 11
36.22484037722271
 21
56.63712914147847
 72
     1
 10
36.22484037722271
 20
56.63712914147847
 11
35.97511273108132
 21
56.45625843076824
 72
     1
 10
35.97511273108132
 20
56.45625843076824
 11
35.84822130710516
 21
56.31102910586091
 72
     1
 10
35.84822130710516
 20
56.31102910586091
 11
35.97400011152007
 21
56.28029001736019
 72
     1
 10
35.97400011152007
 20
56.28029001736019
 11
35.81744340454432
 21
56.27580328940371
 72
     1
 10
35.81744340454432
 20
56.27580328940371
 11
35.78357315161549
 21
56.2370382270129
 72
     1
 10
35.78357315161549
 20
56.2370382270129
 11
35.89703397181567
 21
55.90608201462526
 72
     1
 10
35.89703397181567
 20
55.90608201462526
 11
35.69545134030684
 21
56.13618136241998
 97
        0
 75
     0
 76
     1
 98
        0
  0
HATCH
  5
213
330
1F
100
AcDbEntity
  8
0
 62
     7
420
 16777215
440
 33554687
100
AcDbHatch
 10
0.0
 20
0.0
 30
0.0
210
0.0
220
0.0
230
1.0
  2
SOLID
 70
     1
 71
     1
 91
        1
 92
        0
 93
        1
 72
     4
 94
        3
 73
     0
 74
     1
 95
       89
 96
       85
 40
0.0
 40
0.0
 40
0.0
 40
0.0
 40
1.0
 40
1.0
 40
1.0
 40
2.0
 40
2.0
 40
2.0
 40
3.0
 40
3.0
 40
3.0
 40
4.0
 40
4.0
 40
4.0
 40
5.0
 40
5.0
 40
5.0
 40
6.0
 40
6.0
 40
6.0
 40
7.0
 40
7.0
 40
7.0
 40
8.0
 40
8.0
 40
8.0
 40
9.0
 40
9.0
 40
9.0
 40
10.0
 40
10.0
 40
10.0
 40
11.0
 40
11.0
 40
11.0
 40
12.0
 40
12.0
 40
12.0
 40
13.0
 40
13.0
 40
13.0
 40
14.0
 40
14.0
 40
14.0
 40
15.0
 40
15.0
 40
15.0
 40
16.0
 40
16.0
 40
16.0
 40
17.0
 40
17.0
 40
17.0
 40
18.0
 40
18.0
 40
18.0
 40
19.0
 40
19.0
 40
19.0
 40
20.0
 40
20.0
 40
20.0
 40
21.0
 40
21.0
 40
21.0
 40
22.0
 40
22.0
 40
22.0
 40
23.0
 40
23.0
 40
23.0
 40
24.0
 40
24.0
 40
24.0
 40
25.0
 40
25.0
 40
25.0
 40
26.0
 40
26.0
 40
26.0
 40
27.0
 40
27.0
 40
27.0
 40
28.0
 40
28.0
 40
28.0
 40
28.0
 10
53.12152453959552
 20
25.09663404467533
 10
53.12152453959552
 20
25.09663404467533
 10
52.3762070377273
 20
24.23884705350461
 10
52.3762070377273
 20
24.23884705350461
 10
52.3762070377273
 20
24.23884705350461
 10
53.25188038478112
 20
25.79921380873373
 10
53.25188038478112
 20
25.79921380873373
 10
53.25188038478112
 20
25.79921380873373
 10
53.26557174644373
 20
25.80742138267484
 10
53.26557174644373
 20
25.80742138267484
 10
53.26557174644373
 20
25.80742138267484
 10
52.63959809904411
 20
25.68516722455178
 10
52.63959809904411
 20
25.68516722455178
 10
52.63959809904411
 20
25.68516722455178
 10
53.2634986446683
 20
25.99522447922602
 10
53.2634986446683
 20
25.99522447922602
 10
53.2634986446683
 20
25.99522447922602
 10
53.24973092289818
 20
25.99393439714766
 10
53.24973092289818
 20
25.99393439714766
 10
53.24973092289818
 20
25.99393439714766
 10
52.34640116628395
 20
26.93897254617773
 10
52.34640116628395
 20
26.93897254617773
 10
52.34640116628395
 20
26.93897254617773
 10
53.54074747000985
 20
26.40733483204978
 10
53.54074747000985
 20
26.40733483204978
 10
53.54074747000985
 20
26.40733483204978
 10
53.54417676473972
 20
26.39393877247372
 10
53.54417676473972
 20
26.39393877247372
 10
53.54417676473972
 20
26.39393877247372
 10
53.62562618231571
 20
27.08585884327875
 10
53.62562618231571
 20
27.08585884327875
 10
53.62562618231571
 20
27.08585884327875
 10
53.72167369155964
 20
26.45533210920236
 10
53.72167369155964
 20
26.45533210920236
 10
53.72167369155964
 20
26.45533210920236
 10
53.72478227383755
 20
26.47098951544967
 10
53.72478227383755
 20
26.47098951544967
 10
53.72478227383755
 20
26.47098951544967
 10
54.89835044602841
 20
27.82165082265634
 10
54.89835044602841
 20
27.82165082265634
 10
54.89835044602841
 20
27.82165082265634
 10
54.02267709897459
 20
26.26128406742722
 10
54.02267709897459
 20
26.26128406742722
 10
54.02267709897459
 20
26.26128406742722
 10
54.0089857373121
 20
26.25307649348616
 10
54.0089857373121
 20
26.25307649348616
 10
54.0089857373121
 20
26.25307649348616
 10
54.6349593847116
 20
26.3753306516092
 10
54.6349593847116
 20
26.3753306516092
 10
54.6349593847116
 20
26.3753306516092
 10
54.01105883908737
 20
26.06527339693496
 10
54.01105883908737
 20
26.06527339693496
 10
54.01105883908737
 20
26.06527339693496
 10
54.02482656085755
 20
26.06656347901334
 10
54.02482656085755
 20
26.06656347901334
 10
54.02482656085755
 20
26.06656347901334
 10
54.9281563174718
 20
25.12152532998325
 10
54.9281563174718
 20
25.12152532998325
 10
54.9281563174718
 20
25.12152532998325
 10
53.73381001374588
 20
25.65316304411122
 10
53.73381001374588
 20
25.65316304411122
 10
53.73381001374588
 20
25.65316304411122
 10
53.73038071901599
 20
25.66655910368728
 10
53.73038071901599
 20
25.66655910368728
 10
53.73038071901599
 20
25.66655910368728
 10
53.64893130144002
 20
24.97463903288223
 10
53.64893130144002
 20
24.97463903288223
 10
53.64893130144002
 20
24.97463903288223
 10
53.55288379219607
 20
25.60516576695863
 10
53.55288379219607
 20
25.60516576695863
 10
53.55288379219607
 20
25.60516576695863
 10
53.54977520991817
 20
25.58950836071129
 10
53.54977520991817
 20
25.58950836071129
 10
53.54977520991817
 20
25.58950836071129
 10
53.36407926537838
 20
25.37579062948917
 10
53.36407926537838
 20
25.37579062948917
 10
53.40716705473933
 20
25.33696426387716
 10
53.43534887915025
 20
25.27273773304255
 10
53.43534887915025
 20
25.20013651688472
 10
53.43534887915025
 20
25.08173149128106
 10
53.36039025866513
 20
24.98560163316379
 10
53.26806226035557
 20
24.98560163316379
 10
53.20499180461506
 20
24.98560163316379
 10
53.15002665384738
 20
25.03045999394713
 10
53.12152453959552
 20
25.09663404467533
 97
        0
 97
        0
 75
     0
 76
     1
 98
        0
  0
HATCH
  5
214
330
1F
100
AcDbEntity
  8
0
 62
     7
420
 16777215
440
 33554687
100
AcDbHatch
 10
0.0
 20
0.0
 30
0.0
210
0.0
220
0.0
230
1.0
  2
SOLID
 70
     1
 71
     1
 91
        1
 92
        0
 93
        1
 72
     4
 94
        3
 73
     0
 74
     1
 95
       29
 96
       25
 40
0.0
 40
0.0
 40
0.0
 40
0.0
 40
1.0
 40
1.0
 40
1.0
 40
2.0
 40
2.0
 40
2.0
 40
3.0
 40
3.0
 40
3.0
 40
4.0
 40
4.0
 40
4.0
 40
5.0
 40
5.0
 40
5.0
 40
6.0
 40
6.0
 40
6.0
 40
7.0
 40
7.0
 40
7.0
 40
8.0
 40
8.0
 40
8.0
 40
8.0
 10
44.70174343800218
 20
50.79764489463594
 10
44.66143953054041
 20
50.79226142261207
 10
44.61956024032517
 20
50.80293104718033
 10
44.58654405932461
 20
50.8307070003937
 10
44.52319350510054
 20
50.88400274741358
 10
44.5163100510071
 20
50.98022596099398
 10
44.57118212025112
 20
51.04545022732679
 10
44.62605418949519
 20
51.11067449365962
 10
44.72203596022071
 20
51.12035893790728
 10
44.78538651444479
 20
51.06706319088741
 10
44.79141738272935
 20
51.0619895236663
 10
44.79693650515767
 20
51.0565268165781
 10
44.80193931901114
 20
51.05073885023383
 10
44.80574884341378
 20
51.05101267206722
 10
44.80959663134097
 20
51.05115202038237
 10
44.81347766402671
 20
51.05115202038237
 10
44.89871350684989
 20
51.05115202038237
 10
44.96791419689939
 20
50.98393927405647
 10
44.96791419689939
 20
50.90115202038236
 10
44.96791419689939
 20
50.81836476670824
 10
44.89871350684989
 20
50.75115202038234
 10
44.81347766402671
 20
50.75115202038234
 10
44.76954709743583
 20
50.75115202038234
 10
44.72987606584763
 20
50.76900623416148
 10
44.70174343800218
 20
50.79764489463594
 97
        0
 97
        0
 75
     0
 76
     1
 98
        0
  0
HATCH
  5
215
330
1F
100
AcDbEntity
  8
0
 62
     7
420
 16777215
440
 33554687
100
AcDbHatch
 10
0.0
 20
0.0
 30
0.0
210
0.0
220
0.0
230
1.0
  2
SOLID
 70
     1
 71
     1
 91
        1
 92
        0
 93
        1
 72
     4
 94
        3
 73
     0
 74
     1
 95
      116
 96
      112
 40
0.0
 40
0.0
 40
0.0
 40
0.0
 40
1.0
 40
1.0
 40
1.0
 40
2.0
 40
2.0
 40
2.0
 40
3.0
 40
3.0
 40
3.0
 40
4.0
 40
4.0
 40
4.0
 40
5.0
 40
5.0
 40
5.0
 40
6.0
 40
6.0
 40
6.0
 40
7.0
 40
7.0
 40
7.0
 40
8.0
 40
8.0
 40
8.0
 40
9.0
 40
9.0
 40
9.0
 40
10.0
 40
10.0
 40
10.0
 40
11.0
 40
11.0
 40
11.0
 40
12.0
 40
12.0
 40
12.0
 40
13.0
 40
13.0
 40
13.0
 40
14.0
 40
14.0
 40
14.0
 40
15.0
 40
15.0
 40
15.0
 40
16.0
 40
16.0
 40
16.0
 40
17.0
 40
17.0
 40
17.0
 40
18.0
 40
18.0
 40
18.0
 40
19.0
 40
19.0
 40
19.0
 40
20.0
 40
20.0
 40
20.0
 40
21.0
 40
21.0
 40
21.0
 40
22.0
 40
22.0
 40
22.0
 40
23.0
 40
23.0
 40
23.0
 40
24.0
 40
24.0
 40
24.0
 40
25.0
 40
25.0
 40
25.0
 40
26.0
 40
26.0
 40
26.0
 40
27.0
 40
27.0
 40
27.0
 40
28.0
 40
28.0
 40
28.0
 40
29.0
 40
29.0
 40
29.0
 40
30.0
 40
30.0
 40
30.0
 40
31.0
 40
31.0
 40
31.0
 40
32.0
 40
32.0
 40
32.0
 40
33.0
 40
33.0
 40
33.0
 40
34.0
 40
34.0
 40
34.0
 40
35.0
 40
35.0
 40
35.0
 40
36.0
 40
36.0
 40
36.0
 40
37.0
 40
37.0
 40
37.0
 40
37.0
 10
30.73283041529632
 20
48.5100072088276
 10
30.68857988801647
 20
48.53639843387177
 10
30.65904113115405
 20
48.58383878521033
 10
30.65904113115405
 20
48.63792721455913
 10
30.65904113115405
 20
48.72071446823323
 10
30.72824182120354
 20
48.78792721455913
 10
30.81347766402674
 20
48.78792721455913
 10
30.86012206885378
 20
48.78792721455913
 10
30.90196441244219
 20
48.76779895457756
 10
30.93029180751679
 20
48.73600502482521
 10
30.93029180751679
 20
48.73600502482521
 10
31.40905562028373
 20
49.28395809477639
 10
31.40905562028373
 20
49.28395809477639
 10
31.40905562028373
 20
49.28395809477639
 10
31.41909335808671
 20
49.28557758535501
 10
31.41909335808671
 20
49.28557758535501
 10
31.41909335808671
 20
49.28557758535501
 10
30.97481350448726
 20
49.38252747731258
 10
30.97481350448726
 20
49.38252747731258
 10
30.97481350448726
 20
49.38252747731258
 10
31.42851941884155
 20
49.41310219145495
 10
31.42851941884155
 20
49.41310219145495
 10
31.42851941884155
 20
49.41310219145495
 10
31.41882887818154
 20
49.41617991003419
 10
31.41882887818154
 20
49.41617991003419
 10
31.41882887818154
 20
49.41617991003419
 10
31.28407923610712
 20
49.62615463881683
 10
31.28407923610712
 20
49.62615463881683
 10
31.19926658258787
 20
49.62663685987975
 10
31.13056396419948
 20
49.69366323518091
 10
31.13056396419948
 20
49.77615202038236
 10
31.13056396419948
 20
49.79953953449849
 10
31.13608666605945
 20
49.82168409336894
 10
31.14593342094487
 20
49.84142148201279
 10
31.14593342094487
 20
49.84142148201279
 10
30.84263139691155
 20
50.31404433469871
 10
30.84263139691155
 20
50.31404433469871
 10
30.84263139691155
 20
50.31404433469871
 10
31.28658945801375
 20
49.9261442284709
 10
31.28658945801375
 20
49.9261442284709
 10
31.36507200811554
 20
49.92537420593835
 10
31.42961341168383
 20
49.86762330471313
 10
31.43841450176555
 20
49.7934899177165
 10
31.43841450176555
 20
49.7934899177165
 10
31.64602099523048
 20
49.61209760181014
 10
31.64602099523048
 20
49.61209760181014
 10
31.64602099523048
 20
49.61209760181014
 10
31.6476404858091
 20
49.60205986400714
 10
31.6476404858091
 20
49.60205986400714
 10
31.6476404858091
 20
49.60205986400714
 10
31.74459037776667
 20
50.04633971760659
 10
31.74459037776667
 20
50.04633971760659
 10
31.74459037776667
 20
50.04633971760659
 10
31.77516509190904
 20
49.59263380325234
 10
31.77516509190904
 20
49.59263380325234
 10
31.77516509190904
 20
49.59263380325234
 10
31.77824281048826
 20
49.60232434391231
 10
31.77824281048826
 20
49.60232434391231
 10
31.77824281048826
 20
49.60232434391231
 10
32.67610723515277
 20
50.17852182518229
 10
32.67610723515277
 20
50.17852182518229
 10
32.67610723515277
 20
50.17852182518229
 10
31.97416050226421
 20
49.37513222686335
 10
31.97416050226421
 20
49.37513222686335
 10
31.97416050226421
 20
49.37513222686335
 10
31.96412276446124
 20
49.37351273628473
 10
31.96412276446124
 20
49.37351273628473
 10
31.96412276446124
 20
49.37351273628473
 10
32.40840261806068
 20
49.27656284432717
 10
32.40840261806068
 20
49.27656284432717
 10
32.40840261806068
 20
49.27656284432717
 10
31.95469670370643
 20
49.24598813018479
 10
31.95469670370643
 20
49.24598813018479
 10
31.95469670370643
 20
49.24598813018479
 10
31.9643872443664
 20
49.24291041160557
 10
31.9643872443664
 20
49.24291041160557
 10
31.9643872443664
 20
49.24291041160557
 10
32.54058472563639
 20
48.34504598694106
 10
32.54058472563639
 20
48.34504598694106
 10
32.54058472563639
 20
48.34504598694106
 10
31.73719512731744
 20
49.04699271982962
 10
31.73719512731744
 20
49.04699271982962
 10
31.73719512731744
 20
49.04699271982962
 10
31.73557563673882
 20
49.05703045763261
 10
31.73557563673882
 20
49.05703045763261
 10
31.73557563673882
 20
49.05703045763261
 10
31.63862574478127
 20
48.61275060403315
 10
31.63862574478127
 20
48.61275060403315
 10
31.63862574478127
 20
48.61275060403315
 10
31.6080510306389
 20
49.06645651838745
 10
31.6080510306389
 20
49.06645651838745
 10
31.6080510306389
 20
49.06645651838745
 10
31.60497331205966
 20
49.05676597772745
 10
31.60497331205966
 20
49.05676597772745
 10
31.60497331205966
 20
49.05676597772745
 10
30.96758904117872
 20
48.64772960052611
 10
30.96758904117872
 20
48.64772960052611
 10
30.96780469616094
 20
48.64448894999599
 10
30.96791419689938
 20
48.64122040455393
 10
30.96791419689938
 20
48.63792721455913
 10
30.96791419689938
 20
48.55513996088501
 10
30.8987135068499
 20
48.48792721455911
 10
30.81347766402674
 20
48.48792721455911
 10
30.78839139170983
 20
48.48792721455911
 10
30.76469411491903
 20
48.49374931087834
 10
30.74374124720895
 20
48.50407702723101
 10
30.74374124720895
 20
48.50407702723101
 10
30.70710888739517
 20
48.48056849645746
 10
30.70710888739517
 20
48.48056849645746
 10
30.70710888739517
 20
48.48056849645746
 10
30.73283041529632
 20
48.5100072088276
 10
30.73283041529632
 20
48.5100072088276
 97
        0
 97
        0
 75
     0
 76
     1
 98
        0
  0
HATCH
  5
216
330
1F
100
AcDbEntity
  8
0
 62
     7
420
 16777215
440
 33554687
100
AcDbHatch
 10
0.0
 20
0.0
 30
0.0
210
0.0
220
0.0
230
1.0
  2
SOLID
 70
     1
 71
     1
 91
        1
 92
        0
 93
        1
 72
     4
 94
        3
 73
     0
 74
     1
 95
       32
 96
       28
 40
0.0
 40
0.0
 40
0.0
 40
0.0
 40
1.0
 40
1.0
 40
1.0
 40
2.0
 40
2.0
 40
2.0
 40
3.0
 40
3.0
 40
3.0
 40
4.0
 40
4.0
 40
4.0
 40
5.0
 40
5.0
 40
5.0
 40
6.0
 40
6.0
 40
6.0
 40
7.0
 40
7.0
 40
7.0
 40
8.0
 40
8.0
 40
8.0
 40
9.0
 40
9.0
 40
9.0
 40
9.0
 10
44.12595486074387
 20
22.37545762100267
 10
44.09790674192918
 20
22.38548908786338
 10
44.07025798561776
 20
22.40115468616133
 10
44.0450290557045
 20
22.42237935708498
 10
43.9544230304771
 20
22.49860466968319
 10
43.92911836071328
 20
22.61784987124209
 10
43.98855612948054
 20
22.68850120467482
 10
44.04799389824784
 20
22.75915253810756
 10
44.16981042212047
 20
22.75462717422546
 10
44.26041644734789
 20
22.67840186162728
 10
44.35102247257532
 20
22.60217654902907
 10
44.37632714233911
 20
22.48293134747017
 10
44.31688937357185
 20
22.41228001403746
 10
44.31688937357185
 20
22.41228001403746
 10
44.3115032538845
 20
22.40625997228516
 10
44.3115032538845
 20
22.40625997228516
 10
44.41789006088766
 20
22.36419118627531
 10
44.49617760957007
 20
22.22331475205527
 10
44.49617760957007
 20
22.05620576372708
 10
44.49617760957007
 20
21.85593853653278
 10
44.38373967884241
 20
21.69334695701513
 10
44.24524768137803
 20
21.69334695701513
 10
44.10675568391368
 20
21.69334695701513
 10
43.99431775318602
 20
21.85593853653278
 10
43.99431775318602
 20
22.05620576372708
 10
43.99431775318602
 20
22.1940502926829
 10
44.04758645857106
 20
22.3140455694932
 10
44.12595486074387
 20
22.37545762100267
 97
        0
 97
        0
 75
     0
 76
     1
 98
        0
  0
HATCH
  5
217
330
1F
100
AcDbEntity
  8
0
 62
     7
420
 16777215
440
 33554687
100
AcDbHatch
 10
0.0
 20
0.0
 30
0.0
210
0.0
220
0.0
230
1.0
  2
SOLID
 70
     1
 71
     1
 91
        1
 92
        0
 93
        1
 72
     4
 94
        3
 73
     0
 74
     1
 95
       17
 96
       13
 40
0.0
 40
0.0
 40
0.0
 40
0.0
 40
1.0
 40
1.0
 40
1.0
 40
2.0
 40
2.0
 40
2.0
 40
3.0
 40
3.0
 40
3.0
 40
4.0
 40
4.0
 40
4.0
 40
4.0
 10
31.49639932076268
 20
35.06348041817729
 10
31.55583708952996
 20
35.13413175161001
 10
31.6776536134026
 20
35.12960638772792
 10
31.76825963863003
 20
35.05338107512974
 10
31.85886566385745
 20
34.97715576253153
 10
31.88417033362125
 20
34.85791056097263
 10
31.82473256485399
 20
34.7872592275399
 10
31.76529479608671
 20
34.71660789410718
 10
31.64347827221407
 20
34.72113325798928
 10
31.55287224698665
 20
34.79735857058746
 10
31.46226622175922
 20
34.87358388318565
 10
31.43696155199541
 20
34.99282908474455
 10
31.49639932076268
 20
35.06348041817729
 97
        0
 97
        0
 75
     0
 76
     1
 98
        0
  0
HATCH
  5
218
330
1F
100
AcDbEntity
  8
0
 62
     7
420
 16777215
440
 33554687
100
AcDbHatch
 10
0.0
 20
0.0
 30
0.0
210
0.0
220
0.0
230
1.0
  2
SOLID
 70
     1
 71
     1
 91
        1
 92
        0
 93
        1
 72
     4
 94
        3
 73
     0
 74
     1
 95
      170
 96
      166
 40
0.0
 40
0.0
 40
0.0
 40
0.0
 40
1.0
 40
1.0
 40
1.0
 40
2.0
 40
2.0
 40
2.0
 40
3.0
 40
3.0
 40
3.0
 40
4.0
 40
4.0
 40
4.0
 40
5.0
 40
5.0
 40
5.0
 40
6.0
 40
6.0
 40
6.0
 40
7.0
 40
7.0
 40
7.0
 40
8.0
 40
8.0
 40
8.0
 40
9.0
 40
9.0
 40
9.0
 40
10.0
 40
10.0
 40
10.0
 40
11.0
 40
11.0
 40
11.0
 40
12.0
 40
12.0
 40
12.0
 40
13.0
 40
13.0
 40
13.0
 40
14.0
 40
14.0
 40
14.0
 40
15.0
 40
15.0
 40
15.0
 40
16.0
 40
16.0
 40
16.0
 40
17.0
 40
17.0
 40
17.0
 40
18.0
 40
18.0
 40
18.0
 40
19.0
 40
19.0
 40
19.0
 40
20.0
 40
20.0
 40
20.0
 40
21.0
 40
21.0
 40
21.0
 40
22.0
 40
22.0
 40
22.0
 40
23.0
 40
23.0
 40
23.0
 40
24.0
 40
24.0
 40
24.0
 40
25.0
 40
25.0
 40
25.0
 40
26.0
 40
26.0
 40
26.0
 40
27.0
 40
27.0
 40
27.0
 40
28.0
 40
28.0
 40
28.0
 40
29.0
 40
29.0
 40
29.0
 40
30.0
 40
30.0
 40
30.0
 40
31.0
 40
31.0
 40
31.0
 40
32.0
 40
32.0
 40
32.0
 40
33.0
 40
33.0
 40
33.0
 40
34.0
 40
34.0
 40
34.0
 40
35.0
 40
35.0
 40
35.0
 40
36.0
 40
36.0
 40
36.0
 40
37.0
 40
37.0
 40
37.0
 40
38.0
 40
38.0
 40
38.0
 40
39.0
 40
39.0
 40
39.0
 40
40.0
 40
40.0
 40
40.0
 40
41.0
 40
41.0
 40
41.0
 40
42.0
 40
42.0
 40
42.0
 40
43.0
 40
43.0
 40
43.0
 40
44.0
 40
44.0
 40
44.0
 40
45.0
 40
45.0
 40
45.0
 40
46.0
 40
46.0
 40
46.0
 40
47.0
 40
47.0
 40
47.0
 40
48.0
 40
48.0
 40
48.0
 40
49.0
 40
49.0
 40
49.0
 40
50.0
 40
50.0
 40
50.0
 40
51.0
 40
51.0
 40
51.0
 40
52.0
 40
52.0
 40
52.0
 40
53.0
 40
53.0
 40
53.0
 40
54.0
 40
54.0
 40
54.0
 40
55.0
 40
55.0
 40
55.0
 40
55.0
 10
36.32191333409965
 20
47.11216476014972
 10
36.32191333409965
 20
47.11216476014972
 10
36.53286263809131
 20
46.84365722400886
 10
36.53286263809131
 20
46.84365722400886
 10
36.53286263809131
 20
46.84365722400886
 10
36.5325901558089
 20
46.83349333285729
 10
36.5325901558089
 20
46.83349333285729
 10
36.5325901558089
 20
46.83349333285729
 10
36.71034812996741
 20
47.25204556673974
 10
36.71034812996741
 20
47.25204556673974
 10
36.71034812996741
 20
47.25204556673974
 10
36.65614690178428
 20
46.80055238104539
 10
36.65614690178428
 20
46.80055238104539
 10
36.65614690178428
 20
46.80055238104539
 10
36.66097044206611
 20
46.80950293349127
 10
36.66097044206611
 20
46.80950293349127
 10
36.66097044206611
 20
46.80950293349127
 10
37.65020971847218
 20
47.20896471703951
 10
37.65020971847218
 20
47.20896471703951
 10
37.65020971847218
 20
47.20896471703951
 10
36.81129606359758
 20
46.54988358230348
 10
36.81129606359758
 20
46.54988358230348
 10
36.81129606359758
 20
46.54988358230348
 10
36.801132172446
 20
46.55015606458591
 10
36.801132172446
 20
46.55015606458591
 10
36.801132172446
 20
46.55015606458591
 10
37.21968440632846
 20
46.37239809042742
 10
37.21968440632846
 20
46.37239809042742
 10
37.21968440632846
 20
46.37239809042742
 10
36.76819122063417
 20
46.4265993186105
 10
36.76819122063417
 20
46.4265993186105
 10
36.76819122063417
 20
46.4265993186105
 10
36.77714177307998
 20
46.42177577832871
 10
36.77714177307998
 20
46.42177577832871
 10
36.77714177307998
 20
46.42177577832871
 10
37.17660355662822
 20
45.43253650192261
 10
37.17660355662822
 20
45.43253650192261
 10
37.17660355662822
 20
45.43253650192261
 10
36.5175224218922
 20
46.27145015679723
 10
36.5175224218922
 20
46.27145015679723
 10
36.5175224218922
 20
46.27145015679723
 10
36.51779490417461
 20
46.28161404794881
 10
36.51779490417461
 20
46.28161404794881
 10
36.51779490417461
 20
46.28161404794881
 10
36.34003693001612
 20
45.86306181406637
 10
36.34003693001612
 20
45.86306181406637
 10
36.34003693001612
 20
45.86306181406637
 10
36.39423815819922
 20
46.31455499976065
 10
36.39423815819922
 20
46.31455499976065
 10
36.39423815819922
 20
46.31455499976065
 10
36.3894146179174
 20
46.30560444731481
 10
36.3894146179174
 20
46.30560444731481
 10
36.3894146179174
 20
46.30560444731481
 10
35.40017534151133
 20
45.90614266376657
 10
35.40017534151133
 20
45.90614266376657
 10
35.40017534151133
 20
45.90614266376657
 10
36.23908899638593
 20
46.56522379850259
 10
36.23908899638593
 20
46.56522379850259
 10
36.23908899638593
 20
46.56522379850259
 10
36.24925288753757
 20
46.56495131622017
 10
36.24925288753757
 20
46.56495131622017
 10
36.24925288753757
 20
46.56495131622017
 10
35.83070065365506
 20
46.74270929037869
 10
35.83070065365506
 20
46.74270929037869
 10
35.83070065365506
 20
46.74270929037869
 10
36.2821938393494
 20
46.68850806219557
 10
36.2821938393494
 20
46.68850806219557
 10
36.2821938393494
 20
46.68850806219557
 10
36.27324328690354
 20
46.69333160247739
 10
36.27324328690354
 20
46.69333160247739
 10
36.27324328690354
 20
46.69333160247739
 10
35.87378150335529
 20
47.68257087888347
 10
35.87378150335529
 20
47.68257087888347
 10
35.87378150335529
 20
47.68257087888347
 10
36.00126965465924
 20
47.52029715365322
 10
36.00126965465924
 20
47.52029715365322
 10
35.99999219763251
 20
47.53097475395524
 10
35.99932953498446
 20
47.54191066332562
 10
35.99932953498446
 20
47.55304349362886
 10
35.99932953498446
 20
47.67144851923253
 10
36.07428815546955
 20
47.76757837734981
 10
36.16661615377915
 20
47.76757837734981
 10
36.25894415208872
 20
47.76757837734981
 10
36.33390277257383
 20
47.67144851923253
 10
36.33390277257383
 20
47.55304349362886
 10
36.33390277257383
 20
47.4346384680252
 10
36.25894415208872
 20
47.3385086099079
 10
36.16661615377915
 20
47.3385086099079
 10
36.15836552298761
 20
47.3385086099079
 10
36.15025359707212
 20
47.33927626435062
 10
36.14232147231788
 20
47.34075886975722
 10
36.14232147231788
 20
47.34075886975722
 10
36.31805372537603
 20
47.11707747618738
 10
36.31805372537603
 20
47.11707747618738
 10
36.31805372537603
 20
47.11707747618738
 10
37.00530282945503
 20
47.90364539623313
 10
37.00530282945503
 20
47.90364539623313
 10
37.00530282945503
 20
47.90364539623313
 10
37.01534056725803
 20
47.90526488681175
 10
37.01534056725803
 20
47.90526488681175
 10
37.01534056725803
 20
47.90526488681175
 10
36.57106071365858
 20
48.00221477876931
 10
36.57106071365858
 20
48.00221477876931
 10
36.57106071365858
 20
48.00221477876931
 10
37.0247666280129
 20
48.03278949291171
 10
37.0247666280129
 20
48.03278949291171
 10
37.0247666280129
 20
48.03278949291171
 10
37.01507608735282
 20
48.03586721149095
 10
37.01507608735282
 20
48.03586721149095
 10
37.01507608735282
 20
48.03586721149095
 10
36.43887860608286
 20
48.93373163615544
 10
36.43887860608286
 20
48.93373163615544
 10
36.43887860608286
 20
48.93373163615544
 10
37.2422682044018
 20
48.23178490326688
 10
37.2422682044018
 20
48.23178490326688
 10
37.2422682044018
 20
48.23178490326688
 10
37.24388769498042
 20
48.2217471654639
 10
37.24388769498042
 20
48.2217471654639
 10
37.24388769498042
 20
48.2217471654639
 10
37.34083758693797
 20
48.66602701906333
 10
37.34083758693797
 20
48.66602701906333
 10
37.34083758693797
 20
48.66602701906333
 10
37.37141230108038
 20
48.21232110470909
 10
37.37141230108038
 20
48.21232110470909
 10
37.37141230108038
 20
48.21232110470909
 10
37.37449001965958
 20
48.22201164536905
 10
37.37449001965958
 20
48.22201164536905
 10
37.37449001965958
 20
48.22201164536905
 10
38.27235444432409
 20
48.79820912663902
 10
38.27235444432409
 20
48.79820912663902
 10
38.27235444432409
 20
48.79820912663902
 10
37.57040771143553
 20
47.99481952832009
 10
37.57040771143553
 20
47.99481952832009
 10
37.57040771143553
 20
47.99481952832009
 10
37.56036997363254
 20
47.99320003774147
 10
37.56036997363254
 20
47.99320003774147
 10
37.56036997363254
 20
47.99320003774147
 10
38.00464982723197
 20
47.89625014578391
 10
38.00464982723197
 20
47.89625014578391
 10
38.00464982723197
 20
47.89625014578391
 10
37.55094391287773
 20
47.86567543164153
 10
37.55094391287773
 20
47.86567543164153
 10
37.55094391287773
 20
47.86567543164153
 10
37.5606344535377
 20
47.86259771306231
 10
37.5606344535377
 20
47.86259771306231
 10
37.5606344535377
 20
47.86259771306231
 10
38.13683193480769
 20
46.9647332883978
 10
38.13683193480769
 20
46.9647332883978
 10
38.13683193480769
 20
46.9647332883978
 10
37.33344233648874
 20
47.66668002128636
 10
37.33344233648874
 20
47.66668002128636
 10
37.33344233648874
 20
47.66668002128636
 10
37.33182284591011
 20
47.67671775908937
 10
37.33182284591011
 20
47.67671775908937
 10
37.33182284591011
 20
47.67671775908937
 10
37.23487295395255
 20
47.2324379054899
 10
37.23487295395255
 20
47.2324379054899
 10
37.23487295395255
 20
47.2324379054899
 10
37.20429823981018
 20
47.68614381984416
 10
37.20429823981018
 20
47.68614381984416
 10
37.20429823981018
 20
47.68614381984416
 10
37.20122052123096
 20
47.67645327918419
 10
37.20122052123096
 20
47.67645327918419
 10
37.20122052123096
 20
47.67645327918419
 10
36.32191333409965
 20
47.11216476014972
 10
36.32191333409965
 20
47.11216476014972
 97
        0
 97
        0
 75
     0
 76
     1
 98
        0
  0
HATCH
  5
219
330
1F
100
AcDbEntity
  8
0
 62
     7
420
 16777215
440
 33554687
100
AcDbHatch
 10
0.0
 20
0.0
 30
0.0
210
0.0
220
0.0
230
1.0
  2
SOLID
 70
     1
 71
     1
 91
        1
 92
        0
 93
       24
 72
     1
 10
36.96130063638022
 20
60.35759843146607
 11
36.68815836487613
 21
60.72116021353698
 72
     1
 10
36.68815836487613
 20
60.72116021353698
 11
37.05172014694697
 21
60.44801794203298
 72
     1
 10
37.05172014694697
 20
60.44801794203298
 11
37.04639136385396
 21
60.45667721455915
 72
     1
 10
37.04639136385396
 20
60.45667721455915
 11
37.19639136385395
 21
61.51292721455913
 72
     1
 10
37.19639136385395
 20
61.51292721455913
 11
37.34639136385398
 21
60.45667721455915
 72
     1
 10
37.34639136385398
 20
60.45667721455915
 11
37.34106258076091
 21
60.44801794203292
 72
     1
 10
37.34106258076091
 20
60.44801794203292
 11
37.70462436283182
 21
60.72116021353697
 72
     1
 10
37.70462436283182
 20
60.72116021353697
 11
37.43148209132784
 21
60.35759843146614
 72
     1
 10
37.43148209132784
 20
60.35759843146614
 11
37.44014136385396
 21
60.36292721455915
 72
     1
 10
37.44014136385396
 20
60.36292721455915
 11
38.49639136385397
 21
60.21292721455914
 72
     1
 10
38.49639136385397
 20
60.21292721455914
 11
37.44014136385396
 21
60.06292721455915
 72
     1
 10
37.44014136385396
 20
60.06292721455915
 11
37.4314820913278
 21
60.06825599765217
 72
     1
 10
37.4314820913278
 20
60.06825599765217
 11
37.70462436283182
 21
59.70469421558131
 72
     1
 10
37.70462436283182
 20
59.70469421558131
 11
37.34106258076093
 21
59.97783648708535
 72
     1
 10
37.34106258076093
 20
59.97783648708535
 11
37.346391363854
 21
59.96917721455914
 72
     1
 10
37.346391363854
 20
59.96917721455914
 11
37.19639136385399
 21
58.91292721455915
 72
     1
 10
37.19639136385399
 20
58.91292721455915
 11
37.04639136385399
 21
59.96917721455915
 72
     1
 10
37.04639136385399
 20
59.96917721455915
 11
37.05172014694703
 21
59.97783648708534
 72
     1
 10
37.05172014694703
 20
59.97783648708534
 11
36.68815836487617
 21
59.70469421558133
 72
     1
 10
36.68815836487617
 20
59.70469421558133
 11
36.96130063638016
 21
60.06825599765217
 72
     1
 10
36.96130063638016
 20
60.06825599765217
 11
36.95264136385398
 21
60.06292721455912
 72
     1
 10
36.95264136385398
 20
60.06292721455912
 11
35.89639136385399
 21
60.21292721455913
 72
     1
 10
35.89639136385399
 20
60.21292721455913
 11
36.95264136385398
 21
60.36292721455914
 72
     1
 10
36.95264136385398
 20
60.36292721455914
 11
36.96130063638022
 21
60.35759843146607
 97
        0
 75
     0
 76
     1
 98
        0
  0
HATCH
  5
21A
330
1F
100
AcDbEntity
  8
0
 62
     7
420
 16777215
440
 33554687
100
AcDbHatch
 10
0.0
 20
0.0
 30
0.0
210
0.0
220
0.0
230
1.0
  2
SOLID
 70
     1
 71
     1
 91
        1
 92
        0
 93
       24
 72
     1
 10
33.85383062653489
 20
41.32231856507209
 11
33.43527839265239
 21
41.50007653923062
 72
     1
 10
33.43527839265239
 20
41.50007653923062
 11
33.88677157834666
 21
41.44587531104752
 72
     1
 10
33.88677157834666
 20
41.44587531104752
 11
33.87782102590086
 21
41.45069885132931
 72
     1
 10
33.87782102590086
 20
41.45069885132931
 11
33.47835924235263
 21
42.43993812773542
 72
     1
 10
33.47835924235263
 20
42.43993812773542
 11
34.13744037708863
 21
41.60102447286079
 72
     1
 10
34.13744037708863
 20
41.60102447286079
 11
34.13716789480623
 21
41.59086058170923
 72
     1
 10
34.13716789480623
 20
41.59086058170923
 11
34.31492586896474
 21
42.00941281559165
 72
     1
 10
34.31492586896474
 20
42.00941281559165
 11
34.2607246407816
 21
41.55791962989734
 72
     1
 10
34.2607246407816
 20
41.55791962989734
 11
34.26554818106343
 21
41.56687018234319
 72
     1
 10
34.26554818106343
 20
41.56687018234319
 11
35.25478745746949
 21
41.96633196589143
 72
     1
 10
35.25478745746949
 20
41.96633196589143
 11
34.4158738025949
 21
41.30725083115541
 72
     1
 10
34.4158738025949
 20
41.30725083115541
 11
34.40570991144332
 21
41.30752331343783
 72
     1
 10
34.40570991144332
 20
41.30752331343783
 11
34.82426214532578
 21
41.12976533927933
 72
     1
 10
34.82426214532578
 20
41.12976533927933
 11
34.37276895963149
 21
41.18396656746245
 72
     1
 10
34.37276895963149
 20
41.18396656746245
 11
34.38171951207731
 21
41.17914302718064
 72
     1
 10
34.38171951207731
 20
41.17914302718064
 11
34.78118129562554
 21
40.18990375077455
 72
     1
 10
34.78118129562554
 20
40.18990375077455
 11
34.12210016088952
 21
41.02881740564916
 72
     1
 10
34.12210016088952
 20
41.02881740564916
 11
34.12237264317193
 21
41.03898129680073
 72
     1
 10
34.12237264317193
 20
41.03898129680073
 11
33.94461466901344
 21
40.62042906291828
 72
     1
 10
33.94461466901344
 20
40.62042906291828
 11
33.99881589719654
 21
41.07192224861257
 72
     1
 10
33.99881589719654
 20
41.07192224861257
 11
33.99399235691475
 21
41.06297169616673
 72
     1
 10
33.99399235691475
 20
41.06297169616673
 11
33.00475308050865
 21
40.66350991261849
 72
     1
 10
33.00475308050865
 20
40.66350991261849
 11
33.84366673538325
 21
41.32259104735452
 72
     1
 10
33.84366673538325
 20
41.32259104735452
 11
33.85383062653489
 21
41.32231856507209
 97
        0
 75
     0
 76
     1
 98
        0
  0
HATCH
  5
21B
330
1F
100
AcDbEntity
  8
0
 62
     7
420
 16777215
440
 33554687
100
AcDbHatch
 10
0.0
 20
0.0
 30
0.0
210
0.0
220
0.0
230
1.0
  2
SOLID
 70
     1
 71
     1
 91
        1
 92
        0
 93
       24
 72
     1
 10
28.60689968737233
 20
57.32240463275767
 11
28.6169108163659
 21
57.51137552914152
 72
     1
 10
28.6169108163659
 20
57.51137552914152
 11
28.66109585977313
 21
57.30944230984153
 72
     1
 10
28.66109585977313
 20
57.30944230984153
 11
28.6617185923132
 21
57.31349756403684
 72
     1
 10
28.6617185923132
 20
57.31349756403684
 11
28.99890251675004
 21
57.50523087215261
 72
     1
 10
28.99890251675004
 20
57.50523087215261
 11
28.75967743820117
 21
57.19990150551235
 72
     1
 10
28.75967743820117
 20
57.19990150551235
 11
28.75557469604924
 21
57.19988177635776
 72
     1
 10
28.75557469604924
 20
57.19988177635776
 11
28.94881693651292
 21
57.12648709250179
 72
     1
 10
28.94881693651292
 20
57.12648709250179
 11
28.76042779632102
 21
57.14436876584644
 72
     1
 10
28.76042779632102
 20
57.14436876584644
 11
28.76470929634355
 21
57.14234374278163
 72
     1
 10
28.76470929634355
 20
57.14234374278163
 11
29.06867761632465
 21
56.70709656228642
 72
     1
 10
29.06867761632465
 20
56.70709656228642
 11
28.68285239651128
 21
57.07175496056776
 72
     1
 10
28.68285239651128
 20
57.07175496056776
 11
28.68147888091455
 21
57.07628766569402
 72
     1
 10
28.68147888091455
 20
57.07628766569402
 11
28.67146775192096
 21
56.88731676931013
 72
     1
 10
28.67146775192096
 20
56.88731676931013
 11
28.62728270851374
 21
57.08924998861011
 72
     1
 10
28.62728270851374
 20
57.08924998861011
 11
28.62665997597369
 21
57.08519473441483
 72
     1
 10
28.62665997597369
 20
57.08519473441483
 11
28.28947605153684
 21
56.89346142629905
 72
     1
 10
28.28947605153684
 20
56.89346142629905
 11
28.52870113008571
 21
57.19879079293929
 72
     1
 10
28.52870113008571
 20
57.19879079293929
 11
28.53280387223764
 21
57.19881052209389
 72
     1
 10
28.53280387223764
 20
57.19881052209389
 11
28.33956163177394
 21
57.27220520594985
 72
     1
 10
28.33956163177394
 20
57.27220520594985
 11
28.52795077196587
 21
57.25432353260521
 72
     1
 10
28.52795077196587
 20
57.25432353260521
 11
28.52366927194333
 21
57.25634855567002
 72
     1
 10
28.52366927194333
 20
57.25634855567002
 11
28.21970095196223
 21
57.69159573616523
 72
     1
 10
28.21970095196223
 20
57.69159573616523
 11
28.6055261717756
 21
57.32693733788389
 72
     1
 10
28.6055261717756
 20
57.32693733788389
 11
28.60689968737233
 21
57.32240463275767
 97
        0
 75
     0
 76
     1
 98
        0
  0
HATCH
  5
21C
330
1F
100
AcDbEntity
  8
0
 62
     7
420
 16777215
440
 33554687
100
AcDbHatch
 10
0.0
 20
0.0
 30
0.0
210
0.0
220
0.0
230
1.0
  2
SOLID
 70
     1
 71
     1
 91
        1
 92
        0
 93
       24
 72
     1
 10
44.26130063638018
 20
57.09425034197723
 11
43.98815836487616
 21
57.4578121240481
 72
     1
 10
43.98815836487616
 20
57.4578121240481
 11
44.35172014694699
 21
57.18466985254409
 72
     1
 10
44.35172014694699
 20
57.18466985254409
 11
44.34639136385398
 21
57.19332912507026
 72
     1
 10
44.34639136385398
 20
57.19332912507026
 11
44.49639136385397
 21
58.24957912507026
 72
     1
 10
44.49639136385397
 20
58.24957912507026
 11
44.64639136385397
 21
57.19332912507026
 72
     1
 10
44.64639136385397
 20
57.19332912507026
 11
44.64106258076089
 21
57.18466985254404
 72
     1
 10
44.64106258076089
 20
57.18466985254404
 11
45.00462436283179
 21
57.45781212404809
 72
     1
 10
45.00462436283179
 20
57.45781212404809
 11
44.73148209132781
 21
57.09425034197724
 72
     1
 10
44.73148209132781
 20
57.09425034197724
 11
44.74014136385398
 21
57.09957912507026
 72
     1
 10
44.74014136385398
 20
57.09957912507026
 11
45.79639136385398
 21
56.94957912507026
 72
     1
 10
45.79639136385398
 20
56.94957912507026
 11
44.74014136385398
 21
56.79957912507027
 72
     1
 10
44.74014136385398
 20
56.79957912507027
 11
44.73148209132781
 21
56.80490790816329
 72
     1
 10
44.73148209132781
 20
56.80490790816329
 11
45.00462436283179
 21
56.44134612609244
 72
     1
 10
45.00462436283179
 20
56.44134612609244
 11
44.64106258076094
 21
56.71448839759646
 72
     1
 10
44.64106258076094
 20
56.71448839759646
 11
44.64639136385399
 21
56.70582912507027
 72
     1
 10
44.64639136385399
 20
56.70582912507027
 11
44.49639136385399
 21
55.64957912507027
 72
     1
 10
44.49639136385399
 20
55.64957912507027
 11
44.34639136385398
 21
56.70582912507027
 72
     1
 10
44.34639136385398
 20
56.70582912507027
 11
44.35172014694705
 21
56.7144883975965
 72
     1
 10
44.35172014694705
 20
56.7144883975965
 11
43.98815836487614
 21
56.44134612609245
 72
     1
 10
43.98815836487614
 20
56.44134612609245
 11
44.26130063638012
 21
56.80490790816326
 72
     1
 10
44.26130063638012
 20
56.80490790816326
 11
44.252641363854
 21
56.79957912507025
 72
     1
 10
44.252641363854
 20
56.79957912507025
 11
43.19639136385398
 21
56.94957912507026
 72
     1
 10
43.19639136385398
 20
56.94957912507026
 11
44.252641363854
 21
57.09957912507026
 72
     1
 10
44.252641363854
 20
57.09957912507026
 11
44.26130063638018
 21
57.09425034197723
 97
        0
 75
     0
 76
     1
 98
        0
  0
HATCH
  5
21D
330
1F
100
AcDbEntity
  8
0
 62
     7
420
 16777215
440
 33554687
100
AcDbHatch
 10
0.0
 20
0.0
 30
0.0
210
0.0
220
0.0
230
1.0
  2
SOLID
 70
     1
 71
     1
 91
        1
 92
        0
 93
       24
 72
     1
 10
41.88407130279621
 20
38.86328185038828
 11
41.8940824317898
 21
39.05225274677228
 72
     1
 10
41.8940824317898
 20
39.05225274677228
 11
41.93826747519699
 21
38.85031952747239
 72
     1
 10
41.93826747519699
 20
38.85031952747239
 11
41.93889020773703
 21
38.85437478166762
 72
     1
 10
41.93889020773703
 20
38.85437478166762
 11
42.27607413217387
 21
39.04610808978338
 72
     1
 10
42.27607413217387
 20
39.04610808978338
 11
42.03684905362501
 21
38.74077872314315
 72
     1
 10
42.03684905362501
 20
38.74077872314315
 11
42.03274631147306
 21
38.74075899398854
 72
     1
 10
42.03274631147306
 20
38.74075899398854
 11
42.22598855193674
 21
38.66736431013256
 72
     1
 10
42.22598855193674
 20
38.66736431013256
 11
42.03759941174478
 21
38.68524598347722
 72
     1
 10
42.03759941174478
 20
38.68524598347722
 11
42.04188091176737
 21
38.68322096041238
 72
     1
 10
42.04188091176737
 20
38.68322096041238
 11
42.34584923174851
 21
38.2479737799172
 72
     1
 10
42.34584923174851
 20
38.2479737799172
 11
41.96002401193514
 21
38.61263217819852
 72
     1
 10
41.96002401193514
 20
38.61263217819852
 11
41.95865049633837
 21
38.61716488332487
 72
     1
 10
41.95865049633837
 20
38.61716488332487
 11
41.9486393673448
 21
38.42819398694093
 72
     1
 10
41.9486393673448
 20
38.42819398694093
 11
41.90445432393759
 21
38.63012720624085
 72
     1
 10
41.90445432393759
 20
38.63012720624085
 11
41.90383159139755
 21
38.62607195204556
 72
     1
 10
41.90383159139755
 20
38.62607195204556
 11
41.56664766696068
 21
38.43433864392982
 72
     1
 10
41.56664766696068
 20
38.43433864392982
 11
41.80587274550957
 21
38.73966801057005
 72
     1
 10
41.80587274550957
 20
38.73966801057005
 11
41.80997548766154
 21
38.73968773972466
 72
     1
 10
41.80997548766154
 20
38.73968773972466
 11
41.6167332471978
 21
38.81308242358064
 72
     1
 10
41.6167332471978
 20
38.81308242358064
 11
41.80512238738977
 21
38.79520075023598
 72
     1
 10
41.80512238738977
 20
38.79520075023598
 11
41.80084088736715
 21
38.79722577330082
 72
     1
 10
41.80084088736715
 20
38.79722577330082
 11
41.49687256738608
 21
39.23247295379602
 72
     1
 10
41.49687256738608
 20
39.23247295379602
 11
41.88269778719945
 21
38.86781455551469
 72
     1
 10
41.88269778719945
 20
38.86781455551469
 11
41.88407130279621
 21
38.86328185038828
 97
        0
 75
     0
 76
     1
 98
        0
  0
HATCH
  5
21E
330
1F
100
AcDbEntity
  8
0
 62
     7
420
 16777215
440
 33554687
100
AcDbHatch
 10
0.0
 20
0.0
 30
0.0
210
0.0
220
0.0
230
1.0
  2
SOLID
 70
     1
 71
     1
 91
        1
 92
        0
 93
       24
 72
     1
 10
25.24425166177959
 20
33.47582297513685
 11
24.8256994278971
 21
33.65358094929537
 72
     1
 10
24.8256994278971
 20
33.65358094929537
 11
25.27719261359137
 21
33.59937972111226
 72
     1
 10
25.27719261359137
 20
33.59937972111226
 11
25.26824206114555
 21
33.60420326139405
 72
     1
 10
25.26824206114555
 20
33.60420326139405
 11
24.86878027759731
 21
34.59344253780015
 72
     1
 10
24.86878027759731
 20
34.59344253780015
 11
25.52786141233335
 21
33.75452888292552
 72
     1
 10
25.52786141233335
 20
33.75452888292552
 11
25.52758893005093
 21
33.74436499177395
 72
     1
 10
25.52758893005093
 20
33.74436499177395
 11
25.70534690420944
 21
34.16291722565639
 72
     1
 10
25.70534690420944
 20
34.16291722565639
 11
25.6511456760263
 21
33.71142403996212
 72
     1
 10
25.6511456760263
 20
33.71142403996212
 11
25.65596921630812
 21
33.72037459240795
 72
     1
 10
25.65596921630812
 20
33.72037459240795
 11
26.64520849271421
 21
34.11983637595617
 72
     1
 10
26.64520849271421
 20
34.11983637595617
 11
25.80629483783961
 21
33.46075524122015
 72
     1
 10
25.80629483783961
 20
33.46075524122015
 11
25.79613094668805
 21
33.46102772350257
 72
     1
 10
25.79613094668805
 20
33.46102772350257
 11
26.21468318057049
 21
33.28326974934406
 72
     1
 10
26.21468318057049
 20
33.28326974934406
 11
25.7631899948762
 21
33.33747097752716
 72
     1
 10
25.7631899948762
 20
33.33747097752716
 11
25.77214054732201
 21
33.33264743724537
 72
     1
 10
25.77214054732201
 20
33.33264743724537
 11
26.17160233087025
 21
32.34340816083929
 72
     1
 10
26.17160233087025
 20
32.34340816083929
 11
25.51252119613423
 21
33.1823218157139
 72
     1
 10
25.51252119613423
 20
33.1823218157139
 11
25.51279367841665
 21
33.19248570686547
 72
     1
 10
25.51279367841665
 20
33.19248570686547
 11
25.33503570425815
 21
32.77393347298301
 72
     1
 10
25.33503570425815
 20
32.77393347298301
 11
25.38923693244124
 21
33.22542665867731
 72
     1
 10
25.38923693244124
 20
33.22542665867731
 11
25.38441339215945
 21
33.21647610623147
 72
     1
 10
25.38441339215945
 20
33.21647610623147
 11
24.39517411575335
 21
32.81701432268323
 72
     1
 10
24.39517411575335
 20
32.81701432268323
 11
25.23408777062796
 21
33.47609545741926
 72
     1
 10
25.23408777062796
 20
33.47609545741926
 11
25.24425166177959
 21
33.47582297513685
 97
        0
 75
     0
 76
     1
 98
        0
  0
HATCH
  5
21F
330
1F
100
AcDbEntity
  8
0
 62
     7
420
 16777215
440
 33554687
100
AcDbHatch
 10
0.0
 20
0.0
 30
0.0
210
0.0
220
0.0
230
1.0
  2
SOLID
 70
     1
 71
     1
 91
        1
 92
        0
 93
        1
 72
     4
 94
        3
 73
     0
 74
     1
 95
       17
 96
       13
 40
0.0
 40
0.0
 40
0.0
 40
0.0
 40
1.0
 40
1.0
 40
1.0
 40
2.0
 40
2.0
 40
2.0
 40
3.0
 40
3.0
 40
3.0
 40
4.0
 40
4.0
 40
4.0
 40
4.0
 10
35.84680543675983
 20
19.40536907502425
 10
35.93913343506939
 20
19.40536907502425
 10
36.01409205555451
 20
19.30923921690698
 10
36.01409205555451
 20
19.1908341913033
 10
36.01409205555451
 20
19.07242916569965
 10
35.93913343506939
 20
18.97629930758237
 10
35.84680543675983
 20
18.97629930758237
 10
35.75447743845025
 20
18.97629930758237
 10
35.67951881796515
 20
19.07242916569965
 10
35.67951881796515
 20
19.1908341913033
 10
35.67951881796515
 20
19.30923921690698
 10
35.75447743845025
 20
19.40536907502425
 10
35.84680543675983
 20
19.40536907502425
 97
        0
 97
        0
 75
     0
 76
     1
 98
        0
  0
HATCH
  5
220
330
1F
100
AcDbEntity
  8
0
 62
     7
420
 16777215
440
 33554687
100
AcDbHatch
 10
0.0
 20
0.0
 30
0.0
210
0.0
220
0.0
230
1.0
  2
SOLID
 70
     1
 71
     1
 91
        1
 92
        0
 93
       24
 72
     1
 10
41.86321824131064
 20
28.38922256287719
 11
41.65929530323427
 21
28.96307336196098
 72
     1
 10
41.65929530323427
 20
28.96307336196098
 11
42.04468125768631
 21
28.40039972923236
 72
     1
 10
42.04468125768631
 20
28.40039972923236
 11
42.04154983482254
 21
28.41309000187545
 72
     1
 10
42.04154983482254
 20
28.41309000187545
 11
42.8325669186821
 21
29.29647862447304
 72
     1
 10
42.8325669186821
 20
29.29647862447304
 11
42.48141925822824
 21
28.16388036999341
 72
     1
 10
42.48141925822824
 20
28.16388036999341
 11
42.46892422278149
 21
28.16004332450364
 72
     1
 10
42.46892422278149
 20
28.16004332450364
 11
43.14966967800851
 21
28.11869630472382
 72
     1
 10
43.14966967800851
 20
28.11869630472382
 11
42.55261305959017
 21
27.99864340519298
 72
     1
 10
42.55261305959017
 20
27.99864340519298
 11
42.56819066853159
 21
27.99653548678721
 72
     1
 10
42.56819066853159
 20
27.99653548678721
 11
44.03579714155499
 21
26.97596291068021
 72
     1
 10
44.03579714155499
 20
26.97596291068021
 11
42.40598975809654
 21
27.71024149240936
 72
     1
 10
42.40598975809654
 20
27.71024149240936
 11
42.39617437228318
 21
27.72252006812769
 72
     1
 10
42.39617437228318
 20
27.72252006812769
 11
42.6000973103596
 21
27.14866926904387
 72
     1
 10
42.6000973103596
 20
27.14866926904387
 11
42.21471135590753
 21
27.7113429017725
 72
     1
 10
42.21471135590753
 20
27.7113429017725
 11
42.21784277877133
 21
27.69865262912941
 72
     1
 10
42.21784277877133
 20
27.69865262912941
 11
41.42682569491176
 21
26.81526400653182
 72
     1
 10
41.42682569491176
 20
26.81526400653182
 11
41.77797335536559
 21
27.94786226101147
 72
     1
 10
41.77797335536559
 20
27.94786226101147
 11
41.79046839081237
 21
27.95169930650122
 72
     1
 10
41.79046839081237
 20
27.95169930650122
 11
41.10972293558535
 21
27.99304632628104
 72
     1
 10
41.10972293558535
 20
27.99304632628104
 11
41.70677955400365
 21
28.11309922581188
 72
     1
 10
41.70677955400365
 20
28.11309922581188
 11
41.69120194506227
 21
28.11520714421767
 72
     1
 10
41.69120194506227
 20
28.11520714421767
 11
40.22359547203883
 21
29.13577972032465
 72
     1
 10
40.22359547203883
 20
29.13577972032465
 11
41.85340285549732
 21
28.4015011385955
 72
     1
 10
41.85340285549732
 20
28.4015011385955
 11
41.86321824131064
 21
28.38922256287719
 97
        0
 75
     0
 76
     1
 98
        0
  0
HATCH
  5
221
330
1F
100
AcDbEntity
  8
0
 62
     7
420
 16777215
440
 33554687
100
AcDbHatch
 10
0.0
 20
0.0
 30
0.0
210
0.0
220
0.0
230
1.0
  2
SOLID
 70
     1
 71
     1
 91
        1
 92
        0
 93
        1
 72
     4
 94
        3
 73
     0
 74
     1
 95
       17
 96
       13
 40
0.0
 40
0.0
 40
0.0
 40
0.0
 40
1.0
 40
1.0
 40
1.0
 40
2.0
 40
2.0
 40
2.0
 40
3.0
 40
3.0
 40
3.0
 40
4.0
 40
4.0
 40
4.0
 40
4.0
 10
18.68279193551176
 20
24.8402527959545
 10
18.77511993382134
 20
24.8402527959545
 10
18.85007855430644
 20
24.74412293783723
 10
18.85007855430644
 20
24.62571791223355
 10
18.85007855430644
 20
24.50731288662989
 10
18.77511993382134
 20
24.4111830285126
 10
18.68279193551176
 20
24.4111830285126
 10
18.59046393720218
 20
24.4111830285126
 10
18.51550531671707
 20
24.50731288662989
 10
18.51550531671707
 20
24.62571791223355
 10
18.51550531671707
 20
24.74412293783723
 10
18.59046393720218
 20
24.8402527959545
 10
18.68279193551176
 20
24.8402527959545
 97
        0
 97
        0
 75
     0
 76
     1
 98
        0
  0
HATCH
  5
222
330
1F
100
AcDbEntity
  8
0
 62
     7
420
 16777215
440
 33554687
100
AcDbHatch
 10
0.0
 20
0.0
 30
0.0
210
0.0
220
0.0
230
1.0
  2
SOLID
 70
     1
 71
     1
 91
        1
 92
        0
 93
       24
 72
     1
 10
39.56130063638015
 20
53.75759843146615
 11
39.28815836487615
 21
54.121160213537
 72
     1
 10
39.28815836487615
 20
54.121160213537
 11
39.651720146947
 21
53.84801794203298
 72
     1
 10
39.651720146947
 20
53.84801794203298
 11
39.64639136385395
 21
53.85667721455916
 72
     1
 10
39.64639136385395
 20
53.85667721455916
 11
39.79639136385396
 21
54.91292721455915
 72
     1
 10
39.79639136385396
 20
54.91292721455915
 11
39.94639136385394
 21
53.85667721455916
 72
     1
 10
39.94639136385394
 20
53.85667721455916
 11
39.9410625807609
 21
53.84801794203294
 72
     1
 10
39.9410625807609
 20
53.84801794203294
 11
40.3046243628318
 21
54.12116021353698
 72
     1
 10
40.3046243628318
 20
54.12116021353698
 11
40.0314820913278
 21
53.75759843146615
 72
     1
 10
40.0314820913278
 20
53.75759843146615
 11
40.04014136385395
 21
53.76292721455917
 72
     1
 10
40.04014136385395
 20
53.76292721455917
 11
41.09639136385397
 21
53.61292721455916
 72
     1
 10
41.09639136385397
 20
53.61292721455916
 11
40.04014136385395
 21
53.46292721455917
 72
     1
 10
40.04014136385395
 20
53.46292721455917
 11
40.0314820913278
 21
53.46825599765219
 72
     1
 10
40.0314820913278
 20
53.46825599765219
 11
40.3046243628318
 21
53.10469421558134
 72
     1
 10
40.3046243628318
 20
53.10469421558134
 11
39.94106258076096
 21
53.37783648708533
 72
     1
 10
39.94106258076096
 20
53.37783648708533
 11
39.94639136385398
 21
53.36917721455917
 72
     1
 10
39.94639136385398
 20
53.36917721455917
 11
39.79639136385398
 21
52.31292721455916
 72
     1
 10
39.79639136385398
 20
52.31292721455916
 11
39.64639136385395
 21
53.36917721455916
 72
     1
 10
39.64639136385395
 20
53.36917721455916
 11
39.651720146947
 21
53.37783648708536
 72
     1
 10
39.651720146947
 20
53.37783648708536
 11
39.28815836487613
 21
53.10469421558134
 72
     1
 10
39.28815836487613
 20
53.10469421558134
 11
39.56130063638015
 21
53.46825599765219
 72
     1
 10
39.56130063638015
 20
53.46825599765219
 11
39.55264136385399
 21
53.46292721455917
 72
     1
 10
39.55264136385399
 20
53.46292721455917
 11
38.49639136385397
 21
53.61292721455916
 72
     1
 10
38.49639136385397
 20
53.61292721455916
 11
39.55264136385399
 21
53.76292721455917
 72
     1
 10
39.55264136385399
 20
53.76292721455917
 11
39.56130063638015
 21
53.75759843146615
 97
        0
 75
     0
 76
     1
 98
        0
  0
HATCH
  5
223
330
1F
100
AcDbEntity
  8
0
 62
     7
420
 16777215
440
 33554687
100
AcDbHatch
 10
0.0
 20
0.0
 30
0.0
210
0.0
220
0.0
230
1.0
  2
SOLID
 70
     1
 71
     1
 91
        1
 92
        0
 93
        1
 72
     4
 94
        3
 73
     0
 74
     1
 95
       17
 96
       13
 40
0.0
 40
0.0
 40
0.0
 40
0.0
 40
1.0
 40
1.0
 40
1.0
 40
2.0
 40
2.0
 40
2.0
 40
3.0
 40
3.0
 40
3.0
 40
4.0
 40
4.0
 40
4.0
 40
4.0
 10
30.31628419440797
 20
19.94170628432659
 10
30.40861219271754
 20
19.94170628432659
 10
30.48357081320265
 20
19.84557642620933
 10
30.48357081320265
 20
19.72717140060563
 10
30.48357081320265
 20
19.60876637500198
 10
30.40861219271754
 20
19.5126365168847
 10
30.31628419440797
 20
19.5126365168847
 10
30.22395619609839
 20
19.5126365168847
 10
30.14899757561328
 20
19.60876637500198
 10
30.14899757561328
 20
19.72717140060563
 10
30.14899757561328
 20
19.84557642620933
 10
30.22395619609839
 20
19.94170628432659
 10
30.31628419440797
 20
19.94170628432659
 97
        0
 97
        0
 75
     0
 76
     1
 98
        0
  0
HATCH
  5
224
330
1F
100
AcDbEntity
  8
0
 62
     7
420
 16777215
440
 33554687
100
AcDbHatch
 10
0.0
 20
0.0
 30
0.0
210
0.0
220
0.0
230
1.0
  2
SOLID
 70
     1
 71
     1
 91
        1
 92
        0
 93
       24
 72
     1
 10
28.2966325758812
 20
45.73112223793058
 11
27.8780803419987
 21
45.90888021208911
 72
     1
 10
27.8780803419987
 20
45.90888021208911
 11
28.32957352769298
 21
45.85467898390601
 72
     1
 10
28.32957352769298
 20
45.85467898390601
 11
28.32062297524716
 21
45.8595025241878
 72
     1
 10
28.32062297524716
 20
45.8595025241878
 11
27.92116119169892
 21
46.84874180059388
 72
     1
 10
27.92116119169892
 20
46.84874180059388
 11
28.58024232643494
 21
46.00982814571928
 72
     1
 10
28.58024232643494
 20
46.00982814571928
 11
28.57996984415254
 21
45.9996642545677
 72
     1
 10
28.57996984415254
 20
45.9996642545677
 11
28.75772781831105
 21
46.41821648845016
 72
     1
 10
28.75772781831105
 20
46.41821648845016
 11
28.70352659012793
 21
45.96672330275583
 72
     1
 10
28.70352659012793
 20
45.96672330275583
 11
28.70835013040972
 21
45.97567385520168
 72
     1
 10
28.70835013040972
 20
45.97567385520168
 11
29.69758940681582
 21
46.37513563874992
 72
     1
 10
29.69758940681582
 20
46.37513563874992
 11
28.85867575194121
 21
45.7160545040139
 72
     1
 10
28.85867575194121
 20
45.7160545040139
 11
28.84851186078964
 21
45.71632698629632
 72
     1
 10
28.84851186078964
 20
45.71632698629632
 11
29.2670640946721
 21
45.53856901213784
 72
     1
 10
29.2670640946721
 20
45.53856901213784
 11
28.81557090897783
 21
45.59277024032092
 72
     1
 10
28.81557090897783
 20
45.59277024032092
 11
28.82452146142362
 21
45.58794670003913
 72
     1
 10
28.82452146142362
 20
45.58794670003913
 11
29.22398324497186
 21
44.59870742363302
 72
     1
 10
29.22398324497186
 20
44.59870742363302
 11
28.56490211023583
 21
45.43762107850765
 72
     1
 10
28.56490211023583
 20
45.43762107850765
 11
28.56517459251824
 21
45.44778496965922
 72
     1
 10
28.56517459251824
 20
45.44778496965922
 11
28.38741661835975
 21
45.02923273577679
 72
     1
 10
28.38741661835975
 20
45.02923273577679
 11
28.44161784654287
 21
45.48072592147106
 72
     1
 10
28.44161784654287
 20
45.48072592147106
 11
28.43679430626106
 21
45.47177536902522
 72
     1
 10
28.43679430626106
 20
45.47177536902522
 11
27.44755502985496
 21
45.07231358547699
 72
     1
 10
27.44755502985496
 20
45.07231358547699
 11
28.28646868472957
 21
45.73139472021301
 72
     1
 10
28.28646868472957
 20
45.73139472021301
 11
28.2966325758812
 21
45.73112223793058
 97
        0
 75
     0
 76
     1
 98
        0
  0
HATCH
  5
225
330
1F
100
AcDbEntity
  8
0
 62
     7
420
 16777215
440
 33554687
100
AcDbHatch
 10
0.0
 20
0.0
 30
0.0
210
0.0
220
0.0
230
1.0
  2
SOLID
 70
     1
 71
     1
 91
        1
 92
        0
 93
       24
 72
     1
 10
42.5857633860422
 20
60.05234486550079
 11
42.60992950147876
 21
60.25763817270401
 72
     1
 10
42.60992950147876
 20
60.25763817270401
 11
42.63842688384027
 21
60.07056032371487
 72
     1
 10
42.63842688384027
 20
60.07056032371487
 11
42.63934920299746
 21
60.07520589022808
 72
     1
 10
42.63934920299746
 20
60.07520589022808
 11
42.98754793499437
 21
60.47594831463168
 72
     1
 10
42.98754793499437
 20
60.47594831463168
 11
42.72773486549164
 21
60.01298609522635
 72
     1
 10
42.72773486549164
 20
60.01298609522635
 11
42.72367262617468
 21
60.01055090065753
 72
     1
 10
42.72367262617468
 20
60.01055090065753
 11
42.90939957025245
 21
60.04682381930726
 72
     1
 10
42.90939957025245
 20
60.04682381930726
 11
42.72428771733559
 21
59.95482955303258
 72
     1
 10
42.72428771733559
 20
59.95482955303258
 11
42.72837261276516
 21
59.95521232154531
 72
     1
 10
42.72837261276516
 20
59.95521232154531
 11
42.99639136385396
 21
59.67481865292127
 72
     1
 10
42.99639136385396
 20
59.67481865292127
 11
42.64202774154626
 21
59.83255604076771
 72
     1
 10
42.64202774154626
 20
59.83255604076771
 11
42.64101026671617
 21
59.83653066369008
 72
     1
 10
42.64101026671617
 20
59.83653066369008
 11
42.61684415127961
 21
59.63123735648682
 72
     1
 10
42.61684415127961
 20
59.63123735648682
 11
42.58834676891814
 21
59.8183152054759
 72
     1
 10
42.58834676891814
 20
59.8183152054759
 11
42.58742444976091
 21
59.81366963896275
 72
     1
 10
42.58742444976091
 20
59.81366963896275
 11
42.23922571776401
 21
59.41292721455915
 72
     1
 10
42.23922571776401
 20
59.41292721455915
 11
42.49903878726675
 21
59.87588943396447
 72
     1
 10
42.49903878726675
 20
59.87588943396447
 11
42.50310102658371
 21
59.87832462853329
 72
     1
 10
42.50310102658371
 20
59.87832462853329
 11
42.31737408250588
 21
59.84205170988355
 72
     1
 10
42.31737408250588
 20
59.84205170988355
 11
42.50248593542282
 21
59.93404597615825
 72
     1
 10
42.50248593542282
 20
59.93404597615825
 11
42.49840103999323
 21
59.93366320764552
 72
     1
 10
42.49840103999323
 20
59.93366320764552
 11
42.23038228890441
 21
60.21405687626955
 72
     1
 10
42.23038228890441
 20
60.21405687626955
 11
42.58474591121211
 21
60.05631948842311
 72
     1
 10
42.58474591121211
 20
60.05631948842311
 11
42.5857633860422
 21
60.05234486550079
 97
        0
 75
     0
 76
     1
 98
        0
  0
HATCH
  5
226
330
1F
100
AcDbEntity
  8
0
 62
     7
420
 16777215
440
 33554687
100
AcDbHatch
 10
0.0
 20
0.0
 30
0.0
210
0.0
220
0.0
230
1.0
  2
SOLID
 70
     1
 71
     1
 91
        1
 92
        0
 93
        1
 72
     4
 94
        3
 73
     0
 74
     1
 95
       17
 96
       13
 40
0.0
 40
0.0
 40
0.0
 40
0.0
 40
1.0
 40
1.0
 40
1.0
 40
2.0
 40
2.0
 40
2.0
 40
3.0
 40
3.0
 40
3.0
 40
4.0
 40
4.0
 40
4.0
 40
4.0
 10
46.90784792146354
 20
18.3326946564196
 10
47.00017591977313
 20
18.3326946564196
 10
47.07513454025824
 20
18.23656479830233
 10
47.07513454025824
 20
18.11815977269865
 10
47.07513454025824
 20
17.999754747095
 10
47.00017591977313
 20
17.9036248889777
 10
46.90784792146354
 20
17.9036248889777
 10
46.81551992315396
 20
17.9036248889777
 10
46.74056130266885
 20
17.999754747095
 10
46.74056130266885
 20
18.11815977269865
 10
46.74056130266885
 20
18.23656479830233
 10
46.81551992315396
 20
18.3326946564196
 10
46.90784792146354
 20
18.3326946564196
 97
        0
 97
        0
 75
     0
 76
     1
 98
        0
  0
HATCH
  5
227
330
1F
100
AcDbEntity
  8
0
 62
     7
420
 16777215
440
 33554687
100
AcDbHatch
 10
0.0
 20
0.0
 30
0.0
210
0.0
220
0.0
230
1.0
  2
SOLID
 70
     1
 71
     1
 91
        1
 92
        0
 93
        1
 72
     4
 94
        3
 73
     0
 74
     1
 95
       80
 96
       76
 40
0.0
 40
0.0
 40
0.0
 40
0.0
 40
1.0
 40
1.0
 40
1.0
 40
2.0
 40
2.0
 40
2.0
 40
3.0
 40
3.0
 40
3.0
 40
4.0
 40
4.0
 40
4.0
 40
5.0
 40
5.0
 40
5.0
 40
6.0
 40
6.0
 40
6.0
 40
7.0
 40
7.0
 40
7.0
 40
8.0
 40
8.0
 40
8.0
 40
9.0
 40
9.0
 40
9.0
 40
10.0
 40
10.0
 40
10.0
 40
11.0
 40
11.0
 40
11.0
 40
12.0
 40
12.0
 40
12.0
 40
13.0
 40
13.0
 40
13.0
 40
14.0
 40
14.0
 40
14.0
 40
15.0
 40
15.0
 40
15.0
 40
16.0
 40
16.0
 40
16.0
 40
17.0
 40
17.0
 40
17.0
 40
18.0
 40
18.0
 40
18.0
 40
19.0
 40
19.0
 40
19.0
 40
20.0
 40
20.0
 40
20.0
 40
21.0
 40
21.0
 40
21.0
 40
22.0
 40
22.0
 40
22.0
 40
23.0
 40
23.0
 40
23.0
 40
24.0
 40
24.0
 40
24.0
 40
25.0
 40
25.0
 40
25.0
 40
25.0
 10
50.75491424024342
 20
18.90598780913254
 10
50.75491424024342
 20
18.90598780913254
 10
50.8916655651688
 20
19.26917485837946
 10
50.8916655651688
 20
19.26917485837946
 10
50.8916655651688
 20
19.26917485837946
 10
50.83024787595407
 20
18.66327290943526
 10
50.83024787595407
 20
18.66327290943526
 10
50.83024787595407
 20
18.66327290943526
 10
50.83685729144599
 20
18.67753547747864
 10
50.83685729144599
 20
18.67753547747864
 10
50.83685729144599
 20
18.67753547747864
 10
52.244948591648
 20
19.77876934594497
 10
52.244948591648
 20
19.77876934594497
 10
52.244948591648
 20
19.77876934594497
 10
51.06256264867098
 20
18.43809763944402
 10
51.06256264867098
 20
18.43809763944402
 10
51.06256264867098
 20
18.43809763944402
 10
51.04793500056849
 20
18.43234115342169
 10
51.04793500056849
 20
18.43234115342169
 10
51.04793500056849
 20
18.43234115342169
 10
51.65640496908762
 20
18.45790678842535
 10
51.65640496908762
 20
18.45790678842535
 10
51.65640496908762
 20
18.45790678842535
 10
51.00508426986823
 20
18.2556562071519
 10
51.00508426986823
 20
18.2556562071519
 10
51.00508426986823
 20
18.2556562071519
 10
51.01813356497041
 20
18.25490472445309
 10
51.01813356497041
 20
18.25490472445309
 10
51.01813356497041
 20
18.25490472445309
 10
51.62886529766664
 20
17.23849425807136
 10
51.62886529766664
 20
17.23849425807136
 10
51.62886529766664
 20
17.23849425807136
 10
50.65025513990357
 20
17.90812523451694
 10
50.65025513990357
 20
17.90812523451694
 10
50.65025513990357
 20
17.90812523451694
 10
50.65027480701342
 20
17.92119613510228
 10
50.65027480701342
 20
17.92119613510228
 10
50.65027480701342
 20
17.92119613510228
 10
50.40995193421454
 20
17.28294158739688
 10
50.40995193421454
 20
17.28294158739688
 10
50.40995193421454
 20
17.28294158739688
 10
50.47136962342925
 20
17.88884353634112
 10
50.47136962342925
 20
17.88884353634112
 10
50.47136962342925
 20
17.88884353634112
 10
50.46476020793735
 20
17.87458096829771
 10
50.46476020793735
 20
17.87458096829771
 10
50.46476020793735
 20
17.87458096829771
 10
49.05666890773534
 20
16.77334709983138
 10
49.05666890773534
 20
16.77334709983138
 10
49.05666890773534
 20
16.77334709983138
 10
50.23905485071236
 20
18.11401880633235
 10
50.23905485071236
 20
18.11401880633235
 10
50.23905485071236
 20
18.11401880633235
 10
50.25368249881485
 20
18.11977529235467
 10
50.25368249881485
 20
18.11977529235467
 10
50.25368249881485
 20
18.11977529235467
 10
49.64521253029569
 20
18.09420965735101
 10
49.64521253029569
 20
18.09420965735101
 10
49.64521253029569
 20
18.09420965735101
 10
50.29653322951506
 20
18.29646023862444
 10
50.29653322951506
 20
18.29646023862444
 10
50.29653322951506
 20
18.29646023862444
 10
50.28348393441293
 20
18.29721172132327
 10
50.28348393441293
 20
18.29721172132327
 10
50.28348393441293
 20
18.29721172132327
 10
49.6727522017167
 20
19.313622187705
 10
49.6727522017167
 20
19.313622187705
 10
49.6727522017167
 20
19.313622187705
 10
50.34461895722163
 20
18.85388570534669
 10
50.34461895722163
 20
18.85388570534669
 10
50.38793331604234
 20
18.9628622227284
 10
50.46924845937007
 20
19.03631580325995
 10
50.56233398155077
 20
19.03631580325995
 10
50.63966287000336
 20
19.03631580325995
 10
50.70886888480231
 20
18.98562464356853
 10
50.75491424024342
 20
18.90598780913254
 97
        0
 97
        0
 75
     0
 76
     1
 98
        0
  0
HATCH
  5
228
330
1F
100
AcDbEntity
  8
0
 62
     7
420
 16777215
440
 33554687
100
AcDbHatch
 10
0.0
 20
0.0
 30
0.0
210
0.0
220
0.0
230
1.0
  2
SOLID
 70
     1
 71
     1
 91
        1
 92
        0
 93
        1
 72
     4
 94
        3
 73
     0
 74
     1
 95
       17
 96
       13
 40
0.0
 40
0.0
 40
0.0
 40
0.0
 40
1.0
 40
1.0
 40
1.0
 40
2.0
 40
2.0
 40
2.0
 40
3.0
 40
3.0
 40
3.0
 40
4.0
 40
4.0
 40
4.0
 40
4.0
 10
24.78576295205609
 20
20.4780434936289
 10
24.87809095036568
 20
20.4780434936289
 10
24.95304957085079
 20
20.38191363551163
 10
24.95304957085079
 20
20.26350860990795
 10
24.95304957085079
 20
20.14510358430429
 10
24.87809095036568
 20
20.048973726187
 10
24.78576295205609
 20
20.048973726187
 10
24.69343495374653
 20
20.048973726187
 10
24.61847633326142
 20
20.14510358430429
 10
24.61847633326142
 20
20.26350860990795
 10
24.61847633326142
 20
20.38191363551163
 10
24.69343495374653
 20
20.4780434936289
 10
24.78576295205609
 20
20.4780434936289
 97
        0
 97
        0
 75
     0
 76
     1
 98
        0
  0
HATCH
  5
229
330
1F
100
AcDbEntity
  8
0
 62
     7
420
 16777215
440
 33554687
100
AcDbHatch
 10
0.0
 20
0.0
 30
0.0
210
0.0
220
0.0
230
1.0
  2
SOLID
 70
     1
 71
     1
 91
        1
 92
        0
 93
       24
 72
     1
 10
22.54491072572801
 20
55.19616431644726
 11
22.4629545497573
 21
55.38593398825497
 72
     1
 10
22.4629545497573
 20
55.38593398825497
 11
22.58135810256833
 21
55.23831684471945
 72
     1
 10
22.58135810256833
 20
55.23831684471945
 11
22.57982844999406
 21
55.24279926860149
 72
     1
 10
22.57982844999406
 20
55.24279926860149
 11
22.68035269953719
 21
55.7640781986715
 72
     1
 10
22.68035269953719
 20
55.7640781986715
 11
22.68749464234816
 21
55.23324315806657
 72
     1
 10
22.68749464234816
 20
55.23324315806657
 11
22.6851994296857
 21
55.22910021711954
 72
     1
 10
22.6851994296857
 20
55.22910021711954
 11
22.82775129528173
 21
55.35355578348346
 72
     1
 10
22.82775129528173
 20
55.35355578348346
 11
22.71365288229378
 21
55.18118729659746
 72
     1
 10
22.71365288229378
 20
55.18118729659746
 11
22.71699614224882
 21
55.18356542512167
 72
     1
 10
22.71699614224882
 20
55.18356542512167
 11
23.08944016482632
 21
55.07521363516895
 72
     1
 10
23.08944016482632
 20
55.07521363516895
 11
22.70373474957682
 21
55.03415279023294
 72
     1
 10
22.70373474957682
 20
55.03415279023294
 11
22.70086260352218
 21
55.03708257852657
 72
     1
 10
22.70086260352218
 20
55.03708257852657
 11
22.78281877949288
 21
54.84731290671887
 72
     1
 10
22.78281877949288
 20
54.84731290671887
 11
22.66441522668189
 21
54.99493005025437
 72
     1
 10
22.66441522668189
 20
54.99493005025437
 11
22.66594487925614
 21
54.99044762637236
 72
     1
 10
22.66594487925614
 20
54.99044762637236
 11
22.56542062971299
 21
54.46916869630235
 72
     1
 10
22.56542062971299
 20
54.46916869630235
 11
22.55827868690202
 21
55.00000373690727
 72
     1
 10
22.55827868690202
 20
55.00000373690727
 11
22.56057389956446
 21
55.00414667785428
 72
     1
 10
22.56057389956446
 20
55.00414667785428
 11
22.41802203396848
 21
54.87969111149037
 72
     1
 10
22.41802203396848
 20
54.87969111149037
 11
22.53212044695638
 21
55.05205959837637
 72
     1
 10
22.53212044695638
 20
55.05205959837637
 11
22.52877718700136
 21
55.04968146985215
 72
     1
 10
22.52877718700136
 20
55.04968146985215
 11
22.15633316442387
 21
55.15803325980487
 72
     1
 10
22.15633316442387
 20
55.15803325980487
 11
22.54203857967338
 21
55.19909410474089
 72
     1
 10
22.54203857967338
 20
55.19909410474089
 11
22.54491072572801
 21
55.19616431644726
 97
        0
 75
     0
 76
     1
 98
        0
  0
HATCH
  5
22A
330
1F
100
AcDbEntity
  8
0
 62
     7
420
 16777215
440
 33554687
100
AcDbHatch
 10
0.0
 20
0.0
 30
0.0
210
0.0
220
0.0
230
1.0
  2
SOLID
 70
     1
 71
     1
 91
        1
 92
        0
 93
       24
 72
     1
 10
54.37884600011705
 20
54.496664389513
 11
54.24227486436504
 21
54.62765502758788
 72
     1
 10
54.24227486436504
 20
54.62765502758788
 11
54.4240557554005
 21
54.52924237203939
 72
     1
 10
54.4240557554005
 20
54.52924237203939
 11
54.42139136385397
 21
54.53236229192484
 72
     1
 10
54.42139136385397
 20
54.53236229192484
 11
54.49639136385395
 21
54.91292721455915
 72
     1
 10
54.49639136385395
 20
54.91292721455915
 11
54.57139136385396
 21
54.53236229192484
 72
     1
 10
54.57139136385396
 20
54.53236229192484
 11
54.56872697230737
 21
54.52924237203934
 72
     1
 10
54.56872697230737
 20
54.52924237203934
 11
54.75050786334292
 21
54.62765502758788
 72
     1
 10
54.75050786334292
 20
54.62765502758788
 11
54.6139367275909
 21
54.49666438951301
 72
     1
 10
54.6139367275909
 20
54.49666438951301
 11
54.61826636385398
 21
54.49858434021174
 72
     1
 10
54.61826636385398
 20
54.49858434021174
 11
55.14639136385395
 21
54.44453961747077
 72
     1
 10
55.14639136385395
 20
54.44453961747077
 11
54.61826636385398
 21
54.39049489472981
 72
     1
 10
54.61826636385398
 20
54.39049489472981
 11
54.61393672759082
 21
54.39241484542856
 72
     1
 10
54.61393672759082
 20
54.39241484542856
 11
54.75050786334285
 21
54.26142420735368
 72
     1
 10
54.75050786334285
 20
54.26142420735368
 11
54.56872697230745
 21
54.35983686290215
 72
     1
 10
54.56872697230745
 20
54.35983686290215
 11
54.57139136385398
 21
54.35671694301671
 72
     1
 10
54.57139136385398
 20
54.35671694301671
 11
54.49639136385398
 21
53.9761520203824
 72
     1
 10
54.49639136385398
 20
53.9761520203824
 11
54.42139136385397
 21
54.35671694301671
 72
     1
 10
54.42139136385397
 20
54.35671694301671
 11
54.42405575540055
 21
54.35983686290221
 72
     1
 10
54.42405575540055
 20
54.35983686290221
 11
54.24227486436504
 21
54.26142420735368
 72
     1
 10
54.24227486436504
 20
54.26142420735368
 11
54.37884600011705
 21
54.39241484542855
 72
     1
 10
54.37884600011705
 20
54.39241484542855
 11
54.37451636385397
 21
54.39049489472981
 72
     1
 10
54.37451636385397
 20
54.39049489472981
 11
53.84639136385398
 21
54.44453961747077
 72
     1
 10
53.84639136385398
 20
54.44453961747077
 11
54.37451636385397
 21
54.49858434021174
 72
     1
 10
54.37451636385397
 20
54.49858434021174
 11
54.37884600011705
 21
54.496664389513
 97
        0
 75
     0
 76
     1
 98
        0
  0
HATCH
  5
22B
330
1F
100
AcDbEntity
  8
0
 62
     7
420
 16777215
440
 33554687
100
AcDbHatch
 10
0.0
 20
0.0
 30
0.0
210
0.0
220
0.0
230
1.0
  2
SOLID
 70
     1
 71
     1
 91
        1
 92
        0
 93
        1
 72
     4
 94
        3
 73
     0
 74
     1
 95
       17
 96
       13
 40
0.0
 40
0.0
 40
0.0
 40
0.0
 40
1.0
 40
1.0
 40
1.0
 40
2.0
 40
2.0
 40
2.0
 40
3.0
 40
3.0
 40
3.0
 40
4.0
 40
4.0
 40
4.0
 40
4.0
 10
45.80010841267535
 20
29.16903186572191
 10
45.89243641098493
 20
29.16903186572191
 10
45.96739503147003
 20
29.07290200760463
 10
45.96739503147003
 20
28.95449698200095
 10
45.96739503147003
 20
28.8360919563973
 10
45.89243641098493
 20
28.73996209828001
 10
45.80010841267535
 20
28.73996209828001
 10
45.70778041436575
 20
28.73996209828001
 10
45.63282179388067
 20
28.8360919563973
 10
45.63282179388067
 20
28.95449698200095
 10
45.63282179388067
 20
29.07290200760463
 10
45.70778041436575
 20
29.16903186572191
 10
45.80010841267535
 20
29.16903186572191
 97
        0
 97
        0
 75
     0
 76
     1
 98
        0
  0
HATCH
  5
22C
330
1F
100
AcDbEntity
  8
0
 62
     7
420
 16777215
440
 33554687
100
AcDbHatch
 10
0.0
 20
0.0
 30
0.0
210
0.0
220
0.0
230
1.0
  2
SOLID
 70
     1
 71
     1
 91
        1
 92
        0
 93
       24
 72
     1
 10
17.52455471947604
 20
52.64199389684727
 11
17.10600248559355
 21
52.81975187100578
 72
     1
 10
17.10600248559355
 20
52.81975187100578
 11
17.55749567128782
 21
52.76555064282268
 72
     1
 10
17.55749567128782
 20
52.76555064282268
 11
17.54854511884201
 21
52.77037418310448
 72
     1
 10
17.54854511884201
 20
52.77037418310448
 11
17.14908333529379
 21
53.75961345951058
 72
     1
 10
17.14908333529379
 20
53.75961345951058
 11
17.80816447002982
 21
52.92069980463597
 72
     1
 10
17.80816447002982
 20
52.92069980463597
 11
17.8078919877474
 21
52.91053591348442
 72
     1
 10
17.8078919877474
 20
52.91053591348442
 11
17.98564996190589
 21
53.32908814736684
 72
     1
 10
17.98564996190589
 20
53.32908814736684
 11
17.93144873372278
 21
52.87759496167252
 72
     1
 10
17.93144873372278
 20
52.87759496167252
 11
17.9362722740046
 21
52.88654551411837
 72
     1
 10
17.9362722740046
 20
52.88654551411837
 11
18.92551155041069
 21
53.28600729766661
 72
     1
 10
18.92551155041069
 20
53.28600729766661
 11
18.08659789553608
 21
52.62692616293058
 72
     1
 10
18.08659789553608
 20
52.62692616293058
 11
18.07643400438451
 21
52.627198645213
 72
     1
 10
18.07643400438451
 20
52.627198645213
 11
18.49498623826695
 21
52.4494406710545
 72
     1
 10
18.49498623826695
 20
52.4494406710545
 11
18.0434930525727
 21
52.50364189923759
 72
     1
 10
18.0434930525727
 20
52.50364189923759
 11
18.0524436050185
 21
52.4988183589558
 72
     1
 10
18.0524436050185
 20
52.4988183589558
 11
18.45190538856673
 21
51.50957908254969
 72
     1
 10
18.45190538856673
 20
51.50957908254969
 11
17.79282425383069
 21
52.34849273742431
 72
     1
 10
17.79282425383069
 20
52.34849273742431
 11
17.79309673611313
 21
52.35865662857596
 72
     1
 10
17.79309673611313
 20
52.35865662857596
 11
17.6153387619546
 21
51.94010439469344
 72
     1
 10
17.6153387619546
 20
51.94010439469344
 11
17.66953999013774
 21
52.39159758038775
 72
     1
 10
17.66953999013774
 20
52.39159758038775
 11
17.66471644985591
 21
52.38264702794191
 72
     1
 10
17.66471644985591
 20
52.38264702794191
 11
16.67547717344981
 21
51.98318524439367
 72
     1
 10
16.67547717344981
 20
51.98318524439367
 11
17.51439082832443
 21
52.64226637912969
 72
     1
 10
17.51439082832443
 20
52.64226637912969
 11
17.52455471947604
 21
52.64199389684727
 97
        0
 75
     0
 76
     1
 98
        0
  0
HATCH
  5
22D
330
1F
100
AcDbEntity
  8
0
 62
     7
420
 16777215
440
 33554687
100
AcDbHatch
 10
0.0
 20
0.0
 30
0.0
210
0.0
220
0.0
230
1.0
  2
SOLID
 70
     1
 71
     1
 91
        1
 92
        0
 93
        1
 72
     4
 94
        3
 73
     0
 74
     1
 95
       17
 96
       13
 40
0.0
 40
0.0
 40
0.0
 40
0.0
 40
1.0
 40
1.0
 40
1.0
 40
2.0
 40
2.0
 40
2.0
 40
3.0
 40
3.0
 40
3.0
 40
4.0
 40
4.0
 40
4.0
 40
4.0
 10
31.14597729094812
 20
27.56002023781496
 10
31.2383052892577
 20
27.56002023781496
 10
31.3132639097428
 20
27.46389037969769
 10
31.3132639097428
 20
27.34548535409402
 10
31.3132639097428
 20
27.22708032849036
 10
31.2383052892577
 20
27.13095047037309
 10
31.14597729094812
 20
27.13095047037309
 10
31.05364929263854
 20
27.13095047037309
 10
30.97869067215343
 20
27.22708032849036
 10
30.97869067215343
 20
27.34548535409402
 10
30.97869067215343
 20
27.46389037969769
 10
31.05364929263854
 20
27.56002023781496
 10
31.14597729094812
 20
27.56002023781496
 97
        0
 97
        0
 75
     0
 76
     1
 98
        0
  0
HATCH
  5
22E
330
1F
100
AcDbEntity
  8
0
 62
     7
420
 16777215
440
 33554687
100
AcDbHatch
 10
0.0
 20
0.0
 30
0.0
210
0.0
220
0.0
230
1.0
  2
SOLID
 70
     1
 71
     1
 91
        1
 92
        0
 93
       24
 72
     1
 10
14.93105749201772
 20
46.67884327590622
 11
14.74723162955662
 21
46.72376848791787
 72
     1
 10
14.74723162955662
 20
46.72376848791787
 11
14.95385756489285
 21
46.7296901400688
 72
     1
 10
14.95385756489285
 20
46.7296901400688
 11
14.94998845989104
 21
46.73105502427278
 72
     1
 10
14.94998845989104
 20
46.73105502427278
 11
14.82419776926103
 21
47.09797649065282
 72
     1
 10
14.82419776926103
 20
47.09797649065282
 11
15.07979813548493
 21
46.80621783503851
 72
     1
 10
15.07979813548493
 20
46.80621783503851
 11
15.07905572312258
 21
46.80218277539968
 72
     1
 10
15.07905572312258
 20
46.80218277539968
 11
15.18705536771279
 21
46.97843662609838
 72
     1
 10
15.18705536771279
 20
46.97843662609838
 11
15.13450449914113
 21
46.79664380831889
 72
     1
 10
15.13450449914113
 20
46.79664380831889
 11
15.1372892977258
 21
46.80047484704212
 72
     1
 10
15.1372892977258
 20
46.80047484704212
 11
15.62140855233442
 21
47.01834039043607
 72
     1
 10
15.62140855233442
 20
47.01834039043607
 11
15.19145134130268
 21
46.70693447468789
 72
     1
 10
15.19145134130268
 20
46.70693447468789
 11
15.18674242417071
 21
46.70642647832943
 72
     1
 10
15.18674242417071
 20
46.70642647832943
 11
15.37056828663179
 21
46.66150126631781
 72
     1
 10
15.37056828663179
 20
46.66150126631781
 11
15.16394235129561
 21
46.65557961416685
 72
     1
 10
15.16394235129561
 20
46.65557961416685
 11
15.16781145629738
 21
46.6542147299629
 72
     1
 10
15.16781145629738
 20
46.6542147299629
 11
15.29360214692738
 21
46.28729326358286
 72
     1
 10
15.29360214692738
 20
46.28729326358286
 11
15.03800178070348
 21
46.57905191919716
 72
     1
 10
15.03800178070348
 20
46.57905191919716
 11
15.03874419306585
 21
46.58308697883596
 72
     1
 10
15.03874419306585
 20
46.58308697883596
 11
14.93074454847563
 21
46.40683312813727
 72
     1
 10
14.93074454847563
 20
46.40683312813727
 11
14.98329541704731
 21
46.58862594591683
 72
     1
 10
14.98329541704731
 20
46.58862594591683
 11
14.98051061846259
 21
46.58479490719355
 72
     1
 10
14.98051061846259
 20
46.58479490719355
 11
14.49639136385399
 21
46.36692936379961
 72
     1
 10
14.49639136385399
 20
46.36692936379961
 11
14.92634857488573
 21
46.67833527954777
 72
     1
 10
14.92634857488573
 20
46.67833527954777
 11
14.93105749201772
 21
46.67884327590622
 97
        0
 75
     0
 76
     1
 98
        0
  0
HATCH
  5
22F
330
1F
100
AcDbEntity
  8
0
 62
     7
420
 16777215
440
 33554687
100
AcDbHatch
 10
0.0
 20
0.0
 30
0.0
210
0.0
220
0.0
230
1.0
  2
SOLID
 70
     1
 71
     1
 91
        1
 92
        0
 93
        1
 72
     4
 94
        3
 73
     0
 74
     1
 95
       17
 96
       13
 40
0.0
 40
0.0
 40
0.0
 40
0.0
 40
1.0
 40
1.0
 40
1.0
 40
2.0
 40
2.0
 40
2.0
 40
3.0
 40
3.0
 40
3.0
 40
4.0
 40
4.0
 40
4.0
 40
4.0
 10
46.33539814727105
 20
22.15856674944289
 10
46.42772614558065
 20
22.15856674944289
 10
46.50268476606576
 20
22.06243689132562
 10
46.50268476606576
 20
21.94403186572194
 10
46.50268476606576
 20
21.82562684011828
 10
46.42772614558065
 20
21.72949698200101
 10
46.33539814727105
 20
21.72949698200101
 10
46.24307014896147
 20
21.72949698200101
 10
46.16811152847635
 20
21.82562684011828
 10
46.16811152847635
 20
21.94403186572194
 10
46.16811152847635
 20
22.06243689132562
 10
46.24307014896147
 20
22.15856674944289
 10
46.33539814727105
 20
22.15856674944289
 97
        0
 97
        0
 75
     0
 76
     1
 98
        0
  0
HATCH
  5
230
330
1F
100
AcDbEntity
  8
0
 62
     7
420
 16777215
440
 33554687
100
AcDbHatch
 10
0.0
 20
0.0
 30
0.0
210
0.0
220
0.0
230
1.0
  2
SOLID
 70
     1
 71
     1
 91
        1
 92
        0
 93
       24
 72
     1
 10
23.08175277012974
 20
48.23319022398879
 11
22.66320053624724
 21
48.41094819814732
 72
     1
 10
22.66320053624724
 20
48.41094819814732
 11
23.11469372194151
 21
48.35674696996418
 72
     1
 10
23.11469372194151
 20
48.35674696996418
 11
23.1057431694957
 21
48.36157051024598
 72
     1
 10
23.1057431694957
 20
48.36157051024598
 11
22.70628138594748
 21
49.35080978665208
 72
     1
 10
22.70628138594748
 20
49.35080978665208
 11
23.3653625206835
 21
48.51189613177746
 72
     1
 10
23.3653625206835
 20
48.51189613177746
 11
23.3650900384011
 21
48.50173224062591
 72
     1
 10
23.3650900384011
 20
48.50173224062591
 11
23.54284801255958
 21
48.92028447450834
 72
     1
 10
23.54284801255958
 20
48.92028447450834
 11
23.48864678437647
 21
48.46879128881404
 72
     1
 10
23.48864678437647
 20
48.46879128881404
 11
23.4934703246583
 21
48.47774184125987
 72
     1
 10
23.4934703246583
 20
48.47774184125987
 11
24.48270960106438
 21
48.87720362480811
 72
     1
 10
24.48270960106438
 20
48.87720362480811
 11
23.64379594618977
 21
48.21812249007209
 72
     1
 10
23.64379594618977
 20
48.21812249007209
 11
23.63363205503818
 21
48.21839497235452
 72
     1
 10
23.63363205503818
 20
48.21839497235452
 11
24.05218428892064
 21
48.04063699819601
 72
     1
 10
24.05218428892064
 20
48.04063699819601
 11
23.60069110322638
 21
48.09483822637911
 72
     1
 10
23.60069110322638
 20
48.09483822637911
 11
23.6096416556722
 21
48.09001468609731
 72
     1
 10
23.6096416556722
 20
48.09001468609731
 11
24.00910343922041
 21
47.10077540969123
 72
     1
 10
24.00910343922041
 20
47.10077540969123
 11
23.35002230448439
 21
47.93968906456584
 72
     1
 10
23.35002230448439
 20
47.93968906456584
 11
23.3502947867668
 21
47.94985295571745
 72
     1
 10
23.3502947867668
 20
47.94985295571745
 11
23.17253681260829
 21
47.53130072183495
 72
     1
 10
23.17253681260829
 20
47.53130072183495
 11
23.22673804079141
 21
47.98279390752924
 72
     1
 10
23.22673804079141
 20
47.98279390752924
 11
23.2219145005096
 21
47.97384335508342
 72
     1
 10
23.2219145005096
 20
47.97384335508342
 11
22.2326752241035
 21
47.57438157153517
 72
     1
 10
22.2326752241035
 20
47.57438157153517
 11
23.07158887897813
 21
48.2334627062712
 72
     1
 10
23.07158887897813
 20
48.2334627062712
 11
23.08175277012974
 21
48.23319022398879
 97
        0
 75
     0
 76
     1
 98
        0
  0
HATCH
  5
231
330
1F
100
AcDbEntity
  8
0
 62
     7
420
 16777215
440
 33554687
100
AcDbHatch
 10
0.0
 20
0.0
 30
0.0
210
0.0
220
0.0
230
1.0
  2
SOLID
 70
     1
 71
     1
 91
        1
 92
        0
 93
       24
 72
     1
 10
38.20407876815226
 20
51.37140883046098
 11
38.05531838360594
 21
51.48837280086844
 72
     1
 10
38.05531838360594
 20
51.48837280086844
 11
38.24587524712313
 21
51.4082639693688
 72
     1
 10
38.24587524712313
 20
51.4082639693688
 11
38.24291769621494
 21
51.41110751909235
 72
     1
 10
38.24291769621494
 20
51.41110751909235
 11
38.28022974993437
 21
51.797193611806
 72
     1
 10
38.28022974993437
 20
51.797193611806
 11
38.39219445609866
 21
51.42581972350312
 72
     1
 10
38.39219445609866
 20
51.42581972350312
 11
38.38984891717847
 21
51.42245351947209
 72
     1
 10
38.38984891717847
 20
51.42245351947209
 11
38.56110088596184
 21
51.53822098599684
 72
     1
 10
38.56110088596184
 20
51.53822098599684
 11
38.43803598199221
 21
51.39446684937876
 72
     1
 10
38.43803598199221
 20
51.39446684937876
 11
38.44215643109685
 21
51.39680219946658
 72
     1
 10
38.44215643109685
 20
51.39680219946658
 11
38.9730358032426
 21
51.39481727849893
 72
     1
 10
38.9730358032426
 20
51.39481727849893
 11
38.45275799120735
 21
51.28923391813879
 72
     1
 10
38.45275799120735
 20
51.28923391813879
 11
38.44826091934087
 21
51.29071995497691
 72
     1
 10
38.44826091934087
 20
51.29071995497691
 11
38.59702130388724
 21
51.1737559845694
 72
     1
 10
38.59702130388724
 20
51.1737559845694
 11
38.40646444037009
 21
51.253864816069
 72
     1
 10
38.40646444037009
 20
51.253864816069
 11
38.40942199127824
 21
51.2510212663455
 72
     1
 10
38.40942199127824
 20
51.2510212663455
 11
38.37210993755883
 21
50.86493517363184
 72
     1
 10
38.37210993755883
 20
50.86493517363184
 11
38.26014523139452
 21
51.2363090619347
 72
     1
 10
38.26014523139452
 20
51.2363090619347
 11
38.26249077031467
 21
51.23967526596573
 72
     1
 10
38.26249077031467
 20
51.23967526596573
 11
38.09123880153134
 21
51.123907799441
 72
     1
 10
38.09123880153134
 20
51.123907799441
 11
38.214303705501
 21
51.26766193605914
 72
     1
 10
38.214303705501
 20
51.26766193605914
 11
38.21018325639635
 21
51.26532658597129
 72
     1
 10
38.21018325639635
 20
51.26532658597129
 11
37.67930388425057
 21
51.26731150693892
 72
     1
 10
37.67930388425057
 20
51.26731150693892
 11
38.19958169628583
 21
51.37289486729907
 72
     1
 10
38.19958169628583
 20
51.37289486729907
 11
38.20407876815226
 21
51.37140883046098
 97
        0
 75
     0
 76
     1
 98
        0
  0
HATCH
  5
232
330
1F
100
AcDbEntity
  8
0
 62
     7
420
 16777215
440
 33554687
100
AcDbHatch
 10
0.0
 20
0.0
 30
0.0
210
0.0
220
0.0
230
1.0
  2
SOLID
 70
     1
 71
     1
 91
        1
 92
        0
 93
        1
 72
     4
 94
        3
 73
     0
 74
     1
 95
       17
 96
       13
 40
0.0
 40
0.0
 40
0.0
 40
0.0
 40
1.0
 40
1.0
 40
1.0
 40
2.0
 40
2.0
 40
2.0
 40
3.0
 40
3.0
 40
3.0
 40
4.0
 40
4.0
 40
4.0
 40
4.0
 10
40.80487690491923
 20
22.6949039587452
 10
40.89720490322879
 20
22.6949039587452
 10
40.97216352371387
 20
22.59877410062794
 10
40.97216352371387
 20
22.48036907502426
 10
40.97216352371387
 20
22.36196404942061
 10
40.89720490322879
 20
22.26583419130331
 10
40.80487690491923
 20
22.26583419130331
 10
40.71254890660963
 20
22.26583419130331
 10
40.63759028612452
 20
22.36196404942061
 10
40.63759028612452
 20
22.48036907502426
 10
40.63759028612452
 20
22.59877410062794
 10
40.71254890660963
 20
22.6949039587452
 10
40.80487690491923
 20
22.6949039587452
 97
        0
 97
        0
 75
     0
 76
     1
 98
        0
  0
HATCH
  5
233
330
1F
100
AcDbEntity
  8
0
 62
     7
420
 16777215
440
 33554687
100
AcDbHatch
 10
0.0
 20
0.0
 30
0.0
210
0.0
220
0.0
230
1.0
  2
SOLID
 70
     1
 71
     1
 91
        1
 92
        0
 93
        1
 72
     4
 94
        3
 73
     0
 74
     1
 95
       17
 96
       13
 40
0.0
 40
0.0
 40
0.0
 40
0.0
 40
1.0
 40
1.0
 40
1.0
 40
2.0
 40
2.0
 40
2.0
 40
3.0
 40
3.0
 40
3.0
 40
4.0
 40
4.0
 40
4.0
 40
4.0
 10
21.1926743150326
 20
17.79635744711731
 10
21.2850023133422
 20
17.79635744711731
 10
21.35996093382731
 20
17.70022758900004
 10
21.35996093382731
 20
17.58182256339636
 10
21.35996093382731
 20
17.4634175377927
 10
21.2850023133422
 20
17.36728767967541
 10
21.1926743150326
 20
17.36728767967541
 10
21.10034631672302
 20
17.36728767967541
 10
21.02538769623792
 20
17.4634175377927
 10
21.02538769623792
 20
17.58182256339636
 10
21.02538769623792
 20
17.70022758900004
 10
21.10034631672302
 20
17.79635744711731
 10
21.1926743150326
 20
17.79635744711731
 97
        0
 97
        0
 75
     0
 76
     1
 98
        0
  0
HATCH
  5
234
330
1F
100
AcDbEntity
  8
0
 62
     7
420
 16777215
440
 33554687
100
AcDbHatch
 10
0.0
 20
0.0
 30
0.0
210
0.0
220
0.0
230
1.0
  2
SOLID
 70
     1
 71
     1
 91
        1
 92
        0
 93
       24
 72
     1
 10
25.47717503113241
 20
53.47582297513685
 11
25.05862279724992
 21
53.65358094929536
 72
     1
 10
25.05862279724992
 20
53.65358094929536
 11
25.51011598294419
 21
53.59937972111226
 72
     1
 10
25.51011598294419
 20
53.59937972111226
 11
25.50116543049838
 21
53.60420326139405
 72
     1
 10
25.50116543049838
 20
53.60420326139405
 11
25.10170364695016
 21
54.59344253780016
 72
     1
 10
25.10170364695016
 20
54.59344253780016
 11
25.76078478168618
 21
53.75452888292555
 72
     1
 10
25.76078478168618
 20
53.75452888292555
 11
25.76051229940376
 21
53.74436499177398
 72
     1
 10
25.76051229940376
 20
53.74436499177398
 11
25.93827027356226
 21
54.16291722565642
 72
     1
 10
25.93827027356226
 20
54.16291722565642
 11
25.88406904537914
 21
53.7114240399621
 72
     1
 10
25.88406904537914
 20
53.7114240399621
 11
25.88889258566098
 21
53.72037459240795
 72
     1
 10
25.88889258566098
 20
53.72037459240795
 11
26.87813186206706
 21
54.1198363759562
 72
     1
 10
26.87813186206706
 20
54.1198363759562
 11
26.03921820719245
 21
53.46075524122016
 72
     1
 10
26.03921820719245
 20
53.46075524122016
 11
26.02905431604087
 21
53.46102772350258
 72
     1
 10
26.02905431604087
 20
53.46102772350258
 11
26.44760654992331
 21
53.28326974934408
 72
     1
 10
26.44760654992331
 20
53.28326974934408
 11
25.99611336422908
 21
53.33747097752718
 72
     1
 10
25.99611336422908
 20
53.33747097752718
 11
26.00506391667486
 21
53.33264743724538
 72
     1
 10
26.00506391667486
 20
53.33264743724538
 11
26.40452570022309
 21
52.34340816083927
 72
     1
 10
26.40452570022309
 20
52.34340816083927
 11
25.74544456548707
 21
53.18232181571389
 72
     1
 10
25.74544456548707
 20
53.18232181571389
 11
25.74571704776947
 21
53.19248570686553
 72
     1
 10
25.74571704776947
 20
53.19248570686553
 11
25.56795907361097
 21
52.77393347298302
 72
     1
 10
25.56795907361097
 20
52.77393347298302
 11
25.62216030179411
 21
53.22542665867734
 72
     1
 10
25.62216030179411
 20
53.22542665867734
 11
25.61733676151227
 21
53.2164761062315
 72
     1
 10
25.61733676151227
 20
53.2164761062315
 11
24.62809748510617
 21
52.81701432268325
 72
     1
 10
24.62809748510617
 20
52.81701432268325
 11
25.46701113998078
 21
53.47609545741928
 72
     1
 10
25.46701113998078
 20
53.47609545741928
 11
25.47717503113241
 21
53.47582297513685
 97
        0
 75
     0
 76
     1
 98
        0
  0
HATCH
  5
235
330
1F
100
AcDbEntity
  8
0
 62
     7
420
 16777215
440
 33554687
100
AcDbHatch
 10
0.0
 20
0.0
 30
0.0
210
0.0
220
0.0
230
1.0
  2
SOLID
 70
     1
 71
     1
 91
        1
 92
        0
 93
       24
 72
     1
 10
48.89403401612383
 20
31.55935348399658
 11
48.61780911696323
 21
32.19895273125227
 72
     1
 10
48.61780911696323
 20
32.19895273125227
 11
49.01687616771451
 21
31.70142426430617
 72
     1
 10
49.01687616771451
 20
31.70142426430617
 11
49.01172063034253
 21
31.71653181502025
 72
     1
 10
49.01172063034253
 20
31.71653181502025
 11
49.35052732019069
 21
33.47344907217234
 72
     1
 10
49.35052732019069
 20
33.47344907217234
 11
49.37459850713186
 21
31.68432392296565
 72
     1
 10
49.37459850713186
 20
31.68432392296565
 11
49.36686272787271
 21
31.67036056472252
 72
     1
 10
49.36686272787271
 20
31.67036056472252
 11
49.84731919418559
 21
32.08982530745445
 72
     1
 10
49.84731919418559
 20
32.08982530745445
 11
49.46276217638086
 21
31.50887497217313
 72
     1
 10
49.46276217638086
 20
31.50887497217313
 11
49.47403029172434
 21
31.51689021085425
 72
     1
 10
49.47403029172434
 20
31.51689021085425
 11
50.72931473320679
 21
31.15170159756102
 72
     1
 10
50.72931473320679
 20
31.15170159756102
 11
49.42933412563104
 21
31.01331022415241
 72
     1
 10
49.42933412563104
 20
31.01331022415241
 11
49.4196538514489
 21
31.02318477559884
 72
     1
 10
49.4196538514489
 20
31.02318477559884
 11
49.69587875060947
 21
30.38358552834315
 72
     1
 10
49.69587875060947
 20
30.38358552834315
 11
49.29681169985829
 21
30.88111399528919
 72
     1
 10
49.29681169985829
 20
30.88111399528919
 11
49.30196723723023
 21
30.86600644457517
 72
     1
 10
49.30196723723023
 20
30.86600644457517
 11
48.96316054738207
 21
29.10908918742308
 72
     1
 10
48.96316054738207
 20
29.10908918742308
 11
48.93908936044092
 21
30.89821433662978
 72
     1
 10
48.93908936044092
 20
30.89821433662978
 11
48.94682513970011
 21
30.91217769487298
 72
     1
 10
48.94682513970011
 20
30.91217769487298
 11
48.46636867338719
 21
30.49271295214101
 72
     1
 10
48.46636867338719
 20
30.49271295214101
 11
48.85092569119185
 21
31.07366328742227
 72
     1
 10
48.85092569119185
 20
31.07366328742227
 11
48.83965757584841
 21
31.06564804874117
 72
     1
 10
48.83965757584841
 20
31.06564804874117
 11
47.58437313436596
 21
31.4308366620344
 72
     1
 10
47.58437313436596
 20
31.4308366620344
 11
48.88435374194172
 21
31.56922803544299
 72
     1
 10
48.88435374194172
 20
31.56922803544299
 11
48.89403401612383
 21
31.55935348399658
 97
        0
 75
     0
 76
     1
 98
        0
  0
HATCH
  5
236
330
1F
100
AcDbEntity
  8
0
 62
     7
420
 16777215
440
 33554687
100
AcDbHatch
 10
0.0
 20
0.0
 30
0.0
210
0.0
220
0.0
230
1.0
  2
SOLID
 70
     1
 71
     1
 91
        1
 92
        0
 93
        1
 72
     4
 94
        3
 73
     0
 74
     1
 95
       17
 96
       13
 40
0.0
 40
0.0
 40
0.0
 40
0.0
 40
1.0
 40
1.0
 40
1.0
 40
2.0
 40
2.0
 40
2.0
 40
3.0
 40
3.0
 40
3.0
 40
4.0
 40
4.0
 40
4.0
 40
4.0
 10
51.8659193896229
 20
21.62222954014057
 10
51.95824738793252
 20
21.62222954014057
 10
52.03320600841762
 20
21.5260996820233
 10
52.03320600841762
 20
21.40769465641963
 10
52.03320600841762
 20
21.28928963081597
 10
51.95824738793252
 20
21.19315977269868
 10
51.8659193896229
 20
21.19315977269868
 10
51.77359139131334
 20
21.19315977269868
 10
51.69863277082823
 20
21.28928963081597
 10
51.69863277082823
 20
21.40769465641963
 10
51.69863277082823
 20
21.5260996820233
 10
51.77359139131334
 20
21.62222954014057
 10
51.8659193896229
 20
21.62222954014057
 97
        0
 97
        0
 75
     0
 76
     1
 98
        0
  0
HATCH
  5
237
330
1F
100
AcDbEntity
  8
0
 62
     7
420
 16777215
440
 33554687
100
AcDbHatch
 10
0.0
 20
0.0
 30
0.0
210
0.0
220
0.0
230
1.0
  2
SOLID
 70
     1
 71
     1
 91
        1
 92
        0
 93
       49
 72
     1
 10
57.31352651776191
 20
44.59549432110504
 11
56.51657128320499
 21
43.86001359173458
 72
     1
 10
56.51657128320499
 20
43.86001359173458
 11
56.5038354190588
 21
43.86295410076478
 72
     1
 10
56.5038354190588
 20
43.86295410076478
 11
57.07223267560284
 21
43.48606086706302
 72
     1
 10
57.07223267560284
 20
43.48606086706302
 11
56.49538441348696
 21
43.68134370495908
 72
     1
 10
56.49538441348696
 20
43.68134370495908
 11
56.50780899542672
 21
43.67171380444253
 72
     1
 10
56.50780899542672
 20
43.67171380444253
 11
57.26647844044027
 21
42.05311632020975
 72
     1
 10
57.26647844044027
 20
42.05311632020975
 11
56.22398293617739
 21
43.50523210979184
 72
     1
 10
56.22398293617739
 20
43.50523210979184
 11
56.22164133761024
 21
43.52077630924003
 72
     1
 10
56.22164133761024
 20
43.52077630924003
 11
56.11056754706721
 21
42.92198426074808
 72
     1
 10
56.11056754706721
 20
42.92198426074808
 11
56.05900292075913
 21
43.60203208272145
 72
     1
 10
56.05900292075913
 20
43.60203208272145
 11
56.05535393692485
 21
43.58948083792716
 72
     1
 10
56.05535393692485
 20
43.58948083792716
 11
54.9281563174718
 21
43.221365350353
 72
     1
 10
54.9281563174718
 20
43.221365350353
 11
55.79956719856607
 21
44.02555846261093
 72
     1
 10
55.79956719856607
 20
44.02555846261093
 11
55.81230306271233
 21
44.02261795358073
 72
     1
 10
55.81230306271233
 20
44.02261795358073
 11
55.24390580616826
 21
44.39951118728247
 72
     1
 10
55.24390580616826
 20
44.39951118728247
 11
55.8207540682841
 21
44.20422834938645
 72
     1
 10
55.8207540682841
 20
44.20422834938645
 11
55.80832948634433
 21
44.21385824990296
 72
     1
 10
55.80832948634433
 20
44.21385824990296
 11
55.04966004133078
 21
45.83245573413573
 72
     1
 10
55.04966004133078
 20
45.83245573413573
 11
56.09215554559367
 21
44.38033994455365
 72
     1
 10
56.09215554559367
 20
44.38033994455365
 11
56.09449714416083
 21
44.36479574510536
 72
     1
 10
56.09449714416083
 20
44.36479574510536
 11
56.20557093470387
 21
44.96358779359743
 72
     1
 10
56.20557093470387
 20
44.96358779359743
 11
56.25713556101193
 21
44.28353997162409
 72
     1
 10
56.25713556101193
 20
44.28353997162409
 11
56.26078454484621
 21
44.29609121641833
 72
     1
 10
56.26078454484621
 20
44.29609121641833
 11
57.32708077814289
 21
44.64431778383157
 72
     1
 10
57.32708077814289
 20
44.64431778383157
 11
57.33627821437138
 21
44.67744763911392
 72
     1
 10
57.33627821437138
 20
44.67744763911392
 11
57.33383270593589
 21
44.6741533454269
 72
     1
 10
57.33383270593589
 20
44.6741533454269
 11
56.94613207401164
 21
44.66220008874938
 72
     1
 10
56.94613207401164
 20
44.66220008874938
 11
57.30030778468608
 21
44.82035895289525
 72
     1
 10
57.30030778468608
 20
44.82035895289525
 11
57.30394427334522
 21
44.8184592601211
 72
     1
 10
57.30394427334522
 20
44.8184592601211
 11
57.1673931257204
 21
44.97364665393929
 72
     1
 10
57.1673931257204
 20
44.97364665393929
 11
57.32559380827703
 21
44.86980655367698
 72
     1
 10
57.32559380827703
 20
44.86980655367698
 11
57.32275475312385
 21
44.87359755970355
 72
     1
 10
57.32275475312385
 20
44.87359755970355
 11
57.25739670301545
 21
45.40044210315749
 72
     1
 10
57.25739670301545
 20
45.40044210315749
 11
57.42810997337454
 21
44.89775549402167
 72
     1
 10
57.42810997337454
 20
44.89775549402167
 11
57.42720626108483
 21
44.89310627204875
 72
     1
 10
57.42720626108483
 20
44.89310627204875
 11
57.52435978936029
 21
45.05549904998999
 72
     1
 10
57.52435978936029
 20
45.05549904998999
 11
57.4690645091579
 21
44.8563213024751
 72
     1
 10
57.4690645091579
 20
44.8563213024751
 11
57.47151001759346
 21
44.85961559616221
 72
     1
 10
57.47151001759346
 20
44.85961559616221
 11
57.85921064951768
 21
44.87156885283976
 72
     1
 10
57.85921064951768
 20
44.87156885283976
 11
57.50503493884323
 21
44.71340998869385
 72
     1
 10
57.50503493884323
 20
44.71340998869385
 11
57.50139845018407
 21
44.71530968146804
 72
     1
 10
57.50139845018407
 20
44.71530968146804
 11
57.63794959780888
 21
44.56012228764985
 72
     1
 10
57.63794959780888
 20
44.56012228764985
 11
57.47974891525224
 21
44.66396238791216
 72
     1
 10
57.47974891525224
 20
44.66396238791216
 11
57.48258797040548
 21
44.66017138188555
 72
     1
 10
57.48258797040548
 20
44.66017138188555
 11
57.54794602051383
 21
44.13332683843164
 72
     1
 10
57.54794602051383
 20
44.13332683843164
 11
57.37723275015478
 21
44.63601344756746
 72
     1
 10
57.37723275015478
 20
44.63601344756746
 11
57.37813646244449
 21
44.6406626695404
 72
     1
 10
57.37813646244449
 20
44.6406626695404
 11
57.28098293416901
 21
44.47826989159914
 72
     1
 10
57.28098293416901
 20
44.47826989159914
 11
57.31352651776191
 21
44.59549432110504
 97
        0
 75
     0
 76
     1
 98
        0
  0
HATCH
  5
238
330
1F
100
AcDbEntity
  8
0
 62
     7
420
 16777215
440
 33554687
100
AcDbHatch
 10
0.0
 20
0.0
 30
0.0
210
0.0
220
0.0
230
1.0
  2
SOLID
 70
     1
 71
     1
 91
        1
 92
        0
 93
       24
 72
     1
 10
60.46072594869719
 20
32.63822327260419
 11
60.11323720307117
 21
32.93154125965612
 72
     1
 10
60.11323720307117
 20
32.93154125965612
 11
60.52864949868533
 21
32.74656424887497
 72
     1
 10
60.52864949868533
 20
32.74656424887497
 11
60.52152016936058
 21
32.75381349665084
 72
     1
 10
60.52152016936058
 20
32.75381349665084
 11
60.43165445636146
 21
33.81686957049042
 72
     1
 10
60.43165445636146
 20
33.81686957049042
 11
60.8139313842973
 21
32.82086333915048
 72
     1
 10
60.8139313842973
 20
32.82086333915048
 11
60.8106727406995
 21
32.81123213092724
 72
     1
 10
60.8106727406995
 20
32.81123213092724
 11
61.10399072775144
 21
33.1587208765533
 72
     1
 10
61.10399072775144
 20
33.1587208765533
 11
60.91901371697033
 21
32.74330858093914
 72
     1
 10
60.91901371697033
 20
32.74330858093914
 11
60.92626296474618
 21
32.75043791026387
 72
     1
 10
60.92626296474618
 20
32.75043791026387
 11
61.98931903858574
 21
32.84030362326298
 72
     1
 10
61.98931903858574
 20
32.84030362326298
 11
60.9933128072458
 21
32.45802669532717
 72
     1
 10
60.9933128072458
 20
32.45802669532717
 11
60.98368159902256
 21
32.46128533892497
 72
     1
 10
60.98368159902256
 20
32.46128533892497
 11
61.33117034464865
 21
32.167967351873
 72
     1
 10
61.33117034464865
 20
32.167967351873
 11
60.91575804903448
 21
32.35294436265414
 72
     1
 10
60.91575804903448
 20
32.35294436265414
 11
60.92288737835921
 21
32.34569511487829
 72
     1
 10
60.92288737835921
 20
32.34569511487829
 11
61.01275309135831
 21
31.28263904103873
 72
     1
 10
61.01275309135831
 20
31.28263904103873
 11
60.63047616342251
 21
32.27864527237865
 72
     1
 10
60.63047616342251
 20
32.27864527237865
 11
60.63373480702029
 21
32.28827648060189
 72
     1
 10
60.63373480702029
 20
32.28827648060189
 11
60.34041681996833
 21
31.94078773497582
 72
     1
 10
60.34041681996833
 20
31.94078773497582
 11
60.52539383074948
 21
32.35620003058999
 72
     1
 10
60.52539383074948
 20
32.35620003058999
 11
60.51814458297363
 21
32.34907070126525
 72
     1
 10
60.51814458297363
 20
32.34907070126525
 11
59.45508850913407
 21
32.25920498826614
 72
     1
 10
59.45508850913407
 20
32.25920498826614
 11
60.45109474047399
 21
32.64148191620195
 72
     1
 10
60.45109474047399
 20
32.64148191620195
 11
60.46072594869719
 21
32.63822327260419
 97
        0
 75
     0
 76
     1
 98
        0
  0
HATCH
  5
239
330
1F
100
AcDbEntity
  8
0
 62
     7
420
 16777215
440
 33554687
100
AcDbHatch
 10
0.0
 20
0.0
 30
0.0
210
0.0
220
0.0
230
1.0
  2
SOLID
 70
     1
 71
     1
 91
        1
 92
        0
 93
        1
 72
     4
 94
        3
 73
     0
 74
     1
 95
       17
 96
       13
 40
0.0
 40
0.0
 40
0.0
 40
0.0
 40
1.0
 40
1.0
 40
1.0
 40
2.0
 40
2.0
 40
2.0
 40
3.0
 40
3.0
 40
3.0
 40
4.0
 40
4.0
 40
4.0
 40
4.0
 10
25.61545604859628
 20
28.09635744711728
 10
25.70778404690585
 20
28.09635744711728
 10
25.78274266739096
 20
28.000227589
 10
25.78274266739096
 20
27.88182256339633
 10
25.78274266739096
 20
27.76341753779267
 10
25.70778404690585
 20
27.66728767967538
 10
25.61545604859628
 20
27.66728767967538
 10
25.52312805028668
 20
27.66728767967538
 10
25.44816942980157
 20
27.76341753779267
 10
25.44816942980157
 20
27.88182256339633
 10
25.44816942980157
 20
28.000227589
 10
25.52312805028668
 20
28.09635744711728
 10
25.61545604859628
 20
28.09635744711728
 97
        0
 97
        0
 75
     0
 76
     1
 98
        0
  0
HATCH
  5
23A
330
1F
100
AcDbEntity
  8
0
 62
     7
420
 16777215
440
 33554687
100
AcDbHatch
 10
0.0
 20
0.0
 30
0.0
210
0.0
220
0.0
230
1.0
  2
SOLID
 70
     1
 71
     1
 91
        1
 92
        0
 93
        1
 72
     4
 94
        3
 73
     0
 74
     1
 95
       17
 96
       13
 40
0.0
 40
0.0
 40
0.0
 40
0.0
 40
1.0
 40
1.0
 40
1.0
 40
2.0
 40
2.0
 40
2.0
 40
3.0
 40
3.0
 40
3.0
 40
4.0
 40
4.0
 40
4.0
 40
4.0
 10
53.02486853080857
 20
45.03792721455914
 10
53.11010437363174
 20
45.03792721455914
 10
53.17930506368123
 20
44.97071446823323
 10
53.17930506368123
 20
44.88792721455911
 10
53.17930506368123
 20
44.80513996088502
 10
53.11010437363174
 20
44.73792721455911
 10
53.02486853080857
 20
44.73792721455911
 10
52.93963268798539
 20
44.73792721455911
 10
52.87043199793589
 20
44.80513996088502
 10
52.87043199793589
 20
44.88792721455911
 10
52.87043199793589
 20
44.97071446823323
 10
52.93963268798539
 20
45.03792721455914
 10
53.02486853080857
 20
45.03792721455914
 97
        0
 97
        0
 75
     0
 76
     1
 98
        0
  0
HATCH
  5
23B
330
1F
100
AcDbEntity
  8
0
 62
     7
420
 16777215
440
 33554687
100
AcDbHatch
 10
0.0
 20
0.0
 30
0.0
210
0.0
220
0.0
230
1.0
  2
SOLID
 70
     1
 71
     1
 91
        1
 92
        0
 93
        1
 72
     4
 94
        3
 73
     0
 74
     1
 95
       17
 96
       13
 40
0.0
 40
0.0
 40
0.0
 40
0.0
 40
1.0
 40
1.0
 40
1.0
 40
2.0
 40
2.0
 40
2.0
 40
3.0
 40
3.0
 40
3.0
 40
4.0
 40
4.0
 40
4.0
 40
4.0
 10
27.49639136385398
 20
46.91292721455915
 10
27.58162720667716
 20
46.91292721455915
 10
27.65082789672665
 20
46.84571446823324
 10
27.65082789672665
 20
46.76292721455914
 10
27.65082789672665
 20
46.68013996088503
 10
27.58162720667716
 20
46.61292721455912
 10
27.49639136385398
 20
46.61292721455912
 10
27.4111555210308
 20
46.61292721455912
 10
27.34195483098132
 20
46.68013996088503
 10
27.34195483098132
 20
46.76292721455914
 10
27.34195483098132
 20
46.84571446823324
 10
27.4111555210308
 20
46.91292721455915
 10
27.49639136385398
 20
46.91292721455915
 97
        0
 97
        0
 75
     0
 76
     1
 98
        0
  0
HATCH
  5
23C
330
1F
100
AcDbEntity
  8
0
 62
     7
420
 16777215
440
 33554687
100
AcDbHatch
 10
0.0
 20
0.0
 30
0.0
210
0.0
220
0.0
230
1.0
  2
SOLID
 70
     1
 71
     1
 91
        1
 92
        0
 93
        1
 72
     4
 94
        3
 73
     0
 74
     1
 95
       17
 96
       13
 40
0.0
 40
0.0
 40
0.0
 40
0.0
 40
1.0
 40
1.0
 40
1.0
 40
2.0
 40
2.0
 40
2.0
 40
3.0
 40
3.0
 40
3.0
 40
4.0
 40
4.0
 40
4.0
 40
4.0
 10
32.60208679724489
 20
46.53792721455915
 10
32.68732264006807
 20
46.53792721455915
 10
32.75652333011756
 20
46.47071446823324
 10
32.75652333011756
 20
46.38792721455913
 10
32.75652333011756
 20
46.30513996088503
 10
32.68732264006807
 20
46.23792721455912
 10
32.60208679724489
 20
46.23792721455912
 10
32.51685095442171
 20
46.23792721455912
 10
32.44765026437223
 20
46.30513996088503
 10
32.44765026437223
 20
46.38792721455913
 10
32.44765026437223
 20
46.47071446823324
 10
32.51685095442171
 20
46.53792721455915
 10
32.60208679724489
 20
46.53792721455915
 97
        0
 97
        0
 75
     0
 76
     1
 98
        0
  0
HATCH
  5
23D
330
1F
100
AcDbEntity
  8
0
 62
     7
420
 16777215
440
 33554687
100
AcDbHatch
 10
0.0
 20
0.0
 30
0.0
210
0.0
220
0.0
230
1.0
  2
SOLID
 70
     1
 71
     1
 91
        1
 92
        0
 93
        1
 72
     4
 94
        3
 73
     0
 74
     1
 95
       17
 96
       13
 40
0.0
 40
0.0
 40
0.0
 40
0.0
 40
1.0
 40
1.0
 40
1.0
 40
2.0
 40
2.0
 40
2.0
 40
3.0
 40
3.0
 40
3.0
 40
4.0
 40
4.0
 40
4.0
 40
4.0
 10
29.74383442021546
 20
23.76757837734985
 10
29.83616241852506
 20
23.76757837734985
 10
29.91112103901017
 20
23.6714485192326
 10
29.91112103901017
 20
23.55304349362891
 10
29.91112103901017
 20
23.43463846802525
 10
29.83616241852506
 20
23.33850860990798
 10
29.74383442021546
 20
23.33850860990798
 10
29.6515064219059
 20
23.33850860990798
 10
29.5765478014208
 20
23.43463846802525
 10
29.5765478014208
 20
23.55304349362891
 10
29.5765478014208
 20
23.6714485192326
 10
29.6515064219059
 20
23.76757837734985
 10
29.74383442021546
 20
23.76757837734985
 97
        0
 97
        0
 75
     0
 76
     1
 98
        0
  0
HATCH
  5
23E
330
1F
100
AcDbEntity
  8
0
 62
     7
420
 16777215
440
 33554687
100
AcDbHatch
 10
0.0
 20
0.0
 30
0.0
210
0.0
220
0.0
230
1.0
  2
SOLID
 70
     1
 71
     1
 91
        1
 92
        0
 93
       24
 72
     1
 10
31.72884600011706
 20
56.49666438951301
 11
31.59227486436506
 21
56.62765502758789
 72
     1
 10
31.59227486436506
 20
56.62765502758789
 11
31.7740557554005
 21
56.52924237203941
 72
     1
 10
31.7740557554005
 20
56.52924237203941
 11
31.77139136385398
 21
56.53236229192485
 72
     1
 10
31.77139136385398
 20
56.53236229192485
 11
31.84639136385398
 21
56.91292721455915
 72
     1
 10
31.84639136385398
 20
56.91292721455915
 11
31.92139136385399
 21
56.53236229192485
 72
     1
 10
31.92139136385399
 20
56.53236229192485
 11
31.91872697230746
 21
56.52924237203941
 72
     1
 10
31.91872697230746
 20
56.52924237203941
 11
32.10050786334288
 21
56.62765502758789
 72
     1
 10
32.10050786334288
 20
56.62765502758789
 11
31.96393672759087
 21
56.496664389513
 72
     1
 10
31.96393672759087
 20
56.496664389513
 11
31.96826636385399
 21
56.49858434021175
 72
     1
 10
31.96826636385399
 20
56.49858434021175
 11
32.496391363854
 21
56.44453961747078
 72
     1
 10
32.496391363854
 20
56.44453961747078
 11
31.96826636385399
 21
56.39049489472981
 72
     1
 10
31.96826636385399
 20
56.39049489472981
 11
31.96393672759085
 21
56.39241484542858
 72
     1
 10
31.96393672759085
 20
56.39241484542858
 11
32.10050786334288
 21
56.26142420735368
 72
     1
 10
32.10050786334288
 20
56.26142420735368
 11
31.91872697230746
 21
56.35983686290214
 72
     1
 10
31.91872697230746
 20
56.35983686290214
 11
31.92139136385399
 21
56.35671694301671
 72
     1
 10
31.92139136385399
 20
56.35671694301671
 11
31.84639136385398
 21
55.97615202038241
 72
     1
 10
31.84639136385398
 20
55.97615202038241
 11
31.77139136385398
 21
56.35671694301671
 72
     1
 10
31.77139136385398
 20
56.35671694301671
 11
31.7740557554005
 21
56.35983686290217
 72
     1
 10
31.7740557554005
 20
56.35983686290217
 11
31.59227486436506
 21
56.26142420735368
 72
     1
 10
31.59227486436506
 20
56.26142420735368
 11
31.72884600011708
 21
56.39241484542855
 72
     1
 10
31.72884600011708
 20
56.39241484542855
 11
31.72451636385398
 21
56.39049489472981
 72
     1
 10
31.72451636385398
 20
56.39049489472981
 11
31.19639136385397
 21
56.44453961747078
 72
     1
 10
31.19639136385397
 20
56.44453961747078
 11
31.72451636385398
 21
56.49858434021175
 72
     1
 10
31.72451636385398
 20
56.49858434021175
 11
31.72884600011706
 21
56.49666438951301
 97
        0
 75
     0
 76
     1
 98
        0
  0
HATCH
  5
23F
330
1F
100
AcDbEntity
  8
0
 62
     7
420
 16777215
440
 33554687
100
AcDbHatch
 10
0.0
 20
0.0
 30
0.0
210
0.0
220
0.0
230
1.0
  2
SOLID
 70
     1
 71
     1
 91
        1
 92
        0
 93
        1
 72
     4
 94
        3
 73
     0
 74
     1
 95
       17
 96
       13
 40
0.0
 40
0.0
 40
0.0
 40
0.0
 40
1.0
 40
1.0
 40
1.0
 40
2.0
 40
2.0
 40
2.0
 40
3.0
 40
3.0
 40
3.0
 40
4.0
 40
4.0
 40
4.0
 40
4.0
 10
50.70778223063582
 20
49.96292721455917
 10
50.793018073459
 20
49.96292721455917
 10
50.86221876350847
 20
49.89571446823326
 10
50.86221876350847
 20
49.81292721455917
 10
50.86221876350847
 20
49.73013996088505
 10
50.793018073459
 20
49.66292721455914
 10
50.70778223063582
 20
49.66292721455914
 10
50.62254638781262
 20
49.66292721455914
 10
50.55334569776316
 20
49.73013996088505
 10
50.55334569776316
 20
49.81292721455917
 10
50.55334569776316
 20
49.89571446823326
 10
50.62254638781262
 20
49.96292721455917
 10
50.70778223063582
 20
49.96292721455917
 97
        0
 97
        0
 75
     0
 76
     1
 98
        0
  0
HATCH
  5
240
330
1F
100
AcDbEntity
  8
0
 62
     7
420
 16777215
440
 33554687
100
AcDbHatch
 10
0.0
 20
0.0
 30
0.0
210
0.0
220
0.0
230
1.0
  2
SOLID
 70
     1
 71
     1
 91
        1
 92
        0
 93
        1
 72
     4
 94
        3
 73
     0
 74
     1
 95
       17
 96
       13
 40
0.0
 40
0.0
 40
0.0
 40
0.0
 40
1.0
 40
1.0
 40
1.0
 40
2.0
 40
2.0
 40
2.0
 40
3.0
 40
3.0
 40
3.0
 40
4.0
 40
4.0
 40
4.0
 40
4.0
 10
17.57505242672355
 20
35.6765900052568
 10
17.66738042503315
 20
35.6765900052568
 10
17.74233904551825
 20
35.58046014713953
 10
17.74233904551825
 20
35.46205512153585
 10
17.74233904551825
 20
35.3436500959322
 10
17.66738042503315
 20
35.2475202378149
 10
17.57505242672355
 20
35.2475202378149
 10
17.48272442841398
 20
35.2475202378149
 10
17.40776580792888
 20
35.3436500959322
 10
17.40776580792888
 20
35.46205512153585
 10
17.40776580792888
 20
35.58046014713953
 10
17.48272442841398
 20
35.6765900052568
 10
17.57505242672355
 20
35.6765900052568
 97
        0
 97
        0
 75
     0
 76
     1
 98
        0
  0
HATCH
  5
241
330
1F
100
AcDbEntity
  8
0
 62
     7
420
 16777215
440
 33554687
100
AcDbHatch
 10
0.0
 20
0.0
 30
0.0
210
0.0
220
0.0
230
1.0
  2
SOLID
 70
     1
 71
     1
 91
        1
 92
        0
 93
        1
 72
     4
 94
        3
 73
     0
 74
     1
 95
       17
 96
       13
 40
0.0
 40
0.0
 40
0.0
 40
0.0
 40
1.0
 40
1.0
 40
1.0
 40
2.0
 40
2.0
 40
2.0
 40
3.0
 40
3.0
 40
3.0
 40
4.0
 40
4.0
 40
4.0
 40
4.0
 10
58.13056396419948
 20
44.66292721455914
 10
58.21579980702266
 20
44.66292721455914
 10
58.28500049707215
 20
44.59571446823323
 10
58.28500049707215
 20
44.51292721455913
 10
58.28500049707215
 20
44.43013996088502
 10
58.21579980702266
 20
44.36292721455911
 10
58.13056396419948
 20
44.36292721455911
 10
58.0453281213763
 20
44.36292721455911
 10
57.97612743132682
 20
44.43013996088502
 10
57.97612743132682
 20
44.51292721455913
 10
57.97612743132682
 20
44.59571446823323
 10
58.0453281213763
 20
44.66292721455914
 10
58.13056396419948
 20
44.66292721455914
 97
        0
 97
        0
 75
     0
 76
     1
 98
        0
  0
HATCH
  5
242
330
1F
100
AcDbEntity
  8
0
 62
     7
420
 16777215
440
 33554687
100
AcDbHatch
 10
0.0
 20
0.0
 30
0.0
210
0.0
220
0.0
230
1.0
  2
SOLID
 70
     1
 71
     1
 91
        1
 92
        0
 93
        1
 72
     4
 94
        3
 73
     0
 74
     1
 95
       17
 96
       13
 40
0.0
 40
0.0
 40
0.0
 40
0.0
 40
1.0
 40
1.0
 40
1.0
 40
2.0
 40
2.0
 40
2.0
 40
3.0
 40
3.0
 40
3.0
 40
4.0
 40
4.0
 40
4.0
 40
4.0
 10
37.70778223063581
 20
46.16292721455915
 10
37.79301807345901
 20
46.16292721455915
 10
37.86221876350847
 20
46.09571446823324
 10
37.86221876350847
 20
46.01292721455914
 10
37.86221876350847
 20
45.93013996088503
 10
37.79301807345901
 20
45.86292721455912
 10
37.70778223063581
 20
45.86292721455912
 10
37.62254638781263
 20
45.86292721455912
 10
37.55334569776316
 20
45.93013996088503
 10
37.55334569776316
 20
46.01292721455914
 10
37.55334569776316
 20
46.09571446823324
 10
37.62254638781263
 20
46.16292721455915
 10
37.70778223063581
 20
46.16292721455915
 97
        0
 97
        0
 75
     0
 76
     1
 98
        0
  0
HATCH
  5
243
330
1F
100
AcDbEntity
  8
0
 62
     7
420
 16777215
440
 33554687
100
AcDbHatch
 10
0.0
 20
0.0
 30
0.0
210
0.0
220
0.0
230
1.0
  2
SOLID
 70
     1
 71
     1
 91
        1
 92
        0
 93
       24
 72
     1
 10
25.70313534842285
 20
39.76797161698955
 11
25.51930948596176
 21
39.8128968290012
 72
     1
 10
25.51930948596176
 20
39.8128968290012
 11
25.72593542129798
 21
39.81881848115213
 72
     1
 10
25.72593542129798
 20
39.81881848115213
 11
25.72206631629619
 21
39.82018336535609
 72
     1
 10
25.72206631629619
 20
39.82018336535609
 11
25.59627562566618
 21
40.18710483173612
 72
     1
 10
25.59627562566618
 20
40.18710483173612
 11
25.85187599189008
 21
39.89534617612183
 72
     1
 10
25.85187599189008
 20
39.89534617612183
 11
25.85113357952772
 21
39.891311116483
 72
     1
 10
25.85113357952772
 20
39.891311116483
 11
25.95913322411794
 21
40.0675649671817
 72
     1
 10
25.95913322411794
 20
40.0675649671817
 11
25.90658235554625
 21
39.88577214940217
 72
     1
 10
25.90658235554625
 20
39.88577214940217
 11
25.90936715413095
 21
39.88960318812543
 72
     1
 10
25.90936715413095
 20
39.88960318812543
 11
26.39348640873957
 21
40.1074687315194
 72
     1
 10
26.39348640873957
 20
40.1074687315194
 11
25.96352919770783
 21
39.79606281577119
 72
     1
 10
25.96352919770783
 20
39.79606281577119
 11
25.9588202805759
 21
39.79555481941274
 72
     1
 10
25.9588202805759
 20
39.79555481941274
 11
26.14264614303692
 21
39.75062960740113
 72
     1
 10
26.14264614303692
 20
39.75062960740113
 11
25.93602020770075
 21
39.74470795525018
 72
     1
 10
25.93602020770075
 20
39.74470795525018
 11
25.93988931270253
 21
39.74334307104623
 72
     1
 10
25.93988931270253
 20
39.74334307104623
 11
26.06568000333253
 21
39.37642160466618
 72
     1
 10
26.06568000333253
 20
39.37642160466618
 11
25.81007963710863
 21
39.66818026028047
 72
     1
 10
25.81007963710863
 20
39.66818026028047
 11
25.810822049471
 21
39.6722153199193
 72
     1
 10
25.810822049471
 20
39.6722153199193
 11
25.70282240488076
 21
39.49596146922058
 72
     1
 10
25.70282240488076
 20
39.49596146922058
 11
25.75537327345245
 21
39.67775428700016
 72
     1
 10
25.75537327345245
 20
39.67775428700016
 11
25.75258847486774
 21
39.67392324827688
 72
     1
 10
25.75258847486774
 20
39.67392324827688
 11
25.26846922025912
 21
39.45605770488291
 72
     1
 10
25.26846922025912
 20
39.45605770488291
 11
25.69842643129087
 21
39.76746362063109
 72
     1
 10
25.69842643129087
 20
39.76746362063109
 11
25.70313534842285
 21
39.76797161698955
 97
        0
 75
     0
 76
     1
 98
        0
  0
HATCH
  5
244
330
1F
100
AcDbEntity
  8
0
 62
     7
420
 16777215
440
 33554687
100
AcDbHatch
 10
0.0
 20
0.0
 30
0.0
210
0.0
220
0.0
230
1.0
  2
SOLID
 70
     1
 71
     1
 91
        1
 92
        0
 93
        1
 72
     4
 94
        3
 73
     0
 74
     1
 95
       17
 96
       13
 40
0.0
 40
0.0
 40
0.0
 40
0.0
 40
1.0
 40
1.0
 40
1.0
 40
2.0
 40
2.0
 40
2.0
 40
3.0
 40
3.0
 40
3.0
 40
4.0
 40
4.0
 40
4.0
 40
4.0
 10
24.21331317786362
 20
24.30391558665219
 10
24.3056411761732
 20
24.30391558665219
 10
24.38059979665831
 20
24.20778572853493
 10
24.38059979665831
 20
24.08938070293124
 10
24.38059979665831
 20
23.97097567732758
 10
24.3056411761732
 20
23.87484581921031
 10
24.21331317786362
 20
23.87484581921031
 10
24.12098517955404
 20
23.87484581921031
 10
24.04602655906893
 20
23.97097567732758
 10
24.04602655906893
 20
24.08938070293124
 10
24.04602655906893
 20
24.20778572853493
 10
24.12098517955404
 20
24.30391558665219
 10
24.21331317786362
 20
24.30391558665219
 97
        0
 97
        0
 75
     0
 76
     1
 98
        0
  0
HATCH
  5
245
330
1F
100
AcDbEntity
  8
0
 62
     7
420
 16777215
440
 33554687
100
AcDbHatch
 10
0.0
 20
0.0
 30
0.0
210
0.0
220
0.0
230
1.0
  2
SOLID
 70
     1
 71
     1
 91
        1
 92
        0
 93
        1
 72
     4
 94
        3
 73
     0
 74
     1
 95
       17
 96
       13
 40
0.0
 40
0.0
 40
0.0
 40
0.0
 40
1.0
 40
1.0
 40
1.0
 40
2.0
 40
2.0
 40
2.0
 40
3.0
 40
3.0
 40
3.0
 40
4.0
 40
4.0
 40
4.0
 40
4.0
 10
47.73754101800371
 20
25.95100860990798
 10
47.82986901631329
 20
25.95100860990798
 10
47.90482763679839
 20
25.85487875179071
 10
47.90482763679839
 20
25.73647372618703
 10
47.90482763679839
 20
25.61806870058339
 10
47.82986901631329
 20
25.52193884246608
 10
47.73754101800371
 20
25.52193884246608
 10
47.64521301969411
 20
25.52193884246608
 10
47.57025439920902
 20
25.61806870058339
 10
47.57025439920902
 20
25.73647372618703
 10
47.57025439920902
 20
25.85487875179071
 10
47.64521301969411
 20
25.95100860990798
 10
47.73754101800371
 20
25.95100860990798
 97
        0
 97
        0
 75
     0
 76
     1
 98
        0
  0
HATCH
  5
246
330
1F
100
AcDbEntity
  8
0
 62
     7
420
 16777215
440
 33554687
100
AcDbHatch
 10
0.0
 20
0.0
 30
0.0
210
0.0
220
0.0
230
1.0
  2
SOLID
 70
     1
 71
     1
 91
        1
 92
        0
 93
        1
 72
     4
 94
        3
 73
     0
 74
     1
 95
       17
 96
       13
 40
0.0
 40
0.0
 40
0.0
 40
0.0
 40
1.0
 40
1.0
 40
1.0
 40
2.0
 40
2.0
 40
2.0
 40
3.0
 40
3.0
 40
3.0
 40
4.0
 40
4.0
 40
4.0
 40
4.0
 10
43.31475928444004
 20
15.65100860990801
 10
43.40708728274963
 20
15.65100860990801
 10
43.48204590323473
 20
15.55487875179074
 10
43.48204590323473
 20
15.43647372618707
 10
43.48204590323473
 20
15.3180687005834
 10
43.40708728274963
 20
15.22193884246612
 10
43.31475928444004
 20
15.22193884246612
 10
43.22243128613044
 20
15.22193884246612
 10
43.14747266564535
 20
15.3180687005834
 10
43.14747266564535
 20
15.43647372618707
 10
43.14747266564535
 20
15.55487875179074
 10
43.22243128613044
 20
15.65100860990801
 10
43.31475928444004
 20
15.65100860990801
 97
        0
 97
        0
 75
     0
 76
     1
 98
        0
  0
HATCH
  5
247
330
1F
100
AcDbEntity
  8
0
 62
     7
420
 16777215
440
 33554687
100
AcDbHatch
 10
0.0
 20
0.0
 30
0.0
210
0.0
220
0.0
230
1.0
  2
SOLID
 70
     1
 71
     1
 91
        1
 92
        0
 93
        1
 72
     4
 94
        3
 73
     0
 74
     1
 95
       17
 96
       13
 40
0.0
 40
0.0
 40
0.0
 40
0.0
 40
1.0
 40
1.0
 40
1.0
 40
2.0
 40
2.0
 40
2.0
 40
3.0
 40
3.0
 40
3.0
 40
4.0
 40
4.0
 40
4.0
 40
4.0
 10
42.20701977565182
 20
26.48734581921031
 10
42.29934777396142
 20
26.48734581921031
 10
42.37430639444653
 20
26.39121596109305
 10
42.37430639444653
 20
26.27281093548937
 10
42.37430639444653
 20
26.15440590988571
 10
42.29934777396142
 20
26.05827605176842
 10
42.20701977565182
 20
26.05827605176842
 10
42.11469177734227
 20
26.05827605176842
 10
42.03973315685714
 20
26.15440590988571
 10
42.03973315685714
 20
26.27281093548937
 10
42.03973315685714
 20
26.39121596109305
 10
42.11469177734227
 20
26.48734581921031
 10
42.20701977565182
 20
26.48734581921031
 97
        0
 97
        0
 75
     0
 76
     1
 98
        0
  0
HATCH
  5
248
330
1F
100
AcDbEntity
  8
0
 62
     7
420
 16777215
440
 33554687
100
AcDbHatch
 10
0.0
 20
0.0
 30
0.0
210
0.0
220
0.0
230
1.0
  2
SOLID
 70
     1
 71
     1
 91
        1
 92
        0
 93
       24
 72
     1
 10
56.15803028629124
 20
36.47359235636009
 11
55.81054154066517
 21
36.76691034341204
 72
     1
 10
55.81054154066517
 20
36.76691034341204
 11
56.2259538362793
 21
36.58193333263092
 72
     1
 10
56.2259538362793
 20
36.58193333263092
 11
56.21882450695459
 21
36.58918258040673
 72
     1
 10
56.21882450695459
 20
36.58918258040673
 11
56.12895879395551
 21
37.65223865424629
 72
     1
 10
56.12895879395551
 20
37.65223865424629
 11
56.51123572189135
 21
36.65623242290637
 72
     1
 10
56.51123572189135
 20
36.65623242290637
 11
56.50797707829356
 21
36.64660121468317
 72
     1
 10
56.50797707829356
 20
36.64660121468317
 11
56.80129506534546
 21
36.9940899603092
 72
     1
 10
56.80129506534546
 20
36.9940899603092
 11
56.61631805456436
 21
36.57867766469506
 72
     1
 10
56.61631805456436
 20
36.57867766469506
 11
56.62356730234021
 21
36.58580699401978
 72
     1
 10
56.62356730234021
 20
36.58580699401978
 11
57.68662337617977
 21
36.6756727070189
 72
     1
 10
57.68662337617977
 20
36.6756727070189
 11
56.69061714483985
 21
36.29339577908304
 72
     1
 10
56.69061714483985
 20
36.29339577908304
 11
56.68098593661666
 21
36.2966544226808
 72
     1
 10
56.68098593661666
 20
36.2966544226808
 11
57.02847468224267
 21
36.00333643562892
 72
     1
 10
57.02847468224267
 20
36.00333643562892
 11
56.61306238662852
 21
36.18831344641003
 72
     1
 10
56.61306238662852
 20
36.18831344641003
 11
56.62019171595325
 21
36.18106419863418
 72
     1
 10
56.62019171595325
 20
36.18106419863418
 11
56.71005742895235
 21
35.11800812479462
 72
     1
 10
56.71005742895235
 20
35.11800812479462
 11
56.32778050101654
 21
36.11401435613456
 72
     1
 10
56.32778050101654
 20
36.11401435613456
 11
56.3310391446143
 21
36.12364556435778
 72
     1
 10
56.3310391446143
 20
36.12364556435778
 11
56.03772115756239
 21
35.77615681873169
 72
     1
 10
56.03772115756239
 20
35.77615681873169
 11
56.22269816834354
 21
36.19156911434592
 72
     1
 10
56.22269816834354
 20
36.19156911434592
 11
56.21544892056766
 21
36.18443978502117
 72
     1
 10
56.21544892056766
 20
36.18443978502117
 11
55.1523928467281
 21
36.09457407202206
 72
     1
 10
55.1523928467281
 20
36.09457407202206
 11
56.148399078068
 21
36.47685099995787
 72
     1
 10
56.148399078068
 20
36.47685099995787
 11
56.15803028629124
 21
36.47359235636009
 97
        0
 75
     0
 76
     1
 98
        0
  0
HATCH
  5
249
330
1F
100
AcDbEntity
  8
0
 62
     7
420
 16777215
440
 33554687
100
AcDbHatch
 10
0.0
 20
0.0
 30
0.0
210
0.0
220
0.0
230
1.0
  2
SOLID
 70
     1
 71
     1
 91
        1
 92
        0
 93
        1
 72
     4
 94
        3
 73
     0
 74
     1
 95
       17
 96
       13
 40
0.0
 40
0.0
 40
0.0
 40
0.0
 40
1.0
 40
1.0
 40
1.0
 40
2.0
 40
2.0
 40
2.0
 40
3.0
 40
3.0
 40
3.0
 40
4.0
 40
4.0
 40
4.0
 40
4.0
 10
47.91917309741763
 20
45.41292721455915
 10
48.00440894024082
 20
45.41292721455915
 10
48.07360963029032
 20
45.34571446823323
 10
48.07360963029032
 20
45.26292721455914
 10
48.07360963029032
 20
45.18013996088502
 10
48.00440894024082
 20
45.11292721455911
 10
47.91917309741763
 20
45.11292721455911
 10
47.83393725459444
 20
45.11292721455911
 10
47.76473656454499
 20
45.18013996088502
 10
47.76473656454499
 20
45.26292721455914
 10
47.76473656454499
 20
45.34571446823323
 10
47.83393725459444
 20
45.41292721455915
 10
47.91917309741763
 20
45.41292721455915
 97
        0
 97
        0
 75
     0
 76
     1
 98
        0
  0
HATCH
  5
24A
330
1F
100
AcDbEntity
  8
0
 62
     7
420
 16777215
440
 33554687
100
AcDbHatch
 10
0.0
 20
0.0
 30
0.0
210
0.0
220
0.0
230
1.0
  2
SOLID
 70
     1
 71
     1
 91
        1
 92
        0
 93
        1
 72
     4
 94
        3
 73
     0
 74
     1
 95
       17
 96
       13
 40
0.0
 40
0.0
 40
0.0
 40
0.0
 40
1.0
 40
1.0
 40
1.0
 40
2.0
 40
2.0
 40
2.0
 40
3.0
 40
3.0
 40
3.0
 40
4.0
 40
4.0
 40
4.0
 40
4.0
 10
27.26943002874077
 20
31.62401330183976
 10
27.32430209798482
 20
31.68923756817259
 10
27.42028386871036
 20
31.69892201242025
 10
27.48363442293442
 20
31.64562626540037
 10
27.54698497715847
 20
31.59233051838049
 10
27.55386843125191
 20
31.49610730480008
 10
27.49899636200788
 20
31.43088303846726
 10
27.44412429276382
 20
31.36565877213446
 10
27.34814252203831
 20
31.35597432788679
 10
27.28479196781426
 20
31.40927007490665
 10
27.22144141359017
 20
31.46256582192654
 10
27.21455795949675
 20
31.55878903550693
 10
27.26943002874077
 20
31.62401330183976
 97
        0
 97
        0
 75
     0
 76
     1
 98
        0
  0
HATCH
  5
24B
330
1F
100
AcDbEntity
  8
0
 62
    18
420
   851968
440
 33554687
100
AcDbHatch
 10
0.0
 20
0.0
 30
0.0
210
0.0
220
0.0
230
1.0
  2
SOLID
 70
     1
 71
     1
 91
        1
 92
        0
 93
        1
 72
     4
 94
        3
 73
     0
 74
     1
 95
       17
 96
       13
 40
0.0
 40
0.0
 40
0.0
 40
0.0
 40
1.0
 40
1.0
 40
1.0
 40
2.0
 40
2.0
 40
2.0
 40
3.0
 40
3.0
 40
3.0
 40
4.0
 40
4.0
 40
4.0
 40
4.0
 10
34.84726387129773
 20
59.32713771522113
 10
46.24203310402493
 20
59.32713771522113
 10
55.49314000625893
 20
49.9736120200705
 10
55.49314000625893
 20
38.45269155779718
 10
55.49314000625893
 20
26.93177109552386
 10
46.24203310402493
 20
17.57824540037322
 10
34.84726387129773
 20
17.57824540037322
 10
23.45249463857052
 20
17.57824540037322
 10
14.20138773633653
 20
26.93177109552386
 10
14.20138773633653
 20
38.45269155779718
 10
14.20138773633653
 20
49.9736120200705
 10
23.45249463857052
 20
59.32713771522113
 10
34.84726387129773
 20
59.32713771522113
 97
        0
 97
        0
 75
     0
 76
     1
 98
        0
  0
HATCH
  5
24C
330
1F
100
AcDbEntity
  8
0
 62
     7
420
 16777215
440
 33554687
100
AcDbHatch
 10
0.0
 20
0.0
 30
0.0
210
0.0
220
0.0
230
1.0
  2
SOLID
 70
     1
 71
     1
 91
        2
 92
        0
 93
        1
 72
     4
 94
        3
 73
     0
 74
     1
 95
      107
 96
      103
 40
0.0
 40
0.0
 40
0.0
 40
0.0
 40
1.0
 40
1.0
 40
1.0
 40
2.0
 40
2.0
 40
2.0
 40
3.0
 40
3.0
 40
3.0
 40
4.0
 40
4.0
 40
4.0
 40
5.0
 40
5.0
 40
5.0
 40
6.0
 40
6.0
 40
6.0
 40
7.0
 40
7.0
 40
7.0
 40
8.0
 40
8.0
 40
8.0
 40
9.0
 40
9.0
 40
9.0
 40
10.0
 40
10.0
 40
10.0
 40
11.0
 40
11.0
 40
11.0
 40
12.0
 40
12.0
 40
12.0
 40
13.0
 40
13.0
 40
13.0
 40
14.0
 40
14.0
 40
14.0
 40
15.0
 40
15.0
 40
15.0
 40
16.0
 40
16.0
 40
16.0
 40
17.0
 40
17.0
 40
17.0
 40
18.0
 40
18.0
 40
18.0
 40
19.0
 40
19.0
 40
19.0
 40
20.0
 40
20.0
 40
20.0
 40
21.0
 40
21.0
 40
21.0
 40
22.0
 40
22.0
 40
22.0
 40
23.0
 40
23.0
 40
23.0
 40
24.0
 40
24.0
 40
24.0
 40
25.0
 40
25.0
 40
25.0
 40
26.0
 40
26.0
 40
26.0
 40
27.0
 40
27.0
 40
27.0
 40
28.0
 40
28.0
 40
28.0
 40
29.0
 40
29.0
 40
29.0
 40
30.0
 40
30.0
 40
30.0
 40
31.0
 40
31.0
 40
31.0
 40
32.0
 40
32.0
 40
32.0
 40
33.0
 40
33.0
 40
33.0
 40
34.0
 40
34.0
 40
34.0
 40
34.0
 10
19.13816055782258
 20
38.513876289703
 10
18.71792598038117
 20
37.03387828028529
 10
18.80070777879132
 20
34.91847090050343
 10
19.40380538412159
 20
33.66455628849716
 10
19.56327168084762
 20
32.4380961499125
 10
19.82184236725691
 20
31.23960722535167
 10
20.17156356767102
 20
30.08286602924864
 10
20.28592651036779
 20
30.18939615909036
 10
21.27052777940492
 20
27.87677500807468
 10
21.08896547487171
 20
27.60152574626592
 10
21.54715228897807
 20
26.56232422730283
 10
22.08318210094145
 20
25.57047896215077
 10
22.69012034810738
 20
24.63800105690885
 10
22.90318724598832
 20
24.63104092888604
 10
23.35240385757036
 20
24.07626842349771
 10
23.38377957531938
 20
23.63982080935524
 10
23.8881664871995
 20
22.95937955710141
 10
24.43274735181621
 20
22.31641890568768
 10
25.01439658148664
 20
21.71635253141839
 10
24.5912517095304
 20
21.49974715520626
 10
25.3944011865131
 20
20.72845938219567
 10
25.69310310928249
 20
21.0513976076909
 10
25.84655490112112
 20
20.9086891249344
 10
26.00228211592436
 20
20.7688312209668
 10
26.16023483923337
 20
20.63191035017815
 10
26.29079506473938
 20
20.6031331937729
 10
26.44269285288175
 20
20.47614331879689
 10
26.56895631140019
 20
20.28824440880017
 10
27.54456622443014
 20
19.49277697320868
 10
28.59963147291342
 20
18.8068936685173
 10
29.72319127559336
 20
18.24957912507026
 10
28.68160626724432
 20
18.52867098690575
 10
27.67953504714957
 20
18.88193281549994
 10
26.72113681649406
 20
19.30216063294919
 10
26.4971607853257
 20
19.08408789282014
 10
26.18277432448821
 20
19.51952906743789
 10
26.15219298896219
 20
19.56188576634699
 10
24.14857033242471
 20
20.51320909083991
 10
22.3468044338378
 20
21.76174699705437
 10
20.78707278563959
 20
23.23791002720063
 10
21.06904908839636
 20
23.85948244919906
 10
20.77827773308412
 20
24.17067206090198
 10
20.29633233524164
 20
23.7179032016999
 10
20.06326791491569
 20
23.9534839502719
 10
19.83608990827674
 20
24.1943270041164
 10
19.61494667621888
 20
24.44017532059165
 10
19.29081102177564
 20
24.63576121057376
 10
19.17260958815416
 20
24.92052961626502
 10
19.15000964187115
 20
24.97497693111184
 10
18.76901155579949
 20
25.42848973931643
 10
18.40776544136046
 20
25.89751038254359
 10
18.06712746749265
 20
26.38055594430447
 10
17.59613526687257
 20
26.55638109931397
 10
17.49157396083147
 20
27.17623292042458
 10
17.47669646320884
 20
27.26442849050793
 10
16.58880666654892
 20
28.66916957594931
 10
15.86807883995438
 20
30.17786893648481
 10
15.333575903791
 20
31.7575086206084
 10
15.52678436796446
 20
31.55340105286825
 10
15.82536160347416
 20
31.52922995791612
 10
16.08747650003419
 20
31.62110976751163
 10
15.97585374909821
 20
31.62903089302633
 10
14.75581769318817
 20
31.71560875148567
 10
15.06225799960337
 20
32.62030525631664
 10
14.408206770136
 20
34.86895849441236
 10
14.12682814732036
 20
37.24528050910418
 10
14.2706256055698
 20
39.65833261737143
 10
14.13654507665523
 20
39.87187174891561
 10
14.2239215379289
 20
40.08335232485594
 10
14.30855273994282
 20
40.18285407908913
 10
14.66517583702507
 20
44.37635649941348
 10
16.30363187710629
 20
47.51962046059503
 10
16.60649946654828
 20
48.10065086703533
 10
16.46419622567249
 20
48.60871635869316
 10
16.7966143049803
 20
49.44027819019121
 10
17.55356902813224
 20
49.73187608452542
 10
18.90733771073811
 20
51.83673462292391
 10
20.61552135274618
 20
53.65445209645311
 10
22.57296696940377
 20
55.12431840211256
 10
21.78967036231771
 20
52.5620093126151
 10
20.72678620923333
 20
48.0734878893237
 10
20.76003997636477
 20
47.94359491587848
 10
20.95898527826735
 20
47.16649207772635
 10
21.10037179732897
 20
46.47326573630831
 10
21.18435848256957
 20
45.85158424797271
 10
20.80295401822901
 20
44.99266490823975
 10
20.47035049836962
 20
44.10028364962631
 10
20.19193584260886
 20
43.17755117905784
 10
20.64316720653604
 20
42.17521146884897
 10
20.02234997996632
 20
42.3657275713438
 10
19.96926200745495
 20
42.38904957300792
 10
19.86558931848771
 20
41.99529371000693
 10
19.77298393596893
 20
41.60119241316429
 10
19.69121554935701
 20
41.20714459197081
 10
19.4608653591765
 20
41.03633524079111
 10
19.20548429108892
 20
40.87654565827336
 10
18.9251188447651
 20
40.72416828971745
 10
18.42933742783131
 20
40.45471330272868
 10
18.47372030993471
 20
39.32295721920434
 10
18.64318582162872
 20
39.05498867057064
 10
18.77646870317169
 20
38.84423416384081
 10
18.94780567847102
 20
38.66955008414313
 10
19.13816055782258
 20
38.513876289703
 97
        0
 97
        0
 92
        0
 93
        1
 72
     4
 94
        3
 73
     0
 74
     1
 95
       47
 96
       43
 40
0.0
 40
0.0
 40
0.0
 40
0.0
 40
1.0
 40
1.0
 40
1.0
 40
2.0
 40
2.0
 40
2.0
 40
3.0
 40
3.0
 40
3.0
 40
4.0
 40
4.0
 40
4.0
 40
5.0
 40
5.0
 40
5.0
 40
6.0
 40
6.0
 40
6.0
 40
7.0
 40
7.0
 40
7.0
 40
8.0
 40
8.0
 40
8.0
 40
9.0
 40
9.0
 40
9.0
 40
10.0
 40
10.0
 40
10.0
 40
11.0
 40
11.0
 40
11.0
 40
12.0
 40
12.0
 40
12.0
 40
13.0
 40
13.0
 40
13.0
 40
14.0
 40
14.0
 40
14.0
 40
14.0
 10
24.50021222259617
 20
56.41176919087393
 10
25.71202518961093
 20
57.12805333884358
 10
26.99546715872964
 20
57.72263871970546
 10
28.33046178553549
 20
58.18393424890303
 10
28.42851207473259
 20
58.31838676114617
 10
29.0727005385759
 20
59.20173711157268
 10
30.17963699494439
 20
58.72893863668662
 10
30.9874723819017
 20
58.92702547466654
 10
31.80989775608733
 20
59.07747280880943
 10
32.64286547331719
 20
59.17794372066574
 10
33.29989686302487
 20
58.51919905555027
 10
33.77441064661016
 20
58.94419263303853
 10
33.5744835988922
 20
59.26904050684098
 10
35.85603487697522
 20
59.44024863385611
 10
38.20424062558354
 20
59.2365736164471
 10
40.538062479512
 20
58.61122793540881
 10
38.8510333196714
 20
58.71788137344103
 10
37.1549824160593
 20
58.56005813335906
 10
35.49639136385401
 20
58.16459437663657
 10
34.24924663296989
 20
57.8672332279699
 10
33.02328166656753
 20
57.43551035642523
 10
31.83825767941607
 20
56.88083490466261
 10
31.44222226430318
 20
56.13447159929879
 10
30.93749730085285
 20
55.82125860221127
 10
30.15238165731576
 20
55.99254741937022
 10
29.99667778544736
 20
55.90100338616331
 10
29.84191422885074
 20
55.80727184223998
 10
29.68814116982251
 20
55.71138170543851
 10
29.54290467022664
 20
55.47321241255897
 10
29.3585388219512
 20
55.31166007283274
 10
29.18186257106635
 20
55.20219557453161
 10
29.13099665403129
 20
55.23408630833117
 10
29.07440660821293
 20
55.26619426764648
 10
29.0107991806638
 20
55.2997405010461
 10
28.91803433196326
 20
55.34866420989101
 10
28.13227412789896
 20
55.76307014041394
 10
27.72581134658838
 20
55.04017158384832
 10
27.58287401544061
 20
54.78595595792351
 10
27.60870118483724
 20
54.45899192169872
 10
27.46576385368955
 20
54.20477629577385
 10
26.63240510763405
 20
54.72851422652825
 10
25.42745961491204
 20
55.78485559777496
 10
24.50021222259617
 20
56.41176919087393
 97
        0
 97
        0
 75
     0
 76
     1
 98
        0
  0
HATCH
  5
24D
330
1F
100
AcDbEntity
  8
0
 62
     7
420
 16777215
440
 33554687
100
AcDbHatch
 10
0.0
 20
0.0
 30
0.0
210
0.0
220
0.0
230
1.0
  2
SOLID
 70
     1
 71
     1
 91
       36
 92
        0
 93
        1
 72
     4
 94
        3
 73
     0
 74
     1
 95
       26
 96
       22
 40
0.0
 40
0.0
 40
0.0
 40
0.0
 40
1.0
 40
1.0
 40
1.0
 40
2.0
 40
2.0
 40
2.0
 40
3.0
 40
3.0
 40
3.0
 40
4.0
 40
4.0
 40
4.0
 40
5.0
 40
5.0
 40
5.0
 40
6.0
 40
6.0
 40
6.0
 40
7.0
 40
7.0
 40
7.0
 40
7.0
 10
36.83598577252911
 20
50.78341084258452
 10
35.18507867602661
 20
51.77031015929143
 10
34.2001909963367
 20
53.14042443601981
 10
34.34166938321867
 20
53.4532229488953
 10
34.70528691206351
 20
53.14413863318913
 10
34.61416044916034
 20
53.06181704504984
 10
35.00028118055462
 20
52.76812621285282
 10
37.02909018676466
 20
51.2249751801407
 10
38.24169771037757
 20
51.70153939071245
 10
38.51282089455002
 20
51.80809291583645
 10
38.660243881892
 20
51.86603129920837
 10
39.47671017921331
 20
52.18690891943133
 10
40.24089751584873
 20
52.77459442631724
 10
40.62272226548019
 20
53.06823037233636
 10
40.52699307090518
 20
53.14771260241778
 10
40.88299603189238
 20
53.45328093588122
 10
41.03058273175764
 20
53.13176605413332
 10
40.09289898922433
 20
51.79687179074358
 10
38.45320428850812
 20
50.78821332369579
 10
38.23975780385189
 20
50.04539129134041
 10
37.06130545370117
 20
50.0494254294807
 10
36.83598577252911
 20
50.78341084258452
 97
        0
 97
        0
 92
        0
 93
        1
 72
     4
 94
        3
 73
     0
 74
     1
 95
       32
 96
       28
 40
0.0
 40
0.0
 40
0.0
 40
0.0
 40
1.0
 40
1.0
 40
1.0
 40
2.0
 40
2.0
 40
2.0
 40
3.0
 40
3.0
 40
3.0
 40
4.0
 40
4.0
 40
4.0
 40
5.0
 40
5.0
 40
5.0
 40
6.0
 40
6.0
 40
6.0
 40
7.0
 40
7.0
 40
7.0
 40
8.0
 40
8.0
 40
8.0
 40
9.0
 40
9.0
 40
9.0
 40
9.0
 10
31.76562619316862
 20
49.55081823730961
 10
31.76562619316862
 20
49.55081823730961
 10
31.76365787224216
 20
49.54614448238016
 10
31.76365787224216
 20
49.54614448238016
 10
28.98627313557012
 20
50.6576283810379
 10
28.09909325059728
 20
53.80942395489335
 10
28.55325120680638
 20
54.47861724300289
 10
28.65947600000022
 20
54.3229668065622
 10
28.73460993372677
 20
51.66793671963373
 10
32.10551129303574
 20
50.48383400423297
 10
32.10551129303574
 20
50.48383400423297
 10
32.10501336566664
 20
50.48226261558834
 10
32.10501336566664
 20
50.48226261558834
 10
32.23381967107812
 20
50.44276049823948
 10
32.92090767394291
 20
49.85313107307877
 10
32.97536391172018
 20
49.73705577269649
 10
33.13661799804802
 20
49.39333727005352
 10
33.14568651213907
 20
48.99137447565543
 10
33.30532659321353
 20
48.64690338262862
 10
33.17744451275841
 20
48.76961671905669
 10
33.0927103326447
 20
48.93256779376948
 10
32.96482825218958
 20
49.05528113019754
 10
32.88081896114348
 20
49.13589492971141
 10
32.78322998696054
 20
49.20668930316705
 10
32.67562422540684
 20
49.25115441010028
 10
32.38047434003305
 20
49.3731169428214
 10
32.04779420866598
 20
49.40125378546963
 10
31.76562619316862
 20
49.55081823730961
 97
        0
 97
        0
 92
        0
 93
        1
 72
     4
 94
        3
 73
     0
 74
     1
 95
       23
 96
       19
 40
0.0
 40
0.0
 40
0.0
 40
0.0
 40
1.0
 40
1.0
 40
1.0
 40
2.0
 40
2.0
 40
2.0
 40
3.0
 40
3.0
 40
3.0
 40
4.0
 40
4.0
 40
4.0
 40
5.0
 40
5.0
 40
5.0
 40
6.0
 40
6.0
 40
6.0
 40
6.0
 10
46.54758332962818
 20
54.47861730924028
 10
47.03155798285353
 20
53.76580447992674
 10
46.03989235891132
 20
50.62086790196074
 10
43.46019201068282
 20
49.56645801201674
 10
43.46019201068282
 20
49.56645801201674
 10
43.41303773459364
 20
49.54744714606291
 10
43.41303773459364
 20
49.54744714606291
 10
42.34742803505904
 20
49.3511056869666
 10
41.96303798409474
 20
48.69591371097221
 10
41.8971548751306
 20
48.64689427480391
 10
42.00964554068906
 20
48.94323378884437
 10
42.01028877579058
 20
49.27293106446818
 10
42.11123711538109
 20
49.57339851720383
 10
42.31770485123153
 20
50.18793893376467
 10
44.44952424822181
 20
51.11677762418049
 10
45.11858253220855
 20
51.69595356715128
 10
46.22925652821801
 20
52.65741787357733
 10
46.52019548015974
 20
54.43849918200419
 10
46.54758332962818
 20
54.47861730924028
 97
        0
 97
        0
 92
        0
 93
        1
 72
     4
 94
        3
 73
     0
 74
     1
 95
       20
 96
       16
 40
0.0
 40
0.0
 40
0.0
 40
0.0
 40
1.0
 40
1.0
 40
1.0
 40
2.0
 40
2.0
 40
2.0
 40
3.0
 40
3.0
 40
3.0
 40
4.0
 40
4.0
 40
4.0
 40
5.0
 40
5.0
 40
5.0
 40
5.0
 10
36.26611310748707
 20
45.6980486805442
 10
36.11980010219413
 20
45.28742629455557
 10
36.10500559518155
 20
45.26233248282213
 10
36.06786230084418
 20
45.28618405374521
 10
36.05614454513126
 20
45.27781763861098
 10
36.03683671448348
 20
45.26387449367333
 10
36.00417388575624
 20
45.23901545959208
 10
35.95516607023437
 20
45.32669769050784
 10
35.96238632970226
 20
45.3293256176951
 10
35.64541814008707
 20
46.24581735579009
 10
35.61589510223111
 20
46.33118119091593
 10
35.56959000001013
 20
46.41075447811558
 10
35.54639136385398
 20
46.49804948021839
 10
35.54639136385398
 20
46.49804948021839
 10
36.26611310748707
 20
45.6980486805442
 10
36.26611310748707
 20
45.6980486805442
 97
        0
 97
        0
 92
        0
 93
        1
 72
     4
 94
        3
 73
     0
 74
     1
 95
       23
 96
       19
 40
0.0
 40
0.0
 40
0.0
 40
0.0
 40
1.0
 40
1.0
 40
1.0
 40
2.0
 40
2.0
 40
2.0
 40
3.0
 40
3.0
 40
3.0
 40
4.0
 40
4.0
 40
4.0
 40
5.0
 40
5.0
 40
5.0
 40
6.0
 40
6.0
 40
6.0
 40
6.0
 10
39.63593241119847
 20
46.37589501612121
 10
39.33606315281327
 20
45.35335012934974
 10
39.31101832026066
 20
45.31755319164494
 10
39.25604452180852
 20
45.23897835452216
 10
39.2391294001897
 20
45.25553430037097
 10
39.21833591337892
 20
45.26760516956924
 10
39.19891754296603
 20
45.28126627130803
 10
39.18851954819176
 20
45.27329686521312
 10
39.17334603388528
 20
45.25253377984605
 10
39.16453415932934
 20
45.26222813880584
 10
39.14258125207517
 20
45.28637956785561
 10
39.0788013492599
 20
45.4769323457529
 10
39.07242133214681
 20
45.49599367902983
 10
39.07242133214681
 20
45.49599367902983
 10
39.0379660270446
 20
45.57998113928195
 10
39.0379660270446
 20
45.57998113928195
 10
39.0379660270446
 20
45.57998113928195
 10
39.63593241119847
 20
46.37589501612121
 10
39.63593241119847
 20
46.37589501612121
 97
        0
 97
        0
 92
        0
 93
        1
 72
     4
 94
        3
 73
     0
 74
     1
 95
      521
 96
      517
 40
0.0
 40
0.0
 40
0.0
 40
0.0
 40
1.0
 40
1.0
 40
1.0
 40
2.0
 40
2.0
 40
2.0
 40
3.0
 40
3.0
 40
3.0
 40
4.0
 40
4.0
 40
4.0
 40
5.0
 40
5.0
 40
5.0
 40
6.0
 40
6.0
 40
6.0
 40
7.0
 40
7.0
 40
7.0
 40
8.0
 40
8.0
 40
8.0
 40
9.0
 40
9.0
 40
9.0
 40
10.0
 40
10.0
 40
10.0
 40
11.0
 40
11.0
 40
11.0
 40
12.0
 40
12.0
 40
12.0
 40
13.0
 40
13.0
 40
13.0
 40
14.0
 40
14.0
 40
14.0
 40
15.0
 40
15.0
 40
15.0
 40
16.0
 40
16.0
 40
16.0
 40
17.0
 40
17.0
 40
17.0
 40
18.0
 40
18.0
 40
18.0
 40
19.0
 40
19.0
 40
19.0
 40
20.0
 40
20.0
 40
20.0
 40
21.0
 40
21.0
 40
21.0
 40
22.0
 40
22.0
 40
22.0
 40
23.0
 40
23.0
 40
23.0
 40
24.0
 40
24.0
 40
24.0
 40
25.0
 40
25.0
 40
25.0
 40
26.0
 40
26.0
 40
26.0
 40
27.0
 40
27.0
 40
27.0
 40
28.0
 40
28.0
 40
28.0
 40
29.0
 40
29.0
 40
29.0
 40
30.0
 40
30.0
 40
30.0
 40
31.0
 40
31.0
 40
31.0
 40
32.0
 40
32.0
 40
32.0
 40
33.0
 40
33.0
 40
33.0
 40
34.0
 40
34.0
 40
34.0
 40
35.0
 40
35.0
 40
35.0
 40
36.0
 40
36.0
 40
36.0
 40
37.0
 40
37.0
 40
37.0
 40
38.0
 40
38.0
 40
38.0
 40
39.0
 40
39.0
 40
39.0
 40
40.0
 40
40.0
 40
40.0
 40
41.0
 40
41.0
 40
41.0
 40
42.0
 40
42.0
 40
42.0
 40
43.0
 40
43.0
 40
43.0
 40
44.0
 40
44.0
 40
44.0
 40
45.0
 40
45.0
 40
45.0
 40
46.0
 40
46.0
 40
46.0
 40
47.0
 40
47.0
 40
47.0
 40
48.0
 40
48.0
 40
48.0
 40
49.0
 40
49.0
 40
49.0
 40
50.0
 40
50.0
 40
50.0
 40
51.0
 40
51.0
 40
51.0
 40
52.0
 40
52.0
 40
52.0
 40
53.0
 40
53.0
 40
53.0
 40
54.0
 40
54.0
 40
54.0
 40
55.0
 40
55.0
 40
55.0
 40
56.0
 40
56.0
 40
56.0
 40
57.0
 40
57.0
 40
57.0
 40
58.0
 40
58.0
 40
58.0
 40
59.0
 40
59.0
 40
59.0
 40
60.0
 40
60.0
 40
60.0
 40
61.0
 40
61.0
 40
61.0
 40
62.0
 40
62.0
 40
62.0
 40
63.0
 40
63.0
 40
63.0
 40
64.0
 40
64.0
 40
64.0
 40
65.0
 40
65.0
 40
65.0
 40
66.0
 40
66.0
 40
66.0
 40
67.0
 40
67.0
 40
67.0
 40
68.0
 40
68.0
 40
68.0
 40
69.0
 40
69.0
 40
69.0
 40
70.0
 40
70.0
 40
70.0
 40
71.0
 40
71.0
 40
71.0
 40
72.0
 40
72.0
 40
72.0
 40
73.0
 40
73.0
 40
73.0
 40
74.0
 40
74.0
 40
74.0
 40
75.0
 40
75.0
 40
75.0
 40
76.0
 40
76.0
 40
76.0
 40
77.0
 40
77.0
 40
77.0
 40
78.0
 40
78.0
 40
78.0
 40
79.0
 40
79.0
 40
79.0
 40
80.0
 40
80.0
 40
80.0
 40
81.0
 40
81.0
 40
81.0
 40
82.0
 40
82.0
 40
82.0
 40
83.0
 40
83.0
 40
83.0
 40
84.0
 40
84.0
 40
84.0
 40
85.0
 40
85.0
 40
85.0
 40
86.0
 40
86.0
 40
86.0
 40
87.0
 40
87.0
 40
87.0
 40
88.0
 40
88.0
 40
88.0
 40
89.0
 40
89.0
 40
89.0
 40
90.0
 40
90.0
 40
90.0
 40
91.0
 40
91.0
 40
91.0
 40
92.0
 40
92.0
 40
92.0
 40
93.0
 40
93.0
 40
93.0
 40
94.0
 40
94.0
 40
94.0
 40
95.0
 40
95.0
 40
95.0
 40
96.0
 40
96.0
 40
96.0
 40
97.0
 40
97.0
 40
97.0
 40
98.0
 40
98.0
 40
98.0
 40
99.0
 40
99.0
 40
99.0
 40
100.0
 40
100.0
 40
100.0
 40
101.0
 40
101.0
 40
101.0
 40
102.0
 40
102.0
 40
102.0
 40
103.0
 40
103.0
 40
103.0
 40
104.0
 40
104.0
 40
104.0
 40
105.0
 40
105.0
 40
105.0
 40
106.0
 40
106.0
 40
106.0
 40
107.0
 40
107.0
 40
107.0
 40
108.0
 40
108.0
 40
108.0
 40
109.0
 40
109.0
 40
109.0
 40
110.0
 40
110.0
 40
110.0
 40
111.0
 40
111.0
 40
111.0
 40
112.0
 40
112.0
 40
112.0
 40
113.0
 40
113.0
 40
113.0
 40
114.0
 40
114.0
 40
114.0
 40
115.0
 40
115.0
 40
115.0
 40
116.0
 40
116.0
 40
116.0
 40
117.0
 40
117.0
 40
117.0
 40
118.0
 40
118.0
 40
118.0
 40
119.0
 40
119.0
 40
119.0
 40
120.0
 40
120.0
 40
120.0
 40
121.0
 40
121.0
 40
121.0
 40
122.0
 40
122.0
 40
122.0
 40
123.0
 40
123.0
 40
123.0
 40
124.0
 40
124.0
 40
124.0
 40
125.0
 40
125.0
 40
125.0
 40
126.0
 40
126.0
 40
126.0
 40
127.0
 40
127.0
 40
127.0
 40
128.0
 40
128.0
 40
128.0
 40
129.0
 40
129.0
 40
129.0
 40
130.0
 40
130.0
 40
130.0
 40
131.0
 40
131.0
 40
131.0
 40
132.0
 40
132.0
 40
132.0
 40
133.0
 40
133.0
 40
133.0
 40
134.0
 40
134.0
 40
134.0
 40
135.0
 40
135.0
 40
135.0
 40
136.0
 40
136.0
 40
136.0
 40
137.0
 40
137.0
 40
137.0
 40
138.0
 40
138.0
 40
138.0
 40
139.0
 40
139.0
 40
139.0
 40
140.0
 40
140.0
 40
140.0
 40
141.0
 40
141.0
 40
141.0
 40
142.0
 40
142.0
 40
142.0
 40
143.0
 40
143.0
 40
143.0
 40
144.0
 40
144.0
 40
144.0
 40
145.0
 40
145.0
 40
145.0
 40
146.0
 40
146.0
 40
146.0
 40
147.0
 40
147.0
 40
147.0
 40
148.0
 40
148.0
 40
148.0
 40
149.0
 40
149.0
 40
149.0
 40
150.0
 40
150.0
 40
150.0
 40
151.0
 40
151.0
 40
151.0
 40
152.0
 40
152.0
 40
152.0
 40
153.0
 40
153.0
 40
153.0
 40
154.0
 40
154.0
 40
154.0
 40
155.0
 40
155.0
 40
155.0
 40
156.0
 40
156.0
 40
156.0
 40
157.0
 40
157.0
 40
157.0
 40
158.0
 40
158.0
 40
158.0
 40
159.0
 40
159.0
 40
159.0
 40
160.0
 40
160.0
 40
160.0
 40
161.0
 40
161.0
 40
161.0
 40
162.0
 40
162.0
 40
162.0
 40
163.0
 40
163.0
 40
163.0
 40
164.0
 40
164.0
 40
164.0
 40
165.0
 40
165.0
 40
165.0
 40
166.0
 40
166.0
 40
166.0
 40
167.0
 40
167.0
 40
167.0
 40
168.0
 40
168.0
 40
168.0
 40
169.0
 40
169.0
 40
169.0
 40
170.0
 40
170.0
 40
170.0
 40
171.0
 40
171.0
 40
171.0
 40
172.0
 40
172.0
 40
172.0
 40
172.0
 10
40.07118494945483
 20
44.99961847926301
 10
40.10770285055427
 20
45.11927589680278
 10
40.27752556134199
 20
45.67573030411192
 10
40.17122465085513
 20
46.56023753937966
 10
40.17122465085513
 20
46.56023753937966
 10
40.1565761309986
 20
46.57844591498509
 10
40.1565761309986
 20
46.57844591498509
 10
39.80053643221633
 20
47.02304611688353
 10
41.49561870065072
 20
50.80803324025869
 10
42.20611255145036
 20
50.64119414153183
 10
42.16804482813848
 20
50.53645509228936
 10
41.36503809582697
 20
49.33614909431675
 10
41.15197111957129
 20
47.51962061291846
 10
47.17512642352757
 20
50.93009324878637
 10
46.57590056858029
 20
51.68053713275939
 10
48.56740116755311
 20
53.81261870231735
 10
49.18682688191638
 20
54.47576997125764
 10
51.22820743593295
 20
55.97615202038241
 10
51.22820743593295
 20
55.97615202038241
 10
51.22820743593295
 20
55.97615202038241
 10
51.31831262558563
 20
55.95029112255024
 10
51.31831262558563
 20
55.95029112255024
 10
51.31831262558563
 20
55.95029112255024
 10
54.4297345831645
 20
50.19203077193997
 10
52.10332035840678
 20
47.00003988619079
 10
53.13357086790658
 20
47.49662568578907
 10
52.91355441809742
 20
47.9125701205641
 10
53.02281191526151
 20
48.03023569742297
 10
53.02968714425
 20
48.04372046214455
 10
53.04880192565952
 20
48.07336838109831
 10
53.04880192565952
 20
48.07336838109831
 10
53.20761365966692
 20
47.92250011045216
 10
53.21112228107054
 20
47.92887407910916
 10
53.22271222793679
 20
47.71646329961469
 10
53.69942742997718
 20
45.84094172488689
 10
52.8917932424132
 20
44.19923282425101
 10
51.95109522533178
 20
43.05313918125722
 10
54.59699443263935
 20
39.90664103583083
 10
55.24982529352575
 20
40.26420514708971
 10
55.47221055976552
 20
39.85051575473009
 10
55.47221055976552
 20
39.85051575473009
 10
55.49314000625895
 20
39.79338779689095
 10
55.49314000625895
 20
39.79338779689095
 10
55.49314000625895
 20
39.79338779689095
 10
54.51059309271854
 20
37.50123643404218
 10
51.94014994541418
 20
36.85472477323346
 10
51.94014994541418
 20
36.85472477323346
 10
51.94222458161078
 20
36.85362205388896
 10
51.94222458161078
 20
36.85362205388896
 10
53.91076283698231
 20
35.7038986378674
 10
53.97497786426531
 20
33.16821910542696
 10
53.9841603411715
 20
32.80562767265359
 10
53.98853084644178
 20
32.63304811878351
 10
53.84875295951403
 20
32.64463426462072
 10
51.91078902778924
 20
33.40380781249822
 10
53.36884071746545
 20
30.58616602474668
 10
51.84855261980889
 20
28.49733290206942
 10
51.39549793958544
 20
28.35466479533383
 10
51.4091046156397
 20
28.46163542897634
 10
51.57209316174186
 20
28.39538595747705
 10
51.92148433898638
 20
29.5957091680329
 10
52.50319828073823
 20
31.5941704677581
 10
49.9824295682514
 20
34.29049967626239
 10
50.14943697850781
 20
34.74483102788396
 10
50.41273670359272
 20
35.46111852552106
 10
53.09197758976904
 20
33.0850112224846
 10
53.78535549479999
 20
32.89695823760844
 10
53.62597474335518
 20
35.28166589329341
 10
50.53218436622947
 20
36.56943507203854
 10
50.19972787731611
 20
37.2303030476375
 10
50.23017755995371
 20
37.24355802569895
 10
50.29531785797258
 20
37.2746552151994
 10
50.29531785797258
 20
37.2746552151994
 10
51.30983911101192
 20
38.09698299763934
 10
53.82778318109753
 20
37.53452133064088
 10
55.37975480975439
 20
39.78245476208444
 10
53.70329877335633
 20
40.3442635644581
 10
51.90628389731832
 20
41.57157853601377
 10
51.26654807938336
 20
42.3170547329474
 10
50.90985292594846
 20
41.97753790911138
 10
50.57387128360647
 20
41.71873778356429
 10
50.32186416022953
 20
41.55503992306244
 10
50.10182509644309
 20
41.52754857354041
 10
48.97438261943542
 20
40.79256152810454
 10
47.67924362899436
 20
40.70290011023632
 10
47.24070545483211
 20
40.67254046947579
 10
45.75674932545602
 20
41.11518664840872
 10
45.44062918081567
 20
41.07181384443139
 10
44.78368615431438
 20
40.98167893339897
 10
44.98022121045629
 20
40.52078208511585
 10
44.31215219421434
 20
40.46029062968957
 10
44.7536075191161
 20
41.97065423417152
 10
46.72239917603901
 20
41.24199079920226
 10
47.50771898795708
 20
41.3946997004905
 10
48.40019438497206
 20
41.56824547793887
 10
50.92949148095541
 20
43.2158566826406
 10
51.03866676297746
 20
43.31024618196515
 10
51.0441457368351
 20
43.33161647494159
 10
51.10837351534859
 20
43.58213171369271
 10
51.2442883870361
 20
43.49400679468427
 10
53.03932707609969
 20
45.1536444660625
 10
53.06333691488663
 20
46.80804694531135
 10
53.06806297717195
 20
47.13369716026276
 10
52.83657404729878
 20
46.70574087821244
 10
51.97206447202436
 20
45.9543224291774
 10
51.58340277598703
 20
45.77930126869427
 10
51.65457385834424
 20
45.51111515294329
 10
50.01180249677913
 20
43.65692748081936
 10
49.34085730968215
 20
43.83930904148358
 10
49.17126073136173
 20
43.88541010790784
 10
47.29627663560441
 20
45.23978923261821
 10
43.82276872018431
 20
43.87026152226
 10
40.27715499629417
 20
42.47230407885318
 10
40.58832143935218
 20
41.86547036261844
 10
40.26118301141239
 20
41.84530542644376
 10
40.10307185068081
 20
41.55420378044486
 10
39.95220539680788
 20
41.20997411080713
 10
39.81863166717894
 20
40.80277424624058
 10
40.65212270988982
 20
41.91354461678579
 10
42.12267899991174
 20
41.77752456539865
 10
43.43735423382586
 20
42.34952523054343
 10
43.47670322884451
 20
42.14734866685881
 10
42.99881043583913
 20
41.78179237593175
 10
42.42656002299098
 20
41.78427532455369
 10
42.42656002299098
 20
41.78427532455369
 10
42.43197672183515
 20
41.78391298487127
 10
42.43197672183515
 20
41.78391298487127
 10
39.24756729532457
 20
41.59071551175476
 10
39.99457160264915
 20
36.77781117869673
 10
39.67477051847516
 20
36.66798765348975
 10
39.57159866894492
 20
37.04115313745823
 10
39.4732363659547
 20
36.94656796417404
 10
39.16412861685319
 20
37.15399160320718
 10
38.92524464263297
 20
37.22192230939966
 10
38.89485146358796
 20
37.35247284548401
 10
38.89089430638626
 20
37.44507801142622
 10
38.87150635849249
 20
37.48736883211441
 10
38.86424868965277
 20
37.50319994395749
 10
38.89514509881937
 20
38.02660219338519
 10
38.73146983933366
 20
37.75408233927907
 10
38.32067480523445
 20
37.13374458955902
 10
37.8098099031627
 20
37.00033530561263
 10
37.76778974222581
 20
36.95774799086941
 10
37.02463875073081
 20
36.95484119423111
 10
36.36233656809755
 20
38.05238372836814
 10
36.37331784922808
 20
37.88759992355835
 10
36.37371929992909
 20
37.6995276500668
 10
36.37099543729371
 20
37.55924222791405
 10
36.40867268615823
 20
37.52913066419161
 10
36.37172207460904
 20
37.45158424620207
 10
36.36772717527749
 20
37.44320034887525
 10
36.35997518279486
 20
37.24087727999046
 10
36.17640666201943
 20
37.17791978309181
 10
36.09113549831672
 20
37.15350457282148
 10
36.04404103173549
 20
37.12209324901504
 10
35.62213871047701
 20
36.84069054101602
 10
35.57616722335177
 20
36.66820035591985
 10
35.51782360839332
 20
36.6876716388078
 10
35.34937307624477
 20
36.74388940944858
 10
35.40757732540995
 20
37.41832575378235
 10
35.34505088686284
 20
37.55592043013024
 10
35.69495188742105
 20
37.57794468847202
 10
35.29757376043619
 20
39.3043104707597
 10
35.23389506061146
 20
39.58095561293728
 10
34.7544881148584
 20
41.66368662085374
 10
32.75860082341789
 20
41.78330524631889
 10
32.75860082341789
 20
41.78330524631889
 10
32.76392887366676
 20
41.78365403929595
 10
32.76392887366676
 20
41.78365403929595
 10
32.66975417543752
 20
41.78334614252601
 10
31.62634073082966
 20
41.77993478432347
 10
31.73156270937993
 20
42.34933632163552
 10
32.71550612870409
 20
41.93104777900822
 10
32.75106976950856
 20
42.13085374558983
 10
33.79156815944386
 20
41.85521359388024
 10
33.9446156292645
 20
41.81466953517896
 10
34.85334878908687
 20
41.57393552880289
 10
35.44801258955746
 20
40.77217846675696
 10
35.32952326951037
 20
41.1275784652808
 10
35.17857636786617
 20
41.49428600017239
 10
34.98654792837828
 20
41.84145566604708
 10
34.98654792837828
 20
41.84145566604708
 10
34.98540604662163
 20
41.84156391055193
 10
34.98540604662163
 20
41.84156391055193
 10
34.62621019115733
 20
41.88447527431222
 10
34.39291916510048
 20
42.25822052601574
 10
34.08085301883158
 20
42.44118983512347
 10
28.36277977911926
 20
45.79378646441641
 10
27.75933647595356
 20
44.1750180810137
 10
25.65645210774779
 20
43.90028248644784
 10
24.67494619861745
 20
43.77205165569374
 10
23.34508509445624
 20
45.55026209114686
 10
23.40881354166231
 20
45.78022952086604
 10
22.97752350571997
 20
45.97766062570135
 10
22.11300717790637
 20
46.73436963254422
 10
21.88651757705048
 20
47.15235483577084
 10
21.8898145524326
 20
46.82367734229273
 10
21.90647774773262
 20
45.16251320554444
 10
23.75045963523118
 20
43.49080690512894
 10
23.8905944594064
 20
43.58004524082892
 10
23.95397556590596
 20
43.32922894836535
 10
23.95942139724721
 20
43.30767831124602
 10
24.27701620820541
 20
43.03849298798059
 10
26.56474974857812
 20
41.41074477288132
 10
28.75177745115868
 20
41.40745398161491
 10
30.11296669853006
 20
41.40540581840144
 10
30.61974877984967
 20
41.79938847393578
 10
30.83693980145908
 20
40.46084576522427
 10
30.47983297917486
 20
40.5423439939731
 10
29.85597159256265
 20
41.1690007716769
 10
29.55922934696434
 20
41.14198765654305
 10
28.90807995155732
 20
41.08271206013442
 10
28.97238122239948
 20
40.85464834473274
 10
28.31813346807009
 20
40.80497042723575
 10
27.09813928862159
 20
40.71233461795345
 10
24.02463895508326
 20
42.05098436817482
 10
23.7314538396498
 20
42.32549694342928
 10
22.36230682541095
 20
40.6992221208322
 10
19.90178583975615
 20
39.90474796150216
 10
19.52782057421784
 20
39.78399884304741
 10
21.09583648598534
 20
37.52264067489682
 10
23.68448320027698
 20
38.11284367348618
 10
24.72355253102732
 20
37.27484117017799
 10
24.72355253102732
 20
37.27484117017799
 10
24.73157727728519
 20
37.27523478889351
 10
24.73157727728519
 20
37.27523478889351
 10
24.76257411694886
 20
37.26358662489655
 10
24.78896108539962
 20
37.24152641817889
 10
24.8199579250633
 20
37.22987825418195
 10
24.20949511069296
 20
36.37998354567729
 10
21.3176007762025
 20
35.25364345302879
 10
21.15507945763305
 20
32.89625268018174
 10
21.83368533895894
 20
33.0633676183597
 10
24.70457232593732
 20
35.56606873714752
 10
24.86377622421592
 20
34.68337707435162
 10
24.92965784867486
 20
34.31810234634479
 10
24.79692349280605
 20
34.34432963200229
 10
23.86068135495609
 20
32.893939566026
 10
22.0940751355092
 20
30.15718161891846
 10
23.50647082426966
 20
29.01722824151513
 10
23.59895189168218
 20
28.35515138164537
 10
23.22620154810693
 20
28.46882952327029
 10
21.51609264849179
 20
30.4004465495588
 10
23.08496375450151
 20
33.40695779668304
 10
21.09525943060046
 20
32.64320371553116
 10
20.95523303212133
 20
32.70913313260841
 10
20.95352340699561
 20
32.8846843927796
 10
20.95002613302624
 20
33.24379870576393
 10
20.92847947315596
 20
35.45629736163021
 10
23.04840632314297
 20
36.85505709939262
 10
20.32414956123688
 20
37.54428638697511
 10
19.40979829712819
 20
39.71675229903659
 10
19.41241715712493
 20
39.7862764717835
 10
19.41241715712493
 20
39.7862764717835
 10
19.41285334118928
 20
39.79243860867081
 10
19.41285334118928
 20
39.79243860867081
 10
19.41285334118928
 20
39.79243860867081
 10
19.43096609537799
 20
39.84569116052209
 10
19.43096609537799
 20
39.84569116052209
 10
19.43096609537799
 20
39.84569116052209
 10
19.43258407364829
 20
39.84830466281123
 10
19.43258407364829
 20
39.84830466281123
 10
19.43258407364829
 20
39.84830466281123
 10
19.43431031610757
 20
39.8506692000535
 10
19.43431031610757
 20
39.8506692000535
 10
19.67374347158723
 20
40.15302451156215
 10
20.06912513610633
 20
39.69466043379442
 10
23.03896523816429
 20
43.05194660268329
 10
21.12162740631549
 20
45.34548914235347
 10
21.63787467963749
 20
47.343583237785
 10
21.73484993499578
 20
47.71891826645743
 10
21.74694687189331
 20
47.94374058612426
 10
21.75835825398138
 20
47.93067896748843
 10
21.90990659947767
 20
48.07327923613217
 10
21.90990659947768
 20
48.07327923613217
 10
21.92899470998358
 20
48.04334855957286
 10
21.93580843987765
 20
48.02975879248011
 10
22.07327416315076
 20
47.84473292613323
 10
21.81314331767443
 20
47.49674788754769
 10
22.88667501476937
 20
46.99323938474788
 10
20.90576578309015
 20
49.6426388629493
 10
22.63601674703277
 20
54.41667932438367
 10
23.67886963581078
 20
55.94858224238739
 10
23.67886963581078
 20
55.94858224238739
 10
23.67918458179296
 20
55.9497127670009
 10
23.67918458179296
 20
55.9497127670009
 10
23.67918458179296
 20
55.9497127670009
 10
23.67965465118253
 20
55.9497079320485
 10
23.67965465118253
 20
55.9497079320485
 10
23.72191499556929
 20
56.00887979601778
 10
25.65719994794394
 20
54.79065278704466
 10
26.67938742596825
 20
53.58595988229962
 10
28.81612858216968
 20
51.06771644311384
 10
28.62423031593014
 20
50.54483247237606
 10
34.07765386254201
 20
47.50945467477804
 10
34.00472877829844
 20
48.12422359268784
 10
33.85239957811097
 20
48.7293326250698
 10
33.67589334823897
 20
49.32271651527604
 10
33.46023831272946
 20
50.04771202396718
 10
33.25386733993891
 20
49.93836884288525
 10
32.99068628531523
 20
50.6406413713375
 10
33.72877801941542
 20
50.82024190483061
 10
35.44506272785356
 20
47.00974752583914
 10
35.05868672824128
 20
46.5593635246672
 10
35.01082066764641
 20
46.15217855209162
 10
34.97723791557519
 20
45.57960622202668
 10
35.17386929362259
 20
44.97863928617934
 10
35.17386929362259
 20
44.97863928617934
 10
34.67490356693507
 20
44.9077802480699
 10
34.67490356693507
 20
44.9077802480699
 10
34.36553732274006
 20
45.38415150562042
 10
34.20402137742089
 20
45.90584671828988
 10
34.13671015293401
 20
46.3354742543283
 10
33.27136256059992
 20
46.75271969956283
 10
28.69160901273882
 20
49.86873778859245
 10
27.79295760618218
 20
51.16869831439153
 10
26.02372047453796
 20
53.72802044434643
 10
26.34939109966444
 20
54.06001447400841
 10
23.76919572513699
 20
55.80798670727876
 10
23.69670844701038
 20
55.63285826940582
 10
21.21395335325308
 20
50.64135324697033
 10
24.22255703224028
 20
46.26448112520453
 10
24.22255703224028
 20
46.26448112520453
 10
24.44499105466313
 20
45.95564771221768
 10
24.44499105466313
 20
45.95564771221768
 10
24.4845478793185
 20
45.90452468303615
 10
24.49017332240339
 20
45.91824691428884
 10
24.50130606617449
 20
45.85329446324008
 10
24.51781843404805
 20
45.82049374268284
 10
24.54338474206487
 20
45.82546220954046
 10
24.51011240830429
 20
45.80535642496476
 10
24.51011240830429
 20
45.80535642496476
 10
24.51152666377403
 20
45.79809595951654
 10
24.51152666377403
 20
45.79809595951654
 10
23.73300564613688
 20
45.70659399313567
 10
23.73721909952253
 20
45.68156037356874
 10
23.56979892633298
 20
45.72237990315699
 10
23.67742142296365
 20
45.57461423939353
 10
24.53460423263252
 20
44.39770243375106
 10
25.28717697429473
 20
44.21504294747879
 10
25.43628763261592
 20
44.17885179313733
 10
27.43975638745873
 20
45.04833970024337
 10
27.89853523399094
 20
45.09829152803557
 10
24.10754250112105
 20
47.50147807657025
 10
23.7488710238001
 20
53.0748993724696
 10
24.46669318139991
 20
53.97121357465545
 10
24.51810694561933
 20
53.80336420335351
 10
24.31479120370152
 20
53.80412241177252
 10
24.52376220418762
 20
51.77761697716478
 10
24.9333912732818
 20
47.80522112912033
 10
28.73682489869995
 20
44.8986443151844
 10
30.40627775836657
 20
45.4390946354862
 10
30.379666324879
 20
45.47266093847061
 10
29.46895590513488
 20
47.24722264830928
 10
29.22640035468905
 20
47.36735375348992
 10
27.72125104518367
 20
48.11281288514216
 10
27.48552068931037
 20
47.95032460888419
 10
27.40951994099389
 20
48.56346936561216
 10
27.6101261983526
 20
48.49065785874102
 10
27.7503939594893
 20
48.30643315672051
 10
27.92548198219875
 20
48.18441442730568
 10
28.96303066990154
 20
47.46134742009186
 10
29.31262713314195
 20
47.99292716203725
 10
29.89414180830919
 20
47.1399290817848
 10
30.91829384565193
 20
45.63764589092851
 10
30.71813419212005
 20
45.4002027267093
 10
32.34969072083505
 20
44.5775725066119
 10
32.34969072083505
 20
44.5775725066119
 10
32.63494781368761
 20
44.44150817452356
 10
32.63494781368761
 20
44.44150817452356
 10
34.16631663839804
 20
43.75088632030874
 10
34.39380056733259
 20
44.04618199992012
 10
35.42294649940676
 20
42.71620673494861
 10
35.54577910916654
 20
42.60969732190485
 10
35.54644437721706
 20
42.6302492001835
 10
35.60963599572626
 20
42.4877482107045
 10
35.60963599572626
 20
42.4877482107045
 10
35.47457968259659
 20
42.30798360081467
 10
35.47457968259659
 20
42.30798360081467
 10
35.47457968259659
 20
42.30798360081467
 10
35.63518458460278
 20
42.42864531475715
 10
35.63518458460278
 20
42.42864531475715
 10
35.63794119993174
 20
42.42197104482438
 10
35.64026426186521
 20
42.41614700743703
 10
35.64195503091768
 20
42.41159292125088
 10
35.64195503091768
 20
42.41159292125088
 10
35.65374406979161
 20
42.39388993409451
 10
35.65374406979161
 20
42.39388993409451
 10
35.8284170713118
 20
42.37609757206028
 10
36.95186618553733
 20
42.26166195125226
 10
37.3843247130302
 20
41.044132682469
 10
37.3843247130302
 20
41.044132682469
 10
37.5353747810524
 20
39.98048845347928
 10
37.5353747810524
 20
39.98048845347928
 10
37.53021516199532
 20
39.81392718879843
 10
37.52967498932117
 20
39.827266862529
 10
37.45822980871226
 20
39.69060870151352
 10
37.39727019240188
 20
39.77391693929896
 10
36.9906665224327
 20
41.10118773941572
 10
36.2173094147582
 20
41.34294737892132
 10
36.27562418806892
 20
41.20798166255128
 10
36.59010809028354
 20
40.48012930645834
 10
36.75723423658975
 20
39.58623538555457
 10
36.75723423658975
 20
39.58623538555457
 10
36.76108695700578
 20
39.58684790883684
 10
36.76108695700578
 20
39.58684790883684
 10
36.76108695700578
 20
39.58684790883684
 10
36.82499199659692
 20
39.17636521134892
 10
36.82499199659692
 20
39.17636521134892
 10
36.82499199659692
 20
39.17636521134892
 10
36.82120302501271
 20
39.17501320288775
 10
36.82120302501271
 20
39.17501320288775
 10
36.92153531566221
 20
38.48692543086947
 10
37.1105660406233
 20
37.42364361897069
 10
37.64845654818885
 20
37.16984077307394
 10
38.2057659466639
 20
37.4358623410787
 10
38.4228426274241
 20
39.00156371691763
 10
38.44652640918704
 20
39.17238690051079
 10
38.44652640918704
 20
39.17238690051079
 10
38.44190224618413
 20
39.17405892595371
 10
38.44190224618413
 20
39.17405892595371
 10
38.44190224618413
 20
39.17405892595371
 10
38.50446696317066
 20
39.58491739028675
 10
38.50446696317066
 20
39.58491739028675
 10
38.50446696317066
 20
39.58491739028675
 10
38.50947794399466
 20
39.58414103295149
 10
38.50947794399466
 20
39.58414103295149
 10
38.61488841864896
 20
40.13971958510464
 10
38.78573790739208
 20
40.74737853142621
 10
39.03414795659165
 20
41.33532482771994
 10
38.26247071113001
 20
41.07110377702603
 10
37.87077661802553
 20
39.64445559592019
 10
37.81925895649842
 20
39.71185598112303
 10
37.81925895649842
 20
39.71185598112303
 10
38.05847967603136
 20
41.39636854783409
 10
38.05847967603136
 20
41.39636854783409
 10
38.56448330722836
 20
42.289693422902
 10
39.44578766998495
 20
42.37867526546788
 10
39.59133293654487
 20
42.39337039979665
 10
39.59133293654487
 20
42.39337039979665
 10
39.59801156038159
 20
42.40357507801153
 10
39.59801156038159
 20
42.40357507801153
 10
39.60820377295039
 20
42.4306815035639
 10
39.62719670649642
 20
42.4765904297828
 10
39.6432676221255
 20
42.5145413020217
 10
39.6432676221255
 20
42.5145413020217
 10
39.91820304511135
 20
42.30798360081471
 10
39.91820304511135
 20
42.30798360081471
 10
39.91820304511135
 20
42.30798360081471
 10
39.69538080654869
 20
42.60456768386706
 10
39.69538080654869
 20
42.60456768386706
 10
39.72885970177973
 20
42.63780351966673
 10
39.78482158031296
 20
42.68748078937158
 10
39.82143730630249
 20
42.71951764222655
 10
40.79748616244687
 20
43.99873477485038
 10
40.99043612215297
 20
43.74399543797508
 10
42.45753930022488
 20
44.39886264357037
 10
42.45753930022488
 20
44.39886264357037
 10
42.87557987064547
 20
44.60136121234835
 10
42.87557987064547
 20
44.60136121234835
 10
44.80872287583507
 20
45.61668039242145
 10
45.0783504724694
 20
47.44647751632871
 10
45.92298616989513
 20
47.66717588637479
 10
46.16647660842173
 20
47.73079851453083
 10
46.4416142149062
 20
47.6891955259089
 10
46.66543157933148
 20
47.80426602538243
 10
47.03813479201298
 20
47.99588272567186
 10
47.27457362853904
 20
48.4174029938139
 10
47.66720116415679
 20
48.56392351404114
 10
47.52906005415134
 20
47.32797721167248
 10
45.94087033097551
 20
47.55165948290175
 10
45.65680883373481
 20
47.09472981446586
 10
45.32338220880673
 20
46.55839342725393
 10
45.12342737513231
 20
45.93773295397822
 10
44.73621247048189
 20
45.43883952640567
 10
46.11479233913777
 20
44.98848940642468
 10
48.81948625099424
 20
47.16479252008347
 10
49.62243435891022
 20
48.93557535556167
 10
50.85238430261742
 20
51.64804734141246
 10
50.48222493675936
 20
53.76383660658563
 10
50.54671625882671
 20
53.97127739774321
 10
51.24870514016402
 20
53.08802091668593
 10
50.92476532166181
 20
47.50926532083413
 10
47.19372242303755
 20
45.09844767947261
 10
47.32292872414996
 20
45.08428148204018
 10
47.9282778815848
 20
45.01791091337633
 10
48.73873788960343
 20
44.59569222069634
 10
49.39643380452375
 20
44.25305778268438
 10
49.42596294438994
 20
44.03108622297945
 10
50.08685500865043
 20
44.38304680594623
 10
50.70405861584042
 20
44.71174093490193
 10
51.33578409961589
 20
45.59970653274696
 10
51.423561651345
 20
45.72308836267201
 10
51.0245340923333
 20
45.6226071608155
 10
50.45614250227511
 20
45.7477717215152
 10
50.51200259848236
 20
45.85584325214441
 10
50.51885281128457
 20
45.91955525673826
 10
50.78033333859295
 20
46.26021104247941
 10
50.78033333859295
 20
46.26021104247941
 10
51.03226522183981
 20
46.6341989931293
 10
52.57267971295548
 20
48.92091416097178
 10
52.24771810415829
 20
51.70246565204648
 10
52.20846981391532
 20
52.03841653760365
 10
51.98944082317897
 20
53.9132238972375
 10
51.22676007952771
 20
55.80529150652765
 10
47.71320716397901
 20
53.35613701163993
 10
48.93281846381934
 20
52.16085086169927
 10
45.59622304781196
 20
49.46401626286087
 10
44.56995688242703
 20
48.63452699090737
 10
41.32510848683871
 20
46.44019963618548
 10
41.0928035261103
 20
46.33929691529944
 10
40.97179687777707
 20
45.55475674731162
 10
40.63893882026462
 20
45.029709290702
 10
40.57454521314731
 20
44.92813536489249
 10
40.57454521314731
 20
44.92813536489249
 10
40.07118494945483
 20
44.99961847926301
 10
40.07118494945483
 20
44.99961847926301
 97
        0
 97
        0
 92
        0
 93
        1
 72
     4
 94
        3
 73
     0
 74
     1
 95
       26
 96
       22
 40
0.0
 40
0.0
 40
0.0
 40
0.0
 40
1.0
 40
1.0
 40
1.0
 40
2.0
 40
2.0
 40
2.0
 40
3.0
 40
3.0
 40
3.0
 40
4.0
 40
4.0
 40
4.0
 40
5.0
 40
5.0
 40
5.0
 40
6.0
 40
6.0
 40
6.0
 40
7.0
 40
7.0
 40
7.0
 40
7.0
 10
35.53449025968906
 20
46.70659642613555
 10
34.97630863845342
 20
48.74502686442639
 10
35.16214631703036
 20
48.84136752005384
 10
33.89308346650604
 20
50.51454135486004
 10
32.9422723911617
 20
51.76812167395364
 10
31.41037246695556
 20
52.80157268411988
 10
31.45304745913896
 20
52.84074084285379
 10
31.46329703561542
 20
52.86216560049591
 10
31.47355573631333
 20
52.88358791178646
 10
31.47750064684813
 20
52.90670305247393
 10
32.02666890987948
 20
52.74113175694644
 10
36.4694067244811
 20
51.40167005609701
 10
37.53399337509286
 20
49.06937471036647
 10
37.53399337509286
 20
49.06937471036647
 10
37.37419710199542
 20
47.94414262063879
 10
37.37419710199542
 20
47.94414262063879
 10
36.87887755004417
 20
47.44479911423758
 10
36.44412913854919
 20
46.22590149249084
 10
36.38710701967435
 20
46.06602943029171
 10
36.38710701967435
 20
46.06602943029171
 10
35.53449025968906
 20
46.70659642613555
 10
35.53449025968906
 20
46.70659642613555
 97
        0
 97
        0
 92
        0
 93
        1
 72
     4
 94
        3
 73
     0
 74
     1
 95
       17
 96
       13
 40
0.0
 40
0.0
 40
0.0
 40
0.0
 40
1.0
 40
1.0
 40
1.0
 40
2.0
 40
2.0
 40
2.0
 40
3.0
 40
3.0
 40
3.0
 40
4.0
 40
4.0
 40
4.0
 40
4.0
 10
33.36808527522148
 20
51.77533606971917
 10
33.63145985100218
 20
51.57868809990842
 10
33.88401598180985
 20
51.36696268136478
 10
34.1257703701388
 20
51.14427139971674
 10
35.60845296635497
 20
49.77850306801901
 10
35.37901194491435
 20
49.60395325846275
 10
36.28671306603942
 20
47.79585815628717
 10
36.31849058216365
 20
48.08743407565322
 10
36.64204381598358
 20
48.29446204931078
 10
36.67382133210783
 20
48.58603796867683
 10
36.68529704044905
 20
48.69133380730972
 10
36.15473526044514
 20
50.1210820525686
 10
33.36808527522148
 20
51.77533606971917
 97
        0
 97
        0
 92
        0
 93
        1
 72
     4
 94
        3
 73
     0
 74
     1
 95
       26
 96
       22
 40
0.0
 40
0.0
 40
0.0
 40
0.0
 40
1.0
 40
1.0
 40
1.0
 40
2.0
 40
2.0
 40
2.0
 40
3.0
 40
3.0
 40
3.0
 40
4.0
 40
4.0
 40
4.0
 40
5.0
 40
5.0
 40
5.0
 40
6.0
 40
6.0
 40
6.0
 40
7.0
 40
7.0
 40
7.0
 40
7.0
 10
37.83463026646986
 20
49.239494941972
 10
39.05116196339019
 20
51.48979215036617
 10
43.15666931229046
 20
52.74502610790161
 10
43.6848952368805
 20
52.90652797879061
 10
43.67554632767266
 20
52.86080242382457
 10
43.7750417612515
 20
52.81594711638132
 10
43.74512122339439
 20
52.78012826806551
 10
43.6554191007265
 20
52.67274294161206
 10
43.5290506971951
 20
52.82518449874291
 10
42.38696605734111
 20
51.67808951561726
 10
40.15572613250444
 20
49.43706110614934
 10
39.98341450818633
 20
47.71068237789405
 10
39.69438146362903
 20
46.58345085288931
 10
39.69438146362903
 20
46.58345085288931
 10
38.90133328583644
 20
45.98763745506587
 10
38.90133328583644
 20
45.98763745506587
 10
38.86213997515392
 20
46.1431269134721
 10
38.62343293118051
 20
47.09013619487321
 10
38.03944160192086
 20
47.79728178817108
 10
38.03944160192086
 20
47.79728178817108
 10
37.83463026646986
 20
49.239494941972
 10
37.83463026646986
 20
49.239494941972
 97
        0
 97
        0
 92
        0
 93
        1
 72
     4
 94
        3
 73
     0
 74
     1
 95
       17
 96
       13
 40
0.0
 40
0.0
 40
0.0
 40
0.0
 40
1.0
 40
1.0
 40
1.0
 40
2.0
 40
2.0
 40
2.0
 40
3.0
 40
3.0
 40
3.0
 40
4.0
 40
4.0
 40
4.0
 40
4.0
 10
41.81705813957554
 20
51.76193811600125
 10
39.1194606452318
 20
50.11589246805785
 10
38.5982164859491
 20
48.69111472848135
 10
38.60904508450358
 20
48.58616575028921
 10
38.63804484604928
 20
48.30510487923364
 10
38.95120434431214
 20
48.10514606422406
 10
38.98020410585783
 20
47.82408519316847
 10
39.23819549764734
 20
48.32846934465181
 10
39.41566266427996
 20
48.87140769601671
 10
39.67365405606947
 20
49.37579184750005
 10
39.78882981321747
 20
49.60096535479268
 10
40.66190491111856
 20
50.87737855308414
 10
41.81705813957554
 20
51.76193811600125
 97
        0
 97
        0
 92
        0
 93
        1
 72
     4
 94
        3
 73
     0
 74
     1
 95
      203
 96
      199
 40
0.0
 40
0.0
 40
0.0
 40
0.0
 40
1.0
 40
1.0
 40
1.0
 40
2.0
 40
2.0
 40
2.0
 40
3.0
 40
3.0
 40
3.0
 40
4.0
 40
4.0
 40
4.0
 40
5.0
 40
5.0
 40
5.0
 40
6.0
 40
6.0
 40
6.0
 40
7.0
 40
7.0
 40
7.0
 40
8.0
 40
8.0
 40
8.0
 40
9.0
 40
9.0
 40
9.0
 40
10.0
 40
10.0
 40
10.0
 40
11.0
 40
11.0
 40
11.0
 40
12.0
 40
12.0
 40
12.0
 40
13.0
 40
13.0
 40
13.0
 40
14.0
 40
14.0
 40
14.0
 40
15.0
 40
15.0
 40
15.0
 40
16.0
 40
16.0
 40
16.0
 40
17.0
 40
17.0
 40
17.0
 40
18.0
 40
18.0
 40
18.0
 40
19.0
 40
19.0
 40
19.0
 40
20.0
 40
20.0
 40
20.0
 40
21.0
 40
21.0
 40
21.0
 40
22.0
 40
22.0
 40
22.0
 40
23.0
 40
23.0
 40
23.0
 40
24.0
 40
24.0
 40
24.0
 40
25.0
 40
25.0
 40
25.0
 40
26.0
 40
26.0
 40
26.0
 40
27.0
 40
27.0
 40
27.0
 40
28.0
 40
28.0
 40
28.0
 40
29.0
 40
29.0
 40
29.0
 40
30.0
 40
30.0
 40
30.0
 40
31.0
 40
31.0
 40
31.0
 40
32.0
 40
32.0
 40
32.0
 40
33.0
 40
33.0
 40
33.0
 40
34.0
 40
34.0
 40
34.0
 40
35.0
 40
35.0
 40
35.0
 40
36.0
 40
36.0
 40
36.0
 40
37.0
 40
37.0
 40
37.0
 40
38.0
 40
38.0
 40
38.0
 40
39.0
 40
39.0
 40
39.0
 40
40.0
 40
40.0
 40
40.0
 40
41.0
 40
41.0
 40
41.0
 40
42.0
 40
42.0
 40
42.0
 40
43.0
 40
43.0
 40
43.0
 40
44.0
 40
44.0
 40
44.0
 40
45.0
 40
45.0
 40
45.0
 40
46.0
 40
46.0
 40
46.0
 40
47.0
 40
47.0
 40
47.0
 40
48.0
 40
48.0
 40
48.0
 40
49.0
 40
49.0
 40
49.0
 40
50.0
 40
50.0
 40
50.0
 40
51.0
 40
51.0
 40
51.0
 40
52.0
 40
52.0
 40
52.0
 40
53.0
 40
53.0
 40
53.0
 40
54.0
 40
54.0
 40
54.0
 40
55.0
 40
55.0
 40
55.0
 40
56.0
 40
56.0
 40
56.0
 40
57.0
 40
57.0
 40
57.0
 40
58.0
 40
58.0
 40
58.0
 40
59.0
 40
59.0
 40
59.0
 40
60.0
 40
60.0
 40
60.0
 40
61.0
 40
61.0
 40
61.0
 40
62.0
 40
62.0
 40
62.0
 40
63.0
 40
63.0
 40
63.0
 40
64.0
 40
64.0
 40
64.0
 40
65.0
 40
65.0
 40
65.0
 40
66.0
 40
66.0
 40
66.0
 40
66.0
 10
37.65072207677424
 20
16.26952041524346
 10
37.65072207677424
 20
16.26952041524346
 10
37.64730646577065
 20
16.26670468931749
 10
37.64730646577065
 20
16.26670468931749
 10
37.13728831559304
 20
15.94633046680963
 10
33.29581417844225
 20
17.12754130445884
 10
32.23114656118837
 20
22.69345757018534
 10
32.07225960300631
 20
22.38399676871472
 10
32.03516752545158
 20
22.01961617673598
 10
32.01598689526305
 20
21.67227893923796
 10
31.96286329812615
 20
20.7102769980023
 10
32.06826511348306
 20
19.74387814919898
 10
32.01514151634617
 20
18.78187620796331
 10
31.7221552609962
 20
19.40305141101003
 10
29.9648747335413
 20
21.12966522583716
 10
29.28255532391498
 20
26.36151663465315
 10
29.12218325753416
 20
27.59120878409489
 10
29.30204205687792
 20
28.77725318967748
 10
29.33351285016126
 20
28.98478130867491
 10
28.30149820257088
 20
27.20147776411045
 10
28.40043630323955
 20
25.10554208649651
 10
28.35717662483082
 20
24.97029467974354
 10
28.07158580830928
 20
25.47151854240883
 10
27.8494331290899
 20
29.39219476101903
 10
30.76139353695923
 20
32.00416960525326
 10
30.15477917787393
 20
32.26931556559072
 10
29.50270365292577
 20
32.64538861674847
 10
28.83623882740131
 20
33.17823238619287
 10
25.0241924279887
 20
29.99351327444673
 10
27.6866932226517
 20
24.28183084695323
 10
27.67821465852585
 20
24.15525427664346
 10
27.13979755862733
 20
24.65658133294636
 10
24.48211381413705
 20
30.25990264405758
 10
28.11642884853039
 20
33.81280955920091
 10
28.013801909803
 20
33.9121062865066
 10
27.48554674953417
 20
34.42321973534836
 10
26.93972279030098
 20
35.15505877124817
 10
22.83616712569378
 20
31.28320577611802
 10
25.96763377790261
 20
26.63860237766102
 10
25.97558347079023
 20
26.57508718298897
 10
24.94804218303612
 20
27.3319291289384
 10
22.65274406268083
 20
32.25658299241304
 10
26.28564130663141
 20
35.8795764961373
 10
26.28564130663141
 20
35.8795764961373
 10
26.28631517724918
 20
35.88024832656642
 10
26.28631517724918
 20
35.88024832656642
 10
25.50724376331745
 20
36.14991488368053
 10
24.31167249086225
 20
35.21110944006852
 10
23.72315789911601
 20
35.08157841825902
 10
23.96726167679094
 20
35.60287787027447
 10
25.38937638508376
 20
36.62766657965433
 10
25.97352089261553
 20
36.72731695531414
 10
25.71458601787753
 20
37.26309602216516
 10
25.4756885293837
 20
38.55562083941924
 10
25.53366887715659
 20
38.6079404839283
 10
24.22032301337365
 20
38.40462047523761
 10
23.1328094108632
 20
38.44659437164416
 10
22.7552733983546
 20
38.46214348409149
 10
22.92735446961125
 20
38.6893458993728
 10
23.10726818743303
 20
38.22573091150554
 10
26.17814517043542
 20
39.45036356321472
 10
24.23393218581471
 20
39.59161574805723
 10
23.27886973941483
 20
40.26788153386519
 10
23.21476600334874
 20
40.43431736423295
 10
23.62691833429211
 20
40.40046345006417
 10
24.28822348040937
 20
39.92189001917023
 10
26.71672311488407
 20
40.20061521677771
 10
26.99821515892463
 20
40.23292278828664
 10
27.92688470004927
 20
40.61132844371514
 10
29.82621089505043
 20
40.15192511857992
 10
31.78749185672734
 20
39.67753636024544
 10
32.64215582185663
 20
38.99018117025707
 10
32.84789867090266
 20
38.82471448292179
 10
32.20064823663819
 20
39.98045975437122
 10
32.28971031963506
 20
40.03798581607176
 10
31.36604504965359
 20
40.96996306133423
 10
30.91203995299469
 20
40.84557884229487
 10
30.46756953145394
 20
42.11639729723004
 10
29.5877644756924
 20
42.22796929055527
 10
29.10059726212765
 20
42.28974913228744
 10
28.60465154006814
 20
42.22095879239176
 10
28.11482093749068
 20
42.25581024279903
 10
28.07911718449632
 20
42.25835056504571
 10
27.82307575767535
 20
42.27656791414987
 10
27.76873902080195
 20
42.53938837891759
 10
29.19524874557393
 20
42.42125419044784
 10
30.00303621643972
 20
43.35391382623579
 10
31.91044330684388
 20
41.76044067657517
 10
31.91044330684388
 20
41.76044067657517
 10
31.94584857644956
 20
41.74839729760387
 10
31.94584857644956
 20
41.74839729760387
 10
33.24050897253447
 20
40.65432216169217
 10
34.31168513305739
 20
35.97967400413338
 10
37.64825556939713
 20
34.98628923975574
 10
40.94720795732023
 20
35.95992110208815
 10
42.27824697254512
 20
41.27643191045712
 10
43.21637167374637
 20
41.7444324779086
 10
43.21637167374637
 20
41.7444324779086
 10
43.24889371598572
 20
41.75574785895554
 10
43.24889371598572
 20
41.75574785895554
 10
43.4244622912766
 20
41.90405474903289
 10
44.71257528971222
 20
42.99215398632356
 10
45.968145897292
 20
42.68239594738337
 10
46.63263266588235
 20
42.51846242019055
 10
46.62068359408319
 20
42.47591652733824
 10
47.31571342599784
 20
42.5397565226946
 10
47.30780621737015
 20
42.49894703908807
 10
47.24675943164723
 20
42.18388164515519
 10
46.93367185206851
 20
42.18757115567178
 10
45.5680027622911
 20
42.20366457744116
 10
45.54324500491293
 20
42.32893819223617
 10
45.05215977782655
 20
42.07206071615357
 10
43.65253250097118
 20
41.3399419259629
 10
43.93724079351293
 20
40.97735841537156
 10
43.80426464451134
 20
40.97195070124997
 10
42.90004888668319
 20
40.0372183060421
 10
42.98734936938224
 20
39.98339096316721
 10
42.36530091537751
 20
38.84886704554671
 10
43.60954274043914
 20
39.85327546131525
 10
46.45524638559974
 20
40.5106657875299
 10
46.93044706534517
 20
40.39121898830725
 10
46.93044706534517
 20
40.39121898830725
 10
46.93316138381719
 20
40.39347012557808
 10
46.93316138381719
 20
40.39347012557808
 10
46.99272144071998
 20
40.43816962768115
 10
47.93679944082128
 20
40.16579263064349
 10
48.39204197554444
 20
40.13112932716717
 10
50.95977993556307
 20
39.93561534644932
 10
51.06152194194549
 20
40.37156365079437
 10
51.77243275177276
 20
40.43470238424445
 10
51.70205142707652
 20
40.24494552927442
 10
50.53157278111223
 20
39.5724648005841
 10
48.87382232095812
 20
39.45004046792811
 10
49.94423536115609
 20
39.00955108405973
 10
52.22525886234375
 20
38.54241129749045
 10
52.26990608052947
 20
38.50613411405336
 10
51.628807972233
 20
38.27450345454209
 10
49.73606097820347
 20
38.57214590720628
 10
49.51847435339121
 20
38.60636232222654
 10
49.51847435339121
 20
38.60636232222654
 10
49.52407924688911
 20
38.60121079416427
 10
49.52407924688911
 20
38.60121079416427
 10
49.5249764958569
 20
38.58958815585506
 10
49.54408443490952
 20
37.70453567702415
 10
49.08139746304143
 20
36.72565465949007
 10
49.97116236108948
 20
36.56969408070408
 10
51.17430494542673
 20
35.3895451801448
 10
51.27470949496681
 20
35.08125800095279
 10
50.93072769571805
 20
35.19937617910333
 10
50.65337164084591
 20
35.46535733005419
 10
50.31758594276338
 20
35.60508330182481
 10
50.20154908465643
 20
35.65336815389797
 10
49.24365426315769
 20
36.05196400104766
 10
48.77125291600122
 20
35.88252869883564
 10
52.52525470892795
 20
32.05614132654143
 10
49.80074861937818
 20
26.98938649577995
 10
49.06996623384619
 20
26.57486411198835
 10
49.13287040544359
 20
26.83389651548136
 10
52.11964632460992
 20
31.20936534007033
 10
48.12874062969392
 20
35.14619838159796
 10
47.82566812745801
 20
34.73069087071657
 10
47.44256228878257
 20
34.26872832462251
 10
46.98199379417645
 20
33.81463313881126
 10
50.58423809951502
 20
30.24596944223458
 10
47.84029734937173
 20
24.47223818634249
 10
47.40380681471217
 20
24.15504754782799
 10
47.41298905987504
 20
24.33541360243886
 10
49.97065091345944
 20
29.99725660396361
 10
46.26785746385053
 20
33.17408307673978
 10
45.72141024798967
 20
32.72993614813412
 10
45.09517045616852
 20
32.32123341701892
 10
44.39189093504363
 20
32.00614668995629
 10
47.21116580193959
 20
29.4509440185447
 10
47.04724452391147
 20
25.51296210330526
 10
46.73946283520071
 20
24.97028546766526
 10
46.69985513096649
 20
25.09308312878812
 10
46.77973426289844
 20
27.1941987476973
 10
45.80016713067907
 20
28.94350467840938
 10
45.80016713067907
 20
28.94350467840938
 10
45.80347582842493
 20
28.9204070967325
 10
45.80347582842493
 20
28.9204070967325
 10
46.25531755214998
 20
25.74783901774773
 10
45.19191206383213
 20
22.88163068825241
 10
45.00879220356521
 20
22.38806574566098
 10
43.94729455759978
 20
19.52699964432028
 10
43.51005814623687
 20
19.46369955574826
 10
43.16082210729986
 20
18.78226173856346
 10
43.10993872508461
 20
19.72322402632632
 10
43.21180304878358
 20
20.66831064651254
 10
43.1609196665683
 20
21.60927293427542
 10
43.14147169298783
 20
21.96891509869
 10
43.09890222494897
 20
22.34088126111298
 10
42.95063696005222
 20
22.66911611807716
 10
41.89598503321842
 20
17.10070873001992
 10
38.13645093417795
 20
15.95919466607813
 10
37.65316491320627
 20
16.26763904515121
 10
37.65316491320627
 20
16.26763904515121
 10
37.65072207677424
 20
16.26952041524346
 10
37.65072207677424
 20
16.26952041524346
 97
        0
 97
        0
 92
        0
 93
        1
 72
     4
 94
        3
 73
     0
 74
     1
 95
       20
 96
       16
 40
0.0
 40
0.0
 40
0.0
 40
0.0
 40
1.0
 40
1.0
 40
1.0
 40
2.0
 40
2.0
 40
2.0
 40
3.0
 40
3.0
 40
3.0
 40
4.0
 40
4.0
 40
4.0
 40
5.0
 40
5.0
 40
5.0
 40
5.0
 10
31.89111344501887
 20
26.93296097913564
 10
31.89111344501887
 20
26.93296097913564
 10
31.89061634055365
 20
26.93459905707678
 10
31.89061634055365
 20
26.93459905707678
 10
31.67595572293837
 20
27.64186642555492
 10
30.87866585539511
 20
28.5935967985965
 10
30.33301005037402
 20
29.19270376092055
 10
30.33247286849232
 20
28.6129399352093
 10
29.37010988631326
 20
23.61282697753207
 10
31.82072313723313
 20
19.28721366698867
 10
30.80331364574196
 20
22.06972613851692
 10
31.27209527493251
 20
23.74287286208182
 10
32.07541448484982
 20
23.6552793729008
 10
31.90237041911472
 20
24.9513216215474
 10
31.88335072094478
 20
26.14536988513916
 10
31.89111344501887
 20
26.93296097913564
 97
        0
 97
        0
 92
        0
 93
        1
 72
     4
 94
        3
 73
     0
 74
     1
 95
       14
 96
       10
 40
0.0
 40
0.0
 40
0.0
 40
0.0
 40
1.0
 40
1.0
 40
1.0
 40
2.0
 40
2.0
 40
2.0
 40
3.0
 40
3.0
 40
3.0
 40
3.0
 10
32.18764621774901
 20
22.92984800380306
 10
32.18764621774901
 20
22.92984800380306
 10
32.17538617882761
 20
23.00002208775992
 10
32.17538617882761
 20
23.00002208775992
 10
32.16083395867666
 20
23.00675783880296
 10
32.16044054866188
 20
23.00534434551032
 10
32.14546166092101
 20
23.01067844654764
 10
32.16479666829167
 20
22.96917319917913
 10
32.16181372077131
 20
22.96763816967309
 10
32.18764621774901
 20
22.92984800380306
 97
        0
 97
        0
 92
        0
 93
        1
 72
     4
 94
        3
 73
     0
 74
     1
 95
       20
 96
       16
 40
0.0
 40
0.0
 40
0.0
 40
0.0
 40
1.0
 40
1.0
 40
1.0
 40
2.0
 40
2.0
 40
2.0
 40
3.0
 40
3.0
 40
3.0
 40
4.0
 40
4.0
 40
4.0
 40
5.0
 40
5.0
 40
5.0
 40
5.0
 10
31.34027231540089
 20
38.8251599394739
 10
31.3559450185502
 20
38.67205320866795
 10
31.37729572172524
 20
38.51920580508839
 10
31.40872009929909
 20
38.36854123348584
 10
31.46443012288888
 20
38.10143882808735
 10
31.54572749783481
 20
37.84010249570468
 10
31.60143752142461
 20
37.57300009030619
 10
31.65123005898806
 20
37.86596460792656
 10
31.72264572506103
 20
38.15497916797812
 10
31.77243826262447
 20
38.44794368559849
 10
31.77524003326082
 20
38.46442847273985
 10
31.7947088994574
 20
38.57897750504477
 10
31.74687949496706
 20
38.65538995948967
 10
31.74687949496706
 20
38.65538995948967
 10
31.34027231540089
 20
38.8251599394739
 10
31.34027231540089
 20
38.8251599394739
 97
        0
 97
        0
 92
        0
 93
        1
 72
     4
 94
        3
 73
     0
 74
     1
 95
       17
 96
       13
 40
0.0
 40
0.0
 40
0.0
 40
0.0
 40
1.0
 40
1.0
 40
1.0
 40
2.0
 40
2.0
 40
2.0
 40
3.0
 40
3.0
 40
3.0
 40
4.0
 40
4.0
 40
4.0
 40
4.0
 10
43.01013325925938
 20
23.00254915192241
 10
43.01013325925938
 20
23.00254915192241
 10
43.00338750561012
 20
22.96262846253853
 10
43.00338750561012
 20
22.96262846253853
 10
43.00804285073828
 20
22.97059156503177
 10
43.02537024767517
 20
23.00558799262533
 10
43.02650426726321
 20
23.00876252877332
 10
43.02697086418019
 20
23.01006870442952
 10
43.02365897434281
 20
23.01028147573242
 10
43.02342817866489
 20
23.01021776294713
 10
43.0183010880999
 20
23.00880239319972
 10
43.01492503068106
 20
23.00457089534392
 10
43.01013325925938
 20
23.00254915192241
 97
        0
 97
        0
 92
        0
 93
        1
 72
     4
 94
        3
 73
     0
 74
     1
 95
       23
 96
       19
 40
0.0
 40
0.0
 40
0.0
 40
0.0
 40
1.0
 40
1.0
 40
1.0
 40
2.0
 40
2.0
 40
2.0
 40
3.0
 40
3.0
 40
3.0
 40
4.0
 40
4.0
 40
4.0
 40
5.0
 40
5.0
 40
5.0
 40
6.0
 40
6.0
 40
6.0
 40
6.0
 10
37.60359752600727
 20
28.02557477175127
 10
37.41295348085847
 20
28.04345856774878
 10
35.41489256880747
 20
28.23089119232312
 10
35.26129770422166
 20
27.53309634628737
 10
35.10489797695431
 20
26.82255876482035
 10
35.66006269299332
 20
25.1908872398447
 10
37.64772737096972
 20
24.87420902673735
 10
39.41570940336472
 20
25.16117531062386
 10
40.22944149929954
 20
26.68651351323226
 10
39.919890153065
 20
27.56047573250418
 10
39.68582619730569
 20
28.22131296262884
 10
37.87623330559068
 20
28.04389776527147
 10
37.69527420594998
 20
28.02615626411762
 10
37.69527420594998
 20
28.02615626411762
 10
37.64757846826642
 20
28.02135836963331
 10
37.64757846826642
 20
28.02135836963331
 10
37.64757846826642
 20
28.02135836963331
 10
37.60359752600727
 20
28.02557477175127
 10
37.60359752600727
 20
28.02557477175127
 97
        0
 97
        0
 92
        0
 93
        1
 72
     4
 94
        3
 73
     0
 74
     1
 95
       14
 96
       10
 40
0.0
 40
0.0
 40
0.0
 40
0.0
 40
1.0
 40
1.0
 40
1.0
 40
2.0
 40
2.0
 40
2.0
 40
3.0
 40
3.0
 40
3.0
 40
3.0
 10
34.18477319135162
 20
36.99968690121611
 10
34.41238591260852
 20
36.39627526578243
 10
34.34050762030747
 20
36.36432476208616
 10
34.38676163498666
 20
36.33327752053757
 10
34.59449011080726
 20
36.19384322040056
 10
34.90052072376226
 20
36.26584691880361
 10
35.10824919958286
 20
36.12641261866659
 10
35.10824919958286
 20
36.12641261866659
 10
34.18477319135162
 20
36.99968690121611
 10
34.18477319135162
 20
36.99968690121611
 97
        0
 97
        0
 92
        0
 93
        1
 72
     4
 94
        3
 73
     0
 74
     1
 95
       20
 96
       16
 40
0.0
 40
0.0
 40
0.0
 40
0.0
 40
1.0
 40
1.0
 40
1.0
 40
2.0
 40
2.0
 40
2.0
 40
3.0
 40
3.0
 40
3.0
 40
4.0
 40
4.0
 40
4.0
 40
5.0
 40
5.0
 40
5.0
 40
5.0
 10
43.81066052155799
 20
38.81850131880427
 10
43.76875585762537
 20
38.80269479443144
 10
43.43989840969377
 20
38.66252193114591
 10
43.43928856040202
 20
38.66140612565186
 10
43.42728937680346
 20
38.63945192292609
 10
43.41374761948574
 20
38.61717485335466
 10
43.40947560807884
 20
38.59252292963872
 10
43.39548739453156
 20
38.51180302033954
 10
43.42162718327952
 20
38.5132946924357
 10
43.56472123264858
 20
37.58032188038961
 10
43.62109280303871
 20
37.86412411336229
 10
43.69982072261326
 20
38.14317895643288
 10
43.7561922930034
 20
38.42698118940555
 10
43.78186296051328
 20
38.55621996545493
 10
43.79752156499627
 20
38.6873944455077
 10
43.81066052155799
 20
38.81850131880427
 97
        0
 97
        0
 92
        0
 93
        1
 72
     4
 94
        3
 73
     0
 74
     1
 95
       47
 96
       43
 40
0.0
 40
0.0
 40
0.0
 40
0.0
 40
1.0
 40
1.0
 40
1.0
 40
2.0
 40
2.0
 40
2.0
 40
3.0
 40
3.0
 40
3.0
 40
4.0
 40
4.0
 40
4.0
 40
5.0
 40
5.0
 40
5.0
 40
6.0
 40
6.0
 40
6.0
 40
7.0
 40
7.0
 40
7.0
 40
8.0
 40
8.0
 40
8.0
 40
9.0
 40
9.0
 40
9.0
 40
10.0
 40
10.0
 40
10.0
 40
11.0
 40
11.0
 40
11.0
 40
12.0
 40
12.0
 40
12.0
 40
13.0
 40
13.0
 40
13.0
 40
14.0
 40
14.0
 40
14.0
 40
14.0
 10
40.72065095984578
 20
33.37540341396548
 10
42.46738035155312
 20
36.09924103456692
 10
43.70824984422759
 20
34.08051390393501
 10
46.35000519275452
 20
35.31406393894791
 10
46.35000519275452
 20
35.31406393894791
 10
46.36812701346427
 20
35.33111126623911
 10
46.36812701346427
 20
35.33111126623911
 10
46.37071651304415
 20
35.33354291433829
 10
46.3724043720706
 20
35.33415457077323
 10
46.38613847565335
 20
35.33113163790364
 10
48.29944594437519
 20
36.24532184297102
 10
47.86989936385812
 20
36.68852726460548
 10
48.65005459961846
 20
38.65289885920122
 10
48.65005459961846
 20
38.65289885920122
 10
48.8005606542788
 20
38.74136302490993
 10
48.8005606542788
 20
38.74136302490993
 10
48.41960225496688
 20
38.82520187713757
 10
48.07107724094097
 20
38.92220264572116
 10
47.75969776092843
 20
39.0258465940554
 10
47.47826580496867
 20
35.79265483998963
 10
44.15044219271754
 20
35.22305444072203
 10
43.5657010822731
 20
35.50579498756737
 10
44.17423905100109
 20
35.89438550952504
 10
46.28461947586722
 20
35.55250550062757
 10
46.87532036927403
 20
39.38229295652088
 10
46.82326672781385
 20
39.40791713934825
 10
46.77349369827561
 20
39.43351397455972
 10
46.72606024155165
 20
39.45900189629074
 10
46.59334966001411
 20
39.44249878858252
 10
46.38560358950355
 20
39.41631257355201
 10
46.13122266928963
 20
39.37768729549336
 10
46.15107024030632
 20
39.12592461243333
 10
46.30011549514806
 20
37.23531375507874
 10
44.69035195272369
 20
36.56890417494528
 10
43.79128296626457
 20
36.19670778088672
 10
43.75950158768934
 20
36.33856949959498
 10
41.26034258326381
 20
36.05230471162773
 10
41.00697588783064
 20
35.20251962437085
 10
40.89728362883447
 20
34.26229041695934
 10
40.72342473822467
 20
33.38928052289076
 10
40.72342473822467
 20
33.38928052289076
 10
40.72065095984578
 20
33.37540341396548
 10
40.72065095984578
 20
33.37540341396548
 97
        0
 97
        0
 92
        0
 93
        1
 72
     4
 94
        3
 73
     0
 74
     1
 95
       26
 96
       22
 40
0.0
 40
0.0
 40
0.0
 40
0.0
 40
1.0
 40
1.0
 40
1.0
 40
2.0
 40
2.0
 40
2.0
 40
3.0
 40
3.0
 40
3.0
 40
4.0
 40
4.0
 40
4.0
 40
5.0
 40
5.0
 40
5.0
 40
6.0
 40
6.0
 40
6.0
 40
7.0
 40
7.0
 40
7.0
 40
7.0
 10
45.18638677497223
 20
39.2069850072426
 10
45.01985105463941
 20
39.1715350051244
 10
44.82124965119085
 20
39.19798946891725
 10
44.68898187324942
 20
39.09076967729561
 10
44.64059802542306
 20
39.05154843866492
 10
44.99940396467216
 20
38.97276383079444
 10
44.54626021304468
 20
38.32541256420826
 10
44.48353307495988
 20
38.23580194474658
 10
44.47351349921107
 20
38.25517329641958
 10
43.56263397941424
 20
37.37569012607925
 10
43.56263397941424
 20
37.37569012607925
 10
42.64472513251859
 20
38.17949898866062
 10
42.64472513251859
 20
38.17949898866062
 10
42.64472513251859
 20
38.17949898866062
 10
41.39884716239946
 20
36.46597009492173
 10
41.39884716239946
 20
36.46597009492173
 10
43.6804767983168
 20
36.96501076060959
 10
43.75363612684351
 20
36.80194048356727
 10
44.43263261430717
 20
37.31572927586325
 10
44.92275975929399
 20
37.68660282019471
 10
45.25965462303425
 20
38.32836047672343
 10
45.18638677497223
 20
39.2069850072426
 97
        0
 97
        0
 92
        0
 93
        1
 72
     4
 94
        3
 73
     0
 74
     1
 95
       29
 96
       25
 40
0.0
 40
0.0
 40
0.0
 40
0.0
 40
1.0
 40
1.0
 40
1.0
 40
2.0
 40
2.0
 40
2.0
 40
3.0
 40
3.0
 40
3.0
 40
4.0
 40
4.0
 40
4.0
 40
5.0
 40
5.0
 40
5.0
 40
6.0
 40
6.0
 40
6.0
 40
7.0
 40
7.0
 40
7.0
 40
8.0
 40
8.0
 40
8.0
 40
8.0
 10
33.82242216704599
 20
36.46412419218386
 10
33.54991480971105
 20
37.18189464598412
 10
33.16640738112623
 20
37.72502724280753
 10
32.54028558476503
 20
38.18647508591398
 10
32.40189595054877
 20
37.98715190772192
 10
32.21099243092928
 20
37.8276995321496
 10
32.02297980151211
 20
37.67429590962804
 10
31.88209865370728
 20
37.55934789530981
 10
31.70056030028352
 20
37.50132483317976
 10
31.55967915247869
 20
37.38637681886151
 10
31.2238308622449
 20
37.74899610690986
 10
30.84042856061921
 20
38.06555777465282
 10
30.50458027038542
 20
38.42817706270116
 10
30.42849495796094
 20
38.51032725558465
 10
30.27974164609616
 20
38.89167662826819
 10
30.46050022529517
 20
39.08965311801236
 10
30.30003460839109
 20
39.12972167690365
 10
30.125273532897
 20
39.16972248333533
 10
29.93499472698138
 20
39.20904692297514
 10
29.92011798242418
 20
39.04551053924916
 10
29.80462207793223
 20
37.7758925470098
 10
30.67926108252079
 20
37.29608542148118
 10
31.55739178103474
 20
36.81436283183904
 10
31.60030596793114
 20
36.94641095230119
 10
33.82242216704599
 20
36.46412419218386
 97
        0
 97
        0
 92
        0
 93
        1
 72
     4
 94
        3
 73
     0
 74
     1
 95
       23
 96
       19
 40
0.0
 40
0.0
 40
0.0
 40
0.0
 40
1.0
 40
1.0
 40
1.0
 40
2.0
 40
2.0
 40
2.0
 40
3.0
 40
3.0
 40
3.0
 40
4.0
 40
4.0
 40
4.0
 40
5.0
 40
5.0
 40
5.0
 40
6.0
 40
6.0
 40
6.0
 40
6.0
 10
37.51152474590396
 20
24.71320654562052
 10
37.51212959414304
 20
24.70864914864404
 10
37.51274541147099
 20
24.70400910202216
 10
37.51438654232612
 20
24.69971464069275
 10
37.55119674020528
 20
24.60339083395544
 10
37.57107826490753
 20
24.61749752599651
 10
37.64769201069696
 20
24.54899196442447
 10
37.67083732456314
 20
24.57100486407898
 10
37.69947679599143
 20
24.58671130050784
 10
37.7226221098576
 20
24.60872420016236
 10
37.73909929635007
 20
24.62439521914031
 10
37.75355582127383
 20
24.6423557625626
 10
37.76592277439072
 20
24.66143813613403
 10
37.77700773971015
 20
24.6785423854388
 10
37.78139523515888
 20
24.6994119162359
 10
37.79248020047832
 20
24.71651616554067
 10
37.79248020047832
 20
24.71651616554067
 10
37.51152474590396
 20
24.71320654562052
 10
37.51152474590396
 20
24.71320654562052
 97
        0
 97
        0
 92
        0
 93
        1
 72
     4
 94
        3
 73
     0
 74
     1
 95
       14
 96
       10
 40
0.0
 40
0.0
 40
0.0
 40
0.0
 40
1.0
 40
1.0
 40
1.0
 40
2.0
 40
2.0
 40
2.0
 40
3.0
 40
3.0
 40
3.0
 40
3.0
 10
40.1344875338722
 20
36.12550154884401
 10
40.55584788281575
 20
36.26960396852455
 10
40.81155303503983
 20
36.30494897914678
 10
40.83290809431361
 20
36.33122687107123
 10
40.94206883400054
 20
36.46555167359741
 10
40.91317902745196
 20
36.83548625132696
 10
41.02592603409619
 20
36.98500757779037
 10
41.02592603409619
 20
36.98500757779037
 10
40.1344875338722
 20
36.12550154884401
 10
40.1344875338722
 20
36.12550154884401
 97
        0
 97
        0
 92
        0
 93
        1
 72
     4
 94
        3
 73
     0
 74
     1
 95
       50
 96
       46
 40
0.0
 40
0.0
 40
0.0
 40
0.0
 40
1.0
 40
1.0
 40
1.0
 40
2.0
 40
2.0
 40
2.0
 40
3.0
 40
3.0
 40
3.0
 40
4.0
 40
4.0
 40
4.0
 40
5.0
 40
5.0
 40
5.0
 40
6.0
 40
6.0
 40
6.0
 40
7.0
 40
7.0
 40
7.0
 40
8.0
 40
8.0
 40
8.0
 40
9.0
 40
9.0
 40
9.0
 40
10.0
 40
10.0
 40
10.0
 40
11.0
 40
11.0
 40
11.0
 40
12.0
 40
12.0
 40
12.0
 40
13.0
 40
13.0
 40
13.0
 40
14.0
 40
14.0
 40
14.0
 40
15.0
 40
15.0
 40
15.0
 40
15.0
 10
27.32448654305852
 20
39.03111557559433
 10
26.96074486173537
 20
38.91154060762263
 10
26.59809079351657
 20
38.81583159794864
 10
26.24469418873373
 20
38.73940335072905
 10
26.26478289708354
 20
38.72691124411498
 10
26.82590656161961
 20
36.78869720802522
 10
27.80825957750933
 20
35.90388294463536
 10
28.57810670077073
 20
35.21047466444152
 10
28.68218235379766
 20
35.37729868186164
 10
28.74739006652626
 20
35.31734620658496
 10
29.63903150180263
 20
34.91072026153835
 10
31.08337836041796
 20
34.869115662084
 10
31.28991442582072
 20
34.86316636380934
 10
33.21186522997465
 20
34.8078043204741
 10
33.45722356776184
 20
34.97932827518961
 10
34.51234510451078
 20
33.36541828045998
 10
33.96785836198853
 20
36.02855262718094
 10
33.96869900903743
 20
36.02863810490579
 10
33.96203883091906
 20
36.05077253733224
 10
31.43728188212462
 20
36.33921634149142
 10
31.40538491190208
 20
36.18463111817073
 10
30.39437751089234
 20
36.59705144121594
 10
28.82515994822072
 20
37.23718247633885
 10
28.96952852025811
 20
39.12812030602758
 10
28.98849823521772
 20
39.37658540566333
 10
28.79424467634434
 20
39.40589087534328
 10
28.58851930434685
 20
39.43415410473817
 10
28.3706632229362
 20
39.46104699570355
 10
28.33692431390531
 20
39.443103265546
 10
28.28075021146088
 20
39.41403426986172
 10
28.20907386373652
 20
39.37933036875617
 10
28.25121755910826
 20
39.11088504796587
 10
28.4805249742394
 20
36.06403810685622
 10
31.51048604417242
 20
35.5618988146806
 10
31.51048604417242
 20
35.5618988146806
 10
31.55561076754531
 20
35.55458036648697
 10
31.55561076754531
 20
35.55458036648697
 10
31.56800823230715
 20
35.55256717698256
 10
31.57804639242144
 20
35.56587828640283
 10
31.58926420485949
 20
35.57152724636077
 10
31.58926420485949
 20
35.57152724636077
 10
31.59930403982165
 20
35.50584982745637
 10
31.59930403982165
 20
35.50584982745637
 10
31.28716917955644
 20
35.22600389644837
 10
27.63050000567638
 20
35.64908779057567
 10
27.32448654305852
 20
39.03111557559433
 97
        0
 97
        0
 92
        0
 93
        1
 72
     4
 94
        3
 73
     0
 74
     1
 95
      128
 96
      124
 40
0.0
 40
0.0
 40
0.0
 40
0.0
 40
1.0
 40
1.0
 40
1.0
 40
2.0
 40
2.0
 40
2.0
 40
3.0
 40
3.0
 40
3.0
 40
4.0
 40
4.0
 40
4.0
 40
5.0
 40
5.0
 40
5.0
 40
6.0
 40
6.0
 40
6.0
 40
7.0
 40
7.0
 40
7.0
 40
8.0
 40
8.0
 40
8.0
 40
9.0
 40
9.0
 40
9.0
 40
10.0
 40
10.0
 40
10.0
 40
11.0
 40
11.0
 40
11.0
 40
12.0
 40
12.0
 40
12.0
 40
13.0
 40
13.0
 40
13.0
 40
14.0
 40
14.0
 40
14.0
 40
15.0
 40
15.0
 40
15.0
 40
16.0
 40
16.0
 40
16.0
 40
17.0
 40
17.0
 40
17.0
 40
18.0
 40
18.0
 40
18.0
 40
19.0
 40
19.0
 40
19.0
 40
20.0
 40
20.0
 40
20.0
 40
21.0
 40
21.0
 40
21.0
 40
22.0
 40
22.0
 40
22.0
 40
23.0
 40
23.0
 40
23.0
 40
24.0
 40
24.0
 40
24.0
 40
25.0
 40
25.0
 40
25.0
 40
26.0
 40
26.0
 40
26.0
 40
27.0
 40
27.0
 40
27.0
 40
28.0
 40
28.0
 40
28.0
 40
29.0
 40
29.0
 40
29.0
 40
30.0
 40
30.0
 40
30.0
 40
31.0
 40
31.0
 40
31.0
 40
32.0
 40
32.0
 40
32.0
 40
33.0
 40
33.0
 40
33.0
 40
34.0
 40
34.0
 40
34.0
 40
35.0
 40
35.0
 40
35.0
 40
36.0
 40
36.0
 40
36.0
 40
37.0
 40
37.0
 40
37.0
 40
38.0
 40
38.0
 40
38.0
 40
39.0
 40
39.0
 40
39.0
 40
40.0
 40
40.0
 40
40.0
 40
41.0
 40
41.0
 40
41.0
 40
41.0
 10
37.50605382662437
 20
34.90565449867773
 10
37.50605382662437
 20
34.90565449867773
 10
37.49695064741939
 20
34.9075661873893
 10
37.49695064741939
 20
34.9075661873893
 10
36.85882103324889
 20
35.04243593167009
 10
36.25534519772737
 20
35.32362990979931
 10
35.70211781413914
 20
35.68878220017396
 10
35.606981741259
 20
35.72579787620336
 10
35.23669516410503
 20
35.86986949449733
 10
34.46108039546065
 20
35.98561965511199
 10
34.59903360734651
 20
35.26042355864957
 10
34.62081152796927
 20
34.51764914787407
 10
34.72323001656402
 20
33.7865876455448
 10
34.95479534950244
 20
32.13367807318044
 10
35.59590309446763
 20
31.99832910732779
 10
35.52104561815943
 20
31.67498192480579
 10
34.96548008330613
 20
32.16703056923937
 10
34.75552906192209
 20
32.43636713305746
 10
34.60511608366706
 20
32.97224683940528
 10
32.78474355047739
 20
35.43797841092734
 10
31.89441564537459
 20
34.06409181016219
 10
29.93679212993163
 20
34.24995564645608
 10
31.75311742933957
 20
32.77530950687555
 10
34.39525483000664
 20
31.85069034171012
 10
34.05633773966226
 20
31.49099899575162
 10
33.65395927552704
 20
31.06395634882445
 10
33.15959523385445
 20
30.73029193768886
 10
32.75721676971925
 20
30.30324929076169
 10
32.75721676971925
 20
30.30324929076169
 10
33.09036421194333
 20
29.48093554899424
 10
33.09036421194333
 20
29.48093554899424
 10
32.93600972201754
 20
29.48722270722709
 10
31.6341713748075
 20
29.73544964606945
 10
33.42477671476128
 20
31.38278965657894
 10
33.0195073038028
 20
31.3991718284086
 10
32.46984359918385
 20
31.45519779406067
 10
31.82833905238364
 20
31.62840524677662
 10
31.74145478191472
 20
31.51429483409203
 10
31.62002614464028
 20
31.65753878173602
 10
30.46272191712792
 20
30.46687085524852
 10
30.46272191712792
 20
30.46687085524852
 10
30.51166434114623
 20
30.43024736965869
 10
30.51166434114623
 20
30.43024736965869
 10
32.21683045048461
 20
28.73364128925827
 10
32.9296657822476
 20
25.62703071465165
 10
33.67455890453837
 20
25.00095464711995
 10
34.75918775895239
 20
24.08933370770973
 10
37.01906645224567
 20
24.23859167957443
 10
37.55423434925635
 20
24.49699333280276
 10
37.38859818508624
 20
24.65169632985111
 10
37.43623601284694
 20
24.70998162677036
 10
37.44897617522848
 20
24.72556932633839
 10
34.35305198007798
 20
24.95209865115344
 10
32.88065864266294
 20
29.25585106957634
 10
37.6347426291553
 20
29.01971163359991
 10
42.34863399380853
 20
29.29556544295527
 10
40.79609863356921
 20
24.95339137766974
 10
37.85002730631924
 20
24.72627539279929
 10
37.86200558917498
 20
24.70980066069232
 10
37.90764906272518
 20
24.64702338216033
 10
37.74037345420329
 20
24.49648518020378
 10
38.43579619304372
 20
24.15377558433203
 10
40.834434854758
 20
24.10946921335213
 10
41.81390919438108
 20
25.28315724379746
 10
42.26764299330114
 20
25.82685901040614
 10
42.66573658459627
 20
27.52729230045085
 10
43.07967281477493
 20
28.27691952510153
 10
43.18435123159934
 20
28.46648928334916
 10
44.01888462078343
 20
29.97780649310968
 10
44.67011112086688
 20
30.46729272945461
 10
44.28158179538528
 20
30.87569665856123
 10
43.81490161450447
 20
31.20188487295849
 10
43.38939414698042
 20
31.5716039570618
 10
43.37366499151104
 20
31.58527085928493
 10
43.35989448650683
 20
31.60113270995195
 10
43.34665909472074
 20
31.61722665143392
 10
43.34665909472074
 20
31.61722665143392
 10
43.33886220712939
 20
31.62702237868115
 10
43.33886220712939
 20
31.62702237868115
 10
42.85024782691769
 20
31.49278539067252
 10
42.33159058515559
 20
31.40663658099157
 10
41.78357831745134
 20
31.38311017977837
 10
41.88513927898746
 20
31.2893570908394
 10
42.77248183830034
 20
30.47023225562398
 10
42.56777233816376
 20
29.84360310991756
 10
42.55319943000068
 20
29.79899448654352
 10
42.45825057011982
 20
29.50834982709557
 10
42.10700951068265
 20
29.48055101326621
 10
42.1625687640153
 20
29.60203224488207
 10
42.27798687313439
 20
29.6890637400839
 10
42.33619469163998
 20
29.80929838621639
 10
42.7518112372664
 20
30.6678000372516
 10
41.02431532012294
 20
31.18775755266388
 10
41.14372801625094
 20
31.67471196038974
 10
41.21664346964992
 20
31.97205472690703
 10
43.52091633103548
 20
32.86606411759983
 10
45.18680036021772
 20
34.25015758086592
 10
43.05795415521825
 20
34.04260291098871
 10
42.41248835579394
 20
35.40456751432551
 10
40.62747107498023
 20
32.97398659761789
 10
40.47408366039333
 20
32.41858759115886
 10
40.26422585786179
 20
32.15857424766511
 10
39.72987695219093
 20
31.67533013490127
 10
39.42513740921825
 20
31.98592816767528
 10
40.23563110080129
 20
32.40086378268535
 10
40.36287945510444
 20
32.81697096039493
 10
40.43761059488206
 20
33.06134475862729
 10
40.21703937708504
 20
33.09116292183716
 10
40.76035081459617
 20
35.98645934164013
 10
40.26036323221423
 20
35.91045343546632
 10
39.87565295560511
 20
35.81598584574729
 10
39.55151266709098
 20
35.68739911010442
 10
39.01593714756407
 20
35.32733042263582
 10
38.42746634626261
 20
35.04673455679085
 10
37.79818187783538
 20
34.90883531706842
 10
37.79818187783538
 20
34.90883531706842
 10
37.79841315480074
 20
34.89901130502253
 10
37.79841315480074
 20
34.89901130502253
 10
37.72266410572067
 20
34.87203069615102
 10
37.73990476958378
 20
34.86258351100117
 10
37.64743231365802
 20
34.87870227676731
 10
37.63610170746469
 20
34.87665560238982
 10
37.45886407982215
 20
34.8446407476647
 10
37.50605382662437
 20
34.90565449867773
 97
        0
 97
        0
 92
        0
 93
        1
 72
     4
 94
        3
 73
     0
 74
     1
 95
       62
 96
       58
 40
0.0
 40
0.0
 40
0.0
 40
0.0
 40
1.0
 40
1.0
 40
1.0
 40
2.0
 40
2.0
 40
2.0
 40
3.0
 40
3.0
 40
3.0
 40
4.0
 40
4.0
 40
4.0
 40
5.0
 40
5.0
 40
5.0
 40
6.0
 40
6.0
 40
6.0
 40
7.0
 40
7.0
 40
7.0
 40
8.0
 40
8.0
 40
8.0
 40
9.0
 40
9.0
 40
9.0
 40
10.0
 40
10.0
 40
10.0
 40
11.0
 40
11.0
 40
11.0
 40
12.0
 40
12.0
 40
12.0
 40
13.0
 40
13.0
 40
13.0
 40
14.0
 40
14.0
 40
14.0
 40
15.0
 40
15.0
 40
15.0
 40
16.0
 40
16.0
 40
16.0
 40
17.0
 40
17.0
 40
17.0
 40
18.0
 40
18.0
 40
18.0
 40
19.0
 40
19.0
 40
19.0
 40
19.0
 10
37.43009062778622
 20
30.8851066971103
 10
37.43009062778622
 20
30.8851066971103
 10
37.40600989725907
 20
30.90722330431102
 10
37.40600989725907
 20
30.90722330431102
 10
37.40600989725907
 20
30.90722330431102
 10
37.35562723174795
 20
30.90654780246461
 10
37.35562723174795
 20
30.90654780246461
 10
37.35562723174795
 20
30.90654780246461
 10
37.30812963111699
 20
30.92798492860668
 10
37.30812963111699
 20
30.92798492860668
 10
37.22805092831326
 20
30.99946229472354
 10
36.77101972052431
 20
31.4926056162206
 10
36.41394315717955
 20
32.08337594669544
 10
36.32080960792238
 20
32.22038708518241
 10
35.10778400713011
 20
34.004899969143
 10
36.48203604484182
 20
34.1531070419286
 10
36.97587709790499
 20
34.41543609677714
 10
37.44268700590497
 20
33.99623526807021
 10
37.53788937880837
 20
33.50270727419717
 10
37.55946415659362
 20
33.44769109156018
 10
37.76807999458995
 20
32.91571587687147
 10
37.53985205158403
 20
32.76401895876406
 10
37.53075655956147
 20
32.78775773575869
 10
37.55953137155952
 20
32.79012851105357
 10
37.50285809761578
 20
33.07962818398848
 10
37.47924841033817
 20
33.06407380772573
 10
37.46956982614202
 20
33.06528177112364
 10
37.43774563008225
 20
33.0398082441982
 10
37.3785542455791
 20
33.14822332096914
 10
37.36864591080803
 20
33.27728880655979
 10
37.32436308689738
 20
33.39259917199651
 10
37.09685650308374
 20
33.98501548609046
 10
36.73671199562512
 20
33.82522649649564
 10
36.60908694902281
 20
33.63969912554698
 10
36.31422835487868
 20
33.21106586562254
 10
37.52942357985364
 20
32.05835053511647
 10
37.64448246655076
 20
31.94920746091665
 10
37.76218450747589
 20
32.06342770892957
 10
39.18236020001373
 20
33.4415925950148
 10
38.48427380741747
 20
33.81946975528953
 10
38.26862088602912
 20
33.93620360715008
 10
38.06987732252331
 20
33.60338384382817
 10
38.04928778597744
 20
33.56890421309584
 10
37.90277693133828
 20
33.32355434060211
 10
37.99147749989124
 20
33.29042562353879
 10
37.85314675251522
 20
33.03973891433156
 10
37.43408310205379
 20
33.36306972771369
 10
38.16552137934953
 20
34.55716173604494
 10
38.81879211976732
 20
34.13650956420273
 10
40.08921692837949
 20
33.3184613617635
 10
38.23697781692493
 20
31.11499100016323
 10
38.00061471496085
 20
30.95372687924189
 10
37.91587833816525
 20
30.89591355220207
 10
37.90481200264338
 20
30.96749602743171
 10
37.81454038247502
 20
30.92912091513604
 10
37.81454038247502
 20
30.92912091513604
 10
37.43009062778622
 20
30.8851066971103
 10
37.43009062778622
 20
30.8851066971103
 97
        0
 97
        0
 92
        0
 93
        1
 72
     4
 94
        3
 73
     0
 74
     1
 95
       17
 96
       13
 40
0.0
 40
0.0
 40
0.0
 40
0.0
 40
1.0
 40
1.0
 40
1.0
 40
2.0
 40
2.0
 40
2.0
 40
3.0
 40
3.0
 40
3.0
 40
4.0
 40
4.0
 40
4.0
 40
4.0
 10
43.28274661536906
 20
26.92026881642605
 10
43.29200260962627
 20
25.89866208397215
 10
43.25203700937578
 20
24.77858956085827
 10
43.10668650484003
 20
23.65447035494034
 10
43.81671354553486
 20
23.70564022430489
 10
44.44975581801194
 20
22.35152990521347
 10
43.3570496389696
 20
19.30220514308879
 10
45.70008819685266
 20
23.51956192344399
 10
44.79584720249677
 20
29.11222114238662
 10
44.7955205870794
 20
29.17031164478148
 10
43.53102335715229
 20
27.74153705991375
 10
43.34551332080862
 20
27.12789318573117
 10
43.28274661536906
 20
26.92026881642605
 97
        0
 97
        0
 92
        0
 93
        1
 72
     4
 94
        3
 73
     0
 74
     1
 95
       20
 96
       16
 40
0.0
 40
0.0
 40
0.0
 40
0.0
 40
1.0
 40
1.0
 40
1.0
 40
2.0
 40
2.0
 40
2.0
 40
3.0
 40
3.0
 40
3.0
 40
4.0
 40
4.0
 40
4.0
 40
5.0
 40
5.0
 40
5.0
 40
5.0
 10
37.64611137101309
 20
24.42396101454938
 10
37.26820050566396
 20
24.17097082705205
 10
33.48004280739958
 20
22.82499373414068
 10
32.11415298362839
 20
26.27405872932054
 10
32.18464127642261
 20
25.5103096710653
 10
32.74528414188691
 20
19.43567736629419
 10
36.27379637415019
 20
17.63598556333032
 10
37.90610810291371
 20
16.80343692958132
 10
38.08459573528114
 20
16.9064859655303
 10
39.57034983877769
 20
18.00023938393583
 10
40.14684709071927
 20
18.42463386383567
 10
42.48864249192052
 20
20.14857103435563
 10
43.05647149312173
 20
26.24152524819112
 10
41.66476789024937
 20
22.76135096943719
 10
37.91433964010042
 20
24.23923973957334
 10
37.64611137101309
 20
24.42396101454938
 97
        0
 97
        0
 92
        0
 93
        1
 72
     4
 94
        3
 73
     0
 74
     1
 95
       23
 96
       19
 40
0.0
 40
0.0
 40
0.0
 40
0.0
 40
1.0
 40
1.0
 40
1.0
 40
2.0
 40
2.0
 40
2.0
 40
3.0
 40
3.0
 40
3.0
 40
4.0
 40
4.0
 40
4.0
 40
5.0
 40
5.0
 40
5.0
 40
6.0
 40
6.0
 40
6.0
 40
6.0
 10
37.64413385640809
 20
22.77770827827612
 10
37.60186851664302
 20
22.73518067000587
 10
37.59330919447538
 20
22.75117536650374
 10
37.08217189013654
 20
22.28181445130566
 10
36.966710443959
 20
22.17578992602066
 10
36.64725044019536
 20
23.11245239206739
 10
36.7468988347395
 20
23.18336750058936
 10
36.82909712249133
 20
23.24186418307897
 10
37.36055592049279
 20
23.10321281836762
 10
37.64032784248501
 20
22.84578014428777
 10
38.00532291487676
 20
23.17503588689751
 10
38.52726632170327
 20
23.2188798906223
 10
38.55018975007048
 20
23.16761658224515
 10
38.59088565422463
 20
23.07660896109337
 10
38.44866009610655
 20
22.49941697591539
 10
38.23122813136435
 20
22.26205344443206
 10
37.80171349170492
 20
22.68401127635558
 10
37.71438891452198
 20
22.70733312313141
 10
37.64413385640809
 20
22.77770827827612
 97
        0
 97
        0
 92
        0
 93
        1
 72
     4
 94
        3
 73
     0
 74
     1
 95
       29
 96
       25
 40
0.0
 40
0.0
 40
0.0
 40
0.0
 40
1.0
 40
1.0
 40
1.0
 40
2.0
 40
2.0
 40
2.0
 40
3.0
 40
3.0
 40
3.0
 40
4.0
 40
4.0
 40
4.0
 40
5.0
 40
5.0
 40
5.0
 40
6.0
 40
6.0
 40
6.0
 40
7.0
 40
7.0
 40
7.0
 40
8.0
 40
8.0
 40
8.0
 40
8.0
 10
37.13012898382112
 20
19.03583507303802
 10
36.74599572853032
 20
19.40819384293201
 10
36.31642554139382
 20
20.14923695131992
 10
36.32800364213639
 20
20.44727992512492
 10
36.32800364213639
 20
20.44727992512492
 10
36.38765448167701
 20
20.46955231603289
 10
36.38765448167701
 20
20.46955231603289
 10
36.46631203558159
 20
20.31326190505066
 10
37.10424819178545
 20
19.89990321961738
 10
37.64493474870385
 20
19.71341456027551
 10
38.25970570349652
 20
19.92963515345267
 10
38.8728178779908
 20
20.38653204277464
 10
38.87753633367373
 20
20.47040131357906
 10
38.87753633367373
 20
20.47040131357906
 10
38.93928987615958
 20
20.44752422160909
 10
38.93928987615958
 20
20.44752422160909
 10
38.97684257914587
 20
20.28141224709972
 10
38.63912005668411
 20
19.52254419306919
 10
38.16968864795643
 20
19.04398016279553
 10
38.20866812701212
 20
18.97931046199209
 10
37.82225636956527
 20
18.62843286112434
 10
37.64705257090924
 20
18.66818212975846
 10
37.43305840484308
 20
18.64324768734419
 10
37.10991615833971
 20
19.01813290580096
 10
37.13012898382112
 20
19.03583507303802
 97
        0
 97
        0
 92
        0
 93
        1
 72
     4
 94
        3
 73
     0
 74
     1
 95
       20
 96
       16
 40
0.0
 40
0.0
 40
0.0
 40
0.0
 40
1.0
 40
1.0
 40
1.0
 40
2.0
 40
2.0
 40
2.0
 40
3.0
 40
3.0
 40
3.0
 40
4.0
 40
4.0
 40
4.0
 40
5.0
 40
5.0
 40
5.0
 40
5.0
 10
40.25437389015693
 20
21.37333445650665
 10
40.26691652406726
 20
21.51103405543645
 10
40.33786214434124
 20
21.63698403781194
 10
40.37735218708359
 20
21.7694945420561
 10
40.66967045044431
 20
22.75038080572612
 10
40.55031003967981
 20
22.93563704126946
 10
40.62760179219373
 20
23.46805170119067
 10
40.68442052786569
 20
23.85944052142079
 10
40.83127868420999
 20
23.75443809220813
 10
41.17343157126206
 20
23.95393617901555
 10
41.38882485140774
 20
23.6591147309115
 10
41.74796888596487
 20
23.72223502181077
 10
41.49063162414088
 20
23.012131778075
 10
41.20889735021213
 20
22.23470677413127
 10
40.51021372311629
 20
21.43766042939932
 10
40.25437389015693
 20
21.37333445650665
 97
        0
 97
        0
 92
        0
 93
        1
 72
     4
 94
        3
 73
     0
 74
     1
 95
       23
 96
       19
 40
0.0
 40
0.0
 40
0.0
 40
0.0
 40
1.0
 40
1.0
 40
1.0
 40
2.0
 40
2.0
 40
2.0
 40
3.0
 40
3.0
 40
3.0
 40
4.0
 40
4.0
 40
4.0
 40
5.0
 40
5.0
 40
5.0
 40
6.0
 40
6.0
 40
6.0
 40
6.0
 10
35.11482515465615
 20
20.7505919229717
 10
35.16660608793809
 20
20.30716847637925
 10
35.78967230782612
 20
19.74407588150174
 10
35.86766431368265
 20
19.67359104448819
 10
36.13113358584918
 20
19.43548217034407
 10
36.2702933687042
 20
19.4884380397427
 10
36.23617487094967
 20
19.13831489671348
 10
36.20119134355899
 20
18.77931484189295
 10
36.20234489537236
 20
18.71276945326218
 10
35.84698005452952
 20
18.63995026291126
 10
35.46225451754663
 20
18.56111465822972
 10
35.31460507301048
 20
18.97058027052838
 10
35.24002534261844
 20
19.1271509207535
 10
35.18633785952056
 20
19.23986095729288
 10
34.91673537944012
 20
19.80585704479011
 10
35.00323395566669
 20
20.66962504675752
 10
35.01457161325559
 20
20.78284200673257
 10
35.1107373666871
 20
20.74872790742618
 10
35.11482515465615
 20
20.7505919229717
 97
        0
 97
        0
 92
        0
 93
        1
 72
     4
 94
        3
 73
     0
 74
     1
 95
       23
 96
       19
 40
0.0
 40
0.0
 40
0.0
 40
0.0
 40
1.0
 40
1.0
 40
1.0
 40
2.0
 40
2.0
 40
2.0
 40
3.0
 40
3.0
 40
3.0
 40
4.0
 40
4.0
 40
4.0
 40
5.0
 40
5.0
 40
5.0
 40
6.0
 40
6.0
 40
6.0
 40
6.0
 10
34.98372907857935
 20
21.37366073847249
 10
34.65341530724565
 20
21.45341475330144
 10
33.88739884200661
 20
22.45363039127447
 10
33.66917323450117
 20
23.1730303360683
 10
33.51812796122237
 20
23.6709643892726
 10
33.92667569912673
 20
23.78512228415664
 10
34.04487624385311
 20
23.95390579074859
 10
34.53913605072253
 20
23.66770906680888
 10
34.54705914220682
 20
23.67844845031573
 10
34.56363954237791
 20
23.63516922643873
 10
34.63802852595521
 20
23.44099433071833
 10
34.60519841470522
 20
23.22137013441434
 10
34.62815352964198
 20
23.01470452599355
 10
34.66052666801139
 20
22.72324816186568
 10
34.6751649573448
 20
22.42897748575945
 10
34.72962140582415
 20
22.14082938582203
 10
34.80580756532425
 20
21.73770179093657
 10
34.94176443649704
 20
21.78033326489207
 10
34.98372907857935
 20
21.37366073847249
 97
        0
 97
        0
 92
        0
 93
        1
 72
     4
 94
        3
 73
     0
 74
     1
 95
       29
 96
       25
 40
0.0
 40
0.0
 40
0.0
 40
0.0
 40
1.0
 40
1.0
 40
1.0
 40
2.0
 40
2.0
 40
2.0
 40
3.0
 40
3.0
 40
3.0
 40
4.0
 40
4.0
 40
4.0
 40
5.0
 40
5.0
 40
5.0
 40
6.0
 40
6.0
 40
6.0
 40
7.0
 40
7.0
 40
7.0
 40
8.0
 40
8.0
 40
8.0
 40
8.0
 10
39.26285050884506
 20
23.23214286426479
 10
39.26285050884506
 20
23.23214286426479
 10
39.28939329712756
 20
23.29196007887031
 10
39.28939329712756
 20
23.29196007887031
 10
39.49174096780173
 20
23.23297126522438
 10
39.88250100614294
 20
23.30705089673968
 10
39.8267018107376
 20
22.9944381303989
 10
39.77557934350448
 20
22.70802654708056
 10
39.46392571890375
 20
22.23260529005596
 10
39.087407724905
 20
22.06587035064881
 10
39.06888946869075
 20
22.17004545641663
 10
39.06859153370359
 20
22.27679076496214
 10
39.05253531649357
 20
22.38137363336735
 10
39.04032067325749
 20
22.46093424278521
 10
39.02679874472932
 20
22.54085353034013
 10
39.00269467218025
 20
22.61765250016965
 10
38.95882337787169
 20
22.75743262243427
 10
38.89299858720411
 20
22.88968012118002
 10
38.84912729289555
 20
23.02946024344465
 10
38.84912729289555
 20
23.02946024344465
 10
39.27568005808931
 20
23.23744894637903
 10
39.27568005808931
 20
23.23744894637903
 10
39.27568005808931
 20
23.23744894637903
 10
39.26285050884506
 20
23.23214286426479
 10
39.26285050884506
 20
23.23214286426479
 97
        0
 97
        0
 92
        0
 93
        1
 72
     4
 94
        3
 73
     0
 74
     1
 95
       20
 96
       16
 40
0.0
 40
0.0
 40
0.0
 40
0.0
 40
1.0
 40
1.0
 40
1.0
 40
2.0
 40
2.0
 40
2.0
 40
3.0
 40
3.0
 40
3.0
 40
4.0
 40
4.0
 40
4.0
 40
5.0
 40
5.0
 40
5.0
 40
5.0
 10
40.11877227368575
 20
20.75129220571309
 10
40.11877227368575
 20
20.75129220571309
 10
40.19343800933974
 20
20.75418444874632
 10
40.19343800933974
 20
20.75418444874632
 10
40.42968636726559
 20
20.43741150534729
 10
40.05027007355712
 20
18.53602912857093
 10
39.5193972310873
 20
18.62565410062492
 10
39.0520654950339
 20
18.7045517017696
 10
39.02857438354659
 20
18.78544729018657
 10
39.00444388740626
 20
19.26047619717173
 10
38.99452070851494
 20
19.45582223544442
 10
39.69202281488271
 20
19.77192802206828
 10
40.14098596701102
 20
20.7150213938109
 10
40.14098596701102
 20
20.7150213938109
 10
40.11877227368575
 20
20.75129220571309
 10
40.11877227368575
 20
20.75129220571309
 97
        0
 97
        0
 92
        0
 93
        1
 72
     4
 94
        3
 73
     0
 74
     1
 95
       20
 96
       16
 40
0.0
 40
0.0
 40
0.0
 40
0.0
 40
1.0
 40
1.0
 40
1.0
 40
2.0
 40
2.0
 40
2.0
 40
3.0
 40
3.0
 40
3.0
 40
4.0
 40
4.0
 40
4.0
 40
5.0
 40
5.0
 40
5.0
 40
5.0
 10
36.17637524664186
 20
22.06608011603684
 10
35.71781407744015
 20
22.24201232038459
 10
35.33484121020338
 20
22.98893403117318
 10
35.43367679684798
 20
23.15046347224137
 10
35.46282825736589
 20
23.19810642437669
 10
35.71665948895336
 20
23.31915311470626
 10
35.97020572759211
 20
23.23611239762539
 10
36.0481376916355
 20
23.21058835036514
 10
36.0441038637733
 20
23.20625424183827
 10
36.41277658657411
 20
23.01847575258939
 10
36.36092438585617
 20
22.85495490632056
 10
36.28440777881789
 20
22.69991807796497
 10
36.23309002919424
 20
22.53622871833115
 10
36.221756854052
 20
22.50007903921902
 10
36.24889155098009
 20
22.49795966769215
 10
36.17637524664186
 20
22.06608011603684
 97
        0
 97
        0
 75
     0
 76
     1
 98
        0
  0
HATCH
  5
24E
330
1F
100
AcDbEntity
  8
0
 62
     7
420
 16777215
440
 33554687
100
AcDbHatch
 10
0.0
 20
0.0
 30
0.0
210
0.0
220
0.0
230
1.0
  2
SOLID
 70
     1
 71
     1
 91
        1
 92
        0
 93
        3
 72
     1
 10
37.69639136385394
 20
49.04666334958497
 11
38.21756844856696
 21
45.37670804473073
 72
     1
 10
38.21756844856696
 20
45.37670804473073
 11
37.69639136385394
 21
44.52979528207207
 72
     1
 10
37.69639136385394
 20
44.52979528207207
 11
37.69639136385394
 21
49.04666334958497
 97
        0
 75
     0
 76
     1
 98
        0
  0
HATCH
  5
24F
330
1F
100
AcDbEntity
  8
0
 62
     7
420
 16777215
440
 33554687
100
AcDbHatch
 10
0.0
 20
0.0
 30
0.0
210
0.0
220
0.0
230
1.0
  2
SOLID
 70
     1
 71
     1
 91
        1
 92
        0
 93
        3
 72
     1
 10
37.69639136385396
 20
48.95980050213279
 11
38.1307056011148
 21
45.43099732438834
 72
     1
 10
38.1307056011148
 20
45.43099732438834
 11
37.69639136385396
 21
44.61665812952425
 72
     1
 10
37.69639136385396
 20
44.61665812952425
 11
37.69639136385396
 21
48.95980050213279
 97
        0
 75
     0
 76
     1
 98
        0
  0
HATCH
  5
250
330
1F
100
AcDbEntity
  8
0
 62
     7
420
 16777215
440
 33554687
100
AcDbHatch
 10
0.0
 20
0.0
 30
0.0
210
0.0
220
0.0
230
1.0
  2
SOLID
 70
     1
 71
     1
 91
        1
 92
        0
 93
        3
 72
     1
 10
37.69639136385394
 20
49.04666334958497
 11
37.69639136385394
 21
44.52979528207207
 72
     1
 10
37.69639136385394
 20
44.52979528207207
 11
37.17521427914092
 21
45.37670804473073
 72
     1
 10
37.17521427914092
 20
45.37670804473073
 11
37.69639136385394
 21
49.04666334958497
 97
        0
 75
     0
 76
     1
 98
        0
  0
HATCH
  5
251
330
1F
100
AcDbEntity
  8
0
 62
    18
420
        0
440
 33554687
100
AcDbHatch
 10
0.0
 20
0.0
 30
0.0
210
0.0
220
0.0
230
1.0
  2
SOLID
 70
     1
 71
     1
 91
        1
 92
        0
 93
        3
 72
     1
 10
37.69639136385393
 20
48.95980050213279
 11
37.69639136385393
 21
44.61665812952425
 72
     1
 10
37.69639136385393
 20
44.61665812952425
 11
37.26207712659308
 21
45.43099732438834
 72
     1
 10
37.26207712659308
 20
45.43099732438834
 11
37.69639136385393
 21
48.95980050213279
 97
        0
 75
     0
 76
     1
 98
        0
  0
HATCH
  5
252
330
1F
100
AcDbEntity
  8
0
 62
     7
420
 16777215
440
 33554687
100
AcDbHatch
 10
0.0
 20
0.0
 30
0.0
210
0.0
220
0.0
230
1.0
  2
SOLID
 70
     1
 71
     1
 91
        1
 92
        0
 93
        3
 72
     1
 10
37.69639136385396
 20
40.01292721455918
 11
37.17521427914094
 21
43.6828825194134
 72
     1
 10
37.17521427914094
 20
43.6828825194134
 11
37.69639136385397
 21
44.52979528207207
 72
     1
 10
37.69639136385397
 20
44.52979528207207
 11
37.69639136385396
 21
40.01292721455918
 97
        0
 75
     0
 76
     1
 98
        0
  0
HATCH
  5
253
330
1F
100
AcDbEntity
  8
0
 62
     7
420
 16777215
440
 33554687
100
AcDbHatch
 10
0.0
 20
0.0
 30
0.0
210
0.0
220
0.0
230
1.0
  2
SOLID
 70
     1
 71
     1
 91
        1
 92
        0
 93
        3
 72
     1
 10
37.69639136385396
 20
40.09979006201136
 11
37.26207712659311
 21
43.62859323975581
 72
     1
 10
37.26207712659311
 20
43.62859323975581
 11
37.69639136385396
 21
44.44293243461991
 72
     1
 10
37.69639136385396
 20
44.44293243461991
 11
37.69639136385396
 21
40.09979006201136
 97
        0
 75
     0
 76
     1
 98
        0
  0
HATCH
  5
254
330
1F
100
AcDbEntity
  8
0
 62
     7
420
 16777215
440
 33554687
100
AcDbHatch
 10
0.0
 20
0.0
 30
0.0
210
0.0
220
0.0
230
1.0
  2
SOLID
 70
     1
 71
     1
 91
        1
 92
        0
 93
        3
 72
     1
 10
37.69639136385396
 20
40.01292721455918
 11
37.69639136385397
 21
44.52979528207207
 72
     1
 10
37.69639136385397
 20
44.52979528207207
 11
38.21756844856699
 21
43.68288251941342
 72
     1
 10
38.21756844856699
 20
43.68288251941342
 11
37.69639136385396
 21
40.01292721455918
 97
        0
 75
     0
 76
     1
 98
        0
  0
HATCH
  5
255
330
1F
100
AcDbEntity
  8
0
 62
    18
420
        0
440
 33554687
100
AcDbHatch
 10
0.0
 20
0.0
 30
0.0
210
0.0
220
0.0
230
1.0
  2
SOLID
 70
     1
 71
     1
 91
        1
 92
        0
 93
        3
 72
     1
 10
37.69639136385397
 20
40.09979006201135
 11
37.69639136385397
 21
44.4429324346199
 72
     1
 10
37.69639136385397
 20
44.4429324346199
 11
38.13070560111483
 21
43.6285932397558
 72
     1
 10
38.13070560111483
 20
43.6285932397558
 11
37.69639136385397
 21
40.09979006201135
 97
        0
 75
     0
 76
     1
 98
        0
  0
HATCH
  5
256
330
1F
100
AcDbEntity
  8
0
 62
     7
420
 16777215
440
 33554687
100
AcDbHatch
 10
0.0
 20
0.0
 30
0.0
210
0.0
220
0.0
230
1.0
  2
SOLID
 70
     1
 71
     1
 91
        1
 92
        0
 93
        3
 72
     1
 10
33.17952329634106
 20
44.52979528207206
 11
36.84947860119529
 21
45.05097236678509
 72
     1
 10
36.84947860119529
 20
45.05097236678509
 11
37.69639136385396
 21
44.52979528207206
 72
     1
 10
37.69639136385396
 20
44.52979528207206
 11
33.17952329634106
 21
44.52979528207206
 97
        0
 75
     0
 76
     1
 98
        0
  0
HATCH
  5
257
330
1F
100
AcDbEntity
  8
0
 62
     7
420
 16777215
440
 33554687
100
AcDbHatch
 10
0.0
 20
0.0
 30
0.0
210
0.0
220
0.0
230
1.0
  2
SOLID
 70
     1
 71
     1
 91
        1
 92
        0
 93
        3
 72
     1
 10
33.26638614379324
 20
44.52979528207207
 11
36.79518932153769
 21
44.96410951933292
 72
     1
 10
36.79518932153769
 20
44.96410951933292
 11
37.60952851640179
 21
44.52979528207207
 72
     1
 10
37.60952851640179
 20
44.52979528207207
 11
33.26638614379324
 21
44.52979528207207
 97
        0
 75
     0
 76
     1
 98
        0
  0
HATCH
  5
258
330
1F
100
AcDbEntity
  8
0
 62
     7
420
 16777215
440
 33554687
100
AcDbHatch
 10
0.0
 20
0.0
 30
0.0
210
0.0
220
0.0
230
1.0
  2
SOLID
 70
     1
 71
     1
 91
        1
 92
        0
 93
        3
 72
     1
 10
33.17952329634106
 20
44.52979528207206
 11
37.69639136385396
 21
44.52979528207206
 72
     1
 10
37.69639136385396
 20
44.52979528207206
 11
36.84947860119529
 21
44.00861819735903
 72
     1
 10
36.84947860119529
 20
44.00861819735903
 11
33.17952329634106
 21
44.52979528207206
 97
        0
 75
     0
 76
     1
 98
        0
  0
HATCH
  5
259
330
1F
100
AcDbEntity
  8
0
 62
    18
420
        0
440
 33554687
100
AcDbHatch
 10
0.0
 20
0.0
 30
0.0
210
0.0
220
0.0
230
1.0
  2
SOLID
 70
     1
 71
     1
 91
        1
 92
        0
 93
        3
 72
     1
 10
33.26638614379323
 20
44.52979528207205
 11
37.60952851640178
 21
44.52979528207205
 72
     1
 10
37.60952851640178
 20
44.52979528207205
 11
36.79518932153768
 21
44.0954810448112
 72
     1
 10
36.79518932153768
 20
44.0954810448112
 11
33.26638614379323
 21
44.52979528207205
 97
        0
 75
     0
 76
     1
 98
        0
  0
HATCH
  5
25A
330
1F
100
AcDbEntity
  8
0
 62
     7
420
 16777215
440
 33554687
100
AcDbHatch
 10
0.0
 20
0.0
 30
0.0
210
0.0
220
0.0
230
1.0
  2
SOLID
 70
     1
 71
     1
 91
        1
 92
        0
 93
        3
 72
     1
 10
42.21325943136685
 20
44.52979528207207
 11
38.54330412651262
 21
44.00861819735905
 72
     1
 10
38.54330412651262
 20
44.00861819735905
 11
37.69639136385396
 21
44.52979528207207
 72
     1
 10
37.69639136385396
 20
44.52979528207207
 11
42.21325943136685
 21
44.52979528207207
 97
        0
 75
     0
 76
     1
 98
        0
  0
HATCH
  5
25B
330
1F
100
AcDbEntity
  8
0
 62
     7
420
 16777215
440
 33554687
100
AcDbHatch
 10
0.0
 20
0.0
 30
0.0
210
0.0
220
0.0
230
1.0
  2
SOLID
 70
     1
 71
     1
 91
        1
 92
        0
 93
        3
 72
     1
 10
42.12639658391468
 20
44.52979528207207
 11
38.59759340617023
 21
44.09548104481122
 72
     1
 10
38.59759340617023
 20
44.09548104481122
 11
37.78325421130614
 21
44.52979528207207
 72
     1
 10
37.78325421130614
 20
44.52979528207207
 11
42.12639658391468
 21
44.52979528207207
 97
        0
 75
     0
 76
     1
 98
        0
  0
HATCH
  5
25C
330
1F
100
AcDbEntity
  8
0
 62
     7
420
 16777215
440
 33554687
100
AcDbHatch
 10
0.0
 20
0.0
 30
0.0
210
0.0
220
0.0
230
1.0
  2
SOLID
 70
     1
 71
     1
 91
        1
 92
        0
 93
        3
 72
     1
 10
42.21325943136685
 20
44.52979528207209
 11
37.69639136385396
 21
44.52979528207209
 72
     1
 10
37.69639136385396
 20
44.52979528207209
 11
38.54330412651262
 21
45.05097236678512
 72
     1
 10
38.54330412651262
 20
45.05097236678512
 11
42.21325943136685
 21
44.52979528207209
 97
        0
 75
     0
 76
     1
 98
        0
  0
HATCH
  5
25D
330
1F
100
AcDbEntity
  8
0
 62
    18
420
        0
440
 33554687
100
AcDbHatch
 10
0.0
 20
0.0
 30
0.0
210
0.0
220
0.0
230
1.0
  2
SOLID
 70
     1
 71
     1
 91
        1
 92
        0
 93
        3
 72
     1
 10
42.12639658391468
 20
44.52979528207209
 11
37.78325421130614
 21
44.52979528207209
 72
     1
 10
37.78325421130614
 20
44.52979528207209
 11
38.59759340617023
 21
44.96410951933295
 72
     1
 10
38.59759340617023
 20
44.96410951933295
 11
42.12639658391468
 21
44.52979528207209
 97
        0
 75
     0
 76
     1
 98
        0
  0
HATCH
  5
25E
330
1F
100
AcDbEntity
  8
0
 62
     7
420
 16777215
440
 33554687
100
AcDbHatch
 10
0.0
 20
0.0
 30
0.0
210
0.0
220
0.0
230
1.0
  2
SOLID
 70
     1
 71
     1
 91
        1
 92
        0
 93
        3
 72
     1
 10
35.93052874543913
 20
46.29565790048691
 11
37.56904550194904
 21
45.06464790207272
 72
     1
 10
37.56904550194904
 20
45.06464790207272
 11
37.69639136385396
 21
44.52979528207209
 72
     1
 10
37.69639136385396
 20
44.52979528207209
 11
35.93052874543913
 21
46.29565790048691
 97
        0
 75
     0
 76
     1
 98
        0
  0
HATCH
  5
25F
330
1F
100
AcDbEntity
  8
0
 62
     7
420
 16777215
440
 33554687
100
AcDbHatch
 10
0.0
 20
0.0
 30
0.0
210
0.0
220
0.0
230
1.0
  2
SOLID
 70
     1
 71
     1
 91
        1
 92
        0
 93
        3
 72
     1
 10
35.96448764194711
 20
46.26169900397893
 11
37.51386229512358
 21
45.05191331588225
 72
     1
 10
37.51386229512358
 20
45.05191331588225
 11
37.66243246734598
 21
44.56375417858007
 72
     1
 10
37.66243246734598
 20
44.56375417858007
 11
35.96448764194711
 21
46.26169900397893
 97
        0
 75
     0
 76
     1
 98
        0
  0
HATCH
  5
260
330
1F
100
AcDbEntity
  8
0
 62
     7
420
 16777215
440
 33554687
100
AcDbHatch
 10
0.0
 20
0.0
 30
0.0
210
0.0
220
0.0
230
1.0
  2
SOLID
 70
     1
 71
     1
 91
        1
 92
        0
 93
        3
 72
     1
 10
35.93052874543913
 20
46.29565790048692
 11
37.69639136385396
 21
44.52979528207209
 72
     1
 10
37.69639136385396
 20
44.52979528207209
 11
37.16153874385332
 21
44.657141143977
 72
     1
 10
37.16153874385332
 20
44.657141143977
 11
35.93052874543913
 21
46.29565790048692
 97
        0
 75
     0
 76
     1
 98
        0
  0
HATCH
  5
261
330
1F
100
AcDbEntity
  8
0
 62
    18
420
        0
440
 33554687
100
AcDbHatch
 10
0.0
 20
0.0
 30
0.0
210
0.0
220
0.0
230
1.0
  2
SOLID
 70
     1
 71
     1
 91
        1
 92
        0
 93
        3
 72
     1
 10
35.96448764194711
 20
46.26169900397893
 11
37.66243246734598
 21
44.56375417858006
 72
     1
 10
37.66243246734598
 20
44.56375417858006
 11
37.1742733300438
 21
44.71232435080246
 72
     1
 10
37.1742733300438
 20
44.71232435080246
 11
35.96448764194711
 21
46.26169900397893
 97
        0
 75
     0
 76
     1
 98
        0
  0
HATCH
  5
262
330
1F
100
AcDbEntity
  8
0
 62
     7
420
 16777215
440
 33554687
100
AcDbHatch
 10
0.0
 20
0.0
 30
0.0
210
0.0
220
0.0
230
1.0
  2
SOLID
 70
     1
 71
     1
 91
        1
 92
        0
 93
        3
 72
     1
 10
39.46225398226878
 20
42.76393266365726
 11
37.82373722575887
 21
43.99494266207145
 72
     1
 10
37.82373722575887
 20
43.99494266207145
 11
37.69639136385396
 21
44.52979528207209
 72
     1
 10
37.69639136385396
 20
44.52979528207209
 11
39.46225398226878
 21
42.76393266365726
 97
        0
 75
     0
 76
     1
 98
        0
  0
HATCH
  5
263
330
1F
100
AcDbEntity
  8
0
 62
     7
420
 16777215
440
 33554687
100
AcDbHatch
 10
0.0
 20
0.0
 30
0.0
210
0.0
220
0.0
230
1.0
  2
SOLID
 70
     1
 71
     1
 91
        1
 92
        0
 93
        3
 72
     1
 10
39.4282950857608
 20
42.79789156016524
 11
37.87892043258433
 21
44.00767724826193
 72
     1
 10
37.87892043258433
 20
44.00767724826193
 11
37.73035026036193
 21
44.4958363855641
 72
     1
 10
37.73035026036193
 20
44.4958363855641
 11
39.4282950857608
 21
42.79789156016524
 97
        0
 75
     0
 76
     1
 98
        0
  0
HATCH
  5
264
330
1F
100
AcDbEntity
  8
0
 62
     7
420
 16777215
440
 33554687
100
AcDbHatch
 10
0.0
 20
0.0
 30
0.0
210
0.0
220
0.0
230
1.0
  2
SOLID
 70
     1
 71
     1
 91
        1
 92
        0
 93
        3
 72
     1
 10
39.46225398226879
 20
42.76393266365726
 11
37.69639136385396
 21
44.52979528207209
 72
     1
 10
37.69639136385396
 20
44.52979528207209
 11
38.2312439838546
 21
44.40244942016717
 72
     1
 10
38.2312439838546
 20
44.40244942016717
 11
39.46225398226879
 21
42.76393266365726
 97
        0
 75
     0
 76
     1
 98
        0
  0
HATCH
  5
265
330
1F
100
AcDbEntity
  8
0
 62
    18
420
        0
440
 33554687
100
AcDbHatch
 10
0.0
 20
0.0
 30
0.0
210
0.0
220
0.0
230
1.0
  2
SOLID
 70
     1
 71
     1
 91
        1
 92
        0
 93
        3
 72
     1
 10
39.4282950857608
 20
42.79789156016525
 11
37.73035026036194
 21
44.49583638556412
 72
     1
 10
37.73035026036194
 20
44.49583638556412
 11
38.21850939766411
 21
44.34726621334171
 72
     1
 10
38.21850939766411
 20
44.34726621334171
 11
39.4282950857608
 21
42.79789156016525
 97
        0
 75
     0
 76
     1
 98
        0
  0
HATCH
  5
266
330
1F
100
AcDbEntity
  8
0
 62
     7
420
 16777215
440
 33554687
100
AcDbHatch
 10
0.0
 20
0.0
 30
0.0
210
0.0
220
0.0
230
1.0
  2
SOLID
 70
     1
 71
     1
 91
        1
 92
        0
 93
        3
 72
     1
 10
35.93052874543914
 20
42.76393266365726
 11
37.16153874385332
 21
44.40244942016717
 72
     1
 10
37.16153874385332
 20
44.40244942016717
 11
37.69639136385396
 21
44.52979528207207
 72
     1
 10
37.69639136385396
 20
44.52979528207207
 11
35.93052874543914
 21
42.76393266365726
 97
        0
 75
     0
 76
     1
 98
        0
  0
HATCH
  5
267
330
1F
100
AcDbEntity
  8
0
 62
     7
420
 16777215
440
 33554687
100
AcDbHatch
 10
0.0
 20
0.0
 30
0.0
210
0.0
220
0.0
230
1.0
  2
SOLID
 70
     1
 71
     1
 91
        1
 92
        0
 93
        3
 72
     1
 10
35.96448764194712
 20
42.79789156016524
 11
37.17427333004381
 21
44.34726621334171
 72
     1
 10
37.17427333004381
 20
44.34726621334171
 11
37.66243246734599
 21
44.4958363855641
 72
     1
 10
37.66243246734599
 20
44.4958363855641
 11
35.96448764194712
 21
42.79789156016524
 97
        0
 75
     0
 76
     1
 98
        0
  0
HATCH
  5
268
330
1F
100
AcDbEntity
  8
0
 62
     7
420
 16777215
440
 33554687
100
AcDbHatch
 10
0.0
 20
0.0
 30
0.0
210
0.0
220
0.0
230
1.0
  2
SOLID
 70
     1
 71
     1
 91
        1
 92
        0
 93
        3
 72
     1
 10
35.93052874543914
 20
42.76393266365725
 11
37.69639136385396
 21
44.52979528207207
 72
     1
 10
37.69639136385396
 20
44.52979528207207
 11
37.56904550194905
 21
43.99494266207143
 72
     1
 10
37.56904550194905
 20
43.99494266207143
 11
35.93052874543914
 21
42.76393266365725
 97
        0
 75
     0
 76
     1
 98
        0
  0
HATCH
  5
269
330
1F
100
AcDbEntity
  8
0
 62
    18
420
        0
440
 33554687
100
AcDbHatch
 10
0.0
 20
0.0
 30
0.0
210
0.0
220
0.0
230
1.0
  2
SOLID
 70
     1
 71
     1
 91
        1
 92
        0
 93
        3
 72
     1
 10
35.96448764194712
 20
42.79789156016524
 11
37.66243246734599
 21
44.4958363855641
 72
     1
 10
37.66243246734599
 20
44.4958363855641
 11
37.51386229512359
 21
44.00767724826193
 72
     1
 10
37.51386229512359
 20
44.00767724826193
 11
35.96448764194712
 21
42.79789156016524
 97
        0
 75
     0
 76
     1
 98
        0
  0
HATCH
  5
26A
330
1F
100
AcDbEntity
  8
0
 62
     7
420
 16777215
440
 33554687
100
AcDbHatch
 10
0.0
 20
0.0
 30
0.0
210
0.0
220
0.0
230
1.0
  2
SOLID
 70
     1
 71
     1
 91
        1
 92
        0
 93
        3
 72
     1
 10
39.46225398226879
 20
46.29565790048692
 11
38.2312439838546
 21
44.657141143977
 72
     1
 10
38.2312439838546
 20
44.657141143977
 11
37.69639136385396
 21
44.52979528207209
 72
     1
 10
37.69639136385396
 20
44.52979528207209
 11
39.46225398226879
 21
46.29565790048692
 97
        0
 75
     0
 76
     1
 98
        0
  0
HATCH
  5
26B
330
1F
100
AcDbEntity
  8
0
 62
     7
420
 16777215
440
 33554687
100
AcDbHatch
 10
0.0
 20
0.0
 30
0.0
210
0.0
220
0.0
230
1.0
  2
SOLID
 70
     1
 71
     1
 91
        1
 92
        0
 93
        3
 72
     1
 10
39.4282950857608
 20
46.26169900397893
 11
38.21850939766411
 21
44.71232435080246
 72
     1
 10
38.21850939766411
 20
44.71232435080246
 11
37.73035026036194
 21
44.56375417858006
 72
     1
 10
37.73035026036194
 20
44.56375417858006
 11
39.4282950857608
 21
46.26169900397893
 97
        0
 75
     0
 76
     1
 98
        0
  0
HATCH
  5
26C
330
1F
100
AcDbEntity
  8
0
 62
     7
420
 16777215
440
 33554687
100
AcDbHatch
 10
0.0
 20
0.0
 30
0.0
210
0.0
220
0.0
230
1.0
  2
SOLID
 70
     1
 71
     1
 91
        1
 92
        0
 93
        3
 72
     1
 10
39.46225398226878
 20
46.29565790048691
 11
37.69639136385396
 21
44.52979528207209
 72
     1
 10
37.69639136385396
 20
44.52979528207209
 11
37.82373722575887
 21
45.06464790207272
 72
     1
 10
37.82373722575887
 20
45.06464790207272
 11
39.46225398226878
 21
46.29565790048691
 97
        0
 75
     0
 76
     1
 98
        0
  0
HATCH
  5
26D
330
1F
100
AcDbEntity
  8
0
 62
    18
420
        0
440
 33554687
100
AcDbHatch
 10
0.0
 20
0.0
 30
0.0
210
0.0
220
0.0
230
1.0
  2
SOLID
 70
     1
 71
     1
 91
        1
 92
        0
 93
        3
 72
     1
 10
39.4282950857608
 20
46.26169900397893
 11
37.73035026036193
 21
44.56375417858007
 72
     1
 10
37.73035026036193
 20
44.56375417858007
 11
37.87892043258433
 21
45.05191331588225
 72
     1
 10
37.87892043258433
 20
45.05191331588225
 11
39.4282950857608
 21
46.26169900397893
 97
        0
 75
     0
 76
     1
 98
        0
  0
HATCH
  5
26E
330
1F
100
AcDbEntity
  8
0
 62
     7
420
 16777215
440
 33554687
100
AcDbHatch
 10
0.0
 20
0.0
 30
0.0
210
0.0
220
0.0
230
1.0
  2
SOLID
 70
     1
 71
     1
 91
       16
 92
        0
 93
        1
 72
     4
 94
        3
 73
     0
 74
     1
 95
       14
 96
       10
 40
0.0
 40
0.0
 40
0.0
 40
0.0
 40
1.0
 40
1.0
 40
1.0
 40
2.0
 40
2.0
 40
2.0
 40
3.0
 40
3.0
 40
3.0
 40
3.0
 10
45.6853067716758
 20
9.4859699721423
 10
45.79185850427883
 20
9.49406248665224
 10
45.8403097846942
 20
9.393906845756263
 10
45.60755554478172
 20
9.174965806056605
 10
45.1310450475024
 20
8.726734642829001
 10
44.0225920239801
 20
8.812945435608242
 10
44.07197437480356
 20
9.058339707206173
 10
44.17020346811162
 20
9.546466667549751
 10
45.42937657667944
 20
9.466532289000568
 10
45.6853067716758
 20
9.4859699721423
 97
        0
 97
        0
 92
        0
 93
        1
 72
     4
 94
        3
 73
     0
 74
     1
 95
       11
 96
        7
 40
0.0
 40
0.0
 40
0.0
 40
0.0
 40
1.0
 40
1.0
 40
1.0
 40
2.0
 40
2.0
 40
2.0
 40
2.0
 10
43.5277187525076
 20
9.038901529737345
 10
43.5277187525076
 20
9.038901529737345
 10
42.02828513057262
 20
8.542751831277528
 10
42.41976710597491
 20
8.961151044333917
 10
42.67394939487602
 20
9.232810217249394
 10
43.5277187525076
 20
9.038901529737345
 10
43.5277187525076
 20
9.038901529737345
 97
        0
 97
        0
 92
        0
 93
        1
 72
     4
 94
        3
 73
     0
 74
     1
 95
       11
 96
        7
 40
0.0
 40
0.0
 40
0.0
 40
0.0
 40
1.0
 40
1.0
 40
1.0
 40
2.0
 40
2.0
 40
2.0
 40
2.0
 10
41.33125437840167
 20
9.213841419503737
 10
41.33125437840167
 20
9.213841419503737
 10
40.62759533064867
 20
8.803938031768212
 10
40.59262143036119
 20
8.96115104433396
 10
40.47354282065414
 20
9.496427545104325
 10
41.33125437840167
 20
9.213841419503737
 10
41.33125437840167
 20
9.213841419503737
 97
        0
 97
        0
 92
        0
 93
        1
 72
     4
 94
        3
 73
     0
 74
     1
 95
       14
 96
       10
 40
0.0
 40
0.0
 40
0.0
 40
0.0
 40
1.0
 40
1.0
 40
1.0
 40
2.0
 40
2.0
 40
2.0
 40
3.0
 40
3.0
 40
3.0
 40
3.0
 10
36.43294636283167
 20
7.930951366185937
 10
36.63850500663867
 20
7.886827132723511
 10
37.09936435891868
 20
7.569016931793769
 10
36.9859775855677
 20
7.549579125070252
 10
36.87259081221672
 20
7.530141318346722
 10
35.70704554458163
 20
7.726340905475823
 10
35.75262572272577
 20
7.814324525844796
 10
35.89214914550382
 20
8.083647208689115
 10
36.22738771902468
 20
7.975075599648363
 10
36.43294636283167
 20
7.930951366185937
 97
        0
 97
        0
 92
        0
 93
        1
 72
     4
 94
        3
 73
     0
 74
     1
 95
       17
 96
       13
 40
0.0
 40
0.0
 40
0.0
 40
0.0
 40
1.0
 40
1.0
 40
1.0
 40
2.0
 40
2.0
 40
2.0
 40
3.0
 40
3.0
 40
3.0
 40
4.0
 40
4.0
 40
4.0
 40
4.0
 10
30.08597758556771
 20
9.549579125070238
 10
29.8911186679532
 20
9.403117173413733
 10
29.64047494418787
 20
9.285898746200502
 10
29.5359775855677
 20
9.049579125070238
 10
29.49244706543231
 20
8.95113533508514
 10
29.1511692751744
 20
9.139489493835868
 10
28.83597758556772
 20
9.499579125070255
 10
28.78253655454914
 20
9.560632641983347
 10
29.20955455672606
 20
9.42242539440089
 10
29.2859775855677
 20
9.449579125070244
 10
29.71344507990587
 20
9.60146184140713
 10
30.15222485019372
 20
9.599372605336953
 10
30.08597758556771
 20
9.549579125070238
 97
        0
 97
        0
 92
        0
 93
        1
 72
     4
 94
        3
 73
     0
 74
     1
 95
       17
 96
       13
 40
0.0
 40
0.0
 40
0.0
 40
0.0
 40
1.0
 40
1.0
 40
1.0
 40
2.0
 40
2.0
 40
2.0
 40
3.0
 40
3.0
 40
3.0
 40
4.0
 40
4.0
 40
4.0
 40
4.0
 10
34.97511641974756
 20
8.41689468054733
 10
35.16805813394414
 20
8.40220913014808
 10
35.51915654931331
 20
8.207575418913095
 10
35.49857117399637
 20
8.165947167184285
 10
35.36738622585106
 20
7.900661741956768
 10
34.32270587163674
 20
8.265594182641152
 10
34.02399541438434
 20
8.249579125070241
 10
33.87269358668226
 20
8.241467231353809
 10
33.56619009197606
 20
8.099901920925632
 10
33.0859775855677
 20
8.349579125070235
 10
32.76758379276161
 20
8.515121819073329
 10
34.57301748834278
 20
8.44750000686166
 10
34.97511641974756
 20
8.41689468054733
 97
        0
 97
        0
 92
        0
 93
        1
 72
     4
 94
        3
 73
     0
 74
     1
 95
       20
 96
       16
 40
0.0
 40
0.0
 40
0.0
 40
0.0
 40
1.0
 40
1.0
 40
1.0
 40
2.0
 40
2.0
 40
2.0
 40
3.0
 40
3.0
 40
3.0
 40
4.0
 40
4.0
 40
4.0
 40
5.0
 40
5.0
 40
5.0
 40
5.0
 10
38.29896839338306
 20
7.794887089866606
 10
38.38940821211428
 20
7.780164310019046
 10
38.46094949817017
 20
7.655583364466068
 10
38.4933457191276
 20
7.600509764122094
 10
38.51634148699379
 20
7.561416941205195
 10
38.53865149827485
 20
7.4665527417569
 10
38.4933457191276
 20
7.464445487802777
 10
38.35404199372704
 20
7.457966218894938
 10
37.79682709212477
 20
7.516279391901932
 10
37.65752336672418
 20
7.561634150675047
 10
37.60207492565722
 20
7.579687154366823
 10
37.645045536819
 20
7.71886194865742
 10
37.65752336672416
 20
7.736574040441397
 10
37.71093140801142
 20
7.812385951364391
 10
38.1596646679825
 20
7.817564469253156
 10
38.29896839338306
 20
7.794887089866606
 97
        0
 97
        0
 92
        0
 93
        1
 72
     4
 94
        3
 73
     0
 74
     1
 95
       17
 96
       13
 40
0.0
 40
0.0
 40
0.0
 40
0.0
 40
1.0
 40
1.0
 40
1.0
 40
2.0
 40
2.0
 40
2.0
 40
3.0
 40
3.0
 40
3.0
 40
4.0
 40
4.0
 40
4.0
 40
4.0
 10
32.08597758556771
 20
9.249579125070227
 10
32.13685125186137
 20
9.260078160108407
 10
32.82143047627479
 20
9.37013529187847
 10
32.68597758556771
 20
9.249579125070227
 10
32.37534769322805
 20
8.973111425333187
 10
32.41888969020589
 20
9.08857452279554
 10
32.08597758556771
 20
8.749579125070241
 10
32.02131902598003
 20
8.683739061526765
 10
31.14854500531488
 20
9.005317361413304
 10
31.29598316752475
 20
9.180072206109742
 10
31.42695857730046
 20
9.335314153318947
 10
31.92162546757093
 20
9.215661014362695
 10
32.08597758556771
 20
9.249579125070227
 97
        0
 97
        0
 92
        0
 93
        1
 72
     4
 94
        3
 73
     0
 74
     1
 95
       98
 96
       94
 40
0.0
 40
0.0
 40
0.0
 40
0.0
 40
1.0
 40
1.0
 40
1.0
 40
2.0
 40
2.0
 40
2.0
 40
3.0
 40
3.0
 40
3.0
 40
4.0
 40
4.0
 40
4.0
 40
5.0
 40
5.0
 40
5.0
 40
6.0
 40
6.0
 40
6.0
 40
7.0
 40
7.0
 40
7.0
 40
8.0
 40
8.0
 40
8.0
 40
9.0
 40
9.0
 40
9.0
 40
10.0
 40
10.0
 40
10.0
 40
11.0
 40
11.0
 40
11.0
 40
12.0
 40
12.0
 40
12.0
 40
13.0
 40
13.0
 40
13.0
 40
14.0
 40
14.0
 40
14.0
 40
15.0
 40
15.0
 40
15.0
 40
16.0
 40
16.0
 40
16.0
 40
17.0
 40
17.0
 40
17.0
 40
18.0
 40
18.0
 40
18.0
 40
19.0
 40
19.0
 40
19.0
 40
20.0
 40
20.0
 40
20.0
 40
21.0
 40
21.0
 40
21.0
 40
22.0
 40
22.0
 40
22.0
 40
23.0
 40
23.0
 40
23.0
 40
24.0
 40
24.0
 40
24.0
 40
25.0
 40
25.0
 40
25.0
 40
26.0
 40
26.0
 40
26.0
 40
27.0
 40
27.0
 40
27.0
 40
28.0
 40
28.0
 40
28.0
 40
29.0
 40
29.0
 40
29.0
 40
30.0
 40
30.0
 40
30.0
 40
31.0
 40
31.0
 40
31.0
 40
31.0
 10
44.24482492148226
 20
13.66647978556375
 10
44.55373020152438
 20
13.22028428829878
 10
44.74047278580521
 20
13.44545682565015
 10
45.65615489441966
 20
12.56061451639854
 10
46.34057080404878
 20
11.89924945502246
 10
46.55221668732171
 20
12.46255049129055
 10
47.00572152526158
 20
12.20229162876332
 10
47.53836581471366
 20
11.89661595497302
 10
47.97915251149742
 20
11.44680507477723
 10
48.51179680094953
 20
11.14112940098693
 10
48.41059215620525
 20
11.18224375398279
 10
48.29883148436973
 20
11.00678325801373
 10
48.19762683962545
 20
11.04789761100959
 10
47.75183875193945
 20
11.22899887216995
 10
47.47612085063557
 20
11.82526823950548
 10
47.63926926763283
 20
11.3660681736072
 10
47.64779560525933
 20
11.34206981142864
 10
47.88621297881134
 20
10.67101657253498
 10
47.44194407827879
 20
11.11624900578558
 10
47.26039462945181
 20
11.29819220000796
 10
47.10748792960845
 20
11.51179915132717
 10
46.90358493990728
 20
11.66828269386167
 10
46.74606063483751
 20
11.78917332586629
 10
46.52961471156977
 20
11.81640809354647
 10
46.37209040649999
 20
11.9372987255511
 10
46.72892166200064
 20
10.9744295064276
 10
46.83234658958134
 20
10.94319388154371
 10
46.74836180844898
 20
10.92197244628559
 10
46.7101676998595
 20
10.91232148581695
 10
46.11247375620808
 20
11.54398627265088
 10
45.99691214076693
 20
11.58223211832625
 10
45.61502291414239
 20
11.70862076710735
 10
45.99516804939391
 20
11.41135467288061
 10
45.99112677125974
 20
11.01541023179215
 10
45.99112677125974
 20
11.01541023179215
 10
45.84131123341961
 20
10.79813674213615
 10
45.84131123341961
 20
10.79813674213615
 10
45.42613924348921
 20
10.97606597889707
 10
45.09512334385579
 20
12.23795893705933
 10
45.35871251297145
 20
12.10686857918122
 10
45.67813331154343
 20
11.94801157098554
 10
45.8727104878027
 20
11.51871146329439
 10
45.75008289923698
 20
11.86265801450116
 10
45.69803722388861
 20
12.00863601790699
 10
45.65657266442675
 20
12.12493604786778
 10
44.31946610708619
 20
13.16887377975348
 10
44.11739761529675
 20
13.32663751357568
 10
44.29260570261695
 20
13.05058497001914
 10
44.83903529837979
 20
11.5948055879056
 10
44.83903529837979
 20
11.5948055879056
 10
44.48116118559048
 20
11.84038405376843
 10
44.48116118559048
 20
11.84038405376843
 10
44.48116118559048
 20
11.84038405376843
 10
44.20750456595724
 20
11.67605576232228
 10
44.20750456595724
 20
11.67605576232228
 10
44.2051714082722
 20
11.61539268346442
 10
44.18280024990612
 20
11.03373317849321
 10
44.07066310418099
 20
10.92964675360669
 10
43.59581775936928
 20
10.48889222935109
 10
43.98644838551719
 20
11.18229090959821
 10
43.78453974575082
 20
11.78801682889717
 10
43.78453974575082
 20
11.78801682889717
 10
42.97197539120793
 20
11.03604808773228
 10
42.97197539120793
 20
11.03604808773228
 10
42.30026177549062
 20
10.54119858682307
 10
43.13703832889676
 20
11.23108316959988
 10
43.44865559691804
 20
11.99949947627742
 10
43.53942923772181
 20
12.2233379889922
 10
43.50716385276817
 20
12.48474961675323
 10
43.59793749357197
 20
12.70858812946801
 10
43.59793749357197
 20
12.70858812946801
 10
43.24500530363251
 20
12.13588006142908
 10
43.24500530363251
 20
12.13588006142908
 10
43.00391738417674
 20
11.99341915112549
 10
42.78248737682993
 20
11.81147773527145
 10
42.59558585077137
 20
11.60294400795372
 10
42.43461410376108
 20
11.42334120264336
 10
42.37650050916749
 20
11.16685350609549
 10
42.21552876215721
 20
10.98725070078514
 10
42.21552876215721
 20
10.98725070078514
 10
42.36850725898652
 20
11.60506070215806
 10
42.36850725898652
 20
11.60506070215806
 10
40.9233373685251
 20
10.78619278251374
 10
40.83782118899861
 20
10.7292979890817
 10
40.82582123401226
 20
10.86563023628536
 10
40.79867136677238
 20
11.17408159433631
 10
43.13007285985467
 20
12.39536068367462
 10
42.73726916711448
 20
12.45056824115461
 10
42.57203515152877
 20
12.47379146074675
 10
42.41073755477058
 20
12.37860870165252
 10
42.5280842963472
 20
12.49710548208775
 10
42.64501240294227
 20
12.61517952477308
 10
42.65009714075414
 20
12.60332117239067
 10
44.24482492148226
 20
13.66647978556375
 97
        0
 97
        0
 92
        0
 93
        1
 72
     4
 94
        3
 73
     0
 74
     1
 95
       92
 96
       88
 40
0.0
 40
0.0
 40
0.0
 40
0.0
 40
1.0
 40
1.0
 40
1.0
 40
2.0
 40
2.0
 40
2.0
 40
3.0
 40
3.0
 40
3.0
 40
4.0
 40
4.0
 40
4.0
 40
5.0
 40
5.0
 40
5.0
 40
6.0
 40
6.0
 40
6.0
 40
7.0
 40
7.0
 40
7.0
 40
8.0
 40
8.0
 40
8.0
 40
9.0
 40
9.0
 40
9.0
 40
10.0
 40
10.0
 40
10.0
 40
11.0
 40
11.0
 40
11.0
 40
12.0
 40
12.0
 40
12.0
 40
13.0
 40
13.0
 40
13.0
 40
14.0
 40
14.0
 40
14.0
 40
15.0
 40
15.0
 40
15.0
 40
16.0
 40
16.0
 40
16.0
 40
17.0
 40
17.0
 40
17.0
 40
18.0
 40
18.0
 40
18.0
 40
19.0
 40
19.0
 40
19.0
 40
20.0
 40
20.0
 40
20.0
 40
21.0
 40
21.0
 40
21.0
 40
22.0
 40
22.0
 40
22.0
 40
23.0
 40
23.0
 40
23.0
 40
24.0
 40
24.0
 40
24.0
 40
25.0
 40
25.0
 40
25.0
 40
26.0
 40
26.0
 40
26.0
 40
27.0
 40
27.0
 40
27.0
 40
28.0
 40
28.0
 40
28.0
 40
29.0
 40
29.0
 40
29.0
 40
29.0
 10
26.42171756289709
 20
10.85710857387966
 10
27.17399180562329
 20
11.04518145031918
 10
28.75367556860102
 20
12.12022629869092
 10
28.979154161409
 20
12.34424190907703
 10
29.11645401474717
 20
11.51869360317592
 10
30.70569441692696
 20
13.24434829135414
 10
30.77577134461269
 20
13.22073766501203
 10
30.90641492210054
 20
13.17672065693348
 10
30.88848988167044
 20
12.96326721060162
 10
30.98277771058969
 20
12.86269362233562
 10
31.13070241359419
 20
12.70490742294091
 10
31.14947823376479
 20
12.85832408811103
 10
32.51702987837825
 20
14.11990155792039
 10
32.57449540299222
 20
14.17291396986794
 10
32.68023288036364
 20
13.8796044466682
 10
33.17672080016791
 20
13.38245979782419
 10
34.03733808580667
 20
12.52070413128819
 10
34.57235788508144
 20
12.36002552248519
 10
34.94322263687235
 20
11.98916279173346
 10
34.93507364980248
 20
11.99079256427868
 10
33.9976463261827
 20
12.67164131078268
 10
34.02265111682019
 20
12.34992694722641
 10
34.02418494748763
 20
12.33019251456822
 10
34.90495761530952
 20
10.95423911335283
 10
34.46919213237995
 20
11.47674176614939
 10
33.67235805572128
 20
12.43218210092261
 10
33.44981615024282
 20
12.25539278857468
 10
33.29676834768785
 20
12.72593047832374
 10
33.45833163827025
 20
12.69476324038408
 10
33.43309725742719
 20
12.65776162573665
 10
33.56236535679416
 20
12.55311636253209
 10
33.56236535679416
 20
12.55311636253209
 10
33.54954847677585
 20
12.70164392205644
 10
33.54954847677585
 20
12.70164392205644
 10
32.87233791384757
 20
13.18831058224564
 10
32.51924169075671
 20
14.10117744178828
 10
32.57959354574003
 20
13.27049846727861
 10
32.63516330902221
 20
12.50563988936529
 10
33.0783022906722
 20
12.63771968410988
 10
33.08963963347853
 20
11.87720122391075
 10
33.09183453672593
 20
11.72996527395919
 10
32.7142401368944
 20
12.26080027279728
 10
32.71643504014182
 20
12.11356432284569
 10
32.71643504014182
 20
12.11356432284569
 10
32.93640142859029
 20
10.86234939572775
 10
32.93640142859029
 20
10.86234939572775
 10
32.93640142859029
 20
10.86234939572775
 10
32.02535753765267
 20
12.16235136851026
 10
32.02535753765267
 20
12.16235136851026
 10
31.38270178026509
 20
10.93177159109837
 10
31.46005928261948
 20
10.82759995411651
 10
31.1231336711612
 20
10.72783364197379
 10
31.14910302331243
 20
11.12297149584467
 10
31.57632465022888
 20
11.2959726146517
 10
31.33118691840237
 20
11.38089924597146
 10
31.23217199348549
 20
11.41520242712971
 10
30.68936503748112
 20
10.95454557263021
 10
30.51452784454449
 20
10.93050575247777
 10
30.55508789149348
 20
11.06705826812458
 10
30.74861831145317
 20
10.91093799813372
 10
31.62170166126505
 20
12.32504702064732
 10
31.95893051745778
 20
12.87124729842938
 10
32.21499599477232
 20
13.09123538586244
 10
31.93270548904561
 20
12.98437504063129
 10
31.6400435571798
 20
12.87358861869802
 10
31.56703516248129
 20
12.38243853409044
 10
30.86285203674792
 20
12.6360508484279
 10
30.6173702145204
 20
12.72446139220239
 10
30.77280190650572
 20
12.52147196742232
 10
30.71357057905662
 20
12.27528621838074
 10
30.66541151673383
 20
12.07512060768659
 10
28.92088288216591
 20
10.6730336350744
 10
30.52507519971792
 20
11.49804734501045
 10
30.55971089318939
 20
11.15168512522801
 10
29.22849135369658
 20
10.60374927477378
 10
29.15855120287663
 20
10.79490780832357
 10
29.10217559398151
 20
10.94899210179494
 10
30.26505046688704
 20
12.00013317457588
 10
29.81920497927634
 20
11.8598136133331
 10
29.51298893757009
 20
11.76343919257135
 10
26.56638711766555
 20
9.649193362698682
 10
28.36164506383705
 20
11.24776032362247
 10
29.05924659867894
 20
11.86893165327244
 10
28.08677155761576
 20
11.27278465141967
 10
27.04372523328806
 20
10.84466861059012
 10
26.40657462057731
 20
10.58315156061474
 10
26.37820341744485
 20
10.83295017509754
 10
26.42171756289709
 20
10.85710857387966
 97
        0
 97
        0
 92
        0
 93
        1
 72
     4
 94
        3
 73
     0
 74
     1
 95
       47
 96
       43
 40
0.0
 40
0.0
 40
0.0
 40
0.0
 40
1.0
 40
1.0
 40
1.0
 40
2.0
 40
2.0
 40
2.0
 40
3.0
 40
3.0
 40
3.0
 40
4.0
 40
4.0
 40
4.0
 40
5.0
 40
5.0
 40
5.0
 40
6.0
 40
6.0
 40
6.0
 40
7.0
 40
7.0
 40
7.0
 40
8.0
 40
8.0
 40
8.0
 40
9.0
 40
9.0
 40
9.0
 40
10.0
 40
10.0
 40
10.0
 40
11.0
 40
11.0
 40
11.0
 40
12.0
 40
12.0
 40
12.0
 40
13.0
 40
13.0
 40
13.0
 40
14.0
 40
14.0
 40
14.0
 40
14.0
 10
36.0722800772342
 20
11.31642626729609
 10
35.99180030168824
 20
11.34942771609677
 10
35.91597113893646
 20
11.5807936460039
 10
35.88597758556769
 20
11.49914515152184
 10
35.71760712454
 20
11.0408068383135
 10
35.76121495223953
 20
10.41082376905889
 10
35.33109930589008
 20
10.88994411191992
 10
35.2946352412615
 20
10.93056266484922
 10
34.92948059456149
 20
11.33732075656043
 10
35.0466679293547
 20
11.51014155028841
 10
35.09313598946198
 20
11.57866983489291
 10
35.5323259497109
 20
11.72072964218704
 10
35.68740825865389
 20
11.72998464855296
 10
35.34123933212082
 20
12.21597322887052
 10
35.00524874387853
 20
12.23685338173614
 10
34.9239055212417
 20
12.42935138579985
 10
34.90778525138057
 20
12.46749985930064
 10
34.74402981557238
 20
12.85502562390416
 10
35.34130715678818
 20
12.73557197840679
 10
35.68892147976255
 20
12.33829833112557
 10
35.89087221303368
 20
12.65587284093271
 10
36.51068173906474
 20
12.20064548953509
 10
36.51763809490132
 20
12.19553630145414
 10
36.58602680463671
 20
12.07239787437695
 10
36.75939289409551
 20
11.97099832751535
 10
36.84013666903882
 20
11.92377235491189
 10
37.89048290545107
 20
11.4190243425675
 10
38.04082095138857
 20
11.11835207394785
 10
37.95613199096061
 20
11.12127233683121
 10
37.4855005789158
 20
11.13750075004344
 10
37.00828786351369
 20
11.35471469832859
 10
36.94843796979278
 20
11.38195670446126
 10
36.36983719214444
 20
11.69460261523281
 10
36.36140028137346
 20
11.70303936508618
 10
36.36140028137346
 20
11.70303936508618
 10
36.02551439149283
 20
12.03892525496678
 10
36.02551439149283
 20
12.03892525496678
 10
36.16223372087043
 20
11.62877769745234
 10
36.28087016772334
 20
11.69193555398799
 10
36.4204065877524
 20
11.27999777898573
 10
36.51926090660338
 20
10.98816122370947
 10
36.16135157759831
 20
11.27990170520674
 10
36.0722800772342
 20
11.31642626729609
 97
        0
 97
        0
 92
        0
 93
        1
 72
     4
 94
        3
 73
     0
 74
     1
 95
       14
 96
       10
 40
0.0
 40
0.0
 40
0.0
 40
0.0
 40
1.0
 40
1.0
 40
1.0
 40
2.0
 40
2.0
 40
2.0
 40
3.0
 40
3.0
 40
3.0
 40
3.0
 10
39.80656812265108
 20
11.68814592148125
 10
39.58632055707865
 20
11.22762779832158
 10
39.29988275214654
 20
11.16367991194602
 10
39.23880676841934
 20
11.15004456074449
 10
39.45338850683649
 20
11.41866266583737
 10
39.61896905799001
 20
11.48881568220543
 10
39.65130870653729
 20
11.52654518993373
 10
39.66157583622817
 20
11.53852348179595
 10
39.70139095383423
 20
11.63555733707285
 10
39.80656812265108
 20
11.68814592148125
 97
        0
 97
        0
 92
        0
 93
        1
 72
     4
 94
        3
 73
     0
 74
     1
 95
       80
 96
       76
 40
0.0
 40
0.0
 40
0.0
 40
0.0
 40
1.0
 40
1.0
 40
1.0
 40
2.0
 40
2.0
 40
2.0
 40
3.0
 40
3.0
 40
3.0
 40
4.0
 40
4.0
 40
4.0
 40
5.0
 40
5.0
 40
5.0
 40
6.0
 40
6.0
 40
6.0
 40
7.0
 40
7.0
 40
7.0
 40
8.0
 40
8.0
 40
8.0
 40
9.0
 40
9.0
 40
9.0
 40
10.0
 40
10.0
 40
10.0
 40
11.0
 40
11.0
 40
11.0
 40
12.0
 40
12.0
 40
12.0
 40
13.0
 40
13.0
 40
13.0
 40
14.0
 40
14.0
 40
14.0
 40
15.0
 40
15.0
 40
15.0
 40
16.0
 40
16.0
 40
16.0
 40
17.0
 40
17.0
 40
17.0
 40
18.0
 40
18.0
 40
18.0
 40
19.0
 40
19.0
 40
19.0
 40
20.0
 40
20.0
 40
20.0
 40
21.0
 40
21.0
 40
21.0
 40
22.0
 40
22.0
 40
22.0
 40
23.0
 40
23.0
 40
23.0
 40
24.0
 40
24.0
 40
24.0
 40
25.0
 40
25.0
 40
25.0
 40
25.0
 10
36.87069233838622
 20
12.33503380614978
 10
37.00204047566331
 20
12.57610477978009
 10
38.15214220492346
 20
13.84619550427655
 10
38.6222655357852
 20
13.40986302072285
 10
38.94628009409106
 20
13.10913751392022
 10
38.94255403478888
 20
13.05244784464442
 10
39.03100551334666
 20
13.09951094169157
 10
39.79996839289861
 20
13.50865927042618
 10
40.92899312268799
 20
14.86790956095466
 10
41.08973972225316
 20
14.80945626891441
 10
41.18398649527682
 20
14.7751847249918
 10
41.08494163895847
 20
14.6606008820016
 10
42.03584344628923
 20
13.98708598034453
 10
42.37302036999149
 20
13.74826670283597
 10
42.3356526905977
 20
13.71380343771043
 10
42.89172572645491
 20
13.03168229733133
 10
42.77437741107811
 20
13.12245294404727
 10
42.61098918972802
 20
13.13995407666722
 10
42.49364087435122
 20
13.23072472338315
 10
42.3191704618555
 20
13.36568015179458
 10
42.19734588768651
 20
13.55968905771407
 10
42.02737552487839
 20
13.70026988237027
 10
41.74256297508914
 20
13.93583555664613
 10
42.01124508660541
 20
13.5809187240251
 10
42.0468429781449
 20
13.21815377464838
 10
41.79881782390369
 20
13.37921003772329
 10
41.44411855919345
 20
13.84205021753859
 10
41.28767806056541
 20
14.16154106625293
 10
40.84024425667845
 20
14.36002480475183
 10
41.37967419619986
 20
13.50213283409439
 10
41.28943434859477
 20
13.26058101136226
 10
41.24788519431375
 20
13.14936324874504
 10
41.16803487014369
 20
12.93562184889879
 10
41.22972177263656
 20
11.77771516506193
 10
41.22972177263656
 20
11.77771516506193
 10
41.0104001687396
 20
12.26051538022173
 10
41.0104001687396
 20
12.26051538022173
 10
40.41482334727271
 20
11.31033499662999
 10
40.19449844494263
 20
11.48224210190023
 10
40.19307794368091
 20
11.56793434473484
 10
40.19151945252607
 20
11.66195087685371
 10
40.81662417486861
 20
12.7941384500527
 10
40.52920735045876
 20
12.87823735385459
 10
40.33950564069755
 20
12.93374456319425
 10
39.94393685575492
 20
11.70911983595354
 10
39.86628069860933
 20
12.1160870615641
 10
39.84289918345124
 20
12.23862094302599
 10
39.87022369893277
 20
12.3739964432696
 10
39.92615210118784
 20
12.4855009776097
 10
40.01658786860816
 20
12.66580289447654
 10
40.20253559801006
 20
12.78647892804813
 10
40.29297136543038
 20
12.96678084491497
 10
40.03106264086285
 20
12.95948472057641
 10
39.87284755140882
 20
13.24959045953359
 10
39.28905811863093
 20
12.49426797477724
 10
38.81754336089796
 20
11.8842094872239
 10
38.91975923861462
 20
11.74030722066298
 10
38.38341485230898
 20
11.58862470845533
 10
38.32696640216289
 20
11.5726606321137
 10
37.85343947006213
 20
11.69074056648226
 10
38.54146362132366
 20
12.30466972838936
 10
38.80879973756178
 20
12.54321576996166
 10
39.11030041806627
 20
12.5822030461512
 10
38.800649077548
 20
12.74168009922138
 10
38.43423051361919
 20
12.93039348463014
 10
38.31911436493189
 20
12.38904129715954
 10
38.30853696276489
 20
12.33929936376309
 10
38.08889168191164
 20
12.6126866577399
 10
38.09072280767617
 20
12.62688532068276
 10
38.06242443013667
 20
12.62257667330454
 10
37.98686699070574
 20
12.61107246735299
 10
37.59824468770694
 20
12.31081712142291
 10
37.45308933381845
 20
12.24957912507024
 10
36.88578727303279
 20
12.01024629580412
 10
36.73142160988575
 20
12.0794220341535
 10
36.87069233838622
 20
12.33503380614978
 97
        0
 97
        0
 92
        0
 93
        1
 72
     4
 94
        3
 73
     0
 74
     1
 95
       59
 96
       55
 40
0.0
 40
0.0
 40
0.0
 40
0.0
 40
1.0
 40
1.0
 40
1.0
 40
2.0
 40
2.0
 40
2.0
 40
3.0
 40
3.0
 40
3.0
 40
4.0
 40
4.0
 40
4.0
 40
5.0
 40
5.0
 40
5.0
 40
6.0
 40
6.0
 40
6.0
 40
7.0
 40
7.0
 40
7.0
 40
8.0
 40
8.0
 40
8.0
 40
9.0
 40
9.0
 40
9.0
 40
10.0
 40
10.0
 40
10.0
 40
11.0
 40
11.0
 40
11.0
 40
12.0
 40
12.0
 40
12.0
 40
13.0
 40
13.0
 40
13.0
 40
14.0
 40
14.0
 40
14.0
 40
15.0
 40
15.0
 40
15.0
 40
16.0
 40
16.0
 40
16.0
 40
17.0
 40
17.0
 40
17.0
 40
18.0
 40
18.0
 40
18.0
 40
18.0
 10
26.8859775855677
 20
9.899579125070233
 10
26.85632807061054
 20
9.990947019009198
 10
34.06903999256669
 20
9.895158814103269
 10
34.62523664021493
 20
9.894162059609585
 10
41.08775005166774
 20
9.8825806534457
 10
49.44356334845781
 20
10.44016474649263
 10
47.57076623820537
 20
9.933037673056646
 10
47.28618808929741
 20
9.855977919477624
 10
41.38690629519933
 20
9.868195016664387
 10
41.11743961667896
 20
9.85528644616251
 10
40.74386363086106
 20
9.83739060843888
 10
40.13174229297736
 20
9.676425675579267
 10
40.0289268891058
 20
9.58315863501457
 10
39.92611148523424
 20
9.489891594449858
 10
40.68004014503112
 20
9.336655444252159
 10
40.50054719344958
 20
9.295684202774268
 10
40.20250181234315
 20
9.227652064614617
 10
38.4682805534959
 20
9.224242063555536
 10
38.24065460246715
 20
9.174965806056647
 10
38.01302865143839
 20
9.125689548557773
 10
39.01417360740895
 20
9.215678231749337
 10
39.13479148727706
 20
9.000026657780964
 10
39.24747243068921
 20
8.798565457918855
 10
37.97107580840056
 20
9.032472809180021
 10
37.79426335700043
 20
8.969772056197883
 10
37.65450874231506
 20
8.920212652976488
 10
37.96997467691367
 20
8.72957433236229
 10
38.07391677887635
 20
8.62382213988812
 10
38.22263463769396
 20
8.472514447114378
 10
39.31017440057906
 20
8.17871155267737
 10
38.68657050990605
 20
8.061925899555419
 10
38.58584036008727
 20
8.043061622870141
 10
36.27451537918279
 20
8.24744388515326
 10
35.99610001754265
 20
8.342241142272357
 10
35.71768465590252
 20
8.437038399391469
 10
36.86569945566032
 20
8.513623991642334
 10
37.01607834006528
 20
8.630709442270074
 10
37.17695187780694
 20
8.755966061476215
 10
35.97139090305855
 20
8.715760795766556
 10
35.79295252099104
 20
8.825648829652835
 10
35.65422063649008
 20
8.911084338810156
 10
36.10541858348046
 20
9.259131502645914
 10
35.94544804766019
 20
9.290037645587645
 10
35.54349299421906
 20
9.367694948378471
 10
32.47285874865813
 20
8.805357817243731
 10
33.38122220034417
 20
9.291592646397774
 10
33.47876445570803
 20
9.343805713517654
 10
33.62377137754892
 20
9.274444710057864
 10
33.70876556347108
 20
9.345273265873729
 10
33.80165537255674
 20
9.422681513934052
 10
33.96808576898249
 20
9.668754135788973
 10
33.84772733723668
 20
9.680347297886883
 10
32.84174030296597
 20
9.777245957893726
 10
26.92746035148733
 20
9.771745905460563
 10
26.8859775855677
 20
9.899579125070233
 97
        0
 97
        0
 92
        0
 93
        1
 72
     4
 94
        3
 73
     0
 74
     1
 95
       17
 96
       13
 40
0.0
 40
0.0
 40
0.0
 40
0.0
 40
1.0
 40
1.0
 40
1.0
 40
2.0
 40
2.0
 40
2.0
 40
3.0
 40
3.0
 40
3.0
 40
4.0
 40
4.0
 40
4.0
 40
4.0
 10
41.52828541171432
 20
13.00182600935218
 10
41.70946634870187
 20
12.79799594334096
 10
41.71078808703918
 20
12.79929501780084
 10
41.72006021818245
 20
12.78259587770834
 10
41.78822268772669
 20
12.65983503552616
 10
41.83299537193507
 20
12.52502690185747
 10
41.90115784147932
 20
12.40226605967528
 10
41.85906580327214
 20
12.43453898840499
 10
41.80596880200903
 20
12.45045082290072
 10
41.76387676380185
 20
12.48272375163043
 10
41.70252914106567
 20
12.5297603775728
 10
41.56686957871061
 20
12.92465783890038
 10
41.52828541171432
 20
13.00182600935218
 97
        0
 97
        0
 92
        0
 93
        1
 72
     4
 94
        3
 73
     0
 74
     1
 95
       29
 96
       25
 40
0.0
 40
0.0
 40
0.0
 40
0.0
 40
1.0
 40
1.0
 40
1.0
 40
2.0
 40
2.0
 40
2.0
 40
3.0
 40
3.0
 40
3.0
 40
4.0
 40
4.0
 40
4.0
 40
5.0
 40
5.0
 40
5.0
 40
6.0
 40
6.0
 40
6.0
 40
7.0
 40
7.0
 40
7.0
 40
8.0
 40
8.0
 40
8.0
 40
8.0
 10
39.86071634513732
 20
8.507541827201294
 10
40.06805220869756
 20
8.55289646239261
 10
40.35759982361278
 20
8.793180294972686
 10
40.51487020346714
 20
8.786211154567567
 10
40.65868202583254
 20
8.779838404766181
 10
41.03288604134085
 20
8.691810911998417
 10
40.80433862426353
 20
8.46572698477057
 10
40.61636922107373
 20
8.279783685059499
 10
40.37516280933535
 20
8.454100841532522
 10
40.3171991073833
 20
8.439482855254141
 10
40.26797055387867
 20
8.42706780418942
 10
40.45524030866712
 20
8.390132559883824
 10
40.45655641255121
 20
8.378019067100297
 10
40.46635414046587
 20
8.287840238647178
 10
40.54679942729909
 20
8.115078270590658
 10
40.45655641255124
 20
8.105890514461649
 10
40.25754557527808
 20
8.085628967958499
 10
39.51474185018301
 20
8.123687140871311
 10
39.26249138891215
 20
8.256449788081369
 10
39.10190398650523
 20
8.340968993892616
 10
39.25645193126481
 20
8.499325329695395
 10
39.27085502210576
 20
8.5140833434196
 10
39.30583071124054
 20
8.549920908145353
 10
39.66862600530419
 20
8.465522144077923
 10
39.86071634513732
 20
8.507541827201294
 97
        0
 97
        0
 75
     0
 76
     1
 98
        0
  0
VIEWPORT
  5
273
330
26F
100
AcDbEntity
 67
     1
  8
0
100
AcDbViewport
 10
128.5
 20
97.5
 30
0.0
 40
314.226
 41
222.18
 68
     1
 69
     1
 12
27.7919455076912
 22
35.69906705602728
 13
0.0
 23
0.0
 14
10.0
 24
10.0
 15
10.0
 25
10.0
 16
0.0
 26
0.0
 36
1.0
 17
0.0
 27
0.0
 37
0.0
 42
50.0
 43
0.0
 44
0.0
 45
222.18
 50
0.0
 51
0.0
 72
   100
 90
   557152
  1

281
     0
 71
     1
 74
     0
110
0.0
120
0.0
130
0.0
111
1.0
121
0.0
131
0.0
112
0.0
122
1.0
132
0.0
 79
     0
146
0.0
170
     0
 61
     5
348
2F
292
     1
282
     1
141
0.0
142
0.0
 63
   256
361
274
  0
VIEWPORT
  5
275
330
26F
100
AcDbEntity
 67
     1
  8
0
100
AcDbViewport
 10
27.7919455076912
 20
35.69906705602728
 30
0.0
 40
55.58389101538239
 41
71.39813411205456
 68
     2
 69
     2
 12
37.45308933381843
 22
35.69906705602728
 13
0.0
 23
0.0
 14
10.0
 24
10.0
 15
10.0
 25
10.0
 16
0.0
 26
0.0
 36
1.0
 17
0.0
 27
0.0
 37
0.0
 42
50.0
 43
0.0
 44
0.0
 45
71.39813411205456
 50
0.0
 51
0.0
 72
   100
 90
   557152
  1

281
     0
 71
     1
 74
     0
110
0.0
120
0.0
130
0.0
111
1.0
121
0.0
131
0.0
112
0.0
122
1.0
132
0.0
 79
     0
146
0.0
170
     0
 61
     5
348
2F
292
     1
282
     1
141
0.0
142
0.0
 63
   256
361
276
  0
ENDSEC
  0
SECTION
  2
OBJECTS
  0
DICTIONARY
  5
C
330
0
100
AcDbDictionary
281
     1
  3
ACAD_DETAILVIEWSTYLE
350
27E
  3
ACAD_GROUP
350
D
  3
ACAD_LAYOUT
350
1A
  3
ACAD_MATERIAL
350
43
  3
ACAD_MLEADERSTYLE
350
5B
  3
ACAD_MLINESTYLE
350
17
  3
ACAD_PLOTSETTINGS
350
19
  3
ACAD_PLOTSTYLENAME
350
E
  3
ACAD_SCALELIST
350
47
  3
ACAD_SECTIONVIEWSTYLE
350
27F
  3
ACAD_TABLESTYLE
350
59
  3
ACAD_VISUALSTYLE
350
2A
  3
ACDB_RECOMPOSE_DATA
350
27B
  3
AcDbVariableDictionary
350
277
  0
SUN
  5
5D
330
29
100
AcDbSun
 90
        1
290
     0
 63
     7
421
 16777215
 40
1.0
291
     1
 91
  2455826
 92
 54000000
292
     0
 70
     2
 71
   256
280
     1
  0
SUN
  5
274
330
273
100
AcDbSun
 90
        1
290
     0
 63
     7
421
 16777215
 40
1.0
291
     1
 91
  2455826
 92
 54000000
292
     0
 70
     2
 71
   256
280
     1
  0
SUN
  5
276
330
275
100
AcDbSun
 90
        1
290
     0
 63
     7
421
 16777215
 40
1.0
291
     1
 91
  2455826
 92
 54000000
292
     0
 70
     2
 71
   256
280
     1
  0
DICTIONARY
  5
27E
102
{ACAD_REACTORS
330
C
102
}
330
C
100
AcDbDictionary
281
     1
  0
DICTIONARY
  5
D
102
{ACAD_REACTORS
330
C
102
}
330
C
100
AcDbDictionary
281
     1
  0
DICTIONARY
  5
1A
102
{ACAD_REACTORS
330
C
102
}
330
C
100
AcDbDictionary
281
     1
  3
Layout1
350
270
  3
Model
350
22
  0
DICTIONARY
  5
43
102
{ACAD_REACTORS
330
C
102
}
330
C
100
AcDbDictionary
281
     1
  3
ByBlock
350
45
  3
ByLayer
350
44
  3
Global
350
46
  0
DICTIONARY
  5
5B
102
{ACAD_REACTORS
330
C
102
}
330
C
100
AcDbDictionary
281
     1
  3
Standard
350
5C
  0
DICTIONARY
  5
17
102
{ACAD_REACTORS
330
C
102
}
330
C
100
AcDbDictionary
281
     1
  3
Standard
350
18
  0
DICTIONARY
  5
19
102
{ACAD_REACTORS
330
C
102
}
330
C
100
AcDbDictionary
281
     1
  0
ACDBDICTIONARYWDFLT
  5
E
102
{ACAD_REACTORS
330
C
102
}
330
C
100
AcDbDictionary
281
     1
  3
Normal
350
F
100
AcDbDictionaryWithDefault
340
F
  0
DICTIONARY
  5
47
102
{ACAD_REACTORS
330
C
102
}
330
C
100
AcDbDictionary
281
     1
  3
A0
350
48
  3
A1
350
49
  3
A2
350
4A
  3
A3
350
4B
  3
A4
350
4C
  3
A5
350
4D
  3
A6
350
4E
  3
A7
350
4F
  3
A8
350
50
  3
A9
350
51
  3
B0
350
52
  3
B1
350
53
  3
B2
350
54
  3
B3
350
55
  3
B4
350
56
  3
B5
350
57
  3
B6
350
58
  0
DICTIONARY
  5
27F
102
{ACAD_REACTORS
330
C
102
}
330
C
100
AcDbDictionary
281
     1
  0
DICTIONARY
  5
59
102
{ACAD_REACTORS
330
C
102
}
330
C
100
AcDbDictionary
281
     1
  3
Standard
350
5A
  0
DICTIONARY
  5
2A
102
{ACAD_REACTORS
330
C
102
}
330
C
100
AcDbDictionary
281
     1
  3
2dWireframe
350
2F
  3
Basic
350
32
  3
Brighten
350
36
  3
ColorChange
350
3A
  3
Conceptual
350
34
  3
Dim
350
35
  3
EdgeColorOff
350
3D
  3
Facepattern
350
39
  3
Flat
350
2B
  3
FlatWithEdges
350
2C
  3
Gouraud
350
2D
  3
GouraudWithEdges
350
2E
  3
Hidden
350
31
  3
JitterOff
350
3B
  3
Linepattern
350
38
  3
OverhangOff
350
3C
  3
Realistic
350
33
  3
Shaded
350
42
  3
Shaded with edges
350
41
  3
Shades of Gray
350
3E
  3
Sketchy
350
3F
  3
Thicken
350
37
  3
Wireframe
350
30
  3
X-Ray
350
40
  0
XRECORD
  5
27B
102
{ACAD_REACTORS
330
C
102
}
330
C
100
AcDbXrecord
280
     1
 90
        1
330
5A
  0
DICTIONARY
  5
277
102
{ACAD_REACTORS
330
C
102
}
330
C
100
AcDbDictionary
281
     1
  3
CANNOSCALE
350
278
  3
CENTEREXE
350
280
  3
CENTERLTYPEFILE
350
281
  3
CMLEADERSTYLE
350
27D
  3
CTABLESTYLE
350
27C
  0
LAYOUT
  5
270
102
{ACAD_REACTORS
330
1A
102
}
330
1A
100
AcDbPlotSettings
  1

  2
none_device
  4
ISO_A4_(210.00_x_297.00_MM)
  6

 40
0.0
 41
0.0
 42
0.0
 43
0.0
 44
55.58389101538239
 45
71.39813411205456
 46
0.0
 47
0.0
 48
0.0
 49
0.0
140
0.0
141
0.0
142
1.0
143
1.0
 70
   688
 72
     1
 73
     0
 74
     5
  7

 75
    16
 76
     0
 77
     2
 78
   300
147
1.0
148
0.0
149
0.0
100
AcDbLayout
  1
Layout1
 70
     1
 71
     1
 10
-20.0
 20
-7.5
 11
277.0
 21
202.5
 12
0.0
 22
0.0
 32
0.0
 14
55.58389101538239
 24
71.39813411205456
 34
0.0
 15
0.0
 25
0.0
 35
0.0
146
0.0
 13
0.0
 23
0.0
 33
0.0
 16
1.0
 26
0.0
 36
0.0
 17
0.0
 27
1.0
 37
0.0
 76
     0
330
26F
331
273
  0
LAYOUT
  5
22
102
{ACAD_REACTORS
330
1A
102
}
330
1A
100
AcDbPlotSettings
  1

  2
none_device
  4
Letter_(8.50_x_11.00_Inches)
  6

 40
6.35
 41
6.35
 42
6.35000508
 43
6.35000508
 44
215.9
 45
279.4
 46
0.0
 47
0.0
 48
0.0
 49
0.0
140
0.0
141
0.0
142
1.0
143
1.0
 70
  1712
 72
     1
 73
     0
 74
     0
  7

 75
     0
 76
     0
 77
     2
 78
   300
147
1.0
148
0.0
149
0.0
100
AcDbLayout
  1
Model
 70
     1
 71
     0
 10
0.0
 20
0.0
 11
420.0
 21
297.0
 12
0.0
 22
0.0
 32
0.0
 14
1.000000000000000E+20
 24
1.000000000000000E+20
 34
1.000000000000000E+20
 15
-1.000000000000000E+20
 25
-1.000000000000000E+20
 35
-1.000000000000000E+20
146
0.0
 13
0.0
 23
0.0
 33
0.0
 16
1.0
 26
0.0
 36
0.0
 17
0.0
 27
1.0
 37
0.0
 76
     0
330
1F
331
29
  0
MATERIAL
  5
45
102
{ACAD_REACTORS
330
43
102
}
330
43
100
AcDbMaterial
  1
ByBlock
 72
     1
 94
      127
  0
MATERIAL
  5
44
102
{ACAD_REACTORS
330
43
102
}
330
43
100
AcDbMaterial
  1
ByLayer
 72
     1
 94
      127
  0
MATERIAL
  5
46
102
{ACAD_REACTORS
330
43
102
}
330
43
100
AcDbMaterial
  1
Global
 72
     1
 94
      127
  0
MLEADERSTYLE
  5
5C
102
{ACAD_REACTORS
330
5B
102
}
330
5B
100
AcDbMLeaderStyle
179
     2
170
     2
171
     1
172
     0
 90
        2
 40
0.0
 41
0.0
173
     1
 91
-1056964608
340
14
 92
       -2
290
     1
 42
2.0
291
     1
 43
8.0
  3
Standard
341
0
 44
4.0
300

342
11
174
     1
178
     6
175
     1
176
     0
 93
-1056964608
 45
4.0
292
     0
297
     0
 46
4.0
343
0
 94
-1056964608
 47
1.0
 49
1.0
140
1.0
293
     1
141
0.0
294
     1
177
     0
142
1.0
295
     0
296
     0
143
3.75
271
     0
272
     9
273
     9
298
     0
  0
MLINESTYLE
  5
18
102
{ACAD_REACTORS
330
17
102
}
330
17
100
AcDbMlineStyle
  2
Standard
 70
     0
  3

 62
   256
 51
90.0
 52
90.0
 71
     2
 49
0.5
 62
   256
  6
BYLAYER
 49
-0.5
 62
   256
  6
BYLAYER
  0
ACDBPLACEHOLDER
  5
F
102
{ACAD_REACTORS
330
E
102
}
330
E
  0
SCALE
  5
48
102
{ACAD_REACTORS
330
47
102
}
330
47
100
AcDbScale
 70
     0
300
1:1
140
1.0
141
1.0
290
     1
  0
SCALE
  5
49
102
{ACAD_REACTORS
330
47
102
}
330
47
100
AcDbScale
 70
     0
300
1:2
140
1.0
141
2.0
290
     0
  0
SCALE
  5
4A
102
{ACAD_REACTORS
330
47
102
}
330
47
100
AcDbScale
 70
     0
300
1:4
140
1.0
141
4.0
290
     0
  0
SCALE
  5
4B
102
{ACAD_REACTORS
330
47
102
}
330
47
100
AcDbScale
 70
     0
300
1:5
140
1.0
141
5.0
290
     0
  0
SCALE
  5
4C
102
{ACAD_REACTORS
330
47
102
}
330
47
100
AcDbScale
 70
     0
300
1:8
140
1.0
141
8.0
290
     0
  0
SCALE
  5
4D
102
{ACAD_REACTORS
330
47
102
}
330
47
100
AcDbScale
 70
     0
300
1:10
140
1.0
141
10.0
290
     0
  0
SCALE
  5
4E
102
{ACAD_REACTORS
330
47
102
}
330
47
100
AcDbScale
 70
     0
300
1:16
140
1.0
141
16.0
290
     0
  0
SCALE
  5
4F
102
{ACAD_REACTORS
330
47
102
}
330
47
100
AcDbScale
 70
     0
300
1:20
140
1.0
141
20.0
290
     0
  0
SCALE
  5
50
102
{ACAD_REACTORS
330
47
102
}
330
47
100
AcDbScale
 70
     0
300
1:30
140
1.0
141
30.0
290
     0
  0
SCALE
  5
51
102
{ACAD_REACTORS
330
47
102
}
330
47
100
AcDbScale
 70
     0
300
1:40
140
1.0
141
40.0
290
     0
  0
SCALE
  5
52
102
{ACAD_REACTORS
330
47
102
}
330
47
100
AcDbScale
 70
     0
300
1:50
140
1.0
141
50.0
290
     0
  0
SCALE
  5
53
102
{ACAD_REACTORS
330
47
102
}
330
47
100
AcDbScale
 70
     0
300
1:100
140
1.0
141
100.0
290
     0
  0
SCALE
  5
54
102
{ACAD_REACTORS
330
47
102
}
330
47
100
AcDbScale
 70
     0
300
2:1
140
2.0
141
1.0
290
     0
  0
SCALE
  5
55
102
{ACAD_REACTORS
330
47
102
}
330
47
100
AcDbScale
 70
     0
300
4:1
140
4.0
141
1.0
290
     0
  0
SCALE
  5
56
102
{ACAD_REACTORS
330
47
102
}
330
47
100
AcDbScale
 70
     0
300
8:1
140
8.0
141
1.0
290
     0
  0
SCALE
  5
57
102
{ACAD_REACTORS
330
47
102
}
330
47
100
AcDbScale
 70
     0
300
10:1
140
10.0
141
1.0
290
     0
  0
SCALE
  5
58
102
{ACAD_REACTORS
330
47
102
}
330
47
100
AcDbScale
 70
     0
300
100:1
140
100.0
141
1.0
290
     0
  0
TABLESTYLE
  5
5A
102
{ACAD_REACTORS
330
59
102
}
102
{ACAD_XDICTIONARY
360
279
102
}
330
59
100
AcDbTableStyle
  3
Standard
 70
     0
 71
     0
 40
0.06
 41
0.06
280
     0
281
     0
  7
Standard
140
4.5
170
     2
 62
     0
 63
   257
283
     0
 90
        4
 91
        0
  1

274
    -2
284
     1
 64
     0
275
    -2
285
     1
 65
     0
276
    -2
286
     1
 66
     0
277
    -2
287
     1
 67
     0
278
    -2
288
     1
 68
     0
279
    -2
289
     1
 69
     0
  7
Standard
140
6.0
170
     5
 62
     0
 63
   257
283
     0
 90
        4
 91
        0
  1

274
    -2
284
     1
 64
     0
275
    -2
285
     1
 65
     0
276
    -2
286
     1
 66
     0
277
    -2
287
     1
 67
     0
278
    -2
288
     1
 68
     0
279
    -2
289
     1
 69
     0
  7
Standard
140
4.5
170
     5
 62
     0
 63
   257
283
     0
 90
        4
 91
        0
  1

274
    -2
284
     1
 64
     0
275
    -2
285
     1
 65
     0
276
    -2
286
     1
 66
     0
277
    -2
287
     1
 67
     0
278
    -2
288
     1
 68
     0
279
    -2
289
     1
 69
     0
  0
VISUALSTYLE
  5
2F
102
{ACAD_REACTORS
330
2A
102
}
330
2A
100
AcDbVisualStyle
  2
2dWireframe
 70
     4
177
     3
291
     0
 70
    58
 90
        0
176
     1
 90
        2
176
     1
 90
        0
176
     1
 90
        0
176
     1
 40
0.6
176
     1
 40
30.0
176
     1
 62
     7
420
 16777215
176
     1
 90
        1
176
     1
 90
        4
176
     1
 62
     7
176
     1
 62
   257
176
     1
 90
        1
176
     1
 90
        1
176
     1
 40
1.0
176
     1
 90
        0
176
     1
 62
   257
176
     1
 40
1.0
176
     1
 90
        1
176
     1
 90
        6
176
     1
 90
        2
176
     1
 62
     7
176
     1
 90
        5
176
     1
 90
        0
176
     1
 90
        0
176
     1
290
     0
176
     1
 90
        1
176
     1
 40
0.0
176
     1
 90
        0
176
     1
290
     1
176
     1
290
     1
176
     1
290
     0
176
     1
290
     0
176
     1
290
     0
176
     1
290
     0
176
     1
290
     0
176
     1
290
     0
176
     1
290
     0
176
     1
 90
       50
176
     1
 40
0.0
176
     1
 40
1.0
176
     1
 90
        0
176
     1
 62
    18
420
        0
176
     1
 90
       50
176
     1
 90
        3
176
     1
 62
     5
420
      255
176
     1
290
     0
176
     1
 90
       50
176
     1
 90
       50
176
     1
 90
       50
176
     1
290
     0
176
     1
 90
       50
176
     1
 62
   256
176
     0
 40
1.0
176
     0
 90
        2
176
     1
  1
strokes_ogs.tif
176
     1
290
     0
176
     1
 40
1.0
176
     1
 40
1.0
176
     1
  0
VISUALSTYLE
  5
32
102
{ACAD_REACTORS
330
2A
102
}
330
2A
100
AcDbVisualStyle
  2
Basic
 70
     7
177
     3
291
     1
 70
    58
 90
        1
176
     1
 90
        0
176
     1
 90
        1
176
     1
 90
        0
176
     1
 40
0.6
176
     1
 40
30.0
176
     1
 62
     7
420
 16777215
176
     1
 90
        0
176
     1
 90
        4
176
     1
 62
     7
176
     1
 62
   257
176
     1
 90
        1
176
     1
 90
        1
176
     1
 40
1.0
176
     1
 90
        8
176
     1
 62
     7
176
     1
 40
1.0
176
     1
 90
        1
176
     1
 90
        6
176
     1
 90
        2
176
     1
 62
     7
176
     1
 90
        5
176
     1
 90
        0
176
     1
 90
        0
176
     1
290
     0
176
     1
 90
        1
176
     1
 40
0.0
176
     1
 90
        0
176
     1
290
     0
176
     1
290
     1
176
     1
290
     1
176
     1
290
     0
176
     1
290
     0
176
     1
290
     0
176
     1
290
     0
176
     1
290
     0
176
     1
290
     0
176
     1
 90
       50
176
     1
 40
0.0
176
     1
 40
1.0
176
     1
 90
        0
176
     1
 62
    18
420
        0
176
     1
 90
       50
176
     1
 90
        3
176
     1
 62
     5
420
      255
176
     1
290
     0
176
     1
 90
       50
176
     1
 90
       50
176
     1
 90
       50
176
     1
290
     0
176
     1
 90
       50
176
     1
 62
   256
176
     0
 40
1.0
176
     0
 90
        2
176
     1
  1
strokes_ogs.tif
176
     1
290
     0
176
     1
 40
1.0
176
     1
 40
1.0
176
     1
  0
VISUALSTYLE
  5
36
102
{ACAD_REACTORS
330
2A
102
}
330
2A
100
AcDbVisualStyle
  2
Brighten
 70
    12
177
     3
291
     1
 70
    58
 90
        2
176
     1
 90
        2
176
     1
 90
        0
176
     1
 90
        0
176
     1
 40
0.6
176
     1
 40
30.0
176
     1
 62
     7
420
 16777215
176
     1
 90
        1
176
     1
 90
        4
176
     1
 62
     7
176
     1
 62
   257
176
     1
 90
        1
176
     1
 90
        1
176
     1
 40
1.0
176
     1
 90
        8
176
     1
 62
     7
176
     1
 40
1.0
176
     1
 90
        1
176
     1
 90
        6
176
     1
 90
        2
176
     1
 62
     7
176
     1
 90
        5
176
     1
 90
        0
176
     1
 90
        0
176
     1
290
     0
176
     1
 90
        1
176
     1
 40
50.0
176
     1
 90
        0
176
     1
290
     0
176
     1
290
     1
176
     1
290
     1
176
     1
290
     0
176
     1
290
     0
176
     1
290
     0
176
     1
290
     0
176
     1
290
     0
176
     1
290
     0
176
     1
 90
       50
176
     1
 40
0.0
176
     1
 40
1.0
176
     1
 90
        0
176
     1
 62
    18
420
        0
176
     1
 90
       50
176
     1
 90
        3
176
     1
 62
     5
420
      255
176
     1
290
     0
176
     1
 90
       50
176
     1
 90
       50
176
     1
 90
       50
176
     1
290
     0
176
     1
 90
       50
176
     1
 62
   256
176
     0
 40
1.0
176
     0
 90
        2
176
     1
  1
strokes_ogs.tif
176
     1
290
     0
176
     1
 40
1.0
176
     1
 40
1.0
176
     1
  0
VISUALSTYLE
  5
3A
102
{ACAD_REACTORS
330
2A
102
}
330
2A
100
AcDbVisualStyle
  2
ColorChange
 70
    16
177
     3
291
     1
 70
    58
 90
        2
176
     1
 90
        2
176
     1
 90
        3
176
     1
 90
        0
176
     1
 40
0.6
176
     1
 40
30.0
176
     1
 62
     8
420
  8421504
176
     1
 90
        1
176
     1
 90
        4
176
     1
 62
     7
176
     1
 62
   257
176
     1
 90
        1
176
     1
 90
        1
176
     1
 40
1.0
176
     1
 90
        8
176
     1
 62
     8
420
  8421504
176
     1
 40
1.0
176
     1
 90
        1
176
     1
 90
        6
176
     1
 90
        2
176
     1
 62
     7
176
     1
 90
        5
176
     1
 90
        0
176
     1
 90
        0
176
     1
290
     0
176
     1
 90
        1
176
     1
 40
0.0
176
     1
 90
        0
176
     1
290
     0
176
     1
290
     1
176
     1
290
     1
176
     1
290
     0
176
     1
290
     0
176
     1
290
     0
176
     1
290
     0
176
     1
290
     0
176
     1
290
     0
176
     1
 90
       50
176
     1
 40
0.0
176
     1
 40
1.0
176
     1
 90
        0
176
     1
 62
    18
420
        0
176
     1
 90
       50
176
     1
 90
        3
176
     1
 62
     5
420
      255
176
     1
290
     0
176
     1
 90
       50
176
     1
 90
       50
176
     1
 90
       50
176
     1
290
     0
176
     1
 90
       50
176
     1
 62
   256
176
     0
 40
1.0
176
     0
 90
        2
176
     1
  1
strokes_ogs.tif
176
     1
290
     0
176
     1
 40
1.0
176
     1
 40
1.0
176
     1
  0
VISUALSTYLE
  5
34
102
{ACAD_REACTORS
330
2A
102
}
330
2A
100
AcDbVisualStyle
  2
Conceptual
 70
     9
177
     3
291
     0
 70
    58
 90
        3
176
     1
 90
        2
176
     1
 90
        0
176
     1
 90
        0
176
     1
 40
0.6
176
     1
 40
30.0
176
     1
 62
     7
420
 16777215
176
     1
 90
        2
176
     1
 90
        2
176
     1
 62
     7
176
     1
 62
   257
176
     1
 90
        1
176
     1
 90
        1
176
     1
 40
179.0
176
     1
 90
        8
176
     1
 62
     7
176
     1
 40
1.0
176
     1
 90
        1
176
     1
 90
        6
176
     1
 90
        2
176
     1
 62
     7
176
     1
 90
        3
176
     1
 90
        0
176
     1
 90
        0
176
     1
290
     0
176
     1
 90
        1
176
     1
 40
0.0
176
     1
 90
        0
176
     1
290
     0
176
     1
290
     1
176
     1
290
     1
176
     1
290
     0
176
     1
290
     0
176
     1
290
     0
176
     1
290
     0
176
     1
290
     0
176
     1
290
     0
176
     1
 90
       50
176
     1
 40
0.0
176
     1
 40
1.0
176
     1
 90
        0
176
     1
 62
    18
420
        0
176
     1
 90
       50
176
     1
 90
        3
176
     1
 62
     5
420
      255
176
     1
290
     0
176
     1
 90
       50
176
     1
 90
       50
176
     1
 90
       50
176
     1
290
     0
176
     1
 90
       50
176
     1
 62
   256
176
     0
 40
1.0
176
     0
 90
        2
176
     1
  1
strokes_ogs.tif
176
     1
290
     0
176
     1
 40
1.0
176
     1
 40
1.0
176
     1
  0
VISUALSTYLE
  5
35
102
{ACAD_REACTORS
330
2A
102
}
330
2A
100
AcDbVisualStyle
  2
Dim
 70
    11
177
     3
291
     1
 70
    58
 90
        2
176
     1
 90
        2
176
     1
 90
        0
176
     1
 90
        0
176
     1
 40
0.6
176
     1
 40
30.0
176
     1
 62
     7
420
 16777215
176
     1
 90
        1
176
     1
 90
        4
176
     1
 62
     7
176
     1
 62
   257
176
     1
 90
        1
176
     1
 90
        1
176
     1
 40
1.0
176
     1
 90
        8
176
     1
 62
     7
176
     1
 40
1.0
176
     1
 90
        1
176
     1
 90
        6
176
     1
 90
        2
176
     1
 62
     7
176
     1
 90
        5
176
     1
 90
        0
176
     1
 90
        0
176
     1
290
     0
176
     1
 90
        1
176
     1
 40
-50.0
176
     1
 90
        0
176
     1
290
     0
176
     1
290
     1
176
     1
290
     1
176
     1
290
     0
176
     1
290
     0
176
     1
290
     0
176
     1
290
     0
176
     1
290
     0
176
     1
290
     0
176
     1
 90
       50
176
     1
 40
0.0
176
     1
 40
1.0
176
     1
 90
        0
176
     1
 62
    18
420
        0
176
     1
 90
       50
176
     1
 90
        3
176
     1
 62
     5
420
      255
176
     1
290
     0
176
     1
 90
       50
176
     1
 90
       50
176
     1
 90
       50
176
     1
290
     0
176
     1
 90
       50
176
     1
 62
   256
176
     0
 40
1.0
176
     0
 90
        2
176
     1
  1
strokes_ogs.tif
176
     1
290
     0
176
     1
 40
1.0
176
     1
 40
1.0
176
     1
  0
VISUALSTYLE
  5
3D
102
{ACAD_REACTORS
330
2A
102
}
330
2A
100
AcDbVisualStyle
  2
EdgeColorOff
 70
    22
177
     3
291
     1
 70
    58
 90
        2
176
     0
 90
        2
176
     0
 90
        0
176
     0
 90
        0
176
     0
 40
0.6
176
     0
 40
30.0
176
     0
 62
     7
420
 16777215
176
     0
 90
        1
176
     0
 90
        4
176
     0
 62
     7
176
     0
 62
   257
176
     0
 90
        1
176
     0
 90
        1
176
     0
 40
1.0
176
     0
 90
        8
176
     2
 62
     7
176
     0
 40
1.0
176
     0
 90
        1
176
     0
 90
        6
176
     0
 90
        2
176
     0
 62
     7
176
     0
 90
        5
176
     0
 90
        0
176
     0
 90
        0
176
     0
290
     0
176
     0
 90
        1
176
     0
 40
0.0
176
     0
 90
        0
176
     0
290
     0
176
     0
290
     1
176
     0
290
     1
176
     0
290
     0
176
     0
290
     0
176
     0
290
     0
176
     0
290
     0
176
     0
290
     0
176
     0
290
     0
176
     0
 90
       50
176
     0
 40
0.0
176
     0
 40
1.0
176
     0
 90
        0
176
     0
 62
    18
420
        0
176
     0
 90
       50
176
     0
 90
        3
176
     0
 62
     5
420
      255
176
     0
290
     0
176
     0
 90
       50
176
     0
 90
       50
176
     0
 90
       50
176
     0
290
     0
176
     0
 90
       50
176
     0
 62
   256
176
     0
 40
1.0
176
     0
 90
        2
176
     0
  1
strokes_ogs.tif
176
     0
290
     0
176
     0
 40
1.0
176
     0
 40
1.0
176
     0
  0
VISUALSTYLE
  5
39
102
{ACAD_REACTORS
330
2A
102
}
330
2A
100
AcDbVisualStyle
  2
Facepattern
 70
    15
177
     3
291
     1
 70
    58
 90
        2
176
     1
 90
        2
176
     1
 90
        0
176
     1
 90
        0
176
     1
 40
0.6
176
     1
 40
30.0
176
     1
 62
     7
420
 16777215
176
     1
 90
        1
176
     1
 90
        4
176
     1
 62
     7
176
     1
 62
   257
176
     1
 90
        1
176
     1
 90
        1
176
     1
 40
1.0
176
     1
 90
        8
176
     1
 62
     7
176
     1
 40
1.0
176
     1
 90
        1
176
     1
 90
        6
176
     1
 90
        2
176
     1
 62
     7
176
     1
 90
        5
176
     1
 90
        0
176
     1
 90
        0
176
     1
290
     0
176
     1
 90
        1
176
     1
 40
0.0
176
     1
 90
        0
176
     1
290
     0
176
     1
290
     1
176
     1
290
     1
176
     1
290
     0
176
     1
290
     0
176
     1
290
     0
176
     1
290
     0
176
     1
290
     0
176
     1
290
     0
176
     1
 90
       50
176
     1
 40
0.0
176
     1
 40
1.0
176
     1
 90
        0
176
     1
 62
    18
420
        0
176
     1
 90
       50
176
     1
 90
        3
176
     1
 62
     5
420
      255
176
     1
290
     0
176
     1
 90
       50
176
     1
 90
       50
176
     1
 90
       50
176
     1
290
     0
176
     1
 90
       50
176
     1
 62
   256
176
     0
 40
1.0
176
     0
 90
        2
176
     1
  1
strokes_ogs.tif
176
     1
290
     0
176
     1
 40
1.0
176
     1
 40
1.0
176
     1
  0
VISUALSTYLE
  5
2B
102
{ACAD_REACTORS
330
2A
102
}
330
2A
100
AcDbVisualStyle
  2
Flat
 70
     0
177
     3
291
     1
 70
    58
 90
        2
176
     1
 90
        1
176
     1
 90
        1
176
     1
 90
        2
176
     1
 40
0.6
176
     1
 40
30.0
176
     1
 62
     7
420
 16777215
176
     1
 90
        0
176
     1
 90
        0
176
     1
 62
     7
176
     1
 62
   257
176
     1
 90
        1
176
     1
 90
        1
176
     1
 40
1.0
176
     1
 90
        8
176
     1
 62
     7
176
     1
 40
1.0
176
     1
 90
        1
176
     1
 90
        6
176
     1
 90
        2
176
     1
 62
     7
176
     1
 90
        5
176
     1
 90
        0
176
     1
 90
        0
176
     1
290
     0
176
     1
 90
       13
176
     1
 40
0.0
176
     1
 90
        0
176
     1
290
     0
176
     1
290
     1
176
     1
290
     1
176
     1
290
     0
176
     1
290
     0
176
     1
290
     0
176
     1
290
     0
176
     1
290
     0
176
     1
290
     0
176
     1
 90
       50
176
     1
 40
0.0
176
     1
 40
1.0
176
     1
 90
        0
176
     1
 62
    18
420
        0
176
     1
 90
       50
176
     1
 90
        3
176
     1
 62
     5
420
      255
176
     1
290
     0
176
     1
 90
       50
176
     1
 90
       50
176
     1
 90
       50
176
     1
290
     0
176
     1
 90
       50
176
     1
 62
   256
176
     0
 40
1.0
176
     0
 90
        2
176
     1
  1
strokes_ogs.tif
176
     1
290
     0
176
     1
 40
1.0
176
     1
 40
1.0
176
     1
  0
VISUALSTYLE
  5
2C
102
{ACAD_REACTORS
330
2A
102
}
330
2A
100
AcDbVisualStyle
  2
FlatWithEdges
 70
     1
177
     3
291
     1
 70
    58
 90
        2
176
     1
 90
        1
176
     1
 90
        1
176
     1
 90
        2
176
     1
 40
0.6
176
     1
 40
30.0
176
     1
 62
     7
420
 16777215
176
     1
 90
        1
176
     1
 90
        0
176
     1
 62
     7
176
     1
 62
   257
176
     1
 90
        1
176
     1
 90
        1
176
     1
 40
1.0
176
     1
 90
        0
176
     1
 62
   257
176
     1
 40
1.0
176
     1
 90
        1
176
     1
 90
        6
176
     1
 90
        2
176
     1
 62
     7
176
     1
 90
        5
176
     1
 90
        0
176
     1
 90
        0
176
     1
290
     0
176
     1
 90
       13
176
     1
 40
0.0
176
     1
 90
        0
176
     1
290
     0
176
     1
290
     1
176
     1
290
     1
176
     1
290
     0
176
     1
290
     0
176
     1
290
     0
176
     1
290
     0
176
     1
290
     0
176
     1
290
     0
176
     1
 90
       50
176
     1
 40
0.0
176
     1
 40
1.0
176
     1
 90
        0
176
     1
 62
    18
420
        0
176
     1
 90
       50
176
     1
 90
        3
176
     1
 62
     5
420
      255
176
     1
290
     0
176
     1
 90
       50
176
     1
 90
       50
176
     1
 90
       50
176
     1
290
     0
176
     1
 90
       50
176
     1
 62
   256
176
     0
 40
1.0
176
     0
 90
        2
176
     1
  1
strokes_ogs.tif
176
     1
290
     0
176
     1
 40
1.0
176
     1
 40
1.0
176
     1
  0
VISUALSTYLE
  5
2D
102
{ACAD_REACTORS
330
2A
102
}
330
2A
100
AcDbVisualStyle
  2
Gouraud
 70
     2
177
     3
291
     1
 70
    58
 90
        2
176
     1
 90
        2
176
     1
 90
        1
176
     1
 90
        2
176
     1
 40
0.6
176
     1
 40
30.0
176
     1
 62
     7
420
 16777215
176
     1
 90
        0
176
     1
 90
        0
176
     1
 62
     7
176
     1
 62
   257
176
     1
 90
        1
176
     1
 90
        1
176
     1
 40
1.0
176
     1
 90
        0
176
     1
 62
     7
176
     1
 40
1.0
176
     1
 90
        1
176
     1
 90
        6
176
     1
 90
        2
176
     1
 62
     7
176
     1
 90
        5
176
     1
 90
        0
176
     1
 90
        0
176
     1
290
     0
176
     1
 90
       13
176
     1
 40
0.0
176
     1
 90
        0
176
     1
290
     0
176
     1
290
     1
176
     1
290
     1
176
     1
290
     0
176
     1
290
     0
176
     1
290
     0
176
     1
290
     0
176
     1
290
     0
176
     1
290
     0
176
     1
 90
       50
176
     1
 40
0.0
176
     1
 40
1.0
176
     1
 90
        0
176
     1
 62
    18
420
        0
176
     1
 90
       50
176
     1
 90
        3
176
     1
 62
     5
420
      255
176
     1
290
     0
176
     1
 90
       50
176
     1
 90
       50
176
     1
 90
       50
176
     1
290
     0
176
     1
 90
       50
176
     1
 62
   256
176
     0
 40
1.0
176
     0
 90
        2
176
     1
  1
strokes_ogs.tif
176
     1
290
     0
176
     1
 40
1.0
176
     1
 40
1.0
176
     1
  0
VISUALSTYLE
  5
2E
102
{ACAD_REACTORS
330
2A
102
}
330
2A
100
AcDbVisualStyle
  2
GouraudWithEdges
 70
     3
177
     3
291
     1
 70
    58
 90
        2
176
     1
 90
        2
176
     1
 90
        1
176
     1
 90
        2
176
     1
 40
0.6
176
     1
 40
30.0
176
     1
 62
     7
420
 16777215
176
     1
 90
        1
176
     1
 90
        0
176
     1
 62
     7
176
     1
 62
   257
176
     1
 90
        1
176
     1
 90
        1
176
     1
 40
1.0
176
     1
 90
        0
176
     1
 62
   257
176
     1
 40
1.0
176
     1
 90
        1
176
     1
 90
        6
176
     1
 90
        2
176
     1
 62
     7
176
     1
 90
        5
176
     1
 90
        0
176
     1
 90
        0
176
     1
290
     0
176
     1
 90
       13
176
     1
 40
0.0
176
     1
 90
        0
176
     1
290
     0
176
     1
290
     1
176
     1
290
     1
176
     1
290
     0
176
     1
290
     0
176
     1
290
     0
176
     1
290
     0
176
     1
290
     0
176
     1
290
     0
176
     1
 90
       50
176
     1
 40
0.0
176
     1
 40
1.0
176
     1
 90
        0
176
     1
 62
    18
420
        0
176
     1
 90
       50
176
     1
 90
        3
176
     1
 62
     5
420
      255
176
     1
290
     0
176
     1
 90
       50
176
     1
 90
       50
176
     1
 90
       50
176
     1
290
     0
176
     1
 90
       50
176
     1
 62
   256
176
     0
 40
1.0
176
     0
 90
        2
176
     1
  1
strokes_ogs.tif
176
     1
290
     0
176
     1
 40
1.0
176
     1
 40
1.0
176
     1
  0
VISUALSTYLE
  5
31
102
{ACAD_REACTORS
330
2A
102
}
330
2A
100
AcDbVisualStyle
  2
Hidden
 70
     6
177
     3
291
     0
 70
    58
 90
        1
176
     1
 90
        2
176
     1
 90
        2
176
     1
 90
        0
176
     1
 40
0.6
176
     1
 40
30.0
176
     1
 62
     7
420
 16777215
176
     1
 90
        2
176
     1
 90
        2
176
     1
 62
     7
176
     1
 62
   257
176
     1
 90
        2
176
     1
 90
        1
176
     1
 40
40.0
176
     1
 90
        0
176
     1
 62
   257
176
     1
 40
1.0
176
     1
 90
        1
176
     1
 90
        6
176
     1
 90
        2
176
     1
 62
     7
176
     1
 90
        3
176
     1
 90
        0
176
     1
 90
        0
176
     1
290
     0
176
     1
 90
        1
176
     1
 40
0.0
176
     1
 90
        0
176
     1
290
     0
176
     1
290
     1
176
     1
290
     1
176
     1
290
     0
176
     1
290
     0
176
     1
290
     0
176
     1
290
     0
176
     1
290
     0
176
     1
290
     0
176
     1
 90
       50
176
     1
 40
0.0
176
     1
 40
1.0
176
     1
 90
        0
176
     1
 62
    18
420
        0
176
     1
 90
       50
176
     1
 90
        3
176
     1
 62
     5
420
      255
176
     1
290
     0
176
     1
 90
       50
176
     1
 90
       50
176
     1
 90
       50
176
     1
290
     0
176
     1
 90
       50
176
     1
 62
   256
176
     0
 40
1.0
176
     0
 90
        2
176
     1
  1
strokes_ogs.tif
176
     1
290
     0
176
     1
 40
1.0
176
     1
 40
1.0
176
     1
  0
VISUALSTYLE
  5
3B
102
{ACAD_REACTORS
330
2A
102
}
330
2A
100
AcDbVisualStyle
  2
JitterOff
 70
    20
177
     3
291
     1
 70
    58
 90
        2
176
     0
 90
        2
176
     0
 90
        0
176
     0
 90
        0
176
     0
 40
0.6
176
     0
 40
30.0
176
     0
 62
     7
420
 16777215
176
     0
 90
        1
176
     0
 90
        4
176
     0
 62
     7
176
     0
 62
   257
176
     0
 90
        1
176
     0
 90
        1
176
     0
 40
1.0
176
     0
 90
       10
176
     2
 62
     7
176
     0
 40
1.0
176
     0
 90
        1
176
     0
 90
        6
176
     0
 90
        2
176
     0
 62
     7
176
     0
 90
        5
176
     0
 90
        0
176
     0
 90
        0
176
     0
290
     0
176
     0
 90
        1
176
     0
 40
0.0
176
     0
 90
        0
176
     0
290
     0
176
     0
290
     1
176
     0
290
     1
176
     0
290
     0
176
     0
290
     0
176
     0
290
     0
176
     0
290
     0
176
     0
290
     0
176
     0
290
     0
176
     0
 90
       50
176
     0
 40
0.0
176
     0
 40
1.0
176
     0
 90
        0
176
     0
 62
    18
420
        0
176
     0
 90
       50
176
     0
 90
        3
176
     0
 62
     5
420
      255
176
     0
290
     0
176
     0
 90
       50
176
     0
 90
       50
176
     0
 90
       50
176
     0
290
     0
176
     0
 90
       50
176
     0
 62
   256
176
     0
 40
1.0
176
     0
 90
        2
176
     0
  1
strokes_ogs.tif
176
     0
290
     0
176
     0
 40
1.0
176
     0
 40
1.0
176
     0
  0
VISUALSTYLE
  5
38
102
{ACAD_REACTORS
330
2A
102
}
330
2A
100
AcDbVisualStyle
  2
Linepattern
 70
    14
177
     3
291
     1
 70
    58
 90
        2
176
     1
 90
        2
176
     1
 90
        0
176
     1
 90
        0
176
     1
 40
0.6
176
     1
 40
30.0
176
     1
 62
     7
420
 16777215
176
     1
 90
        1
176
     1
 90
        4
176
     1
 62
     7
176
     1
 62
   257
176
     1
 90
        7
176
     1
 90
        7
176
     1
 40
1.0
176
     1
 90
        8
176
     1
 62
     7
176
     1
 40
1.0
176
     1
 90
        1
176
     1
 90
        6
176
     1
 90
        2
176
     1
 62
     7
176
     1
 90
        5
176
     1
 90
        0
176
     1
 90
        0
176
     1
290
     0
176
     1
 90
        1
176
     1
 40
0.0
176
     1
 90
        0
176
     1
290
     0
176
     1
290
     1
176
     1
290
     1
176
     1
290
     0
176
     1
290
     0
176
     1
290
     0
176
     1
290
     0
176
     1
290
     0
176
     1
290
     0
176
     1
 90
       50
176
     1
 40
0.0
176
     1
 40
1.0
176
     1
 90
        0
176
     1
 62
    18
420
        0
176
     1
 90
       50
176
     1
 90
        3
176
     1
 62
     5
420
      255
176
     1
290
     0
176
     1
 90
       50
176
     1
 90
       50
176
     1
 90
       50
176
     1
290
     0
176
     1
 90
       50
176
     1
 62
   256
176
     0
 40
1.0
176
     0
 90
        2
176
     1
  1
strokes_ogs.tif
176
     1
290
     0
176
     1
 40
1.0
176
     1
 40
1.0
176
     1
  0
VISUALSTYLE
  5
3C
102
{ACAD_REACTORS
330
2A
102
}
330
2A
100
AcDbVisualStyle
  2
OverhangOff
 70
    21
177
     3
291
     1
 70
    58
 90
        2
176
     0
 90
        2
176
     0
 90
        0
176
     0
 90
        0
176
     0
 40
0.6
176
     0
 40
30.0
176
     0
 62
     7
420
 16777215
176
     0
 90
        1
176
     0
 90
        4
176
     0
 62
     7
176
     0
 62
   257
176
     0
 90
        1
176
     0
 90
        1
176
     0
 40
1.0
176
     0
 90
        9
176
     2
 62
     7
176
     0
 40
1.0
176
     0
 90
        1
176
     0
 90
        6
176
     0
 90
        2
176
     0
 62
     7
176
     0
 90
        5
176
     0
 90
        0
176
     0
 90
        0
176
     0
290
     0
176
     0
 90
        1
176
     0
 40
0.0
176
     0
 90
        0
176
     0
290
     0
176
     0
290
     1
176
     0
290
     1
176
     0
290
     0
176
     0
290
     0
176
     0
290
     0
176
     0
290
     0
176
     0
290
     0
176
     0
290
     0
176
     0
 90
       50
176
     0
 40
0.0
176
     0
 40
1.0
176
     0
 90
        0
176
     0
 62
    18
420
        0
176
     0
 90
       50
176
     0
 90
        3
176
     0
 62
     5
420
      255
176
     0
290
     0
176
     0
 90
       50
176
     0
 90
       50
176
     0
 90
       50
176
     0
290
     0
176
     0
 90
       50
176
     0
 62
   256
176
     0
 40
1.0
176
     0
 90
        2
176
     0
  1
strokes_ogs.tif
176
     0
290
     0
176
     0
 40
1.0
176
     0
 40
1.0
176
     0
  0
VISUALSTYLE
  5
33
102
{ACAD_REACTORS
330
2A
102
}
330
2A
100
AcDbVisualStyle
  2
Realistic
 70
     8
177
     3
291
     0
 70
    58
 90
        2
176
     1
 90
        3
176
     1
 90
        0
176
     1
 90
        2
176
     1
 40
0.6
176
     1
 40
30.0
176
     1
 62
     7
420
 16777215
176
     1
 90
        0
176
     1
 90
        0
176
     1
 62
     7
176
     1
 62
   257
176
     1
 90
        1
176
     1
 90
        1
176
     1
 40
1.0
176
     1
 90
        8
176
     1
 62
   257
176
     1
 40
1.0
176
     1
 90
        1
176
     1
 90
        6
176
     1
 90
        2
176
     1
 62
     7
176
     1
 90
        3
176
     1
 90
        0
176
     1
 90
        0
176
     1
290
     0
176
     1
 90
       13
176
     1
 40
0.0
176
     1
 90
        0
176
     1
290
     0
176
     1
290
     1
176
     1
290
     1
176
     1
290
     0
176
     1
290
     0
176
     1
290
     0
176
     1
290
     0
176
     1
290
     0
176
     1
290
     0
176
     1
 90
       50
176
     1
 40
0.0
176
     1
 40
1.0
176
     1
 90
        0
176
     1
 62
    18
420
        0
176
     1
 90
       50
176
     1
 90
        3
176
     1
 62
     5
420
      255
176
     1
290
     0
176
     1
 90
       50
176
     1
 90
       50
176
     1
 90
       50
176
     1
290
     0
176
     1
 90
       50
176
     1
 62
   256
176
     0
 40
1.0
176
     0
 90
        2
176
     1
  1
strokes_ogs.tif
176
     1
290
     0
176
     1
 40
1.0
176
     1
 40
1.0
176
     1
  0
VISUALSTYLE
  5
42
102
{ACAD_REACTORS
330
2A
102
}
330
2A
100
AcDbVisualStyle
  2
Shaded
 70
    27
177
     3
291
     0
 70
    58
 90
        2
176
     1
 90
        2
176
     1
 90
        1
176
     1
 90
        2
176
     1
 40
0.6
176
     1
 40
30.0
176
     1
 62
     7
420
 16777215
176
     1
 90
        0
176
     1
 90
        4
176
     1
 62
     7
176
     1
 62
   257
176
     1
 90
        1
176
     1
 90
        1
176
     1
 40
1.0
176
     1
 90
        8
176
     1
 62
   257
176
     1
 40
1.0
176
     1
 90
        1
176
     1
 90
        6
176
     1
 90
        2
176
     1
 62
     8
420
  7895160
176
     1
 90
        3
176
     1
 90
        0
176
     1
 90
        0
176
     1
290
     0
176
     1
 90
        5
176
     1
 40
0.0
176
     1
 90
        0
176
     1
290
     0
176
     1
290
     1
176
     1
290
     1
176
     1
290
     0
176
     1
290
     0
176
     1
290
     0
176
     1
290
     0
176
     1
290
     0
176
     1
290
     0
176
     1
 90
       50
176
     1
 40
0.0
176
     1
 40
1.0
176
     1
 90
        0
176
     1
 62
    18
420
        0
176
     1
 90
       50
176
     1
 90
        3
176
     1
 62
     5
420
      255
176
     1
290
     0
176
     1
 90
       50
176
     1
 90
       50
176
     1
 90
       50
176
     1
290
     0
176
     1
 90
       50
176
     1
 62
   256
176
     0
 40
1.0
176
     0
 90
        2
176
     1
  1
strokes_ogs.tif
176
     1
290
     0
176
     1
 40
1.0
176
     1
 40
1.0
176
     1
  0
VISUALSTYLE
  5
41
102
{ACAD_REACTORS
330
2A
102
}
330
2A
100
AcDbVisualStyle
  2
Shaded with edges
 70
    26
177
     3
291
     0
 70
    58
 90
        2
176
     1
 90
        2
176
     1
 90
        1
176
     1
 90
        2
176
     1
 40
0.6
176
     1
 40
30.0
176
     1
 62
     7
420
 16777215
176
     1
 90
        1
176
     1
 90
       10
176
     1
 62
     7
176
     1
 62
   257
176
     1
 90
        2
176
     1
 90
        1
176
     1
 40
1.0
176
     1
 90
        8
176
     1
 62
   257
176
     1
 40
1.0
176
     1
 90
        1
176
     1
 90
        6
176
     1
 90
        2
176
     1
 62
     7
176
     1
 90
        3
176
     1
 90
        0
176
     1
 90
        0
176
     1
290
     0
176
     1
 90
        5
176
     1
 40
0.0
176
     1
 90
        0
176
     1
290
     0
176
     1
290
     1
176
     1
290
     1
176
     1
290
     0
176
     1
290
     0
176
     1
290
     0
176
     1
290
     0
176
     1
290
     0
176
     1
290
     0
176
     1
 90
       50
176
     1
 40
0.0
176
     1
 40
1.0
176
     1
 90
        0
176
     1
 62
    18
420
        0
176
     1
 90
       50
176
     1
 90
        3
176
     1
 62
     5
420
      255
176
     1
290
     0
176
     1
 90
       50
176
     1
 90
       50
176
     1
 90
       50
176
     1
290
     0
176
     1
 90
       50
176
     1
 62
   256
176
     0
 40
1.0
176
     0
 90
        2
176
     1
  1
strokes_ogs.tif
176
     1
290
     0
176
     1
 40
1.0
176
     1
 40
1.0
176
     1
  0
VISUALSTYLE
  5
3E
102
{ACAD_REACTORS
330
2A
102
}
330
2A
100
AcDbVisualStyle
  2
Shades of Gray
 70
    23
177
     3
291
     0
 70
    58
 90
        2
176
     1
 90
        2
176
     1
 90
        3
176
     1
 90
        0
176
     1
 40
0.6
176
     1
 40
30.0
176
     1
 62
     7
420
 16777215
176
     1
 90
        2
176
     1
 90
        2
176
     1
 62
     7
176
     1
 62
     7
176
     1
 90
        1
176
     1
 90
        1
176
     1
 40
40.0
176
     1
 90
        8
176
     1
 62
     7
176
     1
 40
1.0
176
     1
 90
        1
176
     1
 90
        6
176
     1
 90
        2
176
     1
 62
     7
176
     1
 90
        3
176
     1
 90
        0
176
     1
 90
        0
176
     1
290
     0
176
     1
 90
        1
176
     1
 40
0.0
176
     1
 90
        0
176
     1
290
     0
176
     1
290
     1
176
     1
290
     1
176
     1
290
     0
176
     1
290
     0
176
     1
290
     0
176
     1
290
     0
176
     1
290
     0
176
     1
290
     0
176
     1
 90
       50
176
     1
 40
0.0
176
     1
 40
1.0
176
     1
 90
        0
176
     1
 62
    18
420
        0
176
     1
 90
       50
176
     1
 90
        3
176
     1
 62
     5
420
      255
176
     1
290
     0
176
     1
 90
       50
176
     1
 90
       50
176
     1
 90
       50
176
     1
290
     0
176
     1
 90
       50
176
     1
 62
   256
176
     0
 40
1.0
176
     0
 90
        2
176
     1
  1
strokes_ogs.tif
176
     1
290
     0
176
     1
 40
1.0
176
     1
 40
1.0
176
     1
  0
VISUALSTYLE
  5
3F
102
{ACAD_REACTORS
330
2A
102
}
330
2A
100
AcDbVisualStyle
  2
Sketchy
 70
    24
177
     3
291
     0
 70
    58
 90
        1
176
     1
 90
        2
176
     1
 90
        2
176
     1
 90
        0
176
     1
 40
0.6
176
     1
 40
30.0
176
     1
 62
     7
420
 16777215
176
     1
 90
        2
176
     1
 90
        2
176
     1
 62
     7
176
     1
 62
     7
176
     1
 90
        1
176
     1
 90
        1
176
     1
 40
40.0
176
     1
 90
       11
176
     1
 62
     7
176
     1
 40
1.0
176
     1
 90
        1
176
     1
 90
        6
176
     1
 90
        2
176
     1
 62
     7
176
     1
 90
        6
176
     1
 90
        0
176
     1
 90
        0
176
     1
290
     0
176
     1
 90
        1
176
     1
 40
0.0
176
     1
 90
        0
176
     1
290
     0
176
     1
290
     1
176
     1
290
     1
176
     1
290
     0
176
     1
290
     0
176
     1
290
     0
176
     1
290
     0
176
     1
290
     0
176
     1
290
     0
176
     1
 90
       50
176
     1
 40
0.0
176
     1
 40
1.0
176
     1
 90
        0
176
     1
 62
    18
420
        0
176
     1
 90
       50
176
     1
 90
        3
176
     1
 62
     5
420
      255
176
     1
290
     0
176
     1
 90
       50
176
     1
 90
       50
176
     1
 90
       50
176
     1
290
     0
176
     1
 90
       50
176
     1
 62
   256
176
     0
 40
1.0
176
     0
 90
        2
176
     1
  1
strokes_ogs.tif
176
     1
290
     0
176
     1
 40
1.0
176
     1
 40
1.0
176
     1
  0
VISUALSTYLE
  5
37
102
{ACAD_REACTORS
330
2A
102
}
330
2A
100
AcDbVisualStyle
  2
Thicken
 70
    13
177
     3
291
     1
 70
    58
 90
        2
176
     1
 90
        2
176
     1
 90
        0
176
     1
 90
        0
176
     1
 40
0.6
176
     1
 40
30.0
176
     1
 62
     7
420
 16777215
176
     1
 90
        1
176
     1
 90
        4
176
     1
 62
     7
176
     1
 62
   257
176
     1
 90
        1
176
     1
 90
        1
176
     1
 40
1.0
176
     1
 90
       12
176
     1
 62
     7
176
     1
 40
1.0
176
     1
 90
        1
176
     1
 90
        6
176
     1
 90
        2
176
     1
 62
     7
176
     1
 90
        5
176
     1
 90
        0
176
     1
 90
        0
176
     1
290
     0
176
     1
 90
        1
176
     1
 40
0.0
176
     1
 90
        0
176
     1
290
     0
176
     1
290
     1
176
     1
290
     1
176
     1
290
     0
176
     1
290
     0
176
     1
290
     0
176
     1
290
     0
176
     1
290
     0
176
     1
290
     0
176
     1
 90
       50
176
     1
 40
0.0
176
     1
 40
1.0
176
     1
 90
        0
176
     1
 62
    18
420
        0
176
     1
 90
       50
176
     1
 90
        3
176
     1
 62
     5
420
      255
176
     1
290
     0
176
     1
 90
       50
176
     1
 90
       50
176
     1
 90
       50
176
     1
290
     0
176
     1
 90
       50
176
     1
 62
   256
176
     0
 40
1.0
176
     0
 90
        2
176
     1
  1
strokes_ogs.tif
176
     1
290
     0
176
     1
 40
1.0
176
     1
 40
1.0
176
     1
  0
VISUALSTYLE
  5
30
102
{ACAD_REACTORS
330
2A
102
}
330
2A
100
AcDbVisualStyle
  2
Wireframe
 70
     5
177
     3
291
     0
 70
    58
 90
        0
176
     1
 90
        2
176
     1
 90
        0
176
     1
 90
        0
176
     1
 40
0.6
176
     1
 40
30.0
176
     1
 62
     7
420
 16777215
176
     1
 90
        1
176
     1
 90
        4
176
     1
 62
     7
176
     1
 62
   257
176
     1
 90
        1
176
     1
 90
        1
176
     1
 40
1.0
176
     1
 90
        0
176
     1
 62
   257
176
     1
 40
1.0
176
     1
 90
        1
176
     1
 90
        6
176
     1
 90
        2
176
     1
 62
     7
176
     1
 90
        3
176
     1
 90
        0
176
     1
 90
        0
176
     1
290
     0
176
     1
 90
        1
176
     1
 40
0.0
176
     1
 90
        0
176
     1
290
     0
176
     1
290
     1
176
     1
290
     1
176
     1
290
     0
176
     1
290
     0
176
     1
290
     0
176
     1
290
     0
176
     1
290
     0
176
     1
290
     0
176
     1
 90
       50
176
     1
 40
0.0
176
     1
 40
1.0
176
     1
 90
        0
176
     1
 62
    18
420
        0
176
     1
 90
       50
176
     1
 90
        3
176
     1
 62
     5
420
      255
176
     1
290
     0
176
     1
 90
       50
176
     1
 90
       50
176
     1
 90
       50
176
     1
290
     0
176
     1
 90
       50
176
     1
 62
   256
176
     0
 40
1.0
176
     0
 90
        2
176
     1
  1
strokes_ogs.tif
176
     1
290
     0
176
     1
 40
1.0
176
     1
 40
1.0
176
     1
  0
VISUALSTYLE
  5
40
102
{ACAD_REACTORS
330
2A
102
}
330
2A
100
AcDbVisualStyle
  2
X-Ray
 70
    25
177
     3
291
     0
 70
    58
 90
        2
176
     1
 90
        2
176
     1
 90
        1
176
     1
 90
        1
176
     1
 40
0.5
176
     1
 40
30.0
176
     1
 62
     7
420
 16777215
176
     1
 90
        1
176
     1
 90
        0
176
     1
 62
     7
176
     1
 62
   257
176
     1
 90
        1
176
     1
 90
        1
176
     1
 40
1.0
176
     1
 90
        8
176
     1
 62
     7
176
     1
 40
1.0
176
     1
 90
        1
176
     1
 90
        6
176
     1
 90
        2
176
     1
 62
     7
176
     1
 90
        3
176
     1
 90
        0
176
     1
 90
        0
176
     1
290
     0
176
     1
 90
       13
176
     1
 40
0.0
176
     1
 90
        0
176
     1
290
     0
176
     1
290
     1
176
     1
290
     1
176
     1
290
     0
176
     1
290
     0
176
     1
290
     0
176
     1
290
     0
176
     1
290
     0
176
     1
290
     0
176
     1
 90
       50
176
     1
 40
0.0
176
     1
 40
1.0
176
     1
 90
        0
176
     1
 62
    18
420
        0
176
     1
 90
       50
176
     1
 90
        3
176
     1
 62
     5
420
      255
176
     1
290
     0
176
     1
 90
       50
176
     1
 90
       50
176
     1
 90
       50
176
     1
290
     0
176
     1
 90
       50
176
     1
 62
   256
176
     0
 40
1.0
176
     0
 90
        2
176
     1
  1
strokes_ogs.tif
176
     1
290
     0
176
     1
 40
1.0
176
     1
 40
1.0
176
     1
  0
DICTIONARYVAR
  5
278
102
{ACAD_REACTORS
330
277
102
}
330
277
100
DictionaryVariables
280
     0
  1
1:1
  0
DICTIONARYVAR
  5
280
102
{ACAD_REACTORS
330
277
102
}
330
277
100
DictionaryVariables
280
     0
  1
3.500000
  0
DICTIONARYVAR
  5
281
102
{ACAD_REACTORS
330
277
102
}
330
277
100
DictionaryVariables
280
     0
  1
acadiso.lin
  0
DICTIONARYVAR
  5
27D
102
{ACAD_REACTORS
330
277
102
}
330
277
100
DictionaryVariables
280
     0
  1
Standard
  0
DICTIONARYVAR
  5
27C
102
{ACAD_REACTORS
330
277
102
}
330
277
100
DictionaryVariables
280
     0
  1
Standard
  0
DICTIONARY
  5
279
330
5A
100
AcDbDictionary
280
     1
281
     1
  3
ACAD_ROUNDTRIP_2008_TABLESTYLE_CELLSTYLEMAP
360
27A
  0
CELLSTYLEMAP
  5
27A
102
{ACAD_REACTORS
330
279
102
}
330
279
100
AcDbCellStyleMap
 90
        3
300
CELLSTYLE
  1
TABLEFORMAT_BEGIN
 90
        5
170
     1
 91
        0
 92
    32768
 62
   257
 93
        1
300
CONTENTFORMAT
  1
CONTENTFORMAT_BEGIN
 90
        0
 91
        0
 92
        4
 93
        0
300

 40
0.0
140
1.0
 94
        5
 62
     0
340
11
144
6.0
309
CONTENTFORMAT_END
171
     1
301
MARGIN
  1
CELLMARGIN_BEGIN
 40
1.5
 40
1.5
 40
1.5
 40
1.5
 40
1.5
 40
1.5
309
CELLMARGIN_END
 94
        6
 95
        1
302
GRIDFORMAT
  1
GRIDFORMAT_BEGIN
 90
        0
 91
        1
 62
     0
 92
       -2
340
14
 93
        0
 40
0.045
309
GRIDFORMAT_END
 95
        2
302
GRIDFORMAT
  1
GRIDFORMAT_BEGIN
 90
        0
 91
        1
 62
     0
 92
       -2
340
14
 93
        0
 40
0.045
309
GRIDFORMAT_END
 95
        4
302
GRIDFORMAT
  1
GRIDFORMAT_BEGIN
 90
        0
 91
        1
 62
     0
 92
       -2
340
14
 93
        0
 40
0.045
309
GRIDFORMAT_END
 95
        8
302
GRIDFORMAT
  1
GRIDFORMAT_BEGIN
 90
        0
 91
        1
 62
     0
 92
       -2
340
14
 93
        0
 40
0.045
309
GRIDFORMAT_END
 95
       16
302
GRIDFORMAT
  1
GRIDFORMAT_BEGIN
 90
        0
 91
        1
 62
     0
 92
       -2
340
14
 93
        0
 40
0.045
309
GRIDFORMAT_END
 95
       32
302
GRIDFORMAT
  1
GRIDFORMAT_BEGIN
 90
        0
 91
        1
 62
     0
 92
       -2
340
14
 93
        0
 40
0.045
309
GRIDFORMAT_END
309
TABLEFORMAT_END
  1
CELLSTYLE_BEGIN
 90
        1
 91
        1
300
_TITLE
309
CELLSTYLE_END
300
CELLSTYLE
  1
TABLEFORMAT_BEGIN
 90
        5
170
     1
 91
        0
 92
        0
 62
   257
 93
        1
300
CONTENTFORMAT
  1
CONTENTFORMAT_BEGIN
 90
        0
 91
        0
 92
        4
 93
        0
300

 40
0.0
140
1.0
 94
        5
 62
     0
340
11
144
4.5
309
CONTENTFORMAT_END
171
     1
301
MARGIN
  1
CELLMARGIN_BEGIN
 40
1.5
 40
1.5
 40
1.5
 40
1.5
 40
1.5
 40
1.5
309
CELLMARGIN_END
 94
        6
 95
        1
302
GRIDFORMAT
  1
GRIDFORMAT_BEGIN
 90
        0
 91
        1
 62
     0
 92
       -2
340
14
 93
        0
 40
0.045
309
GRIDFORMAT_END
 95
        2
302
GRIDFORMAT
  1
GRIDFORMAT_BEGIN
 90
        0
 91
        1
 62
     0
 92
       -2
340
14
 93
        0
 40
0.045
309
GRIDFORMAT_END
 95
        4
302
GRIDFORMAT
  1
GRIDFORMAT_BEGIN
 90
        0
 91
        1
 62
     0
 92
       -2
340
14
 93
        0
 40
0.045
309
GRIDFORMAT_END
 95
        8
302
GRIDFORMAT
  1
GRIDFORMAT_BEGIN
 90
        0
 91
        1
 62
     0
 92
       -2
340
14
 93
        0
 40
0.045
309
GRIDFORMAT_END
 95
       16
302
GRIDFORMAT
  1
GRIDFORMAT_BEGIN
 90
        0
 91
        1
 62
     0
 92
       -2
340
14
 93
        0
 40
0.045
309
GRIDFORMAT_END
 95
       32
302
GRIDFORMAT
  1
GRIDFORMAT_BEGIN
 90
        0
 91
        1
 62
     0
 92
       -2
340
14
 93
        0
 40
0.045
309
GRIDFORMAT_END
309
TABLEFORMAT_END
  1
CELLSTYLE_BEGIN
 90
        2
 91
        1
300
_HEADER
309
CELLSTYLE_END
300
CELLSTYLE
  1
TABLEFORMAT_BEGIN
 90
        5
170
     1
 91
        0
 92
        0
 62
   257
 93
        1
300
CONTENTFORMAT
  1
CONTENTFORMAT_BEGIN
 90
        0
 91
        0
 92
        4
 93
        0
300

 40
0.0
140
1.0
 94
        2
 62
     0
340
11
144
4.5
309
CONTENTFORMAT_END
171
     1
301
MARGIN
  1
CELLMARGIN_BEGIN
 40
1.5
 40
1.5
 40
1.5
 40
1.5
 40
1.5
 40
1.5
309
CELLMARGIN_END
 94
        6
 95
        1
302
GRIDFORMAT
  1
GRIDFORMAT_BEGIN
 90
        0
 91
        1
 62
     0
 92
       -2
340
14
 93
        0
 40
0.045
309
GRIDFORMAT_END
 95
        2
302
GRIDFORMAT
  1
GRIDFORMAT_BEGIN
 90
        0
 91
        1
 62
     0
 92
       -2
340
14
 93
        0
 40
0.045
309
GRIDFORMAT_END
 95
        4
302
GRIDFORMAT
  1
GRIDFORMAT_BEGIN
 90
        0
 91
        1
 62
     0
 92
       -2
340
14
 93
        0
 40
0.045
309
GRIDFORMAT_END
 95
        8
302
GRIDFORMAT
  1
GRIDFORMAT_BEGIN
 90
        0
 91
        1
 62
     0
 92
       -2
340
14
 93
        0
 40
0.045
309
GRIDFORMAT_END
 95
       16
302
GRIDFORMAT
  1
GRIDFORMAT_BEGIN
 90
        0
 91
        1
 62
     0
 92
       -2
340
14
 93
        0
 40
0.045
309
GRIDFORMAT_END
 95
       32
302
GRIDFORMAT
  1
GRIDFORMAT_BEGIN
 90
        0
 91
        1
 62
     0
 92
       -2
340
14
 93
        0
 40
0.045
309
GRIDFORMAT_END
309
TABLEFORMAT_END
  1
CELLSTYLE_BEGIN
 90
        3
 91
        2
300
_DATA
309
CELLSTYLE_END
  0
ENDSEC
  0
EOF
