  0
SECTION
  2
HEADER
  9
$ACADVER
  1
AC1032
  9
$ACADMAINTVER
 90
       55
  9
$DWGCODEPAGE
  3
ISO8859-1
  9
$LASTSAVEDBY
  1
Gabriel
  9
$REQUIREDVERSIONS
160
                 0
  9
$INSBASE
 10
0.0
 20
0.0
 30
0.0
  9
$EXTMIN
 10
1.000000000000000E+20
 20
1.000000000000000E+20
 30
1.000000000000000E+20
  9
$EXTMAX
 10
-1.000000000000000E+20
 20
-1.000000000000000E+20
 30
-1.000000000000000E+20
  9
$LIMMIN
 10
0.0
 20
0.0
  9
$LIMMAX
 10
420.0
 20
297.0
  9
$ORTHOMODE
 70
     0
  9
$REGENMODE
 70
     1
  9
$FILLMODE
 70
     1
  9
$QTEXTMODE
 70
     0
  9
$MIRRTEXT
 70
     1
  9
$LTSCALE
 40
1.0
  9
$ATTMODE
 70
     1
  9
$TEXTSIZE
 40
2.5
  9
$TRACEWID
 40
1.0
  9
$TEXTSTYLE
  7
Standard
  9
$CLAYER
  8
0
  9
$CELTYPE
  6
ByLayer
  9
$CECOLOR
 62
   256
  9
$CELTSCALE
 40
1.0
  9
$DISPSILH
 70
     0
  9
$DIMSCALE
 40
1.0
  9
$DIMASZ
 40
2.5
  9
$DIMEXO
 40
0.625
  9
$DIMDLI
 40
3.75
  9
$DIMRND
 40
0.0
  9
$DIMDLE
 40
0.0
  9
$DIMEXE
 40
1.25
  9
$DIMTP
 40
0.0
  9
$DIMTM
 40
0.0
  9
$DIMTXT
 40
2.5
  9
$DIMCEN
 40
2.5
  9
$DIMTSZ
 40
0.0
  9
$DIMTOL
 70
     0
  9
$DIMLIM
 70
     0
  9
$DIMTIH
 70
     0
  9
$DIMTOH
 70
     0
  9
$DIMSE1
 70
     0
  9
$DIMSE2
 70
     0
  9
$DIMTAD
 70
     1
  9
$DIMZIN
 70
     8
  9
$DIMBLK
  1

  9
$DIMASO
 70
     1
  9
$DIMSHO
 70
     1
  9
$DIMPOST
  1

  9
$DIMAPOST
  1

  9
$DIMALT
 70
     0
  9
$DIMALTD
 70
     3
  9
$DIMALTF
 40
0.03937007874016
  9
$DIMLFAC
 40
1.0
  9
$DIMTOFL
 70
     1
  9
$DIMTVP
 40
0.0
  9
$DIMTIX
 70
     0
  9
$DIMSOXD
 70
     0
  9
$DIMSAH
 70
     0
  9
$DIMBLK1
  1

  9
$DIMBLK2
  1

  9
$DIMSTYLE
  2
ISO-25
  9
$DIMCLRD
 70
     0
  9
$DIMCLRE
 70
     0
  9
$DIMCLRT
 70
     0
  9
$DIMTFAC
 40
1.0
  9
$DIMGAP
 40
0.625
  9
$DIMJUST
 70
     0
  9
$DIMSD1
 70
     0
  9
$DIMSD2
 70
     0
  9
$DIMTOLJ
 70
     0
  9
$DIMTZIN
 70
     8
  9
$DIMALTZ
 70
     0
  9
$DIMALTTZ
 70
     0
  9
$DIMUPT
 70
     0
  9
$DIMDEC
 70
     2
  9
$DIMTDEC
 70
     2
  9
$DIMALTU
 70
     2
  9
$DIMALTTD
 70
     3
  9
$DIMTXSTY
  7
Standard
  9
$DIMAUNIT
 70
     0
  9
$DIMADEC
 70
     0
  9
$DIMALTRND
 40
0.0
  9
$DIMAZIN
 70
     0
  9
$DIMDSEP
 70
    44
  9
$DIMATFIT
 70
     3
  9
$DIMFRAC
 70
     0
  9
$DIMLDRBLK
  1

  9
$DIMLUNIT
 70
     2
  9
$DIMLWD
 70
    -2
  9
$DIMLWE
 70
    -2
  9
$DIMTMOVE
 70
     0
  9
$DIMFXL
 40
1.0
  9
$DIMFXLON
 70
     0
  9
$DIMJOGANG
 40
0.7853981633974483
  9
$DIMTFILL
 70
     0
  9
$DIMTFILLCLR
 70
     0
  9
$DIMARCSYM
 70
     0
  9
$DIMLTYPE
  6

  9
$DIMLTEX1
  6

  9
$DIMLTEX2
  6

  9
$DIMTXTDIRECTION
 70
     0
  9
$LUNITS
 70
     2
  9
$LUPREC
 70
     4
  9
$SKETCHINC
 40
1.0
  9
$FILLETRAD
 40
0.0
  9
$AUNITS
 70
     0
  9
$AUPREC
 70
     0
  9
$MENU
  1
.
  9
$ELEVATION
 40
0.0
  9
$PELEVATION
 40
0.0
  9
$THICKNESS
 40
0.0
  9
$LIMCHECK
 70
     0
  9
$CHAMFERA
 40
0.0
  9
$CHAMFERB
 40
0.0
  9
$CHAMFERC
 40
0.0
  9
$CHAMFERD
 40
0.0
  9
$SKPOLY
 70
     0
  9
$TDCREATE
 40
2461166.797748553
  9
$TDUCREATE
 40
2461166.71441522
  9
$TDUPDATE
 40
2461166.797749271
  9
$TDUUPDATE
 40
2461166.714415938
  9
$TDINDWG
 40
0.0000000116
  9
$TDUSRTIMER
 40
0.0000000116
  9
$USRTIMER
 70
     1
  9
$ANGBASE
 50
0.0
  9
$ANGDIR
 70
     0
  9
$PDMODE
 70
     0
  9
$PDSIZE
 40
0.0
  9
$PLINEWID
 40
0.0
  9
$SPLFRAME
 70
     0
  9
$SPLINETYPE
 70
     6
  9
$SPLINESEGS
 70
     8
  9
$HANDSEED
  5
11D
  9
$SURFTAB1
 70
     6
  9
$SURFTAB2
 70
     6
  9
$SURFTYPE
 70
     6
  9
$SURFU
 70
     6
  9
$SURFV
 70
     6
  9
$UCSBASE
  2

  9
$UCSNAME
  2

  9
$UCSORG
 10
0.0
 20
0.0
 30
0.0
  9
$UCSXDIR
 10
1.0
 20
0.0
 30
0.0
  9
$UCSYDIR
 10
0.0
 20
1.0
 30
0.0
  9
$UCSORTHOREF
  2

  9
$UCSORTHOVIEW
 70
     0
  9
$UCSORGTOP
 10
0.0
 20
0.0
 30
0.0
  9
$UCSORGBOTTOM
 10
0.0
 20
0.0
 30
0.0
  9
$UCSORGLEFT
 10
0.0
 20
0.0
 30
0.0
  9
$UCSORGRIGHT
 10
0.0
 20
0.0
 30
0.0
  9
$UCSORGFRONT
 10
0.0
 20
0.0
 30
0.0
  9
$UCSORGBACK
 10
0.0
 20
0.0
 30
0.0
  9
$PUCSBASE
  2

  9
$PUCSNAME
  2

  9
$PUCSORG
 10
0.0
 20
0.0
 30
0.0
  9
$PUCSXDIR
 10
1.0
 20
0.0
 30
0.0
  9
$PUCSYDIR
 10
0.0
 20
1.0
 30
0.0
  9
$PUCSORTHOREF
  2

  9
$PUCSORTHOVIEW
 70
     0
  9
$PUCSORGTOP
 10
0.0
 20
0.0
 30
0.0
  9
$PUCSORGBOTTOM
 10
0.0
 20
0.0
 30
0.0
  9
$PUCSORGLEFT
 10
0.0
 20
0.0
 30
0.0
  9
$PUCSORGRIGHT
 10
0.0
 20
0.0
 30
0.0
  9
$PUCSORGFRONT
 10
0.0
 20
0.0
 30
0.0
  9
$PUCSORGBACK
 10
0.0
 20
0.0
 30
0.0
  9
$USERI1
 70
     0
  9
$USERI2
 70
     0
  9
$USERI3
 70
     0
  9
$USERI4
 70
     0
  9
$USERI5
 70
     0
  9
$USERR1
 40
0.0
  9
$USERR2
 40
0.0
  9
$USERR3
 40
0.0
  9
$USERR4
 40
0.0
  9
$USERR5
 40
0.0
  9
$WORLDVIEW
 70
     1
  9
$SHADEDGE
 70
     3
  9
$SHADEDIF
 70
    70
  9
$TILEMODE
 70
     1
  9
$MAXACTVP
 70
    64
  9
$PINSBASE
 10
0.0
 20
0.0
 30
0.0
  9
$PLIMCHECK
 70
     0
  9
$PEXTMIN
 10
55.66853111588576
 20
71.4790414342021
 30
0.0
  9
$PEXTMAX
 10
0.0
 20
0.0
 30
0.0
  9
$PLIMMIN
 10
-20.0
 20
-7.5
  9
$PLIMMAX
 10
277.0
 20
202.5
  9
$UNITMODE
 70
     0
  9
$VISRETAIN
 70
     1
  9
$PLINEGEN
 70
     0
  9
$PSLTSCALE
 70
     1
  9
$TREEDEPTH
 70
  3020
  9
$CMLSTYLE
  2
Standard
  9
$CMLJUST
 70
     0
  9
$CMLSCALE
 40
20.0
  9
$PROXYGRAPHICS
 70
     1
  9
$MEASUREMENT
 70
     1
  9
$CELWEIGHT
370
    -1
  9
$ENDCAPS
280
     0
  9
$JOINSTYLE
280
     0
  9
$LWDISPLAY
290
     0
  9
$INSUNITS
 70
     4
  9
$HYPERLINKBASE
  1

  9
$STYLESHEET
  1

  9
$XEDIT
290
     1
  9
$CEPSNTYPE
380
     0
  9
$PSTYLEMODE
290
     1
  9
$FINGERPRINTGUID
  2
{0d61dd6e-e919-47f7-af13-cb92e0805d75}
  9
$VERSIONGUID
  2
{FAEB1C32-E019-11D5-929B-00C0DF256EC4}
  9
$EXTNAMES
290
     1
  9
$PSVPSCALE
 40
0.0
  9
$OLESTARTUP
290
     0
  9
$SORTENTS
280
   127
  9
$INDEXCTL
280
     0
  9
$HIDETEXT
280
     1
  9
$XCLIPFRAME
280
     2
  9
$HALOGAP
280
     0
  9
$OBSCOLOR
 70
   257
  9
$OBSLTYPE
280
     0
  9
$INTERSECTIONDISPLAY
280
     0
  9
$INTERSECTIONCOLOR
 70
   257
  9
$DIMASSOC
280
     2
  9
$PROJECTNAME
  1

  9
$CAMERADISPLAY
290
     0
  9
$LENSLENGTH
 40
50.0
  9
$CAMERAHEIGHT
 40
0.0
  9
$STEPSPERSEC
 40
2.0
  9
$STEPSIZE
 40
6.0
  9
$3DDWFPREC
 40
2.0
  9
$PSOLWIDTH
 40
5.0
  9
$PSOLHEIGHT
 40
80.0
  9
$LOFTANG1
 40
1.570796326794897
  9
$LOFTANG2
 40
1.570796326794897
  9
$LOFTMAG1
 40
0.0
  9
$LOFTMAG2
 40
0.0
  9
$LOFTPARAM
 70
     7
  9
$LOFTNORMALS
280
     1
  9
$LATITUDE
 40
37.795
  9
$LONGITUDE
 40
-122.394
  9
$NORTHDIRECTION
 40
0.0
  9
$TIMEZONE
 70
 -8000
  9
$LIGHTGLYPHDISPLAY
280
     1
  9
$TILEMODELIGHTSYNCH
280
     1
  9
$CMATERIAL
347
44
  9
$SOLIDHIST
280
     0
  9
$SHOWHIST
280
     1
  9
$DWFFRAME
280
     2
  9
$DGNFRAME
280
     2
  9
$REALWORLDSCALE
290
     1
  9
$INTERFERECOLOR
 62
   256
  9
$CSHADOW
280
     0
  9
$SHADOWPLANELOCATION
 40
0.0
  0
ENDSEC
  0
SECTION
  2
CLASSES
  0
CLASS
  1
ACDBDICTIONARYWDFLT
  2
AcDbDictionaryWithDefault
  3
ObjectDBX Classes
 90
        0
 91
        3
280
     0
281
     0
  0
CLASS
  1
VISUALSTYLE
  2
AcDbVisualStyle
  3
ObjectDBX Classes
 90
     4095
 91
        3
280
     0
281
     0
  0
CLASS
  1
MATERIAL
  2
AcDbMaterial
  3
ObjectDBX Classes
 90
     1153
 91
        3
280
     0
281
     0
  0
CLASS
  1
SCALE
  2
AcDbScale
  3
ObjectDBX Classes
 90
     1153
 91
        3
280
     0
281
     0
  0
CLASS
  1
TABLESTYLE
  2
AcDbTableStyle
  3
ObjectDBX Classes
 90
     4095
 91
        3
280
     0
281
     0
  0
CLASS
  1
MLEADERSTYLE
  2
AcDbMLeaderStyle
  3
ACDB_MLEADERSTYLE_CLASS
 90
     4095
 91
        3
280
     0
281
     0
  0
CLASS
  1
SUN
  2
AcDbSun
  3
SCENEOE
 90
     1153
 91
        3
280
     0
281
     0
  0
CLASS
  1
DICTIONARYVAR
  2
AcDbDictionaryVar
  3
ObjectDBX Classes
 90
        0
 91
        3
280
     0
281
     0
  0
CLASS
  1
CELLSTYLEMAP
  2
AcDbCellStyleMap
  3
ObjectDBX Classes
 90
     1152
 91
        3
280
     0
281
     0
  0
ENDSEC
  0
SECTION
  2
TABLES
  0
TABLE
  2
VPORT
  5
8
330
0
100
AcDbSymbolTable
 70
     1
  0
VPORT
  5
29
330
8
100
AcDbSymbolTableRecord
100
AcDbViewportTableRecord
  2
*Active
 70
     0
 10
0.0
 20
0.0
 11
1.0
 21
1.0
 12
26.91000106324677
 22
35.73952071710106
 13
0.0
 23
0.0
 14
10.0
 24
10.0
 15
10.0
 25
10.0
 16
0.0
 26
0.0
 36
1.0
 17
0.0
 27
0.0
 37
0.0
 40
71.4790414342021
 41
1.972972972850329
 42
50.0
 43
0.0
 44
0.0
 50
0.0
 51
0.0
 71
     0
 72
   100
 73
     1
 74
     3
 75
     0
 76
     0
 77
     0
 78
     0
281
     0
 65
     1
110
0.0
120
0.0
130
0.0
111
1.0
121
0.0
131
0.0
112
0.0
122
1.0
132
0.0
 79
     0
146
0.0
348
2F
 60
     3
 61
     5
292
     1
282
     1
141
0.0
142
0.0
 63
   250
361
5D
  0
ENDTAB
  0
TABLE
  2
LTYPE
  5
5
330
0
100
AcDbSymbolTable
 70
     1
  0
LTYPE
  5
14
330
5
100
AcDbSymbolTableRecord
100
AcDbLinetypeTableRecord
  2
ByBlock
 70
     0
  3

 72
    65
 73
     0
 40
0.0
  0
LTYPE
  5
15
330
5
100
AcDbSymbolTableRecord
100
AcDbLinetypeTableRecord
  2
ByLayer
 70
     0
  3

 72
    65
 73
     0
 40
0.0
  0
LTYPE
  5
16
330
5
100
AcDbSymbolTableRecord
100
AcDbLinetypeTableRecord
  2
Continuous
 70
     0
  3
Solid line
 72
    65
 73
     0
 40
0.0
  0
ENDTAB
  0
TABLE
  2
LAYER
  5
2
330
0
100
AcDbSymbolTable
 70
     1
  0
LAYER
  5
10
330
2
100
AcDbSymbolTableRecord
100
AcDbLayerTableRecord
  2
0
 70
     0
 62
     7
  6
Continuous
370
    -3
390
F
347
46
348
0
  0
ENDTAB
  0
TABLE
  2
STYLE
  5
3
330
0
100
AcDbSymbolTable
 70
     1
  0
STYLE
  5
11
330
3
100
AcDbSymbolTableRecord
100
AcDbTextStyleTableRecord
  2
Standard
 70
     0
 40
0.0
 41
1.0
 50
0.0
 71
     0
 42
2.5
  3
txt
  4

  0
ENDTAB
  0
TABLE
  2
VIEW
  5
6
330
0
100
AcDbSymbolTable
 70
     0
  0
ENDTAB
  0
TABLE
  2
UCS
  5
7
330
0
100
AcDbSymbolTable
 70
     0
  0
ENDTAB
  0
TABLE
  2
APPID
  5
9
330
0
100
AcDbSymbolTable
 70
     1
  0
APPID
  5
12
330
9
100
AcDbSymbolTableRecord
100
AcDbRegAppTableRecord
  2
ACAD
 70
     0
  0
ENDTAB
  0
TABLE
  2
DIMSTYLE
  5
A
330
0
100
AcDbSymbolTable
 70
     1
100
AcDbDimStyleTable
  0
DIMSTYLE
105
27
330
A
100
AcDbSymbolTableRecord
100
AcDbDimStyleTableRecord
  2
ISO-25
 70
     0
 41
2.5
 42
0.625
 43
3.75
 44
1.25
 73
     0
 74
     0
 77
     1
 78
     8
140
2.5
141
2.5
143
0.03937007874016
147
0.625
171
     3
172
     1
178
     0
271
     2
272
     2
274
     3
278
    44
283
     0
284
     8
340
11
  0
ENDTAB
  0
TABLE
  2
BLOCK_RECORD
  5
1
330
0
100
AcDbSymbolTable
 70
     0
  0
BLOCK_RECORD
  5
1F
330
1
100
AcDbSymbolTableRecord
100
AcDbBlockTableRecord
  2
*Model_Space
340
22
 70
     0
280
     1
281
     0
  0
BLOCK_RECORD
  5
10A
330
1
100
AcDbSymbolTableRecord
100
AcDbBlockTableRecord
  2
*Paper_Space
340
10B
 70
     0
280
     1
281
     0
  0
ENDTAB
  0
ENDSEC
  0
SECTION
  2
BLOCKS
  0
BLOCK
  5
20
330
1F
100
AcDbEntity
  8
0
100
AcDbBlockBegin
  2
*Model_Space
 70
     0
 10
0.0
 20
0.0
 30
0.0
  3
*Model_Space
  1

  0
ENDBLK
  5
21
330
1F
100
AcDbEntity
  8
0
100
AcDbBlockEnd
  0
BLOCK
  5
10C
330
10A
100
AcDbEntity
 67
     1
  8
0
100
AcDbBlockBegin
  2
*Paper_Space
 70
     0
 10
0.0
 20
0.0
 30
0.0
  3
*Paper_Space
  1

  0
ENDBLK
  5
10D
330
10A
100
AcDbEntity
 67
     1
  8
0
100
AcDbBlockEnd
  0
ENDSEC
  0
SECTION
  2
ENTITIES
  0
SPLINE
  5
5E
330
1F
100
AcDbEntity
  8
0
  6
Continuous
 62
    18
420
        0
370
     9
100
AcDbSpline
210
0.0
220
0.0
230
1.0
 70
    11
 71
     3
 72
    47
 73
    43
 74
     0
 42
0.000000001
 43
0.0
 40
0.0
 40
0.0
 40
0.0
 40
0.0
 40
1.0
 40
1.0
 40
1.0
 40
2.0
 40
2.0
 40
2.0
 40
3.0
 40
3.0
 40
3.0
 40
4.0
 40
4.0
 40
4.0
 40
5.0
 40
5.0
 40
5.0
 40
6.0
 40
6.0
 40
6.0
 40
7.0
 40
7.0
 40
7.0
 40
8.0
 40
8.0
 40
8.0
 40
9.0
 40
9.0
 40
9.0
 40
10.0
 40
10.0
 40
10.0
 40
11.0
 40
11.0
 40
11.0
 40
12.0
 40
12.0
 40
12.0
 40
13.0
 40
13.0
 40
13.0
 40
14.0
 40
14.0
 40
14.0
 40
14.0
 10
-0.8816092903834382
 20
58.87133317514316
 30
0.0
 10
-0.8912844096654123
 20
59.40972094294357
 30
0.0
 10
-0.6831690983223592
 20
60.06079341193671
 30
0.0
 10
-0.2128977071528779
 20
60.7663565396135
 30
0.0
 10
0.3484491243282076
 20
61.6085630475329
 30
0.0
 10
1.306557820833352
 20
62.57961408771876
 30
0.0
 10
2.600722566376477
 20
63.57891096616235
 30
0.0
 10
7.379900236755263
 20
67.26918095998187
 30
0.0
 10
16.87364944999812
 20
71.48194811300093
 30
0.0
 10
26.84691090135961
 20
71.43634102526624
 30
0.0
 10
36.08196628870689
 20
71.3941097067212
 30
0.0
 10
45.90174963661869
 20
67.23401819131632
 30
0.0
 10
50.95708724924542
 20
63.57678526938277
 30
0.0
 10
52.32170042494947
 20
62.58956965406487
 30
0.0
 10
53.34833650429923
 20
61.62939687953129
 30
0.0
 10
53.95604601525812
 20
60.79443612677495
 30
0.0
 10
54.47154261290563
 20
60.08617104378172
 30
0.0
 10
54.70444046643642
 20
59.4275215328986
 30
0.0
 10
54.70191294356503
 20
58.8830852884478
 30
0.0
 10
54.63068343530377
 20
43.54002888703762
 30
0.0
 10
54.73567473416998
 20
43.42422469273501
 30
0.0
 10
54.32526285425501
 20
27.62621842370108
 30
0.0
 10
54.25355265487282
 20
24.8658739141122
 30
0.0
 10
52.81339718494596
 20
21.76506059950941
 30
0.0
 10
50.56807997110334
 20
18.67483300660279
 30
0.0
 10
47.33430969316143
 20
14.22419855708765
 30
0.0
 10
42.44247721609273
 20
9.759615417236994
 30
0.0
 10
37.94140959541576
 20
6.329295919260005
 30
0.0
 10
34.42506066606609
 20
3.649442757617336
 30
0.0
 10
31.14535194428259
 20
1.60062413270289
 30
0.0
 10
29.08103505759978
 20
0.6639243200066431
 30
0.0
 10
27.9988077178128
 20
0.1728552632097831
 30
0.0
 10
27.1719804395399
 20
-0.0053315666917939
 30
0.0
 10
26.72803080220574
 20
0.0529761714359438
 30
0.0
 10
24.96822574856133
 20
0.2841065600987491
 30
0.0
 10
18.18366783224158
 20
3.680620911349095
 30
0.0
 10
11.84383783222802
 20
8.979031058657412
 30
0.0
 10
5.485735283377408
 20
14.29271219243934
 30
0.0
 10
-0.3918918202206226
 20
21.50030314849138
 30
0.0
 10
-0.5052924224744221
 20
29.14148376876235
 30
0.0
 10
-0.6901674242878497
 20
41.59876576684992
 30
0.0
 10
-0.7035861800417088
 20
48.96494730020815
 30
0.0
 10
-0.8816092903834382
 20
58.87133317514316
 30
0.0
  0
SPLINE
  5
5F
330
1F
100
AcDbEntity
  8
0
  6
Continuous
 62
    18
420
        0
370
     9
100
AcDbSpline
210
0.0
220
0.0
230
1.0
 70
    11
 71
     3
 72
    53
 73
    49
 74
     0
 42
0.000000001
 43
0.0
 40
0.0
 40
0.0
 40
0.0
 40
0.0
 40
1.0
 40
1.0
 40
1.0
 40
2.0
 40
2.0
 40
2.0
 40
3.0
 40
3.0
 40
3.0
 40
4.0
 40
4.0
 40
4.0
 40
5.0
 40
5.0
 40
5.0
 40
6.0
 40
6.0
 40
6.0
 40
7.0
 40
7.0
 40
7.0
 40
8.0
 40
8.0
 40
8.0
 40
9.0
 40
9.0
 40
9.0
 40
10.0
 40
10.0
 40
10.0
 40
11.0
 40
11.0
 40
11.0
 40
12.0
 40
12.0
 40
12.0
 40
13.0
 40
13.0
 40
13.0
 40
14.0
 40
14.0
 40
14.0
 40
15.0
 40
15.0
 40
15.0
 40
16.0
 40
16.0
 40
16.0
 40
16.0
 10
0.881994852038777
 20
58.90302609512521
 30
0.0
 10
1.060051008424234
 20
48.9948013192685
 30
0.0
 10
1.073492933212173
 20
41.62725267935912
 30
0.0
 10
1.258402252971158
 20
29.1676582630358
 30
0.0
 10
1.364792158436983
 20
21.99887372679781
 30
0.0
 10
7.009938820130152
 20
15.3176654957517
 30
0.0
 10
12.97496824386861
 20
10.33248885416035
 30
0.0
 10
17.22037111588428
 20
6.784462226245786
 30
0.0
 10
21.65740490019534
 20
4.100181097635883
 30
0.0
 10
24.51577902318011
 20
2.734320968216608
 30
0.0
 10
25.64142999284695
 20
2.19643414411378
 30
0.0
 10
26.49364740937855
 20
1.862797004518242
 30
0.0
 10
26.95772493360209
 20
1.801845697257633
 30
0.0
 10
27.05049586160739
 20
1.789661290466611
 30
0.0
 10
27.17763967978492
 20
1.831310143536896
 30
0.0
 10
27.34199054403556
 20
1.878998551668985
 30
0.0
 10
27.62442703539674
 20
1.960950945000462
 30
0.0
 10
27.96354316245885
 20
2.093838312208703
 30
0.0
 10
28.35218138575742
 20
2.270185923042547
 30
0.0
 10
30.33871747665956
 20
3.171592095838193
 30
0.0
 10
33.48837495287354
 20
5.153328893877884
 30
0.0
 10
36.87223239327985
 20
7.732208647400483
 30
0.0
 10
41.24285762384297
 20
11.06311638090742
 30
0.0
 10
46.00103905338344
 20
15.39000818941988
 30
0.0
 10
49.14109362658994
 20
19.71166181837348
 30
0.0
 10
51.14503078383222
 20
22.46967830690466
 30
0.0
 10
52.49796779999837
 20
25.20842945368531
 30
0.0
 10
52.56196888287849
 20
27.67202653273152
 30
0.0
 10
52.97188678938108
 20
43.45101825699221
 30
0.0
 10
52.86689928627518
 20
43.56668454566754
 30
0.0
 10
52.9380430624098
 20
58.89127398182048
 30
0.0
 10
52.93922151052158
 20
59.14511535018443
 30
0.0
 10
52.77025194753919
 20
59.4262208810749
 30
0.0
 10
52.52990358155965
 20
59.75644683436862
 30
0.0
 10
52.00442186838342
 20
60.47843093842025
 30
0.0
 10
51.10317408969566
 20
61.29402591722318
 30
0.0
 10
49.92320363265872
 20
62.14766362316116
 30
0.0
 10
45.0829773434572
 20
65.64927643142582
 30
0.0
 10
35.68093636092178
 20
69.6320362591818
 30
0.0
 10
26.83884483444819
 20
69.67247057908537
 30
0.0
 10
17.31423045369277
 20
69.71602603241632
 30
0.0
 10
8.242934844983099
 20
65.70704947884651
 30
0.0
 10
3.678748436206997
 20
62.18278624525747
 30
0.0
 10
2.570323679125446
 20
61.32690958538414
 30
0.0
 10
1.735628131466348
 20
60.5094089259069
 30
0.0
 10
1.254846432331349
 20
59.78807684885253
 30
0.0
 10
1.030099495207143
 20
59.45088186980273
 30
0.0
 10
0.8773710253170769
 20
59.16032646267966
 30
0.0
 10
0.881994852038777
 20
58.90302609512521
 30
0.0
  0
SPLINE
  5
60
330
1F
100
AcDbEntity
  8
0
  6
Continuous
 62
    18
420
        0
370
     9
100
AcDbSpline
210
0.0
220
0.0
230
1.0
 70
    11
 71
     3
 72
    56
 73
    52
 74
     0
 42
0.000000001
 43
0.0
 40
0.0
 40
0.0
 40
0.0
 40
0.0
 40
1.0
 40
1.0
 40
1.0
 40
2.0
 40
2.0
 40
2.0
 40
3.0
 40
3.0
 40
3.0
 40
4.0
 40
4.0
 40
4.0
 40
5.0
 40
5.0
 40
5.0
 40
6.0
 40
6.0
 40
6.0
 40
7.0
 40
7.0
 40
7.0
 40
8.0
 40
8.0
 40
8.0
 40
9.0
 40
9.0
 40
9.0
 40
10.0
 40
10.0
 40
10.0
 40
11.0
 40
11.0
 40
11.0
 40
12.0
 40
12.0
 40
12.0
 40
13.0
 40
13.0
 40
13.0
 40
14.0
 40
14.0
 40
14.0
 40
15.0
 40
15.0
 40
15.0
 40
16.0
 40
16.0
 40
16.0
 40
17.0
 40
17.0
 40
17.0
 40
17.0
 10
51.99210305053128
 20
51.67127352117774
 30
0.0
 10
51.96702968453339
 20
42.97480214987789
 30
0.0
 10
51.98411851578765
 20
40.93340065497281
 30
0.0
 10
51.66666462865943
 20
28.71363133440964
 30
0.0
 10
51.60283167874418
 20
26.25650620650073
 30
0.0
 10
50.30070822187635
 20
23.50480689457103
 30
0.0
 10
48.30203547392973
 20
20.75403580671894
 30
0.0
 10
45.34781421437177
 20
16.68814436137902
 30
0.0
 10
40.87644631843911
 20
12.61198422214886
 30
0.0
 10
36.7644814870428
 20
9.47820478916794
 30
0.0
 10
33.56122275160863
 20
7.036961550175675
 30
0.0
 10
30.57546237381733
 20
5.167552112897823
 30
0.0
 10
28.69494902521914
 20
4.314254582480828
 30
0.0
 10
27.82463379445741
 20
3.919342290235207
 30
0.0
 10
27.16764296422168
 20
3.746443388643669
 30
0.0
 10
26.81062358681511
 20
3.793333825336788
 30
0.0
 10
26.3214548639227
 20
3.857580576310539
 30
0.0
 10
25.41384574275753
 20
4.184506716466629
 30
0.0
 10
24.2273343981803
 20
4.751475373798797
 30
0.0
 10
21.53449606309045
 20
6.038235034577639
 30
0.0
 10
17.35271709375968
 20
8.564471844224641
 30
0.0
 10
13.35317640741773
 20
11.90702313614276
 30
0.0
 10
7.606953519973997
 20
16.70933576210619
 30
0.0
 10
2.255913230659148
 20
23.19931821193347
 30
0.0
 10
2.153425872030634
 20
30.1051406062624
 30
0.0
 10
1.982926223243373
 20
41.59377987433173
 30
0.0
 10
1.970544710917708
 20
48.38718805610073
 30
0.0
 10
1.806364170057438
 20
57.52328161044898
 30
0.0
 10
1.798948840597508
 20
57.93591969366214
 30
0.0
 10
1.974462901132448
 20
58.42917470530807
 30
0.0
 10
2.334894354162972
 20
58.96994147974642
 30
0.0
 10
2.828556416640439
 20
59.71059837565241
 30
0.0
 10
3.675348907387686
 20
60.5603471282181
 30
0.0
 10
4.813468874654253
 20
61.43915311833683
 30
0.0
 10
9.156713214506738
 20
64.79281464101334
 30
0.0
 10
17.7858669662962
 20
68.61705964793727
 30
0.0
 10
26.84941604022322
 20
68.57561261681126
 30
0.0
 10
35.24879107192007
 20
68.5372028111669
 30
0.0
 10
44.1800125415763
 20
64.75365169745528
 30
0.0
 10
48.77789254763125
 20
61.42736185931581
 30
0.0
 10
49.98130617737527
 20
60.55676442692861
 30
0.0
 10
50.89070522750327
 20
59.71437468304777
 30
0.0
 10
51.42662699744785
 20
58.97804649271658
 30
0.0
 10
51.81989668557144
 20
58.43771472414881
 30
0.0
 10
52.01576330016317
 20
57.94246410556973
 30
0.0
 10
52.01383506603725
 20
57.52711651057997
 30
0.0
 10
52.00372741007718
 20
55.34989615253129
 30
0.0
 10
51.99746997348529
 20
53.50529873207165
 30
0.0
 10
51.99273685847616
 20
51.88938916939289
 30
0.0
 10
52.02138244318049
 20
51.8189002252541
 30
0.0
 10
52.02048129176313
 20
51.74029542004156
 30
0.0
 10
51.99210305053128
 20
51.67127352117774
 30
0.0
  0
SPLINE
  5
61
330
1F
100
AcDbEntity
  8
0
  6
Continuous
 62
    18
420
        0
370
     9
100
AcDbSpline
210
0.0
220
0.0
230
1.0
 70
    11
 71
     3
 72
    68
 73
    64
 74
     0
 42
0.000000001
 43
0.0
 40
0.0
 40
0.0
 40
0.0
 40
0.0
 40
1.0
 40
1.0
 40
1.0
 40
2.0
 40
2.0
 40
2.0
 40
3.0
 40
3.0
 40
3.0
 40
4.0
 40
4.0
 40
4.0
 40
5.0
 40
5.0
 40
5.0
 40
6.0
 40
6.0
 40
6.0
 40
7.0
 40
7.0
 40
7.0
 40
8.0
 40
8.0
 40
8.0
 40
9.0
 40
9.0
 40
9.0
 40
10.0
 40
10.0
 40
10.0
 40
11.0
 40
11.0
 40
11.0
 40
12.0
 40
12.0
 40
12.0
 40
13.0
 40
13.0
 40
13.0
 40
14.0
 40
14.0
 40
14.0
 40
15.0
 40
15.0
 40
15.0
 40
16.0
 40
16.0
 40
16.0
 40
17.0
 40
17.0
 40
17.0
 40
18.0
 40
18.0
 40
18.0
 40
19.0
 40
19.0
 40
19.0
 40
20.0
 40
20.0
 40
20.0
 40
21.0
 40
21.0
 40
21.0
 40
21.0
 10
16.89997490690025
 20
9.879435353614326
 30
0.0
 10
19.78228353204407
 20
7.794770233105801
 30
0.0
 10
22.52400673434817
 20
6.203324652375713
 30
0.0
 10
24.47549788712243
 20
5.270814125830128
 30
0.0
 10
25.58439700932703
 20
4.740932090309286
 30
0.0
 10
26.42840524891579
 20
4.424061800135547
 30
0.0
 10
26.88557640863919
 20
4.364017565341754
 30
0.0
 10
27.18535787667931
 20
4.324644677374124
 30
0.0
 10
27.72632764281973
 20
4.506803774536323
 30
0.0
 10
28.4571125638812
 20
4.838403105576759
 30
0.0
 10
30.31224480679076
 20
5.680183762253165
 30
0.0
 10
33.25556742027563
 20
7.527703347080802
 30
0.0
 10
36.41559208424059
 20
9.935997363613794
 30
0.0
 10
36.41559208424059
 20
9.935997363613794
 30
0.0
 10
36.41907657235418
 20
9.938653095759541
 30
0.0
 10
36.41907657235418
 20
9.938653095759541
 30
0.0
 10
34.84457424054897
 20
9.898069826410577
 30
0.0
 10
30.79648044372855
 20
9.904503469193735
 30
0.0
 10
30.57433989901511
 20
9.89386201660858
 30
0.0
 10
30.20076391319727
 20
9.875966178884937
 30
0.0
 10
29.58864257531356
 20
9.71500124602533
 30
0.0
 10
29.485827171442
 20
9.62173420546059
 30
0.0
 10
29.38301176757038
 20
9.528467164895929
 30
0.0
 10
30.13694042736729
 20
9.37523101469818
 30
0.0
 10
29.95744747578574
 20
9.334259773220332
 30
0.0
 10
29.6594020946794
 20
9.26622763506068
 30
0.0
 10
27.92518083583209
 20
9.262817634001614
 30
0.0
 10
27.69755488480332
 20
9.213541376502675
 30
0.0
 10
27.46992893377463
 20
9.16426511900383
 30
0.0
 10
28.47107388974518
 20
9.2542538021954
 30
0.0
 10
28.59169176961325
 20
9.038602228226992
 30
0.0
 10
28.7043727130254
 20
8.83714102836489
 30
0.0
 10
27.42797609073675
 20
9.071048379626085
 30
0.0
 10
27.25116363933662
 20
9.008347626643946
 30
0.0
 10
27.11140902465127
 20
8.958788223422538
 30
0.0
 10
27.42687495924992
 20
8.76814990280834
 30
0.0
 10
27.53081706121255
 20
8.662397710334169
 30
0.0
 10
27.67953492003013
 20
8.511090017560434
 30
0.0
 10
28.76707468291528
 20
8.217287123123413
 30
0.0
 10
28.14347079224221
 20
8.10050147000149
 30
0.0
 10
28.0427406424234
 20
8.081637193316183
 30
0.0
 10
25.73141566151897
 20
8.28601945559933
 30
0.0
 10
25.45300029987886
 20
8.380816712718406
 30
0.0
 10
25.17458493823868
 20
8.47561396983754
 30
0.0
 10
26.32259973799653
 20
8.55219956208839
 30
0.0
 10
26.47297862240143
 20
8.66928501271613
 30
0.0
 10
26.63385216014315
 20
8.794541631922222
 30
0.0
 10
25.4282911853948
 20
8.754336366212598
 30
0.0
 10
25.24985280332722
 20
8.864224400098877
 30
0.0
 10
25.11112091882627
 20
8.949659909256205
 30
0.0
 10
25.56231886581667
 20
9.297707073091999
 30
0.0
 10
25.40234832999642
 20
9.328613216033695
 30
0.0
 10
25.0003932765553
 20
9.406270518824513
 30
0.0
 10
21.92975903099432
 20
8.843933387689795
 30
0.0
 10
22.83812248268039
 20
9.330168216843859
 30
0.0
 10
22.93566473804422
 20
9.382381283963696
 30
0.0
 10
23.0806716598851
 20
9.31302028050392
 30
0.0
 10
23.16566584580725
 20
9.383848836319771
 30
0.0
 10
23.25855565489293
 20
9.461257084380108
 30
0.0
 10
23.42498605131868
 20
9.707329706235036
 30
0.0
 10
23.30462761957286
 20
9.718922868332925
 30
0.0
 10
22.484629406127
 20
9.797906717412573
 30
0.0
 10
18.40347561138663
 20
9.808855072640455
 30
0.0
 10
16.89997490690025
 20
9.879435353614326
 30
0.0
  0
SPLINE
  5
62
330
1F
100
AcDbEntity
  8
0
  6
Continuous
 62
    18
420
        0
370
     9
100
AcDbSpline
210
0.0
220
0.0
230
1.0
 70
    11
 71
     3
 72
    11
 73
     7
 74
     0
 42
0.000000001
 43
0.0
 40
0.0
 40
0.0
 40
0.0
 40
0.0
 40
1.0
 40
1.0
 40
1.0
 40
2.0
 40
2.0
 40
2.0
 40
2.0
 10
30.78815466073793
 20
9.252416989949758
 30
0.0
 10
30.78815466073793
 20
9.252416989949758
 30
0.0
 10
30.08449561298489
 20
8.842513602214261
 30
0.0
 10
30.04952171269739
 20
8.999726614779995
 30
0.0
 10
29.93044310299033
 20
9.535003115550353
 30
0.0
 10
30.78815466073793
 20
9.252416989949758
 30
0.0
 10
30.78815466073793
 20
9.252416989949758
 30
0.0
  0
SPLINE
  5
63
330
1F
100
AcDbEntity
  8
0
  6
Continuous
 62
    18
420
        0
370
     9
100
AcDbSpline
210
0.0
220
0.0
230
1.0
 70
    11
 71
     3
 72
    14
 73
    10
 74
     0
 42
0.000000001
 43
0.0
 40
0.0
 40
0.0
 40
0.0
 40
0.0
 40
1.0
 40
1.0
 40
1.0
 40
2.0
 40
2.0
 40
2.0
 40
3.0
 40
3.0
 40
3.0
 40
3.0
 10
25.88984664516787
 20
7.969526936631979
 30
0.0
 10
26.09540528897486
 20
7.925402703169567
 30
0.0
 10
26.55626464125486
 20
7.607592502239804
 30
0.0
 10
26.44287786790387
 20
7.588154695516302
 30
0.0
 10
26.32949109455296
 20
7.568716888792778
 30
0.0
 10
25.16394582691786
 20
7.764916475921886
 30
0.0
 10
25.20952600506197
 20
7.852900096290874
 30
0.0
 10
25.34904942783994
 20
8.122222779135193
 30
0.0
 10
25.68428800136092
 20
8.013651170094406
 30
0.0
 10
25.88984664516787
 20
7.969526936631979
 30
0.0
  0
SPLINE
  5
64
330
1F
100
AcDbEntity
  8
0
  6
Continuous
 62
    18
420
        0
370
     9
100
AcDbSpline
210
0.0
220
0.0
230
1.0
 70
    11
 71
     3
 72
    11
 73
     7
 74
     0
 42
0.000000001
 43
0.0
 40
0.0
 40
0.0
 40
0.0
 40
0.0
 40
1.0
 40
1.0
 40
1.0
 40
2.0
 40
2.0
 40
2.0
 40
2.0
 10
32.98461903484382
 20
9.077477100183422
 30
0.0
 10
32.98461903484382
 20
9.077477100183422
 30
0.0
 10
31.48518541290882
 20
8.581327401723591
 30
0.0
 10
31.87666738831113
 20
8.999726614779938
 30
0.0
 10
32.13084967721217
 20
9.271385787695422
 30
0.0
 10
32.98461903484382
 20
9.077477100183422
 30
0.0
 10
32.98461903484382
 20
9.077477100183422
 30
0.0
  0
SPLINE
  5
65
330
1F
100
AcDbEntity
  8
0
  6
Continuous
 62
    18
420
        0
370
     9
100
AcDbSpline
210
0.0
220
0.0
230
1.0
 70
    11
 71
     3
 72
    14
 73
    10
 74
     0
 42
0.000000001
 43
0.0
 40
0.0
 40
0.0
 40
0.0
 40
0.0
 40
1.0
 40
1.0
 40
1.0
 40
2.0
 40
2.0
 40
2.0
 40
3.0
 40
3.0
 40
3.0
 40
3.0
 10
35.14220705401199
 20
9.524545542588363
 30
0.0
 10
35.248758786615
 20
9.53263805709826
 30
0.0
 10
35.29721006703038
 20
9.43248241620234
 30
0.0
 10
35.06445582711794
 20
9.213541376502675
 30
0.0
 10
34.58794532983862
 20
8.76531021327505
 30
0.0
 10
33.47949230631632
 20
8.85152100605432
 30
0.0
 10
33.52887465713975
 20
9.09691527765225
 30
0.0
 10
33.62710375044783
 20
9.5850422379958
 30
0.0
 10
34.88627685901563
 20
9.505107859446639
 30
0.0
 10
35.14220705401199
 20
9.524545542588363
 30
0.0
  0
SPLINE
  5
66
330
1F
100
AcDbEntity
  8
0
  6
Continuous
 62
    18
420
        0
370
     9
100
AcDbSpline
210
0.0
220
0.0
230
1.0
 70
    11
 71
     3
 72
    17
 73
    13
 74
     0
 42
0.000000001
 43
0.0
 40
0.0
 40
0.0
 40
0.0
 40
0.0
 40
1.0
 40
1.0
 40
1.0
 40
2.0
 40
2.0
 40
2.0
 40
3.0
 40
3.0
 40
3.0
 40
4.0
 40
4.0
 40
4.0
 40
4.0
 10
21.54287786790387
 20
9.28815469551629
 30
0.0
 10
21.59375153419757
 20
9.298653730554449
 30
0.0
 10
22.27833075861098
 20
9.408710862324526
 30
0.0
 10
22.14287786790397
 20
9.28815469551629
 30
0.0
 10
21.83224797556426
 20
9.011686995779243
 30
0.0
 10
21.87578997254213
 20
9.127150093241582
 30
0.0
 10
21.54287786790387
 20
8.788154695516312
 30
0.0
 10
21.47821930831622
 20
8.722314631972829
 30
0.0
 10
20.60544528765114
 20
9.043892931859375
 30
0.0
 10
20.75288344986097
 20
9.218647776555798
 30
0.0
 10
20.88385885963666
 20
9.373889723765004
 30
0.0
 10
21.37852574990713
 20
9.254236584808737
 30
0.0
 10
21.54287786790387
 20
9.28815469551629
 30
0.0
  0
SPLINE
  5
67
330
1F
100
AcDbEntity
  8
0
  6
Continuous
 62
    18
420
        0
370
     9
100
AcDbSpline
210
0.0
220
0.0
230
1.0
 70
    11
 71
     3
 72
    20
 73
    16
 74
     0
 42
0.000000001
 43
0.0
 40
0.0
 40
0.0
 40
0.0
 40
0.0
 40
1.0
 40
1.0
 40
1.0
 40
2.0
 40
2.0
 40
2.0
 40
3.0
 40
3.0
 40
3.0
 40
4.0
 40
4.0
 40
4.0
 40
5.0
 40
5.0
 40
5.0
 40
5.0
 10
27.75586867571928
 20
7.833462660312669
 30
0.0
 10
27.8463084944505
 20
7.818739880465095
 30
0.0
 10
27.9178497805064
 20
7.694158934912117
 30
0.0
 10
27.95024600146375
 20
7.639085334568136
 30
0.0
 10
27.97324176933001
 20
7.59999251165128
 30
0.0
 10
27.99555178061105
 20
7.50512831220297
 30
0.0
 10
27.95024600146375
 20
7.503021058248834
 30
0.0
 10
27.81094227606326
 20
7.496541789340981
 30
0.0
 10
27.25372737446093
 20
7.554854962347967
 30
0.0
 10
27.11442364906037
 20
7.600209721121118
 30
0.0
 10
27.05897520799344
 20
7.61826272481288
 30
0.0
 10
27.10194581915525
 20
7.75743751910349
 30
0.0
 10
27.11442364906037
 20
7.775149610887446
 30
0.0
 10
27.16783169034759
 20
7.850961521810454
 30
0.0
 10
27.6165649503187
 20
7.856140039699206
 30
0.0
 10
27.75586867571928
 20
7.833462660312669
 30
0.0
  0
SPLINE
  5
68
330
1F
100
AcDbEntity
  8
0
  6
Continuous
 62
    18
420
        0
370
     9
100
AcDbSpline
210
0.0
220
0.0
230
1.0
 70
    11
 71
     3
 72
    29
 73
    25
 74
     0
 42
0.000000001
 43
0.0
 40
0.0
 40
0.0
 40
0.0
 40
0.0
 40
1.0
 40
1.0
 40
1.0
 40
2.0
 40
2.0
 40
2.0
 40
3.0
 40
3.0
 40
3.0
 40
4.0
 40
4.0
 40
4.0
 40
5.0
 40
5.0
 40
5.0
 40
6.0
 40
6.0
 40
6.0
 40
7.0
 40
7.0
 40
7.0
 40
8.0
 40
8.0
 40
8.0
 40
8.0
 10
29.31761662747357
 20
8.546117397647343
 30
0.0
 10
29.52495249103378
 20
8.59147203283866
 30
0.0
 10
29.81450010594899
 20
8.83175586541875
 30
0.0
 10
29.97177048580334
 20
8.82478672501361
 30
0.0
 10
30.11558230816875
 20
8.818413975212259
 30
0.0
 10
30.48978632367698
 20
8.730386482444452
 30
0.0
 10
30.26123890659968
 20
8.504302555216626
 30
0.0
 10
30.07326950340993
 20
8.318359255505548
 30
0.0
 10
29.83206309167155
 20
8.492676411978586
 30
0.0
 10
29.77409938971955
 20
8.478058425700183
 30
0.0
 10
29.72487083621486
 20
8.465643374635476
 30
0.0
 10
29.91214059100331
 20
8.428708130329866
 30
0.0
 10
29.91345669488739
 20
8.416594637546346
 30
0.0
 10
29.92325442280204
 20
8.326415809093248
 30
0.0
 10
30.0036997096353
 20
8.153653841036707
 30
0.0
 10
29.9134566948875
 20
8.144466084907712
 30
0.0
 10
29.71444585761423
 20
8.124204538404555
 30
0.0
 10
28.97164213251926
 20
8.162262711317375
 30
0.0
 10
28.71939167124836
 20
8.29502535852739
 30
0.0
 10
28.55880426884144
 20
8.379544564338673
 30
0.0
 10
28.71335221360099
 20
8.537900900141416
 30
0.0
 10
28.727755304442
 20
8.552658913865649
 30
0.0
 10
28.76273099357667
 20
8.588496478591388
 30
0.0
 10
29.12552628764042
 20
8.504097714523972
 30
0.0
 10
29.31761662747357
 20
8.546117397647343
 30
0.0
  0
SPLINE
  5
69
330
1F
100
AcDbEntity
  8
0
  6
Continuous
 62
    18
420
        0
370
     9
100
AcDbSpline
210
0.0
220
0.0
230
1.0
 70
    11
 71
     3
 72
    17
 73
    13
 74
     0
 42
0.000000001
 43
0.0
 40
0.0
 40
0.0
 40
0.0
 40
0.0
 40
1.0
 40
1.0
 40
1.0
 40
2.0
 40
2.0
 40
2.0
 40
3.0
 40
3.0
 40
3.0
 40
4.0
 40
4.0
 40
4.0
 40
4.0
 10
19.54287786790391
 20
9.58815469551628
 30
0.0
 10
19.34801895028937
 20
9.441692743859775
 30
0.0
 10
19.09737522652407
 20
9.324474316646594
 30
0.0
 10
18.9928778679039
 20
9.088154695516309
 30
0.0
 10
18.94934734776854
 20
8.989710905531204
 30
0.0
 10
18.60806955751062
 20
9.178065064281924
 30
0.0
 10
18.29287786790393
 20
9.538154695516312
 30
0.0
 10
18.2394368368854
 20
9.599208212429403
 30
0.0
 10
18.66645483906225
 20
9.461000964846967
 30
0.0
 10
18.74287786790394
 20
9.4881546955163
 30
0.0
 10
19.17034536224208
 20
9.640037411853186
 30
0.0
 10
19.60912513252994
 20
9.637948175783016
 30
0.0
 10
19.54287786790391
 20
9.58815469551628
 30
0.0
  0
SPLINE
  5
6A
330
1F
100
AcDbEntity
  8
0
  6
Continuous
 62
    18
420
        0
370
     9
100
AcDbSpline
210
0.0
220
0.0
230
1.0
 70
    11
 71
     3
 72
    17
 73
    13
 74
     0
 42
0.000000001
 43
0.0
 40
0.0
 40
0.0
 40
0.0
 40
0.0
 40
1.0
 40
1.0
 40
1.0
 40
2.0
 40
2.0
 40
2.0
 40
3.0
 40
3.0
 40
3.0
 40
4.0
 40
4.0
 40
4.0
 40
4.0
 10
24.43201670208376
 20
8.4554702509934
 30
0.0
 10
24.62495841628034
 20
8.440784700594136
 30
0.0
 10
24.9760568316495
 20
8.246150989359137
 30
0.0
 10
24.95547145633256
 20
8.204522737630356
 30
0.0
 10
24.82428650818721
 20
7.939237312402824
 30
0.0
 10
23.77960615397292
 20
8.304169753087187
 30
0.0
 10
23.4808956967205
 20
8.288154695516269
 30
0.0
 10
23.32959386901848
 20
8.280042801799873
 30
0.0
 10
23.02309037431228
 20
8.13847749137171
 30
0.0
 10
22.54287786790391
 20
8.388154695516278
 30
0.0
 10
22.22448407509777
 20
8.5536973895194
 30
0.0
 10
24.02991777067894
 20
8.486075577307716
 30
0.0
 10
24.43201670208376
 20
8.4554702509934
 30
0.0
  0
SPLINE
  5
6B
330
1F
100
AcDbEntity
  8
0
  6
Continuous
 62
    18
420
        0
370
     9
100
AcDbSpline
210
0.0
220
0.0
230
1.0
 70
    11
 71
     3
 72
   164
 73
   160
 74
     0
 42
0.000000001
 43
0.0
 40
0.0
 40
0.0
 40
0.0
 40
0.0
 40
1.0
 40
1.0
 40
1.0
 40
2.0
 40
2.0
 40
2.0
 40
3.0
 40
3.0
 40
3.0
 40
4.0
 40
4.0
 40
4.0
 40
5.0
 40
5.0
 40
5.0
 40
6.0
 40
6.0
 40
6.0
 40
7.0
 40
7.0
 40
7.0
 40
8.0
 40
8.0
 40
8.0
 40
9.0
 40
9.0
 40
9.0
 40
10.0
 40
10.0
 40
10.0
 40
11.0
 40
11.0
 40
11.0
 40
12.0
 40
12.0
 40
12.0
 40
13.0
 40
13.0
 40
13.0
 40
14.0
 40
14.0
 40
14.0
 40
15.0
 40
15.0
 40
15.0
 40
16.0
 40
16.0
 40
16.0
 40
17.0
 40
17.0
 40
17.0
 40
18.0
 40
18.0
 40
18.0
 40
19.0
 40
19.0
 40
19.0
 40
20.0
 40
20.0
 40
20.0
 40
21.0
 40
21.0
 40
21.0
 40
22.0
 40
22.0
 40
22.0
 40
23.0
 40
23.0
 40
23.0
 40
24.0
 40
24.0
 40
24.0
 40
25.0
 40
25.0
 40
25.0
 40
26.0
 40
26.0
 40
26.0
 40
27.0
 40
27.0
 40
27.0
 40
28.0
 40
28.0
 40
28.0
 40
29.0
 40
29.0
 40
29.0
 40
30.0
 40
30.0
 40
30.0
 40
31.0
 40
31.0
 40
31.0
 40
32.0
 40
32.0
 40
32.0
 40
33.0
 40
33.0
 40
33.0
 40
34.0
 40
34.0
 40
34.0
 40
35.0
 40
35.0
 40
35.0
 40
36.0
 40
36.0
 40
36.0
 40
37.0
 40
37.0
 40
37.0
 40
38.0
 40
38.0
 40
38.0
 40
39.0
 40
39.0
 40
39.0
 40
40.0
 40
40.0
 40
40.0
 40
41.0
 40
41.0
 40
41.0
 40
42.0
 40
42.0
 40
42.0
 40
43.0
 40
43.0
 40
43.0
 40
44.0
 40
44.0
 40
44.0
 40
45.0
 40
45.0
 40
45.0
 40
46.0
 40
46.0
 40
46.0
 40
47.0
 40
47.0
 40
47.0
 40
48.0
 40
48.0
 40
48.0
 40
49.0
 40
49.0
 40
49.0
 40
50.0
 40
50.0
 40
50.0
 40
51.0
 40
51.0
 40
51.0
 40
52.0
 40
52.0
 40
52.0
 40
53.0
 40
53.0
 40
53.0
 40
53.0
 10
36.25333875409207
 20
61.2550720909128
 30
0.0
 10
33.49041031648774
 20
62.06995669036679
 30
0.0
 10
30.37080588008196
 20
62.59045703682423
 30
0.0
 10
26.91006861896657
 20
62.58950701873008
 30
0.0
 10
11.78357200519174
 20
62.58535459559018
 30
0.0
 10
3.260755427832391
 20
52.23867628620098
 30
0.0
 10
2.478335803875596
 20
51.24662462602985
 30
0.0
 10
2.561166290264704
 20
44.85529964824794
 30
0.0
 10
2.599467923481384
 20
38.83828484679351
 30
0.0
 10
2.728947292439186
 20
30.11368175702531
 30
0.0
 10
2.777858152240026
 20
26.81796104124059
 30
0.0
 10
4.059836481090784
 20
23.62552162533225
 30
0.0
 10
6.01284850272789
 20
20.67473138605019
 30
0.0
 10
6.068671524159329
 20
20.73186758803032
 30
0.0
 10
6.158656822078434
 20
20.73826329572967
 30
0.0
 10
6.21901791801586
 20
20.68748252927347
 30
0.0
 10
6.282368472239928
 20
20.63418678225356
 30
0.0
 10
6.289251926333344
 20
20.5379635686732
 30
0.0
 10
6.234379857089311
 20
20.47273930234036
 30
0.0
 10
6.218183009409555
 20
20.45348674778264
 30
0.0
 10
6.198404350915895
 20
20.43907327325167
 30
0.0
 10
6.176940436043457
 20
20.42969026711825
 30
0.0
 10
6.847027218623519
 20
19.44053794412257
 30
0.0
 10
7.591445075038044
 20
18.47922551299551
 30
0.0
 10
8.38872963743722
 20
17.55103731676766
 30
0.0
 10
8.452896406848087
 20
17.59866577705478
 30
0.0
 10
8.5578126842177
 20
17.5874628754634
 30
0.0
 10
8.63817605754978
 20
17.51985453221799
 30
0.0
 10
8.728782082777219
 20
17.44362921961979
 30
0.0
 10
8.754086752541012
 20
17.32438401806092
 30
0.0
 10
8.694648983773696
 20
17.25373268462818
 30
0.0
 10
8.68679524989862
 20
17.24439726066777
 30
0.0
 10
8.677852425274146
 20
17.23637437084617
 30
0.0
 10
8.668036579277501
 20
17.22965610545589
 30
0.0
 10
10.2182146119011
 20
15.46648807452598
 30
0.0
 10
11.95325440438651
 20
13.82711402133281
 30
0.0
 10
13.7222821206899
 20
12.34867778520159
 30
0.0
 10
14.7384169409666
 20
11.49945958175203
 30
0.0
 10
15.76638862351655
 20
10.70343361149602
 30
0.0
 10
16.77820529738281
 20
9.967740198055623
 30
0.0
 10
18.34241641001945
 20
10.00272013575871
 30
0.0
 10
23.61004802945511
 20
9.933583655876916
 30
0.0
 10
24.0821369225511
 20
9.932737630055634
 30
0.0
 10
28.9520751848564
 20
9.92401026201508
 30
0.0
 10
34.89714944935057
 20
10.23849123732493
 30
0.0
 10
36.7301111385264
 20
10.17700656397254
 30
0.0
 10
40.71164904941272
 20
13.24459656585567
 30
0.0
 10
44.98790595029395
 20
17.17200769664626
 30
0.0
 10
47.83638729835172
 20
21.09236941898095
 30
0.0
 10
49.7562933053564
 20
23.73473392857265
 30
0.0
 10
51.02995664055008
 20
26.36828824661866
 30
0.0
 10
51.09127396431558
 20
28.72857924367221
 30
0.0
 10
51.13005509969956
 20
30.22138354563966
 30
0.0
 10
51.16384103390467
 20
31.56222306859873
 30
0.0
 10
51.19331922398896
 20
32.78181366430947
 30
0.0
 10
51.19331922398896
 20
32.78181366430947
 30
0.0
 10
50.45021308958196
 20
32.49660226577318
 30
0.0
 10
50.45021308958196
 20
32.49660226577318
 30
0.0
 10
50.45021308958196
 20
32.49660226577318
 30
0.0
 10
50.44058188135875
 20
32.499860909371
 30
0.0
 10
50.44058188135875
 20
32.499860909371
 30
0.0
 10
50.44058188135875
 20
32.499860909371
 30
0.0
 10
50.78807062698485
 20
32.20654292231904
 30
0.0
 10
50.78807062698485
 20
32.20654292231904
 30
0.0
 10
50.78807062698485
 20
32.20654292231904
 30
0.0
 10
50.37265833137072
 20
32.39151993310017
 30
0.0
 10
50.37265833137072
 20
32.39151993310017
 30
0.0
 10
50.37265833137072
 20
32.39151993310017
 30
0.0
 10
50.37978766069541
 20
32.38427068532435
 30
0.0
 10
50.37978766069541
 20
32.38427068532435
 30
0.0
 10
50.37978766069541
 20
32.38427068532435
 30
0.0
 10
50.4696533736945
 20
31.32121461148478
 30
0.0
 10
50.4696533736945
 20
31.32121461148478
 30
0.0
 10
50.4696533736945
 20
31.32121461148478
 30
0.0
 10
50.08737644575872
 20
32.31722084282469
 30
0.0
 10
50.08737644575872
 20
32.31722084282469
 30
0.0
 10
50.08737644575872
 20
32.31722084282469
 30
0.0
 10
50.09063508935652
 20
32.32685205104793
 30
0.0
 10
50.09063508935652
 20
32.32685205104793
 30
0.0
 10
50.09063508935652
 20
32.32685205104793
 30
0.0
 10
49.79731710230456
 20
31.97936330542186
 30
0.0
 10
49.79731710230456
 20
31.97936330542186
 30
0.0
 10
49.79731710230456
 20
31.97936330542186
 30
0.0
 10
49.98229411308568
 20
32.39477560103604
 30
0.0
 10
49.98229411308568
 20
32.39477560103604
 30
0.0
 10
49.98229411308568
 20
32.39477560103604
 30
0.0
 10
49.9750448653098
 20
32.3876462717113
 30
0.0
 10
49.9750448653098
 20
32.3876462717113
 30
0.0
 10
49.9750448653098
 20
32.3876462717113
 30
0.0
 10
48.91198879147026
 20
32.29778055871218
 30
0.0
 10
48.91198879147026
 20
32.29778055871218
 30
0.0
 10
48.91198879147026
 20
32.29778055871218
 30
0.0
 10
49.90799502281018
 20
32.680057486648
 30
0.0
 10
49.90799502281018
 20
32.680057486648
 30
0.0
 10
49.90799502281018
 20
32.680057486648
 30
0.0
 10
49.91762623103337
 20
32.67679884305024
 30
0.0
 10
49.91762623103337
 20
32.67679884305024
 30
0.0
 10
49.91762623103337
 20
32.67679884305024
 30
0.0
 10
49.57013748540734
 20
32.97011683010214
 30
0.0
 10
49.57013748540734
 20
32.97011683010214
 30
0.0
 10
49.57013748540734
 20
32.97011683010214
 30
0.0
 10
49.98554978102153
 20
32.78513981932102
 30
0.0
 10
49.98554978102153
 20
32.78513981932102
 30
0.0
 10
49.98554978102153
 20
32.78513981932102
 30
0.0
 10
49.97842045169673
 20
32.79238906709688
 30
0.0
 10
49.97842045169673
 20
32.79238906709688
 30
0.0
 10
49.97842045169673
 20
32.79238906709688
 30
0.0
 10
49.88855473869769
 20
33.85544514093645
 30
0.0
 10
49.88855473869769
 20
33.85544514093645
 30
0.0
 10
49.88855473869769
 20
33.85544514093645
 30
0.0
 10
50.27083166663348
 20
32.85943890959652
 30
0.0
 10
50.27083166663348
 20
32.85943890959652
 30
0.0
 10
50.27083166663348
 20
32.85943890959652
 30
0.0
 10
50.26757302303567
 20
32.84980770137328
 30
0.0
 10
50.26757302303567
 20
32.84980770137328
 30
0.0
 10
50.26757302303567
 20
32.84980770137328
 30
0.0
 10
50.56089101008769
 20
33.19729644699935
 30
0.0
 10
50.56089101008769
 20
33.19729644699935
 30
0.0
 10
50.56089101008769
 20
33.19729644699935
 30
0.0
 10
50.37591399930651
 20
32.78188415138519
 30
0.0
 10
50.37591399930651
 20
32.78188415138519
 30
0.0
 10
50.37591399930651
 20
32.78188415138519
 30
0.0
 10
50.38316324708239
 20
32.78901348070991
 30
0.0
 10
50.38316324708239
 20
32.78901348070991
 30
0.0
 10
50.38316324708239
 20
32.78901348070991
 30
0.0
 10
51.19515056956217
 20
32.85765503356549
 30
0.0
 10
51.19515056956217
 20
32.85765503356549
 30
0.0
 10
51.36049733718379
 20
39.71185009508709
 30
0.0
 10
51.38910964208473
 20
42.72493548158612
 30
0.0
 10
51.40453975256993
 20
47.41727513988448
 30
0.0
 10
51.39531227420978
 20
47.4156023296974
 30
0.0
 10
51.38579717156049
 20
47.41472759082841
 30
0.0
 10
51.37607337975383
 20
47.41472759082841
 30
0.0
 10
51.29083753693066
 20
47.41472759082841
 30
0.0
 10
51.22163684688117
 20
47.48194033715432
 30
0.0
 10
51.22163684688117
 20
47.56472759082841
 30
0.0
 10
51.22163684688117
 20
47.64751484450252
 30
0.0
 10
51.29083753693066
 20
47.71472759082843
 30
0.0
 10
51.37607337975383
 20
47.71472759082843
 30
0.0
 10
51.38612978564974
 20
47.71472759082843
 30
0.0
 10
51.39596298127704
 20
47.7137919854508
 30
0.0
 10
51.4054856510495
 20
47.71200558195288
 30
0.0
 10
51.40921675591348
 20
48.90223878280482
 30
0.0
 10
51.41228542478455
 20
50.20442631363909
 30
0.0
 10
51.41661781748532
 20
51.70462975342072
 30
0.0
 10
50.7080614123263
 20
52.55333036330794
 30
0.0
 10
45.51465124469577
 20
58.47586679212722
 30
0.0
 10
36.40189616926766
 20
61.21087172578923
 30
0.0
 10
36.46237676185677
 20
61.16507528726345
 30
0.0
 10
36.50203274567193
 20
61.08859112443147
 30
0.0
 10
36.50203274567193
 20
61.00204318213423
 30
0.0
 10
36.50203274567193
 20
60.86201894198213
 30
0.0
 10
36.39823171059771
 20
60.74833702459577
 30
0.0
 10
36.27037794636293
 20
60.74833702459577
 30
0.0
 10
36.14252418212809
 20
60.74833702459577
 30
0.0
 10
36.03872314705399
 20
60.86201894198213
 30
0.0
 10
36.03872314705399
 20
61.00204318213423
 30
0.0
 10
36.03872314705399
 20
61.13579149529996
 30
0.0
 10
36.13342791881133
 20
61.24550590877185
 30
0.0
 10
36.25333875409207
 20
61.2550720909128
 30
0.0
  0
SPLINE
  5
6C
330
1F
100
AcDbEntity
  8
0
  6
Continuous
 62
    18
420
        0
370
     9
100
AcDbSpline
210
0.0
220
0.0
230
1.0
 70
    11
 71
     3
 72
    17
 73
    13
 74
     0
 42
0.000000001
 43
0.0
 40
0.0
 40
0.0
 40
0.0
 40
0.0
 40
1.0
 40
1.0
 40
1.0
 40
2.0
 40
2.0
 40
2.0
 40
3.0
 40
3.0
 40
3.0
 40
4.0
 40
4.0
 40
4.0
 40
4.0
 10
45.40886721942224
 20
23.61062645760526
 30
0.0
 10
45.54735921688663
 20
23.61062645760526
 30
0.0
 10
45.65979714761426
 20
23.44803487808757
 30
0.0
 10
45.65979714761426
 20
23.24776765089325
 30
0.0
 10
45.65979714761426
 20
23.04750042369893
 30
0.0
 10
45.54735921688663
 20
22.88490884418124
 30
0.0
 10
45.40886721942224
 20
22.88490884418124
 30
0.0
 10
45.2703752219579
 20
22.88490884418124
 30
0.0
 10
45.15793729123022
 20
23.04750042369893
 30
0.0
 10
45.15793729123022
 20
23.24776765089325
 30
0.0
 10
45.15793729123022
 20
23.44803487808757
 30
0.0
 10
45.2703752219579
 20
23.61062645760526
 30
0.0
 10
45.40886721942224
 20
23.61062645760526
 30
0.0
  0
SPLINE
  5
6D
330
1F
100
AcDbEntity
  8
0
  6
Continuous
 62
    18
420
        0
370
     9
100
AcDbSpline
210
0.0
220
0.0
230
1.0
 70
    11
 71
     3
 72
    17
 73
    13
 74
     0
 42
0.000000001
 43
0.0
 40
0.0
 40
0.0
 40
0.0
 40
0.0
 40
1.0
 40
1.0
 40
1.0
 40
2.0
 40
2.0
 40
2.0
 40
3.0
 40
3.0
 40
3.0
 40
4.0
 40
4.0
 40
4.0
 40
4.0
 10
8.139692217847909
 20
24.87882836640054
 30
0.0
 10
8.232020216157526
 20
24.87882836640054
 30
0.0
 10
8.306978836642637
 20
24.78269850828327
 30
0.0
 10
8.306978836642637
 20
24.6642934826796
 30
0.0
 10
8.306978836642637
 20
24.54588845707595
 30
0.0
 10
8.232020216157526
 20
24.44975859895864
 30
0.0
 10
8.139692217847909
 20
24.44975859895864
 30
0.0
 10
8.047364219538379
 20
24.44975859895864
 30
0.0
 10
7.972405599053267
 20
24.54588845707595
 30
0.0
 10
7.972405599053267
 20
24.6642934826796
 30
0.0
 10
7.972405599053267
 20
24.78269850828327
 30
0.0
 10
8.047364219538379
 20
24.87882836640054
 30
0.0
 10
8.139692217847909
 20
24.87882836640054
 30
0.0
  0
SPLINE
  5
6E
330
1F
100
AcDbEntity
  8
0
  6
Continuous
 62
    18
420
        0
370
     9
100
AcDbSpline
210
0.0
220
0.0
230
1.0
 70
    11
 71
     3
 72
    35
 73
    31
 74
     0
 42
0.000000001
 43
0.0
 40
0.0
 40
0.0
 40
0.0
 40
0.0
 40
1.0
 40
1.0
 40
1.0
 40
2.0
 40
2.0
 40
2.0
 40
3.0
 40
3.0
 40
3.0
 40
4.0
 40
4.0
 40
4.0
 40
5.0
 40
5.0
 40
5.0
 40
6.0
 40
6.0
 40
6.0
 40
7.0
 40
7.0
 40
7.0
 40
8.0
 40
8.0
 40
8.0
 40
9.0
 40
9.0
 40
9.0
 40
10.0
 40
10.0
 40
10.0
 40
10.0
 10
47.31532364764299
 20
26.07094078927044
 30
0.0
 10
47.26207379919644
 20
26.06878758626048
 30
0.0
 10
47.20262230515157
 20
26.08901838445633
 30
0.0
 10
47.15266067129769
 20
26.13105025980751
 30
0.0
 10
47.06205464607029
 20
26.20727557240571
 30
0.0
 10
47.03674997630646
 20
26.32652077396461
 30
0.0
 10
47.09618774507375
 20
26.39717210739734
 30
0.0
 10
47.15562551384104
 20
26.46782344083007
 30
0.0
 10
47.27744203771363
 20
26.46329807694801
 30
0.0
 10
47.36804806294105
 20
26.38707276434982
 30
0.0
 10
47.45865408816845
 20
26.31084745175159
 30
0.0
 10
47.48395875793234
 20
26.19160225019269
 30
0.0
 10
47.42452098916505
 20
26.12095091675996
 30
0.0
 10
47.41186931687344
 20
26.10591237247922
 30
0.0
 10
47.39639141410474
 20
26.09427990247419
 30
0.0
 10
47.37898985377105
 20
26.08601997705546
 30
0.0
 10
47.37898985377105
 20
26.08601997705546
 30
0.0
 10
47.3875627827773
 20
26.08622820800444
 30
0.0
 10
47.3875627827773
 20
26.08622820800444
 30
0.0
 10
47.52605478024164
 20
26.08622820800444
 30
0.0
 10
47.63849271096933
 20
25.92363662848683
 30
0.0
 10
47.63849271096933
 20
25.72336940129251
 30
0.0
 10
47.63849271096933
 20
25.52310217409821
 30
0.0
 10
47.52605478024164
 20
25.36051059458052
 30
0.0
 10
47.3875627827773
 20
25.36051059458052
 30
0.0
 10
47.24907078531291
 20
25.36051059458052
 30
0.0
 10
47.13663285458529
 20
25.52310217409821
 30
0.0
 10
47.13663285458529
 20
25.72336940129251
 30
0.0
 10
47.13663285458529
 20
25.88732961309178
 30
0.0
 10
47.21199790882621
 20
26.02603653881283
 30
0.0
 10
47.31532364764299
 20
26.07094078927044
 30
0.0
  0
SPLINE
  5
6F
330
1F
100
AcDbEntity
  8
0
  6
Continuous
 62
    18
420
        0
370
     9
100
AcDbSpline
210
0.0
220
0.0
230
1.0
 70
    11
 71
     3
 72
    92
 73
    88
 74
     0
 42
0.000000001
 43
0.0
 40
0.0
 40
0.0
 40
0.0
 40
0.0
 40
1.0
 40
1.0
 40
1.0
 40
2.0
 40
2.0
 40
2.0
 40
3.0
 40
3.0
 40
3.0
 40
4.0
 40
4.0
 40
4.0
 40
5.0
 40
5.0
 40
5.0
 40
6.0
 40
6.0
 40
6.0
 40
7.0
 40
7.0
 40
7.0
 40
8.0
 40
8.0
 40
8.0
 40
9.0
 40
9.0
 40
9.0
 40
10.0
 40
10.0
 40
10.0
 40
11.0
 40
11.0
 40
11.0
 40
12.0
 40
12.0
 40
12.0
 40
13.0
 40
13.0
 40
13.0
 40
14.0
 40
14.0
 40
14.0
 40
15.0
 40
15.0
 40
15.0
 40
16.0
 40
16.0
 40
16.0
 40
17.0
 40
17.0
 40
17.0
 40
18.0
 40
18.0
 40
18.0
 40
19.0
 40
19.0
 40
19.0
 40
20.0
 40
20.0
 40
20.0
 40
21.0
 40
21.0
 40
21.0
 40
22.0
 40
22.0
 40
22.0
 40
23.0
 40
23.0
 40
23.0
 40
24.0
 40
24.0
 40
24.0
 40
25.0
 40
25.0
 40
25.0
 40
26.0
 40
26.0
 40
26.0
 40
27.0
 40
27.0
 40
27.0
 40
28.0
 40
28.0
 40
28.0
 40
29.0
 40
29.0
 40
29.0
 40
29.0
 10
15.87861784523322
 20
10.89568414432571
 30
0.0
 10
16.63089208795947
 20
11.08375702076525
 30
0.0
 10
18.21057585093723
 20
12.15880186913698
 30
0.0
 10
18.43605444374519
 20
12.38281747952308
 30
0.0
 10
18.57335429708335
 20
11.55726917362196
 30
0.0
 10
20.16259469926315
 20
13.28292386180021
 30
0.0
 10
20.23267162694886
 20
13.2593132354581
 30
0.0
 10
20.3633152044367
 20
13.21529622737954
 30
0.0
 10
20.34539016400664
 20
13.00184278104766
 30
0.0
 10
20.43967799292584
 20
12.90126919278165
 30
0.0
 10
20.58760269593039
 20
12.74348299338696
 30
0.0
 10
20.60637851610092
 20
12.89689965855708
 30
0.0
 10
21.97393016071443
 20
14.15847712836645
 30
0.0
 10
22.03139568532839
 20
14.21148954031399
 30
0.0
 10
22.13713316269983
 20
13.91818001711427
 30
0.0
 10
22.63362108250411
 20
13.42103536827022
 30
0.0
 10
23.49423836814287
 20
12.55927970173428
 30
0.0
 10
24.02925816741766
 20
12.39860109293119
 30
0.0
 10
24.40012291920857
 20
12.02773836217952
 30
0.0
 10
24.39197393213867
 20
12.02936813472476
 30
0.0
 10
23.45454660851894
 20
12.71021688122874
 30
0.0
 10
23.47955139915634
 20
12.38850251767245
 30
0.0
 10
23.48108522982379
 20
12.36876808501429
 30
0.0
 10
24.3618578976457
 20
10.99281468379888
 30
0.0
 10
23.92609241471616
 20
11.51531733659545
 30
0.0
 10
23.12925833805747
 20
12.47075767136864
 30
0.0
 10
22.90671643257906
 20
12.29396835902074
 30
0.0
 10
22.75366863002411
 20
12.76450604876977
 30
0.0
 10
22.91523192060646
 20
12.73333881083011
 30
0.0
 10
22.88999753976339
 20
12.69633719618268
 30
0.0
 10
23.01926563913035
 20
12.59169193297815
 30
0.0
 10
23.01926563913035
 20
12.59169193297815
 30
0.0
 10
23.00644875911205
 20
12.74021949250252
 30
0.0
 10
23.00644875911205
 20
12.74021949250252
 30
0.0
 10
22.32923819618374
 20
13.2268861526917
 30
0.0
 10
21.97614197309289
 20
14.13975301223433
 30
0.0
 10
22.03649382807625
 20
13.30907403772468
 30
0.0
 10
22.0920635913584
 20
12.54421545981135
 30
0.0
 10
22.53520257300838
 20
12.67629525455595
 30
0.0
 10
22.54653991581466
 20
11.91577679435683
 30
0.0
 10
22.54873481906215
 20
11.76854084440524
 30
0.0
 10
22.17114041923057
 20
12.29937584324336
 30
0.0
 10
22.17333532247797
 20
12.15213989329175
 30
0.0
 10
22.17333532247797
 20
12.15213989329175
 30
0.0
 10
22.39330171092648
 20
10.90092496617376
 30
0.0
 10
22.39330171092648
 20
10.90092496617376
 30
0.0
 10
22.39330171092648
 20
10.90092496617376
 30
0.0
 10
21.48225781998885
 20
12.20092693895632
 30
0.0
 10
21.48225781998885
 20
12.20092693895632
 30
0.0
 10
20.83960206260132
 20
10.97034716154442
 30
0.0
 10
20.91695956495571
 20
10.86617552456257
 30
0.0
 10
20.5800339534974
 20
10.76640921241983
 30
0.0
 10
20.60600330564859
 20
11.16154706629072
 30
0.0
 10
21.0332249325651
 20
11.33454818509777
 30
0.0
 10
20.78808720073856
 20
11.41947481641752
 30
0.0
 10
20.68907227582166
 20
11.45377799757579
 30
0.0
 10
20.14626531981735
 20
10.99312114307624
 30
0.0
 10
19.97142812688073
 20
10.96908132292383
 30
0.0
 10
20.01198817382969
 20
11.10563383857063
 30
0.0
 10
20.20551859378938
 20
10.94951356857977
 30
0.0
 10
21.07860194360119
 20
12.36362259109337
 30
0.0
 10
21.41583079979397
 20
12.90982286887544
 30
0.0
 10
21.67189627710853
 20
13.12981095630851
 30
0.0
 10
21.38960577138182
 20
13.02295061107735
 30
0.0
 10
21.09694383951598
 20
12.91216418914409
 30
0.0
 10
21.02393544481749
 20
12.42101410453649
 30
0.0
 10
20.31975231908412
 20
12.67462641887395
 30
0.0
 10
20.07427049685656
 20
12.76303696264845
 30
0.0
 10
20.22970218884188
 20
12.5600475378684
 30
0.0
 10
20.17047086139281
 20
12.31386178882676
 30
0.0
 10
20.12231179906999
 20
12.11369617813265
 30
0.0
 10
18.37778316450208
 20
10.71160920552043
 30
0.0
 10
19.98197548205414
 20
11.53662291545649
 30
0.0
 10
20.01661117552558
 20
11.19026069567406
 30
0.0
 10
18.68539163603278
 20
10.64232484521982
 30
0.0
 10
18.61545148521282
 20
10.83348337876961
 30
0.0
 10
18.55907587631773
 20
10.987567672241
 30
0.0
 10
19.72195074922324
 20
12.03870874502194
 30
0.0
 10
19.27610526161256
 20
11.89838918377914
 30
0.0
 10
18.96988921990626
 20
11.80201476301743
 30
0.0
 10
16.02328740000176
 20
9.687768933144746
 30
0.0
 10
17.81854534617328
 20
11.28633589406854
 30
0.0
 10
18.51614688101515
 20
11.9075072237185
 30
0.0
 10
17.54367183995195
 20
11.31136022186574
 30
0.0
 10
16.50062551562425
 20
10.88324418103616
 30
0.0
 10
15.86347490291346
 20
10.62172713106079
 30
0.0
 10
15.83510369978103
 20
10.87152574554359
 30
0.0
 10
15.87861784523322
 20
10.89568414432571
 30
0.0
  0
SPLINE
  5
70
330
1F
100
AcDbEntity
  8
0
  6
Continuous
 62
    18
420
        0
370
     9
100
AcDbSpline
210
0.0
220
0.0
230
1.0
 70
    11
 71
     3
 72
    17
 73
    13
 74
     0
 42
0.000000001
 43
0.0
 40
0.0
 40
0.0
 40
0.0
 40
0.0
 40
1.0
 40
1.0
 40
1.0
 40
2.0
 40
2.0
 40
2.0
 40
3.0
 40
3.0
 40
3.0
 40
4.0
 40
4.0
 40
4.0
 40
4.0
 10
47.81315102117627
 20
51.92201536120994
 30
0.0
 10
47.87258878994356
 20
51.99266669464271
 30
0.0
 10
47.99440531381622
 20
51.98814133076061
 30
0.0
 10
48.08501133904363
 20
51.91191601816243
 30
0.0
 10
48.17561736427104
 20
51.83569070556419
 30
0.0
 10
48.20092203403487
 20
51.71644550400532
 30
0.0
 10
48.14148426526758
 20
51.64579417057259
 30
0.0
 10
48.08204649650035
 20
51.57514283713986
 30
0.0
 10
47.96022997262769
 20
51.57966820102197
 30
0.0
 10
47.86962394740028
 20
51.65589351362014
 30
0.0
 10
47.77901792217287
 20
51.73211882621834
 30
0.0
 10
47.75371325240899
 20
51.85136402777724
 30
0.0
 10
47.81315102117627
 20
51.92201536120994
 30
0.0
  0
SPLINE
  5
71
330
1F
100
AcDbEntity
  8
0
  6
Continuous
 62
    18
420
        0
370
     9
100
AcDbSpline
210
0.0
220
0.0
230
1.0
 70
    11
 71
     3
 72
    17
 73
    13
 74
     0
 42
0.000000001
 43
0.0
 40
0.0
 40
0.0
 40
0.0
 40
0.0
 40
1.0
 40
1.0
 40
1.0
 40
2.0
 40
2.0
 40
2.0
 40
3.0
 40
3.0
 40
3.0
 40
4.0
 40
4.0
 40
4.0
 40
4.0
 10
48.79675953636718
 20
35.75005254985422
 30
0.0
 10
48.85619730513447
 20
35.82070388328696
 30
0.0
 10
48.97801382900708
 20
35.81617851940486
 30
0.0
 10
49.06861985423448
 20
35.73995320680668
 30
0.0
 10
49.15922587946189
 20
35.66372789420849
 30
0.0
 10
49.18453054922571
 20
35.54448269264959
 30
0.0
 10
49.12509278045842
 20
35.47383135921686
 30
0.0
 10
49.06565501169121
 20
35.40318002578412
 30
0.0
 10
48.94383848781854
 20
35.40770538966623
 30
0.0
 10
48.85323246259112
 20
35.4839307022644
 30
0.0
 10
48.76262643736372
 20
35.5601560148626
 30
0.0
 10
48.73732176759989
 20
35.6794012164215
 30
0.0
 10
48.79675953636718
 20
35.75005254985422
 30
0.0
  0
SPLINE
  5
72
330
1F
100
AcDbEntity
  8
0
  6
Continuous
 62
    18
420
        0
370
     9
100
AcDbSpline
210
0.0
220
0.0
230
1.0
 70
    11
 71
     3
 72
    17
 73
    13
 74
     0
 42
0.000000001
 43
0.0
 40
0.0
 40
0.0
 40
0.0
 40
0.0
 40
1.0
 40
1.0
 40
1.0
 40
2.0
 40
2.0
 40
2.0
 40
3.0
 40
3.0
 40
3.0
 40
4.0
 40
4.0
 40
4.0
 40
4.0
 10
40.92892109644928
 20
51.71940033418409
 30
0.0
 10
41.05677486068412
 20
51.71940033418409
 30
0.0
 10
41.16057589575833
 20
51.60571841679776
 30
0.0
 10
41.16057589575833
 20
51.46569417664564
 30
0.0
 10
41.16057589575833
 20
51.32566993649351
 30
0.0
 10
41.05677486068412
 20
51.21198801910721
 30
0.0
 10
40.92892109644928
 20
51.21198801910721
 30
0.0
 10
40.80106733221456
 20
51.21198801910721
 30
0.0
 10
40.69726629714035
 20
51.32566993649351
 30
0.0
 10
40.69726629714035
 20
51.46569417664564
 30
0.0
 10
40.69726629714035
 20
51.60571841679776
 30
0.0
 10
40.80106733221456
 20
51.71940033418409
 30
0.0
 10
40.92892109644928
 20
51.71940033418409
 30
0.0
  0
SPLINE
  5
73
330
1F
100
AcDbEntity
  8
0
  6
Continuous
 62
    18
420
        0
370
     9
100
AcDbSpline
210
0.0
220
0.0
230
1.0
 70
    11
 71
     3
 72
    17
 73
    13
 74
     0
 42
0.000000001
 43
0.0
 40
0.0
 40
0.0
 40
0.0
 40
0.0
 40
1.0
 40
1.0
 40
1.0
 40
2.0
 40
2.0
 40
2.0
 40
3.0
 40
3.0
 40
3.0
 40
4.0
 40
4.0
 40
4.0
 40
4.0
 10
39.15461447402976
 20
18.62358186624174
 30
0.0
 10
39.21405224279704
 20
18.69423319967447
 30
0.0
 10
39.33586876666965
 20
18.68970783579239
 30
0.0
 10
39.42647479189711
 20
18.61348252319419
 30
0.0
 10
39.51708081712452
 20
18.53725721059602
 30
0.0
 10
39.54238548688835
 20
18.41801200903711
 30
0.0
 10
39.48294771812106
 20
18.34736067560438
 30
0.0
 10
39.42350994935378
 20
18.27670934217164
 30
0.0
 10
39.30169342548118
 20
18.28123470605372
 30
0.0
 10
39.21108740025376
 20
18.35746001865192
 30
0.0
 10
39.12048137502629
 20
18.43368533125012
 30
0.0
 10
39.09517670526253
 20
18.55293053280901
 30
0.0
 10
39.15461447402976
 20
18.62358186624174
 30
0.0
  0
SPLINE
  5
74
330
1F
100
AcDbEntity
  8
0
  6
Continuous
 62
    18
420
        0
370
     9
100
AcDbSpline
210
0.0
220
0.0
230
1.0
 70
    11
 71
     3
 72
    98
 73
    94
 74
     0
 42
0.000000001
 43
0.0
 40
0.0
 40
0.0
 40
0.0
 40
0.0
 40
1.0
 40
1.0
 40
1.0
 40
2.0
 40
2.0
 40
2.0
 40
3.0
 40
3.0
 40
3.0
 40
4.0
 40
4.0
 40
4.0
 40
5.0
 40
5.0
 40
5.0
 40
6.0
 40
6.0
 40
6.0
 40
7.0
 40
7.0
 40
7.0
 40
8.0
 40
8.0
 40
8.0
 40
9.0
 40
9.0
 40
9.0
 40
10.0
 40
10.0
 40
10.0
 40
11.0
 40
11.0
 40
11.0
 40
12.0
 40
12.0
 40
12.0
 40
13.0
 40
13.0
 40
13.0
 40
14.0
 40
14.0
 40
14.0
 40
15.0
 40
15.0
 40
15.0
 40
16.0
 40
16.0
 40
16.0
 40
17.0
 40
17.0
 40
17.0
 40
18.0
 40
18.0
 40
18.0
 40
19.0
 40
19.0
 40
19.0
 40
20.0
 40
20.0
 40
20.0
 40
21.0
 40
21.0
 40
21.0
 40
22.0
 40
22.0
 40
22.0
 40
23.0
 40
23.0
 40
23.0
 40
24.0
 40
24.0
 40
24.0
 40
25.0
 40
25.0
 40
25.0
 40
26.0
 40
26.0
 40
26.0
 40
27.0
 40
27.0
 40
27.0
 40
28.0
 40
28.0
 40
28.0
 40
29.0
 40
29.0
 40
29.0
 40
30.0
 40
30.0
 40
30.0
 40
31.0
 40
31.0
 40
31.0
 40
31.0
 10
33.70172520381844
 20
13.70505535600981
 30
0.0
 10
34.01063048386054
 20
13.25885985874486
 30
0.0
 10
34.19737306814141
 20
13.48403239609621
 30
0.0
 10
35.11305517675587
 20
12.5991900868446
 30
0.0
 10
35.79747108638495
 20
11.93782502546852
 30
0.0
 10
36.00911696965793
 20
12.5011260617366
 30
0.0
 10
36.46262180759777
 20
12.24086719920935
 30
0.0
 10
36.99526609704986
 20
11.93519152541907
 30
0.0
 10
37.4360527938336
 20
11.4853806452233
 30
0.0
 10
37.96869708328569
 20
11.179704971433
 30
0.0
 10
37.86749243854142
 20
11.22081932442885
 30
0.0
 10
37.75573176670591
 20
11.04535882845975
 30
0.0
 10
37.65452712196164
 20
11.08647318145565
 30
0.0
 10
37.20873903427569
 20
11.267574442616
 30
0.0
 10
36.93302113297172
 20
11.86384380995154
 30
0.0
 10
37.09616954996899
 20
11.40464374405328
 30
0.0
 10
37.10469588759551
 20
11.3806453818747
 30
0.0
 10
37.34311326114751
 20
10.70959214298106
 30
0.0
 10
36.89884436061504
 20
11.15482457623163
 30
0.0
 10
36.71729491178805
 20
11.33676777045402
 30
0.0
 10
36.56438821194463
 20
11.55037472177322
 30
0.0
 10
36.36048522224346
 20
11.70685826430773
 30
0.0
 10
36.20296091717368
 20
11.82774889631235
 30
0.0
 10
35.98651499390596
 20
11.85498366399254
 30
0.0
 10
35.82899068883619
 20
11.97587429599712
 30
0.0
 10
36.18582194433686
 20
11.01300507687363
 30
0.0
 10
36.28924687191756
 20
10.98176945198976
 30
0.0
 10
36.20526209078517
 20
10.96054801673164
 30
0.0
 10
36.16706798219572
 20
10.950897056263
 30
0.0
 10
35.56937403854429
 20
11.58256184309694
 30
0.0
 10
35.45381242310312
 20
11.62080768877232
 30
0.0
 10
35.07192319647861
 20
11.7471963375534
 30
0.0
 10
35.4520683317301
 20
11.44993024332665
 30
0.0
 10
35.44802705359593
 20
11.0539858022382
 30
0.0
 10
35.44802705359593
 20
11.0539858022382
 30
0.0
 10
35.29821151575582
 20
10.83671231258221
 30
0.0
 10
35.29821151575582
 20
10.83671231258221
 30
0.0
 10
34.88303952582545
 20
11.0146415493431
 30
0.0
 10
34.55202362619195
 20
12.27653450750537
 30
0.0
 10
34.81561279530767
 20
12.14544414962728
 30
0.0
 10
35.13503359387964
 20
11.98658714143161
 30
0.0
 10
35.32961077013888
 20
11.55728703374044
 30
0.0
 10
35.20698318157321
 20
11.9012335849472
 30
0.0
 10
35.15493750622485
 20
12.04721158835304
 30
0.0
 10
35.11347294676295
 20
12.16351161831381
 30
0.0
 10
33.77636638942238
 20
13.2074493501995
 30
0.0
 10
33.57429789763298
 20
13.36521308402173
 30
0.0
 10
33.74950598495312
 20
13.08916054046518
 30
0.0
 10
34.29593558071601
 20
11.63338115835165
 30
0.0
 10
34.29593558071601
 20
11.63338115835165
 30
0.0
 10
33.93806146792667
 20
11.87895962421447
 30
0.0
 10
33.93806146792667
 20
11.87895962421447
 30
0.0
 10
33.93806146792667
 20
11.87895962421447
 30
0.0
 10
33.66440484829339
 20
11.71463133276833
 30
0.0
 10
33.66440484829339
 20
11.71463133276833
 30
0.0
 10
33.66207169060838
 20
11.65396825391046
 30
0.0
 10
33.63970053224237
 20
11.07230874893929
 30
0.0
 10
33.52756338651722
 20
10.96822232405277
 30
0.0
 10
33.05271804170547
 20
10.52746779979717
 30
0.0
 10
33.4433486678534
 20
11.22086648004423
 30
0.0
 10
33.24144002808705
 20
11.82659239934323
 30
0.0
 10
33.24144002808705
 20
11.82659239934323
 30
0.0
 10
32.42887567354412
 20
11.07462365817829
 30
0.0
 10
32.42887567354412
 20
11.07462365817829
 30
0.0
 10
31.75716205782687
 20
10.57977415726914
 30
0.0
 10
32.59393861123294
 20
11.26965874004595
 30
0.0
 10
32.90555587925425
 20
12.03807504672346
 30
0.0
 10
32.99632952005798
 20
12.26191355943821
 30
0.0
 10
32.96406413510438
 20
12.52332518719926
 30
0.0
 10
33.05483777590817
 20
12.74716369991407
 30
0.0
 10
33.05483777590817
 20
12.74716369991407
 30
0.0
 10
32.70190558596872
 20
12.17445563187508
 30
0.0
 10
32.70190558596872
 20
12.17445563187508
 30
0.0
 10
32.46081766651297
 20
12.03199472157156
 30
0.0
 10
32.23938765916609
 20
11.85005330571749
 30
0.0
 10
32.05248613310758
 20
11.64151957839978
 30
0.0
 10
31.8915143860973
 20
11.46191677308943
 30
0.0
 10
31.83340079150366
 20
11.20542907654154
 30
0.0
 10
31.67242904449344
 20
11.02582627123119
 30
0.0
 10
31.67242904449344
 20
11.02582627123119
 30
0.0
 10
31.82540754132269
 20
11.64363627260413
 30
0.0
 10
31.82540754132269
 20
11.64363627260413
 30
0.0
 10
30.3802376508613
 20
10.8247683529598
 30
0.0
 10
30.29472147133481
 20
10.76787355952778
 30
0.0
 10
30.28272151634843
 20
10.90420580673141
 30
0.0
 10
30.2555716491086
 20
11.21265716478238
 30
0.0
 10
32.58697314219089
 20
12.43393625412065
 30
0.0
 10
32.19416944945065
 20
12.48914381160061
 30
0.0
 10
32.02893543386497
 20
12.51236703119281
 30
0.0
 10
31.86763783710681
 20
12.41718427209857
 30
0.0
 10
31.98498457868339
 20
12.53568105253382
 30
0.0
 10
32.10191268527849
 20
12.65375509521914
 30
0.0
 10
32.10699742309033
 20
12.64189674283673
 30
0.0
 10
33.70172520381844
 20
13.70505535600981
 30
0.0
  0
SPLINE
  5
75
330
1F
100
AcDbEntity
  8
0
  6
Continuous
 62
    18
420
        0
370
     9
100
AcDbSpline
210
0.0
220
0.0
230
1.0
 70
    11
 71
     3
 72
   125
 73
   121
 74
     0
 42
0.000000001
 43
0.0
 40
0.0
 40
0.0
 40
0.0
 40
0.0
 40
1.0
 40
1.0
 40
1.0
 40
2.0
 40
2.0
 40
2.0
 40
3.0
 40
3.0
 40
3.0
 40
4.0
 40
4.0
 40
4.0
 40
5.0
 40
5.0
 40
5.0
 40
6.0
 40
6.0
 40
6.0
 40
7.0
 40
7.0
 40
7.0
 40
8.0
 40
8.0
 40
8.0
 40
9.0
 40
9.0
 40
9.0
 40
10.0
 40
10.0
 40
10.0
 40
11.0
 40
11.0
 40
11.0
 40
12.0
 40
12.0
 40
12.0
 40
13.0
 40
13.0
 40
13.0
 40
14.0
 40
14.0
 40
14.0
 40
15.0
 40
15.0
 40
15.0
 40
16.0
 40
16.0
 40
16.0
 40
17.0
 40
17.0
 40
17.0
 40
18.0
 40
18.0
 40
18.0
 40
19.0
 40
19.0
 40
19.0
 40
20.0
 40
20.0
 40
20.0
 40
21.0
 40
21.0
 40
21.0
 40
22.0
 40
22.0
 40
22.0
 40
23.0
 40
23.0
 40
23.0
 40
24.0
 40
24.0
 40
24.0
 40
25.0
 40
25.0
 40
25.0
 40
26.0
 40
26.0
 40
26.0
 40
27.0
 40
27.0
 40
27.0
 40
28.0
 40
28.0
 40
28.0
 40
29.0
 40
29.0
 40
29.0
 40
30.0
 40
30.0
 40
30.0
 40
31.0
 40
31.0
 40
31.0
 40
32.0
 40
32.0
 40
32.0
 40
33.0
 40
33.0
 40
33.0
 40
34.0
 40
34.0
 40
34.0
 40
35.0
 40
35.0
 40
35.0
 40
36.0
 40
36.0
 40
36.0
 40
37.0
 40
37.0
 40
37.0
 40
38.0
 40
38.0
 40
38.0
 40
39.0
 40
39.0
 40
39.0
 40
40.0
 40
40.0
 40
40.0
 40
40.0
 10
8.73244100975056
 20
24.79053381641373
 30
0.0
 10
8.6553767839412
 20
24.89678716333461
 30
0.0
 10
8.61852260789256
 20
24.9855754684752
 30
0.0
 10
8.606909924207365
 20
25.01355250155788
 30
0.0
 10
8.225911838135643
 20
25.46706530976242
 30
0.0
 10
7.864665723696612
 20
25.93608595298959
 30
0.0
 10
7.524027749828829
 20
26.41913151475052
 30
0.0
 10
7.053035549208722
 20
26.59495666976004
 30
0.0
 10
6.94847424316762
 20
27.21480849087065
 30
0.0
 10
6.933596745545101
 20
27.30300406095397
 30
0.0
 10
6.045706948885071
 20
28.70774514639535
 30
0.0
 10
5.324979122290507
 20
30.21644450693085
 30
0.0
 10
4.790476186127115
 20
31.79608419105443
 30
0.0
 10
4.983684650300667
 20
31.59197662331432
 30
0.0
 10
5.282261885810358
 20
31.56780552836216
 30
0.0
 10
5.544376782370385
 20
31.65968533795766
 30
0.0
 10
5.43275403143441
 20
31.66760646347237
 30
0.0
 10
4.212717975524368
 20
31.75418432193171
 30
0.0
 10
4.519158281939499
 20
32.65888082676269
 30
0.0
 10
3.865107052472153
 20
34.90753406485842
 30
0.0
 10
3.583728429656475
 20
37.28385607955024
 30
0.0
 10
3.727525887905916
 20
39.69690818781747
 30
0.0
 10
3.593445358991358
 20
39.91044731936165
 30
0.0
 10
3.680821820265044
 20
40.12192789530198
 30
0.0
 10
3.765453022279024
 20
40.22142964953517
 30
0.0
 10
4.122076119361229
 20
44.41493206985953
 30
0.0
 10
5.760532159442514
 20
47.55819603104106
 30
0.0
 10
6.063399748884407
 20
48.13922643748137
 30
0.0
 10
5.921096508008733
 20
48.64729192913919
 30
0.0
 10
6.253514587316534
 20
49.47885376063724
 30
0.0
 10
7.010469310468413
 20
49.77045165497146
 30
0.0
 10
8.364237993074264
 20
51.87531019336997
 30
0.0
 10
10.07242163508237
 20
53.69302766689918
 30
0.0
 10
12.02986725174
 20
55.16289397255861
 30
0.0
 10
11.24657064465391
 20
52.60058488306116
 30
0.0
 10
10.18368649156944
 20
48.11206345976976
 30
0.0
 10
10.21694025870099
 20
47.98217048632452
 30
0.0
 10
10.41588556060354
 20
47.2050676481724
 30
0.0
 10
10.55727207966519
 20
46.51184130675435
 30
0.0
 10
10.64125876490577
 20
45.89015981841875
 30
0.0
 10
10.25985430056517
 20
45.0312404786858
 30
0.0
 10
9.927250780705815
 20
44.13885922007238
 30
0.0
 10
9.648836124945054
 20
43.21612674950389
 30
0.0
 10
10.10006748887226
 20
42.21378703929503
 30
0.0
 10
9.479250262302482
 20
42.40430314178987
 30
0.0
 10
9.426162289791103
 20
42.42762514345397
 30
0.0
 10
9.322489600823843
 20
42.03386928045298
 30
0.0
 10
9.229884218305157
 20
41.63976798361035
 30
0.0
 10
9.148115831693122
 20
41.24572016241686
 30
0.0
 10
8.917765641512743
 20
41.07491081123715
 30
0.0
 10
8.662384573425154
 20
40.91512122871944
 30
0.0
 10
8.382019127101312
 20
40.76274386016349
 30
0.0
 10
7.886237710167519
 20
40.49328887317471
 30
0.0
 10
7.930620592270927
 20
39.36153278965038
 30
0.0
 10
8.100086103964918
 20
39.09356424101668
 30
0.0
 10
8.233368985507905
 20
38.88280973428687
 30
0.0
 10
8.404705960807172
 20
38.70812565458917
 30
0.0
 10
8.595060840158775
 20
38.55245186014904
 30
0.0
 10
8.174826262717348
 20
37.07245385073134
 30
0.0
 10
8.257608061127469
 20
34.95704647094947
 30
0.0
 10
8.86070566645777
 20
33.70313185894322
 30
0.0
 10
9.020171963183767
 20
32.47667172035853
 30
0.0
 10
9.278742649593106
 20
31.27818279579771
 30
0.0
 10
9.62846385000713
 20
30.12144159969468
 30
0.0
 10
9.742826792704
 20
30.22797172953641
 30
0.0
 10
10.72742806174112
 20
27.91535057852072
 30
0.0
 10
10.5458657572079
 20
27.64010131671196
 30
0.0
 10
11.00405257131426
 20
26.60089979774887
 30
0.0
 10
11.54008238327764
 20
25.60905453259682
 30
0.0
 10
12.14702063044361
 20
24.67657662735489
 30
0.0
 10
12.36008752832456
 20
24.66961649933208
 30
0.0
 10
12.80930413990655
 20
24.11484399394374
 30
0.0
 10
12.84067985765557
 20
23.67839637980128
 30
0.0
 10
13.34506676953569
 20
22.99795512754744
 30
0.0
 10
13.88964763415241
 20
22.35499447613372
 30
0.0
 10
14.47129686382283
 20
21.75492810186443
 30
0.0
 10
14.0481519918666
 20
21.5383227256523
 30
0.0
 10
14.85130146884929
 20
20.76703495264169
 30
0.0
 10
15.15000339161865
 20
21.08997317813697
 30
0.0
 10
15.30345518345732
 20
20.94726469538044
 30
0.0
 10
15.45918239826053
 20
20.80740679141284
 30
0.0
 10
15.61713512156957
 20
20.67048592062419
 30
0.0
 10
15.74769534707558
 20
20.64170876421897
 30
0.0
 10
15.89959313521786
 20
20.51471888924288
 30
0.0
 10
16.02585659373635
 20
20.32681997924621
 30
0.0
 10
17.00146650676632
 20
19.53135254365469
 30
0.0
 10
18.05653175524964
 20
18.84546923896334
 30
0.0
 10
19.1800915579296
 20
18.28815469551627
 30
0.0
 10
18.13850654958051
 20
18.5672465573518
 30
0.0
 10
17.13643532948571
 20
18.92050838594599
 30
0.0
 10
16.17803709883026
 20
19.34073620339522
 30
0.0
 10
15.95406106766188
 20
19.12266346326619
 30
0.0
 10
15.63967460682436
 20
19.55810463788394
 30
0.0
 10
15.60909327129838
 20
19.60046133679305
 30
0.0
 10
13.60547061476091
 20
20.55178466128596
 30
0.0
 10
11.80370471617397
 20
21.8003225675004
 30
0.0
 10
10.24397306797577
 20
23.27648559764669
 30
0.0
 10
10.52594937073255
 20
23.89805801964511
 30
0.0
 10
10.23517801542036
 20
24.20924763134803
 30
0.0
 10
9.753232617577847
 20
23.75647877214595
 30
0.0
 10
9.520168197251898
 20
23.99205952071789
 30
0.0
 10
9.292990190612944
 20
24.23290257456242
 30
0.0
 10
9.071846958555074
 20
24.47875089103764
 30
0.0
 10
8.991564855806766
 20
24.52719371520839
 30
0.0
 10
8.923915924446987
 20
24.58110749996698
 30
0.0
 10
8.867223619529021
 20
24.63563779643319
 30
0.0
 10
8.899622798531803
 20
24.59877018835133
 30
0.0
 10
8.932148941675571
 20
24.56201939102363
 30
0.0
 10
8.964801486357619
 20
24.52538597993373
 30
0.0
 10
8.922947429464127
 20
24.48015637152847
 30
0.0
 10
8.871021572231852
 20
24.45336357780074
 30
0.0
 10
8.814802373130874
 20
24.45336357780074
 30
0.0
 10
8.676310375666475
 20
24.45336357780074
 30
0.0
 10
8.563872444938852
 20
24.61595515731837
 30
0.0
 10
8.563872444938852
 20
24.81622238451269
 30
0.0
 10
8.563872444938852
 20
24.86851152758211
 30
0.0
 10
8.571537514912075
 20
24.9182322626965
 30
0.0
 10
8.585330075570381
 20
24.96316116378227
 30
0.0
 10
8.634061681639457
 20
24.90534610173349
 30
0.0
 10
8.68309950894868
 20
24.84780279395967
 30
0.0
 10
8.73244100975056
 20
24.79053381641373
 30
0.0
  0
SPLINE
  5
76
330
1F
100
AcDbEntity
  8
0
  6
Continuous
 62
    18
420
        0
370
     9
100
AcDbSpline
210
0.0
220
0.0
230
1.0
 70
    11
 71
     3
 72
    89
 73
    85
 74
     0
 42
0.000000001
 43
0.0
 40
0.0
 40
0.0
 40
0.0
 40
0.0
 40
1.0
 40
1.0
 40
1.0
 40
2.0
 40
2.0
 40
2.0
 40
3.0
 40
3.0
 40
3.0
 40
4.0
 40
4.0
 40
4.0
 40
5.0
 40
5.0
 40
5.0
 40
6.0
 40
6.0
 40
6.0
 40
7.0
 40
7.0
 40
7.0
 40
8.0
 40
8.0
 40
8.0
 40
9.0
 40
9.0
 40
9.0
 40
10.0
 40
10.0
 40
10.0
 40
11.0
 40
11.0
 40
11.0
 40
12.0
 40
12.0
 40
12.0
 40
13.0
 40
13.0
 40
13.0
 40
14.0
 40
14.0
 40
14.0
 40
15.0
 40
15.0
 40
15.0
 40
16.0
 40
16.0
 40
16.0
 40
17.0
 40
17.0
 40
17.0
 40
18.0
 40
18.0
 40
18.0
 40
19.0
 40
19.0
 40
19.0
 40
20.0
 40
20.0
 40
20.0
 40
21.0
 40
21.0
 40
21.0
 40
22.0
 40
22.0
 40
22.0
 40
23.0
 40
23.0
 40
23.0
 40
24.0
 40
24.0
 40
24.0
 40
25.0
 40
25.0
 40
25.0
 40
26.0
 40
26.0
 40
26.0
 40
27.0
 40
27.0
 40
27.0
 40
28.0
 40
28.0
 40
28.0
 40
28.0
 10
42.57842482193168
 20
25.13520961512135
 30
0.0
 10
42.57842482193168
 20
25.13520961512135
 30
0.0
 10
41.83310732006353
 20
24.27742262395065
 30
0.0
 10
41.83310732006353
 20
24.27742262395065
 30
0.0
 10
41.83310732006353
 20
24.27742262395065
 30
0.0
 10
42.70878066711736
 20
25.83778937917977
 30
0.0
 10
42.70878066711736
 20
25.83778937917977
 30
0.0
 10
42.70878066711736
 20
25.83778937917977
 30
0.0
 10
42.7224720287799
 20
25.84599695312088
 30
0.0
 10
42.7224720287799
 20
25.84599695312088
 30
0.0
 10
42.7224720287799
 20
25.84599695312088
 30
0.0
 10
42.09649838138031
 20
25.72374279499781
 30
0.0
 10
42.09649838138031
 20
25.72374279499781
 30
0.0
 10
42.09649838138031
 20
25.72374279499781
 30
0.0
 10
42.72039892700448
 20
26.03380004967206
 30
0.0
 10
42.72039892700448
 20
26.03380004967206
 30
0.0
 10
42.72039892700448
 20
26.03380004967206
 30
0.0
 10
42.70663120523439
 20
26.03250996759372
 30
0.0
 10
42.70663120523439
 20
26.03250996759372
 30
0.0
 10
42.70663120523439
 20
26.03250996759372
 30
0.0
 10
41.80330144862012
 20
26.97754811662377
 30
0.0
 10
41.80330144862012
 20
26.97754811662377
 30
0.0
 10
41.80330144862012
 20
26.97754811662377
 30
0.0
 10
42.99764775234604
 20
26.44591040249584
 30
0.0
 10
42.99764775234604
 20
26.44591040249584
 30
0.0
 10
42.99764775234604
 20
26.44591040249584
 30
0.0
 10
43.00107704707592
 20
26.43251434291976
 30
0.0
 10
43.00107704707592
 20
26.43251434291976
 30
0.0
 10
43.00107704707592
 20
26.43251434291976
 30
0.0
 10
43.08252646465188
 20
27.12443441372476
 30
0.0
 10
43.08252646465188
 20
27.12443441372476
 30
0.0
 10
43.08252646465188
 20
27.12443441372476
 30
0.0
 10
43.17857397389587
 20
26.4939076796484
 30
0.0
 10
43.17857397389587
 20
26.4939076796484
 30
0.0
 10
43.17857397389587
 20
26.4939076796484
 30
0.0
 10
43.18168255617377
 20
26.50956508589573
 30
0.0
 10
43.18168255617377
 20
26.50956508589573
 30
0.0
 10
43.18168255617377
 20
26.50956508589573
 30
0.0
 10
44.35525072836463
 20
27.86022639310238
 30
0.0
 10
44.35525072836463
 20
27.86022639310238
 30
0.0
 10
44.35525072836463
 20
27.86022639310238
 30
0.0
 10
43.47957738131079
 20
26.29985963787326
 30
0.0
 10
43.47957738131079
 20
26.29985963787326
 30
0.0
 10
43.47957738131079
 20
26.29985963787326
 30
0.0
 10
43.46588601964826
 20
26.29165206393223
 30
0.0
 10
43.46588601964826
 20
26.29165206393223
 30
0.0
 10
43.46588601964826
 20
26.29165206393223
 30
0.0
 10
44.09185966704772
 20
26.41390622205523
 30
0.0
 10
44.09185966704772
 20
26.41390622205523
 30
0.0
 10
44.09185966704772
 20
26.41390622205523
 30
0.0
 10
43.46795912142355
 20
26.103848967381
 30
0.0
 10
43.46795912142355
 20
26.103848967381
 30
0.0
 10
43.46795912142355
 20
26.103848967381
 30
0.0
 10
43.48172684319375
 20
26.10513904945937
 30
0.0
 10
43.48172684319375
 20
26.10513904945937
 30
0.0
 10
43.48172684319375
 20
26.10513904945937
 30
0.0
 10
44.38505659980803
 20
25.16010090042928
 30
0.0
 10
44.38505659980803
 20
25.16010090042928
 30
0.0
 10
44.38505659980803
 20
25.16010090042928
 30
0.0
 10
43.19071029608206
 20
25.69173861455727
 30
0.0
 10
43.19071029608206
 20
25.69173861455727
 30
0.0
 10
43.19071029608206
 20
25.69173861455727
 30
0.0
 10
43.18728100135218
 20
25.70513467413332
 30
0.0
 10
43.18728100135218
 20
25.70513467413332
 30
0.0
 10
43.18728100135218
 20
25.70513467413332
 30
0.0
 10
43.10583158377622
 20
25.01321460332827
 30
0.0
 10
43.10583158377622
 20
25.01321460332827
 30
0.0
 10
43.10583158377622
 20
25.01321460332827
 30
0.0
 10
43.00978407453222
 20
25.64374133740467
 30
0.0
 10
43.00978407453222
 20
25.64374133740467
 30
0.0
 10
43.00978407453222
 20
25.64374133740467
 30
0.0
 10
43.00667549225438
 20
25.62808393115733
 30
0.0
 10
43.00667549225438
 20
25.62808393115733
 30
0.0
 10
43.00667549225438
 20
25.62808393115733
 30
0.0
 10
42.82097954771456
 20
25.41436619993523
 30
0.0
 10
42.82097954771456
 20
25.41436619993523
 30
0.0
 10
42.86406733707553
 20
25.37553983432322
 30
0.0
 10
42.89224916148645
 20
25.3113133034886
 30
0.0
 10
42.89224916148645
 20
25.23871208733077
 30
0.0
 10
42.89224916148645
 20
25.1203070617271
 30
0.0
 10
42.81729054100131
 20
25.02417720360983
 30
0.0
 10
42.72496254269175
 20
25.02417720360983
 30
0.0
 10
42.66189208695123
 20
25.02417720360983
 30
0.0
 10
42.6069269361836
 20
25.06903556439316
 30
0.0
 10
42.57842482193168
 20
25.13520961512135
 30
0.0
  0
SPLINE
  5
77
330
1F
100
AcDbEntity
  8
0
  6
Continuous
 62
    18
420
        0
370
     9
100
AcDbSpline
210
0.0
220
0.0
230
1.0
 70
    11
 71
     3
 72
    17
 73
    13
 74
     0
 42
0.000000001
 43
0.0
 40
0.0
 40
0.0
 40
0.0
 40
0.0
 40
1.0
 40
1.0
 40
1.0
 40
2.0
 40
2.0
 40
2.0
 40
3.0
 40
3.0
 40
3.0
 40
4.0
 40
4.0
 40
4.0
 40
4.0
 10
17.96612148276771
 20
15.0432980566898
 30
0.0
 10
18.025559251535
 20
15.11394939012254
 30
0.0
 10
18.14737577540769
 20
15.10942402624045
 30
0.0
 10
18.2379818006351
 20
15.03319871364225
 30
0.0
 10
18.32858782586251
 20
14.95697340104409
 30
0.0
 10
18.35389249562633
 20
14.83772819948514
 30
0.0
 10
18.29445472685905
 20
14.76707686605243
 30
0.0
 10
18.23501695809173
 20
14.6964255326197
 30
0.0
 10
18.11320043421913
 20
14.70095089650179
 30
0.0
 10
18.02259440899171
 20
14.77717620909998
 30
0.0
 10
17.93198838376427
 20
14.85340152169817
 30
0.0
 10
17.90668371400048
 20
14.97264672325706
 30
0.0
 10
17.96612148276771
 20
15.0432980566898
 30
0.0
  0
LWPOLYLINE
  5
78
330
1F
100
AcDbEntity
  8
0
  6
Continuous
 62
    18
420
        0
370
     9
100
AcDbPolyline
 90
       25
 70
     1
 43
0.0
 10
32.04266366837842
 20
60.09092043594685
 10
32.06682978381496
 20
60.29621374315006
 10
32.09532716617643
 20
60.10913589416092
 10
32.09624948533364
 20
60.11378146067413
 10
32.44444821733053
 20
60.51452388507775
 10
32.18463514782783
 20
60.05156166567242
 10
32.18057290851089
 20
60.04912647110361
 10
32.36629985258863
 20
60.08539938975333
 10
32.18118799967178
 20
59.99340512347863
 10
32.18527289510135
 20
59.99378789199137
 10
32.45329164619015
 20
59.71339422336733
 10
32.09892802388243
 20
59.87113161121377
 10
32.0979105490524
 20
59.87510623413615
 10
32.07374443361581
 20
59.66981292693289
 10
32.04524705125436
 20
59.85689077592197
 10
32.04432473209707
 20
59.85224520940882
 10
31.69612600010014
 20
59.45150278500522
 10
31.95593906960297
 20
59.91446500441054
 10
31.96000130891991
 20
59.91690019897936
 10
31.77427436484209
 20
59.88062728032962
 10
31.959386217759
 20
59.97262154660431
 10
31.95530132232942
 20
59.97223877809158
 10
31.68728257124056
 20
60.25263244671562
 10
32.04164619354827
 20
60.09489505886918
 10
32.04266366837842
 20
60.09092043594685
  0
SPLINE
  5
79
330
1F
100
AcDbEntity
  8
0
  6
Continuous
 62
    18
420
        0
370
     9
100
AcDbSpline
210
0.0
220
0.0
230
1.0
 70
    11
 71
     3
 72
    17
 73
    13
 74
     0
 42
0.000000001
 43
0.0
 40
0.0
 40
0.0
 40
0.0
 40
0.0
 40
1.0
 40
1.0
 40
1.0
 40
2.0
 40
2.0
 40
2.0
 40
3.0
 40
3.0
 40
3.0
 40
4.0
 40
4.0
 40
4.0
 40
4.0
 10
2.820561842277893
 20
37.71516557570287
 30
0.0
 10
2.91288984058751
 20
37.71516557570287
 30
0.0
 10
2.987848461072622
 20
37.61903571758558
 30
0.0
 10
2.987848461072622
 20
37.5006306919819
 30
0.0
 10
2.987848461072622
 20
37.38222566637826
 30
0.0
 10
2.91288984058751
 20
37.28609580826097
 30
0.0
 10
2.820561842277893
 20
37.28609580826097
 30
0.0
 10
2.728233843968362
 20
37.28609580826097
 30
0.0
 10
2.65327522348325
 20
37.38222566637826
 30
0.0
 10
2.65327522348325
 20
37.5006306919819
 30
0.0
 10
2.65327522348325
 20
37.61903571758558
 30
0.0
 10
2.728233843968362
 20
37.71516557570287
 30
0.0
 10
2.820561842277893
 20
37.71516557570287
 30
0.0
  0
SPLINE
  5
7A
330
1F
100
AcDbEntity
  8
0
  6
Continuous
 62
    18
420
        0
370
     9
100
AcDbSpline
210
0.0
220
0.0
230
1.0
 70
    11
 71
     3
 72
    17
 73
    13
 74
     0
 42
0.000000001
 43
0.0
 40
0.0
 40
0.0
 40
0.0
 40
0.0
 40
1.0
 40
1.0
 40
1.0
 40
2.0
 40
2.0
 40
2.0
 40
3.0
 40
3.0
 40
3.0
 40
4.0
 40
4.0
 40
4.0
 40
4.0
 10
46.03244027523318
 20
40.29917888847864
 30
0.0
 10
46.09187804400047
 20
40.36983022191137
 30
0.0
 10
46.21369456787308
 20
40.3653048580293
 30
0.0
 10
46.30430059310049
 20
40.28907954543109
 30
0.0
 10
46.39490661832796
 20
40.21285423283292
 30
0.0
 10
46.42021128809173
 20
40.09360903127401
 30
0.0
 10
46.36077351932444
 20
40.02295769784129
 30
0.0
 10
46.30133575055721
 20
39.95230636440856
 30
0.0
 10
46.17951922668455
 20
39.95683172829064
 30
0.0
 10
46.08891320145714
 20
40.03305704088883
 30
0.0
 10
45.99830717622972
 20
40.10928235348703
 30
0.0
 10
45.97300250646591
 20
40.2285275550459
 30
0.0
 10
46.03244027523318
 20
40.29917888847864
 30
0.0
  0
SPLINE
  5
7B
330
1F
100
AcDbEntity
  8
0
  6
Continuous
 62
    18
420
        0
370
     9
100
AcDbSpline
210
0.0
220
0.0
230
1.0
 70
    11
 71
     3
 72
    14
 73
    10
 74
     0
 42
0.000000001
 43
0.0
 40
0.0
 40
0.0
 40
0.0
 40
0.0
 40
1.0
 40
1.0
 40
1.0
 40
2.0
 40
2.0
 40
2.0
 40
3.0
 40
3.0
 40
3.0
 40
3.0
 10
29.26346840498732
 20
11.72672149192731
 30
0.0
 10
29.04322083941486
 20
11.26620336876763
 30
0.0
 10
28.75678303448273
 20
11.20225548239209
 30
0.0
 10
28.69570705075553
 20
11.18862013119053
 30
0.0
 10
28.91028878917271
 20
11.45723823628342
 30
0.0
 10
29.07586934032622
 20
11.5273912526515
 30
0.0
 10
29.1082089888735
 20
11.56512076037976
 30
0.0
 10
29.11847611856443
 20
11.577099052242
 30
0.0
 10
29.15829123617044
 20
11.67413290751892
 30
0.0
 10
29.26346840498732
 20
11.72672149192731
 30
0.0
  0
SPLINE
  5
7C
330
1F
100
AcDbEntity
  8
0
  6
Continuous
 62
    18
420
        0
370
     9
100
AcDbSpline
210
0.0
220
0.0
230
1.0
 70
    11
 71
     3
 72
    80
 73
    76
 74
     0
 42
0.000000001
 43
0.0
 40
0.0
 40
0.0
 40
0.0
 40
0.0
 40
1.0
 40
1.0
 40
1.0
 40
2.0
 40
2.0
 40
2.0
 40
3.0
 40
3.0
 40
3.0
 40
4.0
 40
4.0
 40
4.0
 40
5.0
 40
5.0
 40
5.0
 40
6.0
 40
6.0
 40
6.0
 40
7.0
 40
7.0
 40
7.0
 40
8.0
 40
8.0
 40
8.0
 40
9.0
 40
9.0
 40
9.0
 40
10.0
 40
10.0
 40
10.0
 40
11.0
 40
11.0
 40
11.0
 40
12.0
 40
12.0
 40
12.0
 40
13.0
 40
13.0
 40
13.0
 40
14.0
 40
14.0
 40
14.0
 40
15.0
 40
15.0
 40
15.0
 40
16.0
 40
16.0
 40
16.0
 40
17.0
 40
17.0
 40
17.0
 40
18.0
 40
18.0
 40
18.0
 40
19.0
 40
19.0
 40
19.0
 40
20.0
 40
20.0
 40
20.0
 40
21.0
 40
21.0
 40
21.0
 40
22.0
 40
22.0
 40
22.0
 40
23.0
 40
23.0
 40
23.0
 40
24.0
 40
24.0
 40
24.0
 40
25.0
 40
25.0
 40
25.0
 40
25.0
 10
26.32759262072244
 20
12.37360937659585
 30
0.0
 10
26.45894075799949
 20
12.61468035022614
 30
0.0
 10
27.60904248725969
 20
13.88477107472262
 30
0.0
 10
28.0791658181214
 20
13.44843859116888
 30
0.0
 10
28.40318037642721
 20
13.14771308436625
 30
0.0
 10
28.39945431712509
 20
13.09102341509047
 30
0.0
 10
28.48790579568286
 20
13.13808651213764
 30
0.0
 10
29.25686867523478
 20
13.54723484087224
 30
0.0
 10
30.3858934050242
 20
14.9064851314007
 30
0.0
 10
30.5466400045894
 20
14.84803183936047
 30
0.0
 10
30.64088677761302
 20
14.81376029543783
 30
0.0
 10
30.54184192129462
 20
14.69917645244766
 30
0.0
 10
31.49274372862543
 20
14.02566155079055
 30
0.0
 10
31.82992065232771
 20
13.78684227328203
 30
0.0
 10
31.79255297293388
 20
13.75237900815648
 30
0.0
 10
32.34862600879109
 20
13.07025786777734
 30
0.0
 10
32.23127769341432
 20
13.16102851449333
 30
0.0
 10
32.06788947206424
 20
13.17852964711324
 30
0.0
 10
31.95054115668744
 20
13.26930029382918
 30
0.0
 10
31.77607074419175
 20
13.40425572224065
 30
0.0
 10
31.65424617002274
 20
13.59826462816012
 30
0.0
 10
31.48427580721462
 20
13.73884545281634
 30
0.0
 10
31.19946325742533
 20
13.9744111270922
 30
0.0
 10
31.46814536894163
 20
13.61949429447115
 30
0.0
 10
31.50374326048109
 20
13.25672934509445
 30
0.0
 10
31.25571810623988
 20
13.41778560816934
 30
0.0
 10
30.90101884152964
 20
13.88062578798463
 30
0.0
 10
30.74457834290162
 20
14.200116636699
 30
0.0
 10
30.29714453901466
 20
14.39860037519789
 30
0.0
 10
30.83657447853606
 20
13.54070840454045
 30
0.0
 10
30.74633463093095
 20
13.29915658180833
 30
0.0
 10
30.70478547664999
 20
13.1879388191911
 30
0.0
 10
30.62493515247984
 20
12.97419741934483
 30
0.0
 10
30.68662205497276
 20
11.81629073550802
 30
0.0
 10
30.68662205497276
 20
11.81629073550802
 30
0.0
 10
30.46730045107586
 20
12.29909095066778
 30
0.0
 10
30.46730045107586
 20
12.29909095066778
 30
0.0
 10
29.87172362960884
 20
11.34891056707604
 30
0.0
 10
29.65139872727882
 20
11.52081767234628
 30
0.0
 10
29.64997822601709
 20
11.6065099151809
 30
0.0
 10
29.64841973486227
 20
11.70052644729977
 30
0.0
 10
30.2735244572048
 20
12.83271402049873
 30
0.0
 10
29.98610763279495
 20
12.91681292430065
 30
0.0
 10
29.79640592303377
 20
12.97232013364032
 30
0.0
 10
29.40083713809114
 20
11.7476954063996
 30
0.0
 10
29.3231809809455
 20
12.15466263201017
 30
0.0
 10
29.29979946578741
 20
12.27719651347201
 30
0.0
 10
29.32712398126901
 20
12.41257201371567
 30
0.0
 10
29.38305238352401
 20
12.52407654805577
 30
0.0
 10
29.47348815094438
 20
12.7043784649226
 30
0.0
 10
29.65943588034624
 20
12.82505449849421
 30
0.0
 10
29.74987164776658
 20
13.00535641536103
 30
0.0
 10
29.48796292319906
 20
12.99806029102246
 30
0.0
 10
29.32974783374499
 20
13.28816602997961
 30
0.0
 10
28.74595840096715
 20
12.53284354522327
 30
0.0
 10
28.27444364323413
 20
11.92278505766998
 30
0.0
 10
28.37665952095083
 20
11.77888279110903
 30
0.0
 10
27.84031513464519
 20
11.62720027890137
 30
0.0
 10
27.78386668449907
 20
11.61123620255976
 30
0.0
 10
27.31033975239831
 20
11.72931613692832
 30
0.0
 10
27.99836390365986
 20
12.34324529883543
 30
0.0
 10
28.26570001989798
 20
12.5817913404077
 30
0.0
 10
28.56720070040244
 20
12.62077861659727
 30
0.0
 10
28.25754935988421
 20
12.78025566966743
 30
0.0
 10
27.89113079595534
 20
12.96896905507616
 30
0.0
 10
27.77601464726811
 20
12.42761686760559
 30
0.0
 10
27.7654372451011
 20
12.37787493420917
 30
0.0
 10
27.54579196424783
 20
12.65126222818596
 30
0.0
 10
27.54762309001234
 20
12.6654608911288
 30
0.0
 10
27.51932471247287
 20
12.66115224375059
 30
0.0
 10
27.44376727304198
 20
12.64964803779903
 30
0.0
 10
27.05514497004316
 20
12.34939269186898
 30
0.0
 10
26.90998961615464
 20
12.28815469551632
 30
0.0
 10
26.34268755536896
 20
12.04882186625017
 30
0.0
 10
26.18832189222188
 20
12.11799760459958
 30
0.0
 10
26.32759262072244
 20
12.37360937659585
 30
0.0
  0
SPLINE
  5
7D
330
1F
100
AcDbEntity
  8
0
  6
Continuous
 62
    18
420
        0
370
     9
100
AcDbSpline
210
0.0
220
0.0
230
1.0
 70
    11
 71
     3
 72
   122
 73
   118
 74
     0
 42
0.000000001
 43
0.0
 40
0.0
 40
0.0
 40
0.0
 40
0.0
 40
1.0
 40
1.0
 40
1.0
 40
2.0
 40
2.0
 40
2.0
 40
3.0
 40
3.0
 40
3.0
 40
4.0
 40
4.0
 40
4.0
 40
5.0
 40
5.0
 40
5.0
 40
6.0
 40
6.0
 40
6.0
 40
7.0
 40
7.0
 40
7.0
 40
8.0
 40
8.0
 40
8.0
 40
9.0
 40
9.0
 40
9.0
 40
10.0
 40
10.0
 40
10.0
 40
11.0
 40
11.0
 40
11.0
 40
12.0
 40
12.0
 40
12.0
 40
13.0
 40
13.0
 40
13.0
 40
14.0
 40
14.0
 40
14.0
 40
15.0
 40
15.0
 40
15.0
 40
16.0
 40
16.0
 40
16.0
 40
17.0
 40
17.0
 40
17.0
 40
18.0
 40
18.0
 40
18.0
 40
19.0
 40
19.0
 40
19.0
 40
20.0
 40
20.0
 40
20.0
 40
21.0
 40
21.0
 40
21.0
 40
22.0
 40
22.0
 40
22.0
 40
23.0
 40
23.0
 40
23.0
 40
24.0
 40
24.0
 40
24.0
 40
25.0
 40
25.0
 40
25.0
 40
26.0
 40
26.0
 40
26.0
 40
27.0
 40
27.0
 40
27.0
 40
28.0
 40
28.0
 40
28.0
 40
29.0
 40
29.0
 40
29.0
 40
30.0
 40
30.0
 40
30.0
 40
31.0
 40
31.0
 40
31.0
 40
32.0
 40
32.0
 40
32.0
 40
33.0
 40
33.0
 40
33.0
 40
34.0
 40
34.0
 40
34.0
 40
35.0
 40
35.0
 40
35.0
 40
36.0
 40
36.0
 40
36.0
 40
37.0
 40
37.0
 40
37.0
 40
38.0
 40
38.0
 40
38.0
 40
39.0
 40
39.0
 40
39.0
 40
39.0
 10
26.69676293451375
 20
59.25761310695063
 30
0.0
 10
27.79371074791187
 20
59.1452625266684
 30
0.0
 10
28.89593164611366
 20
58.94428800577266
 30
0.0
 10
29.99496276184822
 20
58.64980350585487
 30
0.0
 10
28.30793360200764
 20
58.75645694388705
 30
0.0
 10
26.61188269839549
 20
58.59863370380511
 30
0.0
 10
24.9532916461902
 20
58.20316994708263
 30
0.0
 10
23.70614691530604
 20
57.90580879841593
 30
0.0
 10
22.48018194890376
 20
57.47408592687128
 30
0.0
 10
21.29515796175228
 20
56.91941047510865
 30
0.0
 10
20.89912254663934
 20
56.17304716974485
 30
0.0
 10
20.39439758318904
 20
55.85983417265733
 30
0.0
 10
19.60928193965196
 20
56.03112298981628
 30
0.0
 10
19.45357806778359
 20
55.93957895660937
 30
0.0
 10
19.29881451118693
 20
55.84584741268604
 30
0.0
 10
19.14504145215868
 20
55.74995727588454
 30
0.0
 10
18.99980495256279
 20
55.51178798300502
 30
0.0
 10
18.8154391042874
 20
55.35023564327879
 30
0.0
 10
18.63876285340251
 20
55.24077114497765
 30
0.0
 10
18.5878969363675
 20
55.27266187877723
 30
0.0
 10
18.53130689054911
 20
55.30476983809254
 30
0.0
 10
18.46769946299997
 20
55.33831607149214
 30
0.0
 10
18.37493461429948
 20
55.38723978033706
 30
0.0
 10
17.58917441023513
 20
55.80164571085997
 30
0.0
 10
17.1827116289246
 20
55.07874715429437
 30
0.0
 10
17.03977429777678
 20
54.82453152836955
 30
0.0
 10
17.06560146717339
 20
54.49756749214476
 30
0.0
 10
16.92266413602574
 20
54.2433518662199
 30
0.0
 10
16.08930538997024
 20
54.76708979697429
 30
0.0
 10
14.88435989724826
 20
55.82343116822101
 30
0.0
 10
13.95711250493236
 20
56.45034476131998
 30
0.0
 10
15.16892547194712
 20
57.16662890928961
 30
0.0
 10
16.45236744106583
 20
57.76121429015149
 30
0.0
 10
17.78736206787163
 20
58.22250981934909
 30
0.0
 10
17.88541235706872
 20
58.35696233159217
 30
0.0
 10
18.52960082091212
 20
59.24031268201874
 30
0.0
 10
19.6365372772806
 20
58.76751420713267
 30
0.0
 10
20.44437266423785
 20
58.96560104511259
 30
0.0
 10
21.26679803842354
 20
59.11604837925547
 30
0.0
 10
22.09976575565334
 20
59.21651929111178
 30
0.0
 10
22.75679714536105
 20
58.55777462599632
 30
0.0
 10
23.23131092894635
 20
58.98276820348457
 30
0.0
 10
23.03138388122839
 20
59.30761607728702
 30
0.0
 10
24.20971964751564
 20
59.39603866128896
 30
0.0
 10
25.40583439763935
 20
59.3844673317132
 30
0.0
 10
26.60856445750065
 20
59.26645673869395
 30
0.0
 10
26.60856445750065
 20
59.26645673869395
 30
0.0
 10
26.50329164619017
 20
60.0077527850052
 30
0.0
 10
26.50329164619017
 20
60.0077527850052
 30
0.0
 10
26.50329164619017
 20
60.0077527850052
 30
0.0
 10
26.50862042928323
 20
60.01641205753141
 30
0.0
 10
26.50862042928323
 20
60.01641205753141
 30
0.0
 10
26.50862042928323
 20
60.01641205753141
 30
0.0
 10
26.14505864721234
 20
59.74326978602738
 30
0.0
 10
26.14505864721234
 20
59.74326978602738
 30
0.0
 10
26.14505864721234
 20
59.74326978602738
 30
0.0
 10
26.41820091871633
 20
60.10683156809822
 30
0.0
 10
26.41820091871633
 20
60.10683156809822
 30
0.0
 10
26.41820091871633
 20
60.10683156809822
 30
0.0
 10
26.40954164619013
 20
60.1015027850052
 30
0.0
 10
26.40954164619013
 20
60.1015027850052
 30
0.0
 10
26.40954164619013
 20
60.1015027850052
 30
0.0
 10
25.3532916461902
 20
60.25150278500519
 30
0.0
 10
25.3532916461902
 20
60.25150278500519
 30
0.0
 10
25.3532916461902
 20
60.25150278500519
 30
0.0
 10
26.40954164619013
 20
60.4015027850052
 30
0.0
 10
26.40954164619013
 20
60.4015027850052
 30
0.0
 10
26.40954164619013
 20
60.4015027850052
 30
0.0
 10
26.41820091871642
 20
60.39617400191213
 30
0.0
 10
26.41820091871642
 20
60.39617400191213
 30
0.0
 10
26.41820091871642
 20
60.39617400191213
 30
0.0
 10
26.14505864721234
 20
60.75973578398305
 30
0.0
 10
26.14505864721234
 20
60.75973578398305
 30
0.0
 10
26.14505864721234
 20
60.75973578398305
 30
0.0
 10
26.50862042928314
 20
60.48659351247905
 30
0.0
 10
26.50862042928314
 20
60.48659351247905
 30
0.0
 10
26.50862042928314
 20
60.48659351247905
 30
0.0
 10
26.50329164619015
 20
60.49525278500521
 30
0.0
 10
26.50329164619015
 20
60.49525278500521
 30
0.0
 10
26.50329164619015
 20
60.49525278500521
 30
0.0
 10
26.65329164619016
 20
61.5515027850052
 30
0.0
 10
26.65329164619016
 20
61.5515027850052
 30
0.0
 10
26.65329164619016
 20
61.5515027850052
 30
0.0
 10
26.8032916461902
 20
60.49525278500521
 30
0.0
 10
26.8032916461902
 20
60.49525278500521
 30
0.0
 10
26.8032916461902
 20
60.49525278500521
 30
0.0
 10
26.79796286309711
 20
60.48659351247899
 30
0.0
 10
26.79796286309711
 20
60.48659351247899
 30
0.0
 10
26.79796286309711
 20
60.48659351247899
 30
0.0
 10
27.16152464516798
 20
60.75973578398303
 30
0.0
 10
27.16152464516798
 20
60.75973578398303
 30
0.0
 10
27.16152464516798
 20
60.75973578398303
 30
0.0
 10
26.88838237366404
 20
60.39617400191221
 30
0.0
 10
26.88838237366404
 20
60.39617400191221
 30
0.0
 10
26.88838237366404
 20
60.39617400191221
 30
0.0
 10
26.89704164619015
 20
60.40150278500521
 30
0.0
 10
26.89704164619015
 20
60.40150278500521
 30
0.0
 10
26.89704164619015
 20
60.40150278500521
 30
0.0
 10
27.95329164619015
 20
60.2515027850052
 30
0.0
 10
27.95329164619015
 20
60.2515027850052
 30
0.0
 10
27.95329164619015
 20
60.2515027850052
 30
0.0
 10
26.89704164619015
 20
60.10150278500521
 30
0.0
 10
26.89704164619015
 20
60.10150278500521
 30
0.0
 10
26.89704164619015
 20
60.10150278500521
 30
0.0
 10
26.88838237366398
 20
60.10683156809822
 30
0.0
 10
26.88838237366398
 20
60.10683156809822
 30
0.0
 10
26.88838237366398
 20
60.10683156809822
 30
0.0
 10
27.16152464516798
 20
59.74326978602737
 30
0.0
 10
27.16152464516798
 20
59.74326978602737
 30
0.0
 10
27.16152464516798
 20
59.74326978602737
 30
0.0
 10
26.79796286309711
 20
60.01641205753141
 30
0.0
 10
26.79796286309711
 20
60.01641205753141
 30
0.0
 10
26.79796286309711
 20
60.01641205753141
 30
0.0
 10
26.8032916461902
 20
60.0077527850052
 30
0.0
 10
26.8032916461902
 20
60.0077527850052
 30
0.0
 10
26.8032916461902
 20
60.0077527850052
 30
0.0
 10
26.69676293451375
 20
59.25761310695063
 30
0.0
 10
26.69676293451375
 20
59.25761310695063
 30
0.0
  0
SPLINE
  5
7E
330
1F
100
AcDbEntity
  8
0
  6
Continuous
 62
    18
420
        0
370
     9
100
AcDbSpline
210
0.0
220
0.0
230
1.0
 70
    11
 71
     3
 72
    17
 73
    13
 74
     0
 42
0.000000001
 43
0.0
 40
0.0
 40
0.0
 40
0.0
 40
0.0
 40
1.0
 40
1.0
 40
1.0
 40
2.0
 40
2.0
 40
2.0
 40
3.0
 40
3.0
 40
3.0
 40
4.0
 40
4.0
 40
4.0
 40
4.0
 10
46.42156378822326
 20
20.48545535577293
 30
0.0
 10
46.48100155699049
 20
20.55610668920566
 30
0.0
 10
46.60281808086314
 20
20.5515813253236
 30
0.0
 10
46.69342410609056
 20
20.4753560127254
 30
0.0
 10
46.78403013131803
 20
20.39913070012722
 30
0.0
 10
46.8093348010818
 20
20.27988549856833
 30
0.0
 10
46.74989703231456
 20
20.20923416513559
 30
0.0
 10
46.69045926354722
 20
20.13858283170286
 30
0.0
 10
46.56864273967462
 20
20.14310819558495
 30
0.0
 10
46.47803671444721
 20
20.21933350818314
 30
0.0
 10
46.3874306892198
 20
20.2955588207813
 30
0.0
 10
46.36212601945598
 20
20.41480402234019
 30
0.0
 10
46.42156378822326
 20
20.48545535577293
 30
0.0
  0
SPLINE
  5
7F
330
1F
100
AcDbEntity
  8
0
  6
Continuous
 62
    18
420
        0
370
     9
100
AcDbSpline
210
0.0
220
0.0
230
1.0
 70
    11
 71
     3
 72
    17
 73
    13
 74
     0
 42
0.000000001
 43
0.0
 40
0.0
 40
0.0
 40
0.0
 40
0.0
 40
1.0
 40
1.0
 40
1.0
 40
2.0
 40
2.0
 40
2.0
 40
3.0
 40
3.0
 40
3.0
 40
4.0
 40
4.0
 40
4.0
 40
4.0
 10
28.94282635875718
 20
16.31607694696523
 30
0.0
 10
29.00226412752449
 20
16.38672828039796
 30
0.0
 10
29.1240806513971
 20
16.38220291651587
 30
0.0
 10
29.21468667662453
 20
16.30597760391768
 30
0.0
 10
29.30529270185195
 20
16.22975229131951
 30
0.0
 10
29.3305973716158
 20
16.11050708976057
 30
0.0
 10
29.27115960284851
 20
16.03985575632787
 30
0.0
 10
29.21172183408123
 20
15.96920442289513
 30
0.0
 10
29.08990531020859
 20
15.97372978677725
 30
0.0
 10
28.99929928498118
 20
16.04995509937542
 30
0.0
 10
28.90869325975377
 20
16.12618041197361
 30
0.0
 10
28.88338858998995
 20
16.24542561353249
 30
0.0
 10
28.94282635875718
 20
16.31607694696523
 30
0.0
  0
SPLINE
  5
80
330
1F
100
AcDbEntity
  8
0
  6
Continuous
 62
    18
420
        0
370
     9
100
AcDbSpline
210
0.0
220
0.0
230
1.0
 70
    11
 71
     3
 72
    23
 73
    19
 74
     0
 42
0.000000001
 43
0.0
 40
0.0
 40
0.0
 40
0.0
 40
0.0
 40
1.0
 40
1.0
 40
1.0
 40
2.0
 40
2.0
 40
2.0
 40
3.0
 40
3.0
 40
3.0
 40
4.0
 40
4.0
 40
4.0
 40
5.0
 40
5.0
 40
5.0
 40
6.0
 40
6.0
 40
6.0
 40
6.0
 10
29.09283269353464
 20
46.41447058656727
 30
0.0
 10
28.79296343514942
 20
45.39192569979581
 30
0.0
 10
28.76791860259685
 20
45.35612876209102
 30
0.0
 10
28.71294480414468
 20
45.27755392496825
 30
0.0
 10
28.69602968252584
 20
45.29410987081702
 30
0.0
 10
28.67523619571512
 20
45.30618074001531
 30
0.0
 10
28.65581782530221
 20
45.31984184175409
 30
0.0
 10
28.64541983052789
 20
45.3118724356592
 30
0.0
 10
28.6302463162214
 20
45.2911093502921
 30
0.0
 10
28.62143444166552
 20
45.30080370925188
 30
0.0
 10
28.59948153441132
 20
45.32495513830165
 30
0.0
 10
28.53570163159611
 20
45.51550791619897
 30
0.0
 10
28.52932161448298
 20
45.53456924947587
 30
0.0
 10
28.52932161448298
 20
45.53456924947587
 30
0.0
 10
28.49486630938082
 20
45.618556709728
 30
0.0
 10
28.49486630938082
 20
45.618556709728
 30
0.0
 10
28.49486630938082
 20
45.618556709728
 30
0.0
 10
29.09283269353464
 20
46.41447058656727
 30
0.0
 10
29.09283269353464
 20
46.41447058656727
 30
0.0
  0
SPLINE
  5
81
330
1F
100
AcDbEntity
  8
0
  6
Continuous
 62
    18
420
        0
370
     9
100
AcDbSpline
210
0.0
220
0.0
230
1.0
 70
    11
 71
     3
 72
    17
 73
    13
 74
     0
 42
0.000000001
 43
0.0
 40
0.0
 40
0.0
 40
0.0
 40
0.0
 40
1.0
 40
1.0
 40
1.0
 40
2.0
 40
2.0
 40
2.0
 40
3.0
 40
3.0
 40
3.0
 40
4.0
 40
4.0
 40
4.0
 40
4.0
 10
41.12599860913474
 20
26.02477729644283
 30
0.0
 10
41.18543637790203
 20
26.09542862987557
 30
0.0
 10
41.30725290177462
 20
26.09090326599352
 30
0.0
 10
41.3978589270021
 20
26.01467795339536
 30
0.0
 10
41.48846495222951
 20
25.93845264079713
 30
0.0
 10
41.51376962199333
 20
25.81920743923823
 30
0.0
 10
41.45433185322598
 20
25.7485561058055
 30
0.0
 10
41.39489408445876
 20
25.67790477237277
 30
0.0
 10
41.27307756058615
 20
25.68243013625487
 30
0.0
 10
41.18247153535874
 20
25.75865544885305
 30
0.0
 10
41.09186551013128
 20
25.83488076145127
 30
0.0
 10
41.06656084036745
 20
25.95412596301016
 30
0.0
 10
41.12599860913474
 20
26.02477729644283
 30
0.0
  0
SPLINE
  5
82
330
1F
100
AcDbEntity
  8
0
  6
Continuous
 62
    18
420
        0
370
     9
100
AcDbSpline
210
0.0
220
0.0
230
1.0
 70
    11
 71
     3
 72
    17
 73
    13
 74
     0
 42
0.000000001
 43
0.0
 40
0.0
 40
0.0
 40
0.0
 40
0.0
 40
1.0
 40
1.0
 40
1.0
 40
2.0
 40
2.0
 40
2.0
 40
3.0
 40
3.0
 40
3.0
 40
4.0
 40
4.0
 40
4.0
 40
4.0
 10
9.040939696532933
 20
23.44167062688992
 30
0.0
 10
9.100377465300161
 20
23.51232196032266
 30
0.0
 10
9.222193989172766
 20
23.50779659644061
 30
0.0
 10
9.312800014400205
 20
23.43157128384241
 30
0.0
 10
9.4034060396277
 20
23.35534597124418
 30
0.0
 10
9.428710709391495
 20
23.23610076968529
 30
0.0
 10
9.36927294062421
 20
23.16544943625255
 30
0.0
 10
9.30983517185698
 20
23.09479810281982
 30
0.0
 10
9.18801864798432
 20
23.09932346670193
 30
0.0
 10
9.097412622756881
 20
23.1755487793001
 30
0.0
 10
9.00680659752944
 20
23.25177409189832
 30
0.0
 10
8.981501927765645
 20
23.37101929345722
 30
0.0
 10
9.040939696532933
 20
23.44167062688992
 30
0.0
  0
SPLINE
  5
83
330
1F
100
AcDbEntity
  8
0
  6
Continuous
 62
    18
420
        0
370
     9
100
AcDbSpline
210
0.0
220
0.0
230
1.0
 70
    11
 71
     3
 72
    17
 73
    13
 74
     0
 42
0.000000001
 43
0.0
 40
0.0
 40
0.0
 40
0.0
 40
0.0
 40
1.0
 40
1.0
 40
1.0
 40
2.0
 40
2.0
 40
2.0
 40
3.0
 40
3.0
 40
3.0
 40
4.0
 40
4.0
 40
4.0
 40
4.0
 10
37.15521197361274
 20
22.13798217586509
 30
0.0
 10
37.21464974238003
 20
22.20863350929783
 30
0.0
 10
37.33646626625264
 20
22.20410814541573
 30
0.0
 10
37.4270722914801
 20
22.12788283281755
 30
0.0
 10
37.51767831670751
 20
22.05165752021935
 30
0.0
 10
37.54298298647134
 20
21.93241231866045
 30
0.0
 10
37.48354521770405
 20
21.86176098522772
 30
0.0
 10
37.42410744893677
 20
21.79110965179498
 30
0.0
 10
37.3022909250641
 20
21.79563501567709
 30
0.0
 10
37.21168489983669
 20
21.87186032827527
 30
0.0
 10
37.12107887460934
 20
21.94808564087346
 30
0.0
 10
37.09577420484545
 20
22.06733084243236
 30
0.0
 10
37.15521197361274
 20
22.13798217586509
 30
0.0
  0
SPLINE
  5
84
330
1F
100
AcDbEntity
  8
0
  6
Continuous
 62
    18
420
        0
370
     9
100
AcDbSpline
210
0.0
220
0.0
230
1.0
 70
    11
 71
     3
 72
    17
 73
    13
 74
     0
 42
0.000000001
 43
0.0
 40
0.0
 40
0.0
 40
0.0
 40
0.0
 40
1.0
 40
1.0
 40
1.0
 40
2.0
 40
2.0
 40
2.0
 40
3.0
 40
3.0
 40
3.0
 40
4.0
 40
4.0
 40
4.0
 40
4.0
 10
7.191469533141515
 20
25.64911896486448
 30
0.0
 10
7.246341602385576
 20
25.71434323119729
 30
0.0
 10
7.342323373111119
 20
25.72402767544499
 30
0.0
 10
7.40567392733516
 20
25.6707319284251
 30
0.0
 10
7.4690244815592
 20
25.61743618140522
 30
0.0
 10
7.475907935652644
 20
25.52121296782482
 30
0.0
 10
7.421035866408582
 20
25.455988701492
 30
0.0
 10
7.366163797164607
 20
25.39076443515921
 30
0.0
 10
7.270182026439065
 20
25.38107999091152
 30
0.0
 10
7.206831472215025
 20
25.43437573793138
 30
0.0
 10
7.143480917990926
 20
25.48767148495128
 30
0.0
 10
7.136597463897483
 20
25.58389469853167
 30
0.0
 10
7.191469533141515
 20
25.64911896486448
 30
0.0
  0
SPLINE
  5
85
330
1F
100
AcDbEntity
  8
0
  6
Continuous
 62
    18
420
        0
370
     9
100
AcDbSpline
210
0.0
220
0.0
230
1.0
 70
    11
 71
     3
 72
    26
 73
    22
 74
     0
 42
0.000000001
 43
0.0
 40
0.0
 40
0.0
 40
0.0
 40
0.0
 40
1.0
 40
1.0
 40
1.0
 40
2.0
 40
2.0
 40
2.0
 40
3.0
 40
3.0
 40
3.0
 40
4.0
 40
4.0
 40
4.0
 40
5.0
 40
5.0
 40
5.0
 40
6.0
 40
6.0
 40
6.0
 40
7.0
 40
7.0
 40
7.0
 40
7.0
 10
27.29153054880601
 20
49.27807051241805
 30
0.0
 10
28.50806224572638
 20
51.52836772081223
 30
0.0
 10
32.61356959462663
 20
52.78360167834768
 30
0.0
 10
33.14179551921669
 20
52.94510354923668
 30
0.0
 10
33.13244661000886
 20
52.89937799427062
 30
0.0
 10
33.23194204358769
 20
52.85452268682739
 30
0.0
 10
33.20202150573057
 20
52.8187038385116
 30
0.0
 10
33.11231938306268
 20
52.71131851205814
 30
0.0
 10
32.9859509795313
 20
52.863760069189
 30
0.0
 10
31.84386633967724
 20
51.71666508606333
 30
0.0
 10
29.6126264148406
 20
49.47563667659539
 30
0.0
 10
29.44031479052249
 20
47.74925794834011
 30
0.0
 10
29.15128174596518
 20
46.62202642333537
 30
0.0
 10
29.15128174596518
 20
46.62202642333537
 30
0.0
 10
28.35823356817264
 20
46.02621302551195
 30
0.0
 10
28.35823356817264
 20
46.02621302551195
 30
0.0
 10
28.31904025749017
 20
46.18170248391816
 30
0.0
 10
28.08033321351671
 20
47.12871176531925
 30
0.0
 10
27.49634188425702
 20
47.83585735861713
 30
0.0
 10
27.49634188425702
 20
47.83585735861713
 30
0.0
 10
27.29153054880601
 20
49.27807051241805
 30
0.0
 10
27.29153054880601
 20
49.27807051241805
 30
0.0
  0
SPLINE
  5
86
330
1F
100
AcDbEntity
  8
0
  6
Continuous
 62
    18
420
        0
370
     9
100
AcDbSpline
210
0.0
220
0.0
230
1.0
 70
    11
 71
     3
 72
    17
 73
    13
 74
     0
 42
0.000000001
 43
0.0
 40
0.0
 40
0.0
 40
0.0
 40
0.0
 40
1.0
 40
1.0
 40
1.0
 40
2.0
 40
2.0
 40
2.0
 40
3.0
 40
3.0
 40
3.0
 40
4.0
 40
4.0
 40
4.0
 40
4.0
 10
31.27395842191172
 20
51.80051368644732
 30
0.0
 10
28.57636092756798
 20
50.15446803850391
 30
0.0
 10
28.05511676828527
 20
48.72969029892739
 30
0.0
 10
28.06594536683975
 20
48.62474132073527
 30
0.0
 10
28.09494512838546
 20
48.34368044967971
 30
0.0
 10
28.40810462664833
 20
48.14372163467009
 30
0.0
 10
28.43710438819399
 20
47.86266076361453
 30
0.0
 10
28.69509577998359
 20
48.36704491509789
 30
0.0
 10
28.87256294661616
 20
48.90998326646279
 30
0.0
 10
29.13055433840564
 20
49.41436741794611
 30
0.0
 10
29.24573009555366
 20
49.63954092523875
 30
0.0
 10
30.11880519345471
 20
50.91595412353021
 30
0.0
 10
31.27395842191172
 20
51.80051368644732
 30
0.0
  0
SPLINE
  5
87
330
1F
100
AcDbEntity
  8
0
  6
Continuous
 62
    18
420
        0
370
     9
100
AcDbSpline
210
0.0
220
0.0
230
1.0
 70
    11
 71
     3
 72
    17
 73
    13
 74
     0
 42
0.000000001
 43
0.0
 40
0.0
 40
0.0
 40
0.0
 40
0.0
 40
1.0
 40
1.0
 40
1.0
 40
2.0
 40
2.0
 40
2.0
 40
3.0
 40
3.0
 40
3.0
 40
4.0
 40
4.0
 40
4.0
 40
4.0
 10
44.82597290084513
 20
31.86325742927641
 30
0.0
 10
44.88541066961241
 20
31.93390876270914
 30
0.0
 10
45.00722719348508
 20
31.92938339882708
 30
0.0
 10
45.09783321871249
 20
31.85315808622891
 30
0.0
 10
45.1884392439399
 20
31.77693277363068
 30
0.0
 10
45.21374391370372
 20
31.65768757207179
 30
0.0
 10
45.15430614493643
 20
31.58703623863905
 30
0.0
 10
45.09486837616921
 20
31.51638490520632
 30
0.0
 10
44.97305185229654
 20
31.52091026908839
 30
0.0
 10
44.88244582706913
 20
31.5971355816866
 30
0.0
 10
44.79183980184172
 20
31.67336089428482
 30
0.0
 10
44.7665351320779
 20
31.79260609584372
 30
0.0
 10
44.82597290084513
 20
31.86325742927641
 30
0.0
  0
SPLINE
  5
88
330
1F
100
AcDbEntity
  8
0
  6
Continuous
 62
    18
420
        0
370
     9
100
AcDbSpline
210
0.0
220
0.0
230
1.0
 70
    11
 71
     3
 72
    17
 73
    13
 74
     0
 42
0.000000001
 43
0.0
 40
0.0
 40
0.0
 40
0.0
 40
0.0
 40
1.0
 40
1.0
 40
1.0
 40
2.0
 40
2.0
 40
2.0
 40
3.0
 40
3.0
 40
3.0
 40
4.0
 40
4.0
 40
4.0
 40
4.0
 10
30.98518569405051
 20
13.04040157979824
 30
0.0
 10
31.16636663103808
 20
12.836571513787
 30
0.0
 10
31.16768836937536
 20
12.83787058824687
 30
0.0
 10
31.17696050051867
 20
12.82117144815439
 30
0.0
 10
31.24512297006289
 20
12.69841060597219
 30
0.0
 10
31.28989565427132
 20
12.56360247230353
 30
0.0
 10
31.35805812381554
 20
12.44084163012133
 30
0.0
 10
31.31596608560835
 20
12.47311455885104
 30
0.0
 10
31.26286908434525
 20
12.48902639334676
 30
0.0
 10
31.22077704613801
 20
12.52129932207647
 30
0.0
 10
31.1594294234019
 20
12.56833594801886
 30
0.0
 10
31.02376986104682
 20
12.96323340934643
 30
0.0
 10
30.98518569405051
 20
13.04040157979824
 30
0.0
  0
SPLINE
  5
89
330
1F
100
AcDbEntity
  8
0
  6
Continuous
 62
    18
420
        0
370
     9
100
AcDbSpline
210
0.0
220
0.0
230
1.0
 70
    11
 71
     3
 72
    17
 73
    13
 74
     0
 42
0.000000001
 43
0.0
 40
0.0
 40
0.0
 40
0.0
 40
0.0
 40
1.0
 40
1.0
 40
1.0
 40
2.0
 40
2.0
 40
2.0
 40
3.0
 40
3.0
 40
3.0
 40
4.0
 40
4.0
 40
4.0
 40
4.0
 10
44.04409291826178
 20
26.91690976174937
 30
0.0
 10
44.13642091657139
 20
26.91690976174937
 30
0.0
 10
44.21137953705647
 20
26.82077990363213
 30
0.0
 10
44.21137953705647
 20
26.70237487802845
 30
0.0
 10
44.21137953705647
 20
26.58396985242478
 30
0.0
 10
44.13642091657139
 20
26.48783999430749
 30
0.0
 10
44.04409291826178
 20
26.48783999430749
 30
0.0
 10
43.95176491995222
 20
26.48783999430749
 30
0.0
 10
43.87680629946713
 20
26.58396985242478
 30
0.0
 10
43.87680629946713
 20
26.70237487802845
 30
0.0
 10
43.87680629946713
 20
26.82077990363213
 30
0.0
 10
43.95176491995222
 20
26.91690976174937
 30
0.0
 10
44.04409291826178
 20
26.91690976174937
 30
0.0
  0
SPLINE
  5
8A
330
1F
100
AcDbEntity
  8
0
  6
Continuous
 62
    18
420
        0
370
     9
100
AcDbSpline
210
0.0
220
0.0
230
1.0
 70
    11
 71
     3
 72
    47
 73
    43
 74
     0
 42
0.000000001
 43
0.0
 40
0.0
 40
0.0
 40
0.0
 40
0.0
 40
1.0
 40
1.0
 40
1.0
 40
2.0
 40
2.0
 40
2.0
 40
3.0
 40
3.0
 40
3.0
 40
4.0
 40
4.0
 40
4.0
 40
5.0
 40
5.0
 40
5.0
 40
6.0
 40
6.0
 40
6.0
 40
7.0
 40
7.0
 40
7.0
 40
8.0
 40
8.0
 40
8.0
 40
9.0
 40
9.0
 40
9.0
 40
10.0
 40
10.0
 40
10.0
 40
11.0
 40
11.0
 40
11.0
 40
12.0
 40
12.0
 40
12.0
 40
13.0
 40
13.0
 40
13.0
 40
14.0
 40
14.0
 40
14.0
 40
14.0
 10
25.5291803595704
 20
11.35500183774212
 30
0.0
 10
25.44870058402445
 20
11.38800328654285
 30
0.0
 10
25.37287142127266
 20
11.61936921644996
 30
0.0
 10
25.3428778679039
 20
11.5377207219679
 30
0.0
 10
25.17450740687622
 20
11.07938240875957
 30
0.0
 10
25.21811523457574
 20
10.44939933950496
 30
0.0
 10
24.78799958822626
 20
10.92851968236598
 30
0.0
 10
24.75153552359772
 20
10.9691382352953
 30
0.0
 10
24.38638087689768
 20
11.37589632700645
 30
0.0
 10
24.50356821169086
 20
11.54871712073446
 30
0.0
 10
24.5500362717982
 20
11.61724540533898
 30
0.0
 10
24.98922623204706
 20
11.75930521263307
 30
0.0
 10
25.14430854099009
 20
11.76856021899901
 30
0.0
 10
24.79813961445702
 20
12.25454879931658
 30
0.0
 10
24.4621490262147
 20
12.2754289521822
 30
0.0
 10
24.38080580357794
 20
12.46792695624591
 30
0.0
 10
24.36468553371677
 20
12.50607542974672
 30
0.0
 10
24.20093009790853
 20
12.89360119435023
 30
0.0
 10
24.79820743912438
 20
12.77414754885282
 30
0.0
 10
25.14582176209876
 20
12.37687390157161
 30
0.0
 10
25.34777249536987
 20
12.69444841137874
 30
0.0
 10
25.96758202140098
 20
12.23922105998114
 30
0.0
 10
25.97453837723758
 20
12.2341118719002
 30
0.0
 10
26.04292708697292
 20
12.11097344482303
 30
0.0
 10
26.21629317643171
 20
12.00957389796138
 30
0.0
 10
26.29703695137501
 20
11.96234792535795
 30
0.0
 10
27.34738318778726
 20
11.45759991301353
 30
0.0
 10
27.4977212337247
 20
11.15692764439387
 30
0.0
 10
27.41303227329677
 20
11.15984790727727
 30
0.0
 10
26.94240086125197
 20
11.17607632048951
 30
0.0
 10
26.4651881458499
 20
11.39329026877466
 30
0.0
 10
26.40533825212901
 20
11.42053227490731
 30
0.0
 10
25.82673747448063
 20
11.73317818567882
 30
0.0
 10
25.81830056370963
 20
11.74161493553224
 30
0.0
 10
25.81830056370963
 20
11.74161493553224
 30
0.0
 10
25.48241467382902
 20
12.07750082541288
 30
0.0
 10
25.48241467382902
 20
12.07750082541288
 30
0.0
 10
25.61913400320663
 20
11.66735326789836
 30
0.0
 10
25.73777045005957
 20
11.73051112443405
 30
0.0
 10
25.87730687008855
 20
11.31857334943177
 30
0.0
 10
25.97616118893956
 20
11.0267367941555
 30
0.0
 10
25.61825185993452
 20
11.31847727565278
 30
0.0
 10
25.5291803595704
 20
11.35500183774212
 30
0.0
  0
SPLINE
  5
8B
330
1F
100
AcDbEntity
  8
0
  6
Continuous
 62
    18
420
        0
370
     9
100
AcDbSpline
210
0.0
220
0.0
230
1.0
 70
    11
 71
     3
 72
    17
 73
    13
 74
     0
 42
0.000000001
 43
0.0
 40
0.0
 40
0.0
 40
0.0
 40
0.0
 40
1.0
 40
1.0
 40
1.0
 40
2.0
 40
2.0
 40
2.0
 40
3.0
 40
3.0
 40
3.0
 40
4.0
 40
4.0
 40
4.0
 40
4.0
 10
37.60192133167225
 20
54.74959889996384
 30
0.0
 10
37.65679340091626
 20
54.81482316629664
 30
0.0
 10
37.75277517164186
 20
54.8245076105443
 30
0.0
 10
37.81612572586589
 20
54.77121186352444
 30
0.0
 10
37.87947628008993
 20
54.71791611650458
 30
0.0
 10
37.88635973418338
 20
54.62169290292418
 30
0.0
 10
37.83148766493932
 20
54.55646863659136
 30
0.0
 10
37.77661559569531
 20
54.49124437025853
 30
0.0
 10
37.68063382496977
 20
54.48155992601087
 30
0.0
 10
37.61728327074567
 20
54.53485567303075
 30
0.0
 10
37.55393271652169
 20
54.58815142005062
 30
0.0
 10
37.54704926242819
 20
54.68437463363102
 30
0.0
 10
37.60192133167225
 20
54.74959889996384
 30
0.0
  0
SPLINE
  5
8C
330
1F
100
AcDbEntity
  8
0
  6
Continuous
 62
    18
420
        0
370
     9
100
AcDbSpline
210
0.0
220
0.0
230
1.0
 70
    11
 71
     3
 72
    80
 73
    76
 74
     0
 42
0.000000001
 43
0.0
 40
0.0
 40
0.0
 40
0.0
 40
0.0
 40
1.0
 40
1.0
 40
1.0
 40
2.0
 40
2.0
 40
2.0
 40
3.0
 40
3.0
 40
3.0
 40
4.0
 40
4.0
 40
4.0
 40
5.0
 40
5.0
 40
5.0
 40
6.0
 40
6.0
 40
6.0
 40
7.0
 40
7.0
 40
7.0
 40
8.0
 40
8.0
 40
8.0
 40
9.0
 40
9.0
 40
9.0
 40
10.0
 40
10.0
 40
10.0
 40
11.0
 40
11.0
 40
11.0
 40
12.0
 40
12.0
 40
12.0
 40
13.0
 40
13.0
 40
13.0
 40
14.0
 40
14.0
 40
14.0
 40
15.0
 40
15.0
 40
15.0
 40
16.0
 40
16.0
 40
16.0
 40
17.0
 40
17.0
 40
17.0
 40
18.0
 40
18.0
 40
18.0
 40
19.0
 40
19.0
 40
19.0
 40
20.0
 40
20.0
 40
20.0
 40
21.0
 40
21.0
 40
21.0
 40
22.0
 40
22.0
 40
22.0
 40
23.0
 40
23.0
 40
23.0
 40
24.0
 40
24.0
 40
24.0
 40
25.0
 40
25.0
 40
25.0
 40
25.0
 10
40.21181452257958
 20
18.9445633795786
 30
0.0
 10
40.21181452257958
 20
18.9445633795786
 30
0.0
 10
40.34856584750498
 20
19.30775042882552
 30
0.0
 10
40.34856584750498
 20
19.30775042882552
 30
0.0
 10
40.34856584750498
 20
19.30775042882552
 30
0.0
 10
40.28714815829031
 20
18.70184847988132
 30
0.0
 10
40.28714815829031
 20
18.70184847988132
 30
0.0
 10
40.28714815829031
 20
18.70184847988132
 30
0.0
 10
40.29375757378221
 20
18.71611104792468
 30
0.0
 10
40.29375757378221
 20
18.71611104792468
 30
0.0
 10
40.29375757378221
 20
18.71611104792468
 30
0.0
 10
41.70184887398418
 20
19.81734491639101
 30
0.0
 10
41.70184887398418
 20
19.81734491639101
 30
0.0
 10
41.70184887398418
 20
19.81734491639101
 30
0.0
 10
40.51946293100711
 20
18.47667320989007
 30
0.0
 10
40.51946293100711
 20
18.47667320989007
 30
0.0
 10
40.51946293100711
 20
18.47667320989007
 30
0.0
 10
40.50483528290466
 20
18.47091672386772
 30
0.0
 10
40.50483528290466
 20
18.47091672386772
 30
0.0
 10
40.50483528290466
 20
18.47091672386772
 30
0.0
 10
41.1133052514238
 20
18.4964823588714
 30
0.0
 10
41.1133052514238
 20
18.4964823588714
 30
0.0
 10
41.1133052514238
 20
18.4964823588714
 30
0.0
 10
40.46198455220444
 20
18.29423177759794
 30
0.0
 10
40.46198455220444
 20
18.29423177759794
 30
0.0
 10
40.46198455220444
 20
18.29423177759794
 30
0.0
 10
40.47503384730662
 20
18.29348029489913
 30
0.0
 10
40.47503384730662
 20
18.29348029489913
 30
0.0
 10
40.47503384730662
 20
18.29348029489913
 30
0.0
 10
41.08576558000286
 20
17.27706982851739
 30
0.0
 10
41.08576558000286
 20
17.27706982851739
 30
0.0
 10
41.08576558000286
 20
17.27706982851739
 30
0.0
 10
40.10715542223979
 20
17.94670080496301
 30
0.0
 10
40.10715542223979
 20
17.94670080496301
 30
0.0
 10
40.10715542223979
 20
17.94670080496301
 30
0.0
 10
40.10717508934958
 20
17.95977170554835
 30
0.0
 10
40.10717508934958
 20
17.95977170554835
 30
0.0
 10
40.10717508934958
 20
17.95977170554835
 30
0.0
 10
39.86685221655071
 20
17.3215171578429
 30
0.0
 10
39.86685221655071
 20
17.3215171578429
 30
0.0
 10
39.86685221655071
 20
17.3215171578429
 30
0.0
 10
39.92826990576545
 20
17.92741910678716
 30
0.0
 10
39.92826990576545
 20
17.92741910678716
 30
0.0
 10
39.92826990576545
 20
17.92741910678716
 30
0.0
 10
39.92166049027354
 20
17.91315653874375
 30
0.0
 10
39.92166049027354
 20
17.91315653874375
 30
0.0
 10
39.92166049027354
 20
17.91315653874375
 30
0.0
 10
38.51356919007152
 20
16.81192267027743
 30
0.0
 10
38.51356919007152
 20
16.81192267027743
 30
0.0
 10
38.51356919007152
 20
16.81192267027743
 30
0.0
 10
39.69595513304859
 20
18.15259437677842
 30
0.0
 10
39.69595513304859
 20
18.15259437677842
 30
0.0
 10
39.69595513304859
 20
18.15259437677842
 30
0.0
 10
39.71058278115103
 20
18.1583508628007
 30
0.0
 10
39.71058278115103
 20
18.1583508628007
 30
0.0
 10
39.71058278115103
 20
18.1583508628007
 30
0.0
 10
39.10211281263189
 20
18.13278522779706
 30
0.0
 10
39.10211281263189
 20
18.13278522779706
 30
0.0
 10
39.10211281263189
 20
18.13278522779706
 30
0.0
 10
39.75343351185125
 20
18.33503580907051
 30
0.0
 10
39.75343351185125
 20
18.33503580907051
 30
0.0
 10
39.75343351185125
 20
18.33503580907051
 30
0.0
 10
39.74038421674914
 20
18.33578729176929
 30
0.0
 10
39.74038421674914
 20
18.33578729176929
 30
0.0
 10
39.74038421674914
 20
18.33578729176929
 30
0.0
 10
39.1296524840529
 20
19.35219775815104
 30
0.0
 10
39.1296524840529
 20
19.35219775815104
 30
0.0
 10
39.1296524840529
 20
19.35219775815104
 30
0.0
 10
39.80151923955784
 20
18.89246127579273
 30
0.0
 10
39.80151923955784
 20
18.89246127579273
 30
0.0
 10
39.84483359837856
 20
19.00143779317444
 30
0.0
 10
39.92614874170623
 20
19.07489137370599
 30
0.0
 10
40.01923426388696
 20
19.07489137370599
 30
0.0
 10
40.09656315233955
 20
19.07489137370599
 30
0.0
 10
40.16576916713849
 20
19.02420021401457
 30
0.0
 10
40.21181452257958
 20
18.9445633795786
 30
0.0
  0
SPLINE
  5
8D
330
1F
100
AcDbEntity
  8
0
  6
Continuous
 62
    18
420
        0
370
     9
100
AcDbSpline
210
0.0
220
0.0
230
1.0
 70
    11
 71
     3
 72
    17
 73
    13
 74
     0
 42
0.000000001
 43
0.0
 40
0.0
 40
0.0
 40
0.0
 40
0.0
 40
1.0
 40
1.0
 40
1.0
 40
2.0
 40
2.0
 40
2.0
 40
3.0
 40
3.0
 40
3.0
 40
4.0
 40
4.0
 40
4.0
 40
4.0
 10
38.24600739662209
 20
55.52499269726056
 30
0.0
 10
38.3738611608568
 20
55.52499269726056
 30
0.0
 10
38.47766219593109
 20
55.41131077987423
 30
0.0
 10
38.47766219593109
 20
55.27128653972212
 30
0.0
 10
38.47766219593109
 20
55.13126229957001
 30
0.0
 10
38.3738611608568
 20
55.01758038218368
 30
0.0
 10
38.24600739662209
 20
55.01758038218368
 30
0.0
 10
38.1181536323873
 20
55.01758038218368
 30
0.0
 10
38.01435259731309
 20
55.13126229957001
 30
0.0
 10
38.01435259731309
 20
55.27128653972212
 30
0.0
 10
38.01435259731309
 20
55.41131077987423
 30
0.0
 10
38.1181536323873
 20
55.52499269726056
 30
0.0
 10
38.24600739662209
 20
55.52499269726056
 30
0.0
  0
SPLINE
  5
8E
330
1F
100
AcDbEntity
  8
0
  6
Continuous
 62
    18
420
        0
370
     9
100
AcDbSpline
210
0.0
220
0.0
230
1.0
 70
    11
 71
     3
 72
   203
 73
   199
 74
     0
 42
0.000000001
 43
0.0
 40
0.0
 40
0.0
 40
0.0
 40
0.0
 40
1.0
 40
1.0
 40
1.0
 40
2.0
 40
2.0
 40
2.0
 40
3.0
 40
3.0
 40
3.0
 40
4.0
 40
4.0
 40
4.0
 40
5.0
 40
5.0
 40
5.0
 40
6.0
 40
6.0
 40
6.0
 40
7.0
 40
7.0
 40
7.0
 40
8.0
 40
8.0
 40
8.0
 40
9.0
 40
9.0
 40
9.0
 40
10.0
 40
10.0
 40
10.0
 40
11.0
 40
11.0
 40
11.0
 40
12.0
 40
12.0
 40
12.0
 40
13.0
 40
13.0
 40
13.0
 40
14.0
 40
14.0
 40
14.0
 40
15.0
 40
15.0
 40
15.0
 40
16.0
 40
16.0
 40
16.0
 40
17.0
 40
17.0
 40
17.0
 40
18.0
 40
18.0
 40
18.0
 40
19.0
 40
19.0
 40
19.0
 40
20.0
 40
20.0
 40
20.0
 40
21.0
 40
21.0
 40
21.0
 40
22.0
 40
22.0
 40
22.0
 40
23.0
 40
23.0
 40
23.0
 40
24.0
 40
24.0
 40
24.0
 40
25.0
 40
25.0
 40
25.0
 40
26.0
 40
26.0
 40
26.0
 40
27.0
 40
27.0
 40
27.0
 40
28.0
 40
28.0
 40
28.0
 40
29.0
 40
29.0
 40
29.0
 40
30.0
 40
30.0
 40
30.0
 40
31.0
 40
31.0
 40
31.0
 40
32.0
 40
32.0
 40
32.0
 40
33.0
 40
33.0
 40
33.0
 40
34.0
 40
34.0
 40
34.0
 40
35.0
 40
35.0
 40
35.0
 40
36.0
 40
36.0
 40
36.0
 40
37.0
 40
37.0
 40
37.0
 40
38.0
 40
38.0
 40
38.0
 40
39.0
 40
39.0
 40
39.0
 40
40.0
 40
40.0
 40
40.0
 40
41.0
 40
41.0
 40
41.0
 40
42.0
 40
42.0
 40
42.0
 40
43.0
 40
43.0
 40
43.0
 40
44.0
 40
44.0
 40
44.0
 40
45.0
 40
45.0
 40
45.0
 40
46.0
 40
46.0
 40
46.0
 40
47.0
 40
47.0
 40
47.0
 40
48.0
 40
48.0
 40
48.0
 40
49.0
 40
49.0
 40
49.0
 40
50.0
 40
50.0
 40
50.0
 40
51.0
 40
51.0
 40
51.0
 40
52.0
 40
52.0
 40
52.0
 40
53.0
 40
53.0
 40
53.0
 40
54.0
 40
54.0
 40
54.0
 40
55.0
 40
55.0
 40
55.0
 40
56.0
 40
56.0
 40
56.0
 40
57.0
 40
57.0
 40
57.0
 40
58.0
 40
58.0
 40
58.0
 40
59.0
 40
59.0
 40
59.0
 40
60.0
 40
60.0
 40
60.0
 40
61.0
 40
61.0
 40
61.0
 40
62.0
 40
62.0
 40
62.0
 40
63.0
 40
63.0
 40
63.0
 40
64.0
 40
64.0
 40
64.0
 40
65.0
 40
65.0
 40
65.0
 40
66.0
 40
66.0
 40
66.0
 40
66.0
 10
27.10762235911039
 20
16.3080959856895
 30
0.0
 10
27.10762235911039
 20
16.3080959856895
 30
0.0
 10
27.10420674810682
 20
16.30528025976353
 30
0.0
 10
27.10420674810682
 20
16.30528025976353
 30
0.0
 10
26.59418859792926
 20
15.98490603725566
 30
0.0
 10
22.75271446077849
 20
17.16611687490487
 30
0.0
 10
21.68804684352456
 20
22.73203314063138
 30
0.0
 10
21.52915988534251
 20
22.42257233916077
 30
0.0
 10
21.49206780778768
 20
22.05819174718203
 30
0.0
 10
21.47288717759922
 20
21.71085450968398
 30
0.0
 10
21.41976358046232
 20
20.74885256844833
 30
0.0
 10
21.52516539581927
 20
19.78245371964501
 30
0.0
 10
21.47204179868237
 20
18.82045177840936
 30
0.0
 10
21.17905554333245
 20
19.44162698145607
 30
0.0
 10
19.42177501587748
 20
21.16824079628323
 30
0.0
 10
18.73945560625114
 20
26.40009220509921
 30
0.0
 10
18.57908353987035
 20
27.62978435454092
 30
0.0
 10
18.75894233921409
 20
28.81582876012352
 30
0.0
 10
18.79041313249739
 20
29.02335687912097
 30
0.0
 10
17.75839848490707
 20
27.24005333455649
 30
0.0
 10
17.85733658557569
 20
25.14411765694257
 30
0.0
 10
17.81407690716695
 20
25.00887025018957
 30
0.0
 10
17.52848609064543
 20
25.51009411285487
 30
0.0
 10
17.30633341142601
 20
29.43077033146505
 30
0.0
 10
20.2182938192954
 20
32.04274517569934
 30
0.0
 10
19.61167946021006
 20
32.30789113603678
 30
0.0
 10
18.95960393526196
 20
32.68396418719453
 30
0.0
 10
18.29313910973753
 20
33.21680795663891
 30
0.0
 10
14.48109271032487
 20
30.0320888448928
 30
0.0
 10
17.14359350498793
 20
24.32040641739923
 30
0.0
 10
17.13511494086204
 20
24.19382984708952
 30
0.0
 10
16.59669784096351
 20
24.69515690339239
 30
0.0
 10
13.93901409647322
 20
30.29847821450362
 30
0.0
 10
17.57332913086654
 20
33.851385129647
 30
0.0
 10
17.4707021921392
 20
33.95068185695268
 30
0.0
 10
16.94244703187035
 20
34.4617953057944
 30
0.0
 10
16.39662307263715
 20
35.19363434169425
 30
0.0
 10
12.29306740802996
 20
31.32178134656409
 30
0.0
 10
15.42453406023878
 20
26.67717794810708
 30
0.0
 10
15.43248375312637
 20
26.61366275343503
 30
0.0
 10
14.40494246537222
 20
27.37050469938448
 30
0.0
 10
12.109644345017
 20
32.29515856285908
 30
0.0
 10
15.74254158896755
 20
35.91815206658334
 30
0.0
 10
15.74254158896755
 20
35.91815206658334
 30
0.0
 10
15.74321545958536
 20
35.91882389701247
 30
0.0
 10
15.74321545958536
 20
35.91882389701247
 30
0.0
 10
14.96414404565364
 20
36.18849045412661
 30
0.0
 10
13.76857277319843
 20
35.24968501051458
 30
0.0
 10
13.18005818145216
 20
35.12015398870511
 30
0.0
 10
13.42416195912711
 20
35.64145344072051
 30
0.0
 10
14.84627666741994
 20
36.66624215010039
 30
0.0
 10
15.43042117495171
 20
36.76589252576019
 30
0.0
 10
15.17148630021372
 20
37.30167159261121
 30
0.0
 10
14.93258881171987
 20
38.59419640986529
 30
0.0
 10
14.99056915949277
 20
38.64651605437434
 30
0.0
 10
13.67722329570981
 20
38.44319604568368
 30
0.0
 10
12.58970969319942
 20
38.4851699420902
 30
0.0
 10
12.21217368069083
 20
38.50071905453752
 30
0.0
 10
12.38425475194744
 20
38.72792146981884
 30
0.0
 10
12.56416846976917
 20
38.26430648195159
 30
0.0
 10
15.63504545277151
 20
39.48893913366079
 30
0.0
 10
13.69083246815086
 20
39.63019131850331
 30
0.0
 10
12.73577002175096
 20
40.30645710431124
 30
0.0
 10
12.67166628568493
 20
40.47289293467901
 30
0.0
 10
13.08381861662829
 20
40.43903902051026
 30
0.0
 10
13.74512376274547
 20
39.96046558961629
 30
0.0
 10
16.1736233972202
 20
40.23919078722377
 30
0.0
 10
16.45511544126078
 20
40.27149835873272
 30
0.0
 10
17.38378498238543
 20
40.64990401416119
 30
0.0
 10
19.28311117738662
 20
40.19050068902598
 30
0.0
 10
21.24439213906349
 20
39.71611193069148
 30
0.0
 10
22.09905610419271
 20
39.02875674070316
 30
0.0
 10
22.30479895323884
 20
38.86329005336786
 30
0.0
 10
21.65754851897439
 20
40.01903532481728
 30
0.0
 10
21.74661060197122
 20
40.07656138651781
 30
0.0
 10
20.82294533198977
 20
41.0085386317803
 30
0.0
 10
20.36894023533088
 20
40.88415441274093
 30
0.0
 10
19.92446981379015
 20
42.15497286767609
 30
0.0
 10
19.04466475802858
 20
42.26654486100132
 30
0.0
 10
18.55749754446382
 20
42.3283247027335
 30
0.0
 10
18.06155182240434
 20
42.2595343628378
 30
0.0
 10
17.5717212198269
 20
42.2943858132451
 30
0.0
 10
17.5360174668325
 20
42.29692613549177
 30
0.0
 10
17.27997604001153
 20
42.31514348459591
 30
0.0
 10
17.22563930313818
 20
42.57796394936364
 30
0.0
 10
18.65214902791005
 20
42.4598297608939
 30
0.0
 10
19.4599364987759
 20
43.39248939668187
 30
0.0
 10
21.36734358918009
 20
41.79901624702123
 30
0.0
 10
21.36734358918009
 20
41.79901624702123
 30
0.0
 10
21.40274885878575
 20
41.78697286804991
 30
0.0
 10
21.40274885878575
 20
41.78697286804991
 30
0.0
 10
22.69740925487065
 20
40.69289773213825
 30
0.0
 10
23.76858541539348
 20
36.01824957457944
 30
0.0
 10
27.10515585173333
 20
35.02486481020178
 30
0.0
 10
30.40410823965641
 20
35.99849667253422
 30
0.0
 10
31.73514725488135
 20
41.31500748090318
 30
0.0
 10
32.67327195608255
 20
41.78300804835467
 30
0.0
 10
32.67327195608255
 20
41.78300804835467
 30
0.0
 10
32.70579399832187
 20
41.7943234294016
 30
0.0
 10
32.70579399832187
 20
41.7943234294016
 30
0.0
 10
32.88136257361278
 20
41.94263031947892
 30
0.0
 10
34.16947557204846
 20
43.03072955676961
 30
0.0
 10
35.4250461796282
 20
42.72097151782941
 30
0.0
 10
36.08953294821855
 20
42.55703799063658
 30
0.0
 10
36.07758387641939
 20
42.51449209778432
 30
0.0
 10
36.77261370833401
 20
42.57833209314065
 30
0.0
 10
36.76470649970636
 20
42.53752260953411
 30
0.0
 10
36.7036597139834
 20
42.22245721560127
 30
0.0
 10
36.39057213440469
 20
42.22614672611785
 30
0.0
 10
35.02490304462734
 20
42.24224014788719
 30
0.0
 10
35.0001452872491
 20
42.36751376268225
 30
0.0
 10
34.50906006016269
 20
42.11063628659963
 30
0.0
 10
33.10943278330735
 20
41.37851749640895
 30
0.0
 10
33.39414107584907
 20
41.01593398581761
 30
0.0
 10
33.26116492684755
 20
41.01052627169601
 30
0.0
 10
32.35694916901939
 20
40.07579387648818
 30
0.0
 10
32.44424965171846
 20
40.02196653361325
 30
0.0
 10
31.82220119771371
 20
38.88744261599275
 30
0.0
 10
33.06644302277532
 20
39.89185103176131
 30
0.0
 10
35.9121466679359
 20
40.54924135797594
 30
0.0
 10
36.38734734768133
 20
40.42979455875331
 30
0.0
 10
36.38734734768133
 20
40.42979455875331
 30
0.0
 10
36.39006166615338
 20
40.43204569602416
 30
0.0
 10
36.39006166615338
 20
40.43204569602416
 30
0.0
 10
36.44962172305623
 20
40.4767451981272
 30
0.0
 10
37.39369972315745
 20
40.20436820108955
 30
0.0
 10
37.84894225788068
 20
40.16970489761322
 30
0.0
 10
40.41668021789921
 20
39.9741909168954
 30
0.0
 10
40.51842222428162
 20
40.41013922124046
 30
0.0
 10
41.22933303410893
 20
40.47327795469049
 30
0.0
 10
41.1589517094127
 20
40.28352109972048
 30
0.0
 10
39.9884730634484
 20
39.61104037103014
 30
0.0
 10
38.33072260329433
 20
39.48861603837415
 30
0.0
 10
39.40113564349222
 20
39.04812665450584
 30
0.0
 10
41.68215914467994
 20
38.58098686793651
 30
0.0
 10
41.72680636286569
 20
38.54470968449944
 30
0.0
 10
41.08570825456913
 20
38.31307902498816
 30
0.0
 10
39.19296126053962
 20
38.61072147765233
 30
0.0
 10
38.97537463572738
 20
38.64493789267262
 30
0.0
 10
38.97537463572738
 20
38.64493789267262
 30
0.0
 10
38.98097952922528
 20
38.63978636461035
 30
0.0
 10
38.98097952922528
 20
38.63978636461035
 30
0.0
 10
38.98187677819306
 20
38.62816372630112
 30
0.0
 10
39.00098471724569
 20
37.74311124747022
 30
0.0
 10
38.5382977453776
 20
36.76423022993615
 30
0.0
 10
39.42806264342569
 20
36.60826965115013
 30
0.0
 10
40.63120522776285
 20
35.42812075059086
 30
0.0
 10
40.73160977730301
 20
35.11983357139882
 30
0.0
 10
40.38762797805425
 20
35.23795174954942
 30
0.0
 10
40.11027192318208
 20
35.50393290050023
 30
0.0
 10
39.77448622509956
 20
35.64365887227085
 30
0.0
 10
39.65844936699263
 20
35.69194372434401
 30
0.0
 10
38.70055454549392
 20
36.09053957149373
 30
0.0
 10
38.22815319833741
 20
35.92110426928171
 30
0.0
 10
41.98215499126415
 20
32.09471689698745
 30
0.0
 10
39.25764890171437
 20
27.02796206622602
 30
0.0
 10
38.52686651618239
 20
26.61343968243443
 30
0.0
 10
38.58977068777975
 20
26.87247208592742
 30
0.0
 10
41.57654660694611
 20
31.24794091051638
 30
0.0
 10
37.58564091203009
 20
35.18477395204403
 30
0.0
 10
37.28256840979416
 20
34.76926644116264
 30
0.0
 10
36.89946257111877
 20
34.30730389506856
 30
0.0
 10
36.43889407651263
 20
33.85320870925734
 30
0.0
 10
40.04113838185124
 20
30.2845450126806
 30
0.0
 10
37.29719763170787
 20
24.51081375678858
 30
0.0
 10
36.86070709704835
 20
24.19362311827405
 30
0.0
 10
36.86988934221122
 20
24.3739891728849
 30
0.0
 10
39.42755119579563
 20
30.03583217440966
 30
0.0
 10
35.72475774618668
 20
33.21265864718585
 30
0.0
 10
35.17831053032587
 20
32.76851171858013
 30
0.0
 10
34.55207073850467
 20
32.35980898746496
 30
0.0
 10
33.84879121737983
 20
32.04472226040232
 30
0.0
 10
36.66806608427575
 20
29.48951958899075
 30
0.0
 10
36.50414480624764
 20
25.5515376737513
 30
0.0
 10
36.19636311753688
 20
25.00886103811132
 30
0.0
 10
36.15675541330274
 20
25.13165869923419
 30
0.0
 10
36.23663454523459
 20
27.23277431814335
 30
0.0
 10
35.25706741301526
 20
28.98208024885545
 30
0.0
 10
35.25706741301526
 20
28.98208024885545
 30
0.0
 10
35.26037611076116
 20
28.95898266717856
 30
0.0
 10
35.26037611076116
 20
28.95898266717856
 30
0.0
 10
35.71221783448617
 20
25.78641458819379
 30
0.0
 10
34.64881234616833
 20
22.92020625869846
 30
0.0
 10
34.46569248590144
 20
22.42664131610702
 30
0.0
 10
33.40419483993597
 20
19.56557521476632
 30
0.0
 10
32.96695842857304
 20
19.50227512619434
 30
0.0
 10
32.61772238963606
 20
18.82083730900949
 30
0.0
 10
32.56683900742075
 20
19.76179959677239
 30
0.0
 10
32.66870333111979
 20
20.70688621695859
 30
0.0
 10
32.61781994890445
 20
21.64784850472147
 30
0.0
 10
32.59837197532401
 20
22.00749066913607
 30
0.0
 10
32.55580250728516
 20
22.37945683155904
 30
0.0
 10
32.40753724238846
 20
22.70769168852321
 30
0.0
 10
31.3528853155546
 20
17.13928430046595
 30
0.0
 10
27.59335121651409
 20
15.99777023652418
 30
0.0
 10
27.11006519554249
 20
16.30621461559728
 30
0.0
 10
27.11006519554249
 20
16.30621461559728
 30
0.0
 10
27.10762235911039
 20
16.3080959856895
 30
0.0
 10
27.10762235911039
 20
16.3080959856895
 30
0.0
  0
SPLINE
  5
8F
330
1F
100
AcDbEntity
  8
0
  6
Continuous
 62
    18
420
        0
370
     9
100
AcDbSpline
210
0.0
220
0.0
230
1.0
 70
    11
 71
     3
 72
    14
 73
    10
 74
     0
 42
0.000000001
 43
0.0
 40
0.0
 40
0.0
 40
0.0
 40
0.0
 40
1.0
 40
1.0
 40
1.0
 40
2.0
 40
2.0
 40
2.0
 40
3.0
 40
3.0
 40
3.0
 40
3.0
 10
23.64167347368777
 20
37.03826247166216
 30
0.0
 10
23.86928619494468
 20
36.43485083622846
 30
0.0
 10
23.79740790264365
 20
36.40290033253221
 30
0.0
 10
23.84366191732288
 20
36.37185309098363
 30
0.0
 10
24.05139039314349
 20
36.23241879084662
 30
0.0
 10
24.35742100609843
 20
36.30442248924967
 30
0.0
 10
24.56514948191901
 20
36.16498818911266
 30
0.0
 10
24.56514948191901
 20
36.16498818911266
 30
0.0
 10
23.64167347368777
 20
37.03826247166216
 30
0.0
 10
23.64167347368777
 20
37.03826247166216
 30
0.0
  0
SPLINE
  5
90
330
1F
100
AcDbEntity
  8
0
  6
Continuous
 62
    18
420
        0
370
     9
100
AcDbSpline
210
0.0
220
0.0
230
1.0
 70
    11
 71
     3
 72
    20
 73
    16
 74
     0
 42
0.000000001
 43
0.0
 40
0.0
 40
0.0
 40
0.0
 40
0.0
 40
1.0
 40
1.0
 40
1.0
 40
2.0
 40
2.0
 40
2.0
 40
3.0
 40
3.0
 40
3.0
 40
4.0
 40
4.0
 40
4.0
 40
5.0
 40
5.0
 40
5.0
 40
5.0
 10
33.26756080389418
 20
38.85707688925034
 30
0.0
 10
33.22565613996154
 20
38.8412703648775
 30
0.0
 10
32.89679869202995
 20
38.70109750159199
 30
0.0
 10
32.89618884273824
 20
38.69998169609792
 30
0.0
 10
32.88418965913964
 20
38.67802749337213
 30
0.0
 10
32.87064790182193
 20
38.65575042380074
 30
0.0
 10
32.86637589041503
 20
38.6310985000848
 30
0.0
 10
32.85238767686766
 20
38.55037859078563
 30
0.0
 10
32.8785274656157
 20
38.55187026288174
 30
0.0
 10
33.02162151498474
 20
37.61889745083565
 30
0.0
 10
33.07799308537491
 20
37.90269968380835
 30
0.0
 10
33.15672100494943
 20
38.18175452687894
 30
0.0
 10
33.21309257533954
 20
38.46555675985159
 30
0.0
 10
33.23876324284949
 20
38.59479553590097
 30
0.0
 10
33.25442184733244
 20
38.72597001595376
 30
0.0
 10
33.26756080389418
 20
38.85707688925034
 30
0.0
  0
SPLINE
  5
91
330
1F
100
AcDbEntity
  8
0
  6
Continuous
 62
    18
420
        0
370
     9
100
AcDbSpline
210
0.0
220
0.0
230
1.0
 70
    11
 71
     3
 72
    50
 73
    46
 74
     0
 42
0.000000001
 43
0.0
 40
0.0
 40
0.0
 40
0.0
 40
0.0
 40
1.0
 40
1.0
 40
1.0
 40
2.0
 40
2.0
 40
2.0
 40
3.0
 40
3.0
 40
3.0
 40
4.0
 40
4.0
 40
4.0
 40
5.0
 40
5.0
 40
5.0
 40
6.0
 40
6.0
 40
6.0
 40
7.0
 40
7.0
 40
7.0
 40
8.0
 40
8.0
 40
8.0
 40
9.0
 40
9.0
 40
9.0
 40
10.0
 40
10.0
 40
10.0
 40
11.0
 40
11.0
 40
11.0
 40
12.0
 40
12.0
 40
12.0
 40
13.0
 40
13.0
 40
13.0
 40
14.0
 40
14.0
 40
14.0
 40
15.0
 40
15.0
 40
15.0
 40
15.0
 10
16.78138682539463
 20
39.06969114604039
 30
0.0
 10
16.4176451440716
 20
38.95011617806867
 30
0.0
 10
16.05499107585269
 20
38.85440716839469
 30
0.0
 10
15.7015944710699
 20
38.77797892117511
 30
0.0
 10
15.72168317941972
 20
38.76548681456102
 30
0.0
 10
16.28280684395573
 20
36.82727277847126
 30
0.0
 10
17.26515985984551
 20
35.94245851508141
 30
0.0
 10
18.03500698310691
 20
35.24905023488758
 30
0.0
 10
18.13908263613384
 20
35.41587425230767
 30
0.0
 10
18.20429034886246
 20
35.35592177703104
 30
0.0
 10
19.09593178413882
 20
34.94929583198437
 30
0.0
 10
20.54027864275416
 20
34.90769123253005
 30
0.0
 10
20.74681470815691
 20
34.90174193425541
 30
0.0
 10
22.66876551231083
 20
34.84637989092018
 30
0.0
 10
22.91412385009806
 20
35.01790384563564
 30
0.0
 10
23.96924538684697
 20
33.40399385090602
 30
0.0
 10
23.42475864432473
 20
36.067128197627
 30
0.0
 10
23.4255992913736
 20
36.06721367535184
 30
0.0
 10
23.4189391132552
 20
36.08934810777829
 30
0.0
 10
20.89418216446076
 20
36.37779191193749
 30
0.0
 10
20.86228519423828
 20
36.22320668861678
 30
0.0
 10
19.85127779322847
 20
36.63562701166201
 30
0.0
 10
18.28206023055689
 20
37.27575804678491
 30
0.0
 10
18.42642880259427
 20
39.16669587647364
 30
0.0
 10
18.44539851755394
 20
39.41516097610939
 30
0.0
 10
18.25114495868052
 20
39.44446644578934
 30
0.0
 10
18.04541958668306
 20
39.47272967518421
 30
0.0
 10
17.82756350527241
 20
39.49962256614962
 30
0.0
 10
17.79382459624151
 20
39.48167883599206
 30
0.0
 10
17.73765049379706
 20
39.45260984030777
 30
0.0
 10
17.66597414607273
 20
39.41790593920223
 30
0.0
 10
17.70811784144448
 20
39.14946061841191
 30
0.0
 10
17.93742525657564
 20
36.10261367730225
 30
0.0
 10
20.96738632650857
 20
35.60047438512667
 30
0.0
 10
20.96738632650857
 20
35.60047438512667
 30
0.0
 10
21.01251104988149
 20
35.593155936933
 30
0.0
 10
21.01251104988149
 20
35.593155936933
 30
0.0
 10
21.02490851464334
 20
35.59114274742862
 30
0.0
 10
21.03494667475762
 20
35.60445385684893
 30
0.0
 10
21.04616448719568
 20
35.61010281680683
 30
0.0
 10
21.04616448719568
 20
35.61010281680683
 30
0.0
 10
21.05620432215775
 20
35.54442539790244
 30
0.0
 10
21.05620432215775
 20
35.54442539790244
 30
0.0
 10
20.74406946189268
 20
35.26457946689439
 30
0.0
 10
17.08740028801255
 20
35.68766336102175
 30
0.0
 10
16.78138682539463
 20
39.06969114604039
 30
0.0
  0
SPLINE
  5
92
330
1F
100
AcDbEntity
  8
0
  6
Continuous
 62
    18
420
        0
370
     9
100
AcDbSpline
210
0.0
220
0.0
230
1.0
 70
    11
 71
     3
 72
    20
 73
    16
 74
     0
 42
0.000000001
 43
0.0
 40
0.0
 40
0.0
 40
0.0
 40
0.0
 40
1.0
 40
1.0
 40
1.0
 40
2.0
 40
2.0
 40
2.0
 40
3.0
 40
3.0
 40
3.0
 40
4.0
 40
4.0
 40
4.0
 40
5.0
 40
5.0
 40
5.0
 40
5.0
 10
20.7971725977371
 20
38.86373550991993
 30
0.0
 10
20.8128453008864
 20
38.71062877911401
 30
0.0
 10
20.8341960040614
 20
38.55778137553447
 30
0.0
 10
20.86562038163528
 20
38.40711680393189
 30
0.0
 10
20.92133040522507
 20
38.1400143985334
 30
0.0
 10
21.002627780171
 20
37.87867806615076
 30
0.0
 10
21.05833780376079
 20
37.61157566075224
 30
0.0
 10
21.10813034132423
 20
37.90454017837262
 30
0.0
 10
21.17954600739718
 20
38.19355473842418
 30
0.0
 10
21.22933854496068
 20
38.48651925604455
 30
0.0
 10
21.23214031559702
 20
38.5030040431859
 30
0.0
 10
21.25160918179357
 20
38.6175530754908
 30
0.0
 10
21.20377977730324
 20
38.69396552993572
 30
0.0
 10
21.20377977730324
 20
38.69396552993572
 30
0.0
 10
20.7971725977371
 20
38.86373550991993
 30
0.0
 10
20.7971725977371
 20
38.86373550991993
 30
0.0
  0
SPLINE
  5
93
330
1F
100
AcDbEntity
  8
0
  6
Continuous
 62
    18
420
        0
370
     9
100
AcDbSpline
210
0.0
220
0.0
230
1.0
 70
    11
 71
     3
 72
    26
 73
    22
 74
     0
 42
0.000000001
 43
0.0
 40
0.0
 40
0.0
 40
0.0
 40
0.0
 40
1.0
 40
1.0
 40
1.0
 40
2.0
 40
2.0
 40
2.0
 40
3.0
 40
3.0
 40
3.0
 40
4.0
 40
4.0
 40
4.0
 40
5.0
 40
5.0
 40
5.0
 40
6.0
 40
6.0
 40
6.0
 40
7.0
 40
7.0
 40
7.0
 40
7.0
 10
34.64328705730843
 20
39.24556057768866
 30
0.0
 10
34.4767513369756
 20
39.21011057557044
 30
0.0
 10
34.27814993352705
 20
39.23656503936327
 30
0.0
 10
34.1458821555856
 20
39.12934524774165
 30
0.0
 10
34.09749830775925
 20
39.09012400911095
 30
0.0
 10
34.45630424700836
 20
39.01133940124051
 30
0.0
 10
34.00316049538082
 20
38.36398813465431
 30
0.0
 10
33.94043335729609
 20
38.27437751519264
 30
0.0
 10
33.93041378154722
 20
38.29374886686565
 30
0.0
 10
33.01953426175046
 20
37.41426569652528
 30
0.0
 10
33.01953426175046
 20
37.41426569652528
 30
0.0
 10
32.10162541485477
 20
38.2180745591067
 30
0.0
 10
32.10162541485477
 20
38.2180745591067
 30
0.0
 10
32.10162541485477
 20
38.2180745591067
 30
0.0
 10
30.85574744473563
 20
36.50454566536783
 30
0.0
 10
30.85574744473563
 20
36.50454566536783
 30
0.0
 10
33.13737708065298
 20
37.00358633105564
 30
0.0
 10
33.21053640917967
 20
36.84051605401336
 30
0.0
 10
33.88953289664332
 20
37.35430484630933
 30
0.0
 10
34.37966004163019
 20
37.72517839064078
 30
0.0
 10
34.71655490537038
 20
38.3669360471695
 30
0.0
 10
34.64328705730843
 20
39.24556057768866
 30
0.0
  0
SPLINE
  5
94
330
1F
100
AcDbEntity
  8
0
  6
Continuous
 62
    18
420
        0
370
     9
100
AcDbSpline
210
0.0
220
0.0
230
1.0
 70
    11
 71
     3
 72
    20
 73
    16
 74
     0
 42
0.000000001
 43
0.0
 40
0.0
 40
0.0
 40
0.0
 40
0.0
 40
1.0
 40
1.0
 40
1.0
 40
2.0
 40
2.0
 40
2.0
 40
3.0
 40
3.0
 40
3.0
 40
4.0
 40
4.0
 40
4.0
 40
5.0
 40
5.0
 40
5.0
 40
5.0
 10
21.34801372735503
 20
26.97153654958169
 30
0.0
 10
21.34801372735503
 20
26.97153654958169
 30
0.0
 10
21.34751662288988
 20
26.97317462752282
 30
0.0
 10
21.34751662288988
 20
26.97317462752282
 30
0.0
 10
21.1328560052745
 20
27.680441996001
 30
0.0
 10
20.3355661377313
 20
28.63217236904254
 30
0.0
 10
19.78991033271019
 20
29.23127933136659
 30
0.0
 10
19.78937315082848
 20
28.65151550565536
 30
0.0
 10
18.82701016864949
 20
23.6514025479781
 30
0.0
 10
21.2776234195693
 20
19.32578923743468
 30
0.0
 10
20.26021392807814
 20
22.10830170896303
 30
0.0
 10
20.72899555726864
 20
23.78144843252787
 30
0.0
 10
21.53231476718598
 20
23.69385494334686
 30
0.0
 10
21.35927070145092
 20
24.98989719199346
 30
0.0
 10
21.34025100328098
 20
26.18394545558522
 30
0.0
 10
21.34801372735503
 20
26.97153654958169
 30
0.0
  0
SPLINE
  5
95
330
1F
100
AcDbEntity
  8
0
  6
Continuous
 62
    18
420
        0
370
     9
100
AcDbSpline
210
0.0
220
0.0
230
1.0
 70
    11
 71
     3
 72
    14
 73
    10
 74
     0
 42
0.000000001
 43
0.0
 40
0.0
 40
0.0
 40
0.0
 40
0.0
 40
1.0
 40
1.0
 40
1.0
 40
2.0
 40
2.0
 40
2.0
 40
3.0
 40
3.0
 40
3.0
 40
3.0
 10
21.64454650008511
 20
22.96842357424909
 30
0.0
 10
21.64454650008511
 20
22.96842357424909
 30
0.0
 10
21.63228646116383
 20
23.03859765820596
 30
0.0
 10
21.63228646116383
 20
23.03859765820596
 30
0.0
 10
21.61773424101285
 20
23.045333409249
 30
0.0
 10
21.61734083099807
 20
23.04391991595633
 30
0.0
 10
21.60236194325725
 20
23.04925401699371
 30
0.0
 10
21.6216969506279
 20
23.00774876962517
 30
0.0
 10
21.61871400310747
 20
23.00621374011916
 30
0.0
 10
21.64454650008511
 20
22.96842357424909
 30
0.0
  0
SPLINE
  5
96
330
1F
100
AcDbEntity
  8
0
  6
Continuous
 62
    18
420
        0
370
     9
100
AcDbSpline
210
0.0
220
0.0
230
1.0
 70
    11
 71
     3
 72
    17
 73
    13
 74
     0
 42
0.000000001
 43
0.0
 40
0.0
 40
0.0
 40
0.0
 40
0.0
 40
1.0
 40
1.0
 40
1.0
 40
2.0
 40
2.0
 40
2.0
 40
3.0
 40
3.0
 40
3.0
 40
4.0
 40
4.0
 40
4.0
 40
4.0
 10
32.73964689770525
 20
26.95884438687214
 30
0.0
 10
32.74890289196247
 20
25.9372376544182
 30
0.0
 10
32.70893729171198
 20
24.81716513130431
 30
0.0
 10
32.56358678717622
 20
23.69304592538637
 30
0.0
 10
33.27361382787102
 20
23.74421579475095
 30
0.0
 10
33.9066561003481
 20
22.3901054756595
 30
0.0
 10
32.81394992130576
 20
19.34078071353485
 30
0.0
 10
35.15698847918881
 20
23.5581374938901
 30
0.0
 10
34.25274748483293
 20
29.15079671283264
 30
0.0
 10
34.25242086941562
 20
29.20888721522753
 30
0.0
 10
32.98792363948846
 20
27.7801126303598
 30
0.0
 10
32.80241360314478
 20
27.1664687561772
 30
0.0
 10
32.73964689770525
 20
26.95884438687214
 30
0.0
  0
SPLINE
  5
97
330
1F
100
AcDbEntity
  8
0
  6
Continuous
 62
    18
420
        0
370
     9
100
AcDbSpline
210
0.0
220
0.0
230
1.0
 70
    11
 71
     3
 72
    14
 73
    10
 74
     0
 42
0.000000001
 43
0.0
 40
0.0
 40
0.0
 40
0.0
 40
0.0
 40
1.0
 40
1.0
 40
1.0
 40
2.0
 40
2.0
 40
2.0
 40
3.0
 40
3.0
 40
3.0
 40
3.0
 10
29.5913878162084
 20
36.16407711929006
 30
0.0
 10
30.0127481651519
 20
36.30817953897061
 30
0.0
 10
30.26845331737601
 20
36.34352454959286
 30
0.0
 10
30.28980837664975
 20
36.36980244151729
 30
0.0
 10
30.39896911633673
 20
36.50412724404349
 30
0.0
 10
30.3700793097881
 20
36.87406182177303
 30
0.0
 10
30.48282631643238
 20
37.02358314823643
 30
0.0
 10
30.48282631643238
 20
37.02358314823643
 30
0.0
 10
29.5913878162084
 20
36.16407711929006
 30
0.0
 10
29.5913878162084
 20
36.16407711929006
 30
0.0
  0
SPLINE
  5
98
330
1F
100
AcDbEntity
  8
0
  6
Continuous
 62
    18
420
        0
370
     9
100
AcDbSpline
210
0.0
220
0.0
230
1.0
 70
    11
 71
     3
 72
    23
 73
    19
 74
     0
 42
0.000000001
 43
0.0
 40
0.0
 40
0.0
 40
0.0
 40
0.0
 40
1.0
 40
1.0
 40
1.0
 40
2.0
 40
2.0
 40
2.0
 40
3.0
 40
3.0
 40
3.0
 40
4.0
 40
4.0
 40
4.0
 40
5.0
 40
5.0
 40
5.0
 40
6.0
 40
6.0
 40
6.0
 40
6.0
 10
26.96842502824012
 20
24.75178211606656
 30
0.0
 10
26.96902987647924
 20
24.74722471909007
 30
0.0
 10
26.96964569380716
 20
24.74258467246824
 30
0.0
 10
26.97128682466221
 20
24.7382902111388
 30
0.0
 10
27.00809702254145
 20
24.64196640440149
 30
0.0
 10
27.02797854724369
 20
24.65607309644258
 30
0.0
 10
27.10459229303312
 20
24.58756753487052
 30
0.0
 10
27.1277376068993
 20
24.60958043452504
 30
0.0
 10
27.15637707832762
 20
24.62528687095389
 30
0.0
 10
27.17952239219382
 20
24.64729977060844
 30
0.0
 10
27.19599957868623
 20
24.66297078958635
 30
0.0
 10
27.21045610361007
 20
24.68093133300866
 30
0.0
 10
27.22282305672692
 20
24.70001370658007
 30
0.0
 10
27.23390802204635
 20
24.71711795588482
 30
0.0
 10
27.23829551749505
 20
24.73798748668194
 30
0.0
 10
27.24938048281451
 20
24.75509173598672
 30
0.0
 10
27.24938048281451
 20
24.75509173598672
 30
0.0
 10
26.96842502824012
 20
24.75178211606656
 30
0.0
 10
26.96842502824012
 20
24.75178211606656
 30
0.0
  0
SPLINE
  5
99
330
1F
100
AcDbEntity
  8
0
  6
Continuous
 62
    18
420
        0
370
     9
100
AcDbSpline
210
0.0
220
0.0
230
1.0
 70
    11
 71
     3
 72
   128
 73
   124
 74
     0
 42
0.000000001
 43
0.0
 40
0.0
 40
0.0
 40
0.0
 40
0.0
 40
1.0
 40
1.0
 40
1.0
 40
2.0
 40
2.0
 40
2.0
 40
3.0
 40
3.0
 40
3.0
 40
4.0
 40
4.0
 40
4.0
 40
5.0
 40
5.0
 40
5.0
 40
6.0
 40
6.0
 40
6.0
 40
7.0
 40
7.0
 40
7.0
 40
8.0
 40
8.0
 40
8.0
 40
9.0
 40
9.0
 40
9.0
 40
10.0
 40
10.0
 40
10.0
 40
11.0
 40
11.0
 40
11.0
 40
12.0
 40
12.0
 40
12.0
 40
13.0
 40
13.0
 40
13.0
 40
14.0
 40
14.0
 40
14.0
 40
15.0
 40
15.0
 40
15.0
 40
16.0
 40
16.0
 40
16.0
 40
17.0
 40
17.0
 40
17.0
 40
18.0
 40
18.0
 40
18.0
 40
19.0
 40
19.0
 40
19.0
 40
20.0
 40
20.0
 40
20.0
 40
21.0
 40
21.0
 40
21.0
 40
22.0
 40
22.0
 40
22.0
 40
23.0
 40
23.0
 40
23.0
 40
24.0
 40
24.0
 40
24.0
 40
25.0
 40
25.0
 40
25.0
 40
26.0
 40
26.0
 40
26.0
 40
27.0
 40
27.0
 40
27.0
 40
28.0
 40
28.0
 40
28.0
 40
29.0
 40
29.0
 40
29.0
 40
30.0
 40
30.0
 40
30.0
 40
31.0
 40
31.0
 40
31.0
 40
32.0
 40
32.0
 40
32.0
 40
33.0
 40
33.0
 40
33.0
 40
34.0
 40
34.0
 40
34.0
 40
35.0
 40
35.0
 40
35.0
 40
36.0
 40
36.0
 40
36.0
 40
37.0
 40
37.0
 40
37.0
 40
38.0
 40
38.0
 40
38.0
 40
39.0
 40
39.0
 40
39.0
 40
40.0
 40
40.0
 40
40.0
 40
41.0
 40
41.0
 40
41.0
 40
41.0
 10
26.96295410896057
 20
34.9442300691238
 30
0.0
 10
26.96295410896057
 20
34.9442300691238
 30
0.0
 10
26.95385092975555
 20
34.94614175783536
 30
0.0
 10
26.95385092975555
 20
34.94614175783536
 30
0.0
 10
26.31572131558501
 20
35.08101150211617
 30
0.0
 10
25.71224548006359
 20
35.36220548024536
 30
0.0
 10
25.15901809647532
 20
35.72735777062002
 30
0.0
 10
25.06388202359513
 20
35.76437344664943
 30
0.0
 10
24.6935954464412
 20
35.90844506494341
 30
0.0
 10
23.91798067779684
 20
36.02419522555806
 30
0.0
 10
24.0559338896827
 20
35.29899912909562
 30
0.0
 10
24.07771181030547
 20
34.55622471832011
 30
0.0
 10
24.18013029890016
 20
33.82516321599086
 30
0.0
 10
24.41169563183863
 20
32.1722536436265
 30
0.0
 10
25.0528033768038
 20
32.03690467777385
 30
0.0
 10
24.97794590049564
 20
31.71355749525186
 30
0.0
 10
24.42238036564232
 20
32.20560613968544
 30
0.0
 10
24.21242934425828
 20
32.47494270350352
 30
0.0
 10
24.06201636600326
 20
33.01082240985136
 30
0.0
 10
22.24164383281355
 20
35.47655398137341
 30
0.0
 10
21.35131592771079
 20
34.10266738060826
 30
0.0
 10
19.39369241226782
 20
34.28853121690212
 30
0.0
 10
21.21001771167574
 20
32.81388507732164
 30
0.0
 10
23.85215511234283
 20
31.88926591215616
 30
0.0
 10
23.51323802199846
 20
31.52957456619767
 30
0.0
 10
23.11085955786324
 20
31.10253191927051
 30
0.0
 10
22.61649551619067
 20
30.76886750813491
 30
0.0
 10
22.21411705205545
 20
30.34182486120774
 30
0.0
 10
22.21411705205545
 20
30.34182486120774
 30
0.0
 10
22.54726449427951
 20
29.5195111194403
 30
0.0
 10
22.54726449427951
 20
29.5195111194403
 30
0.0
 10
22.3929100043537
 20
29.52579827767315
 30
0.0
 10
21.09107165714366
 20
29.77402521651548
 30
0.0
 10
22.88167699709753
 20
31.421365227025
 30
0.0
 10
22.47640758613896
 20
31.43774739885468
 30
0.0
 10
21.92674388152005
 20
31.49377336450673
 30
0.0
 10
21.28523933471984
 20
31.66698081722267
 30
0.0
 10
21.19835506425086
 20
31.55287040453807
 30
0.0
 10
21.07692642697646
 20
31.69611435218206
 30
0.0
 10
19.91962219946411
 20
30.50544642569458
 30
0.0
 10
19.91962219946411
 20
30.50544642569458
 30
0.0
 10
19.96856462348241
 20
30.46882294010472
 30
0.0
 10
19.96856462348241
 20
30.46882294010472
 30
0.0
 10
21.6737307328208
 20
28.77221685970433
 30
0.0
 10
22.38656606458379
 20
25.66560628509772
 30
0.0
 10
23.13145918687449
 20
25.03953021756604
 30
0.0
 10
24.21608804128863
 20
24.12790927815576
 30
0.0
 10
26.47596673458183
 20
24.2771672500205
 30
0.0
 10
27.01113463159256
 20
24.53556890324881
 30
0.0
 10
26.84549846742242
 20
24.69027190029718
 30
0.0
 10
26.89313629518315
 20
24.74855719721639
 30
0.0
 10
26.90587645756468
 20
24.76414489678444
 30
0.0
 10
23.80995226241416
 20
24.99067422159948
 30
0.0
 10
22.33755892499913
 20
29.29442664002238
 30
0.0
 10
27.09164291149147
 20
29.05828720404601
 30
0.0
 10
31.80553427614472
 20
29.33414101340131
 30
0.0
 10
30.25299891590538
 20
24.99196694811578
 30
0.0
 10
27.30692758865541
 20
24.76485096324534
 30
0.0
 10
27.31890587151115
 20
24.7483762311384
 30
0.0
 10
27.36454934506133
 20
24.68559895260639
 30
0.0
 10
27.19727373653943
 20
24.53506075064985
 30
0.0
 10
27.89269647537986
 20
24.19235115477807
 30
0.0
 10
30.29133513709424
 20
24.14804478379818
 30
0.0
 10
31.27080947671726
 20
25.32173281424348
 30
0.0
 10
31.72454327563732
 20
25.86543458085219
 30
0.0
 10
32.12263686693244
 20
27.56586787089691
 30
0.0
 10
32.53657309711113
 20
28.31549509554759
 30
0.0
 10
32.64125151393554
 20
28.50506485379523
 30
0.0
 10
33.47578490311965
 20
30.01638206355574
 30
0.0
 10
34.12701140320302
 20
30.50586829990065
 30
0.0
 10
33.73848207772149
 20
30.91427222900726
 30
0.0
 10
33.2718018968407
 20
31.24046044340453
 30
0.0
 10
32.84629442931659
 20
31.61017952750783
 30
0.0
 10
32.83056527384724
 20
31.62384642973097
 30
0.0
 10
32.81679476884304
 20
31.63970828039803
 30
0.0
 10
32.80355937705693
 20
31.65580222187997
 30
0.0
 10
32.80355937705693
 20
31.65580222187997
 30
0.0
 10
32.79576248946558
 20
31.6655979491272
 30
0.0
 10
32.79576248946558
 20
31.6655979491272
 30
0.0
 10
32.30714810925379
 20
31.53136096111859
 30
0.0
 10
31.78849086749181
 20
31.44521215143764
 30
0.0
 10
31.24047859978756
 20
31.42168575022441
 30
0.0
 10
31.34203956132365
 20
31.32793266128545
 30
0.0
 10
32.22938212063657
 20
30.50880782607004
 30
0.0
 10
32.02467262049998
 20
29.88217868036361
 30
0.0
 10
32.01009971233684
 20
29.83757005698959
 30
0.0
 10
31.91515085245603
 20
29.54692539754163
 30
0.0
 10
31.56390979301884
 20
29.51912658371227
 30
0.0
 10
31.61946904635149
 20
29.64060781532813
 30
0.0
 10
31.7348871554705
 20
29.72763931052996
 30
0.0
 10
31.79309497397614
 20
29.84787395666247
 30
0.0
 10
32.20871151960259
 20
30.70637560769764
 30
0.0
 10
30.4812156024591
 20
31.22633312310996
 30
0.0
 10
30.60062829858716
 20
31.71328753083579
 30
0.0
 10
30.67354375198612
 20
32.01063029735308
 30
0.0
 10
32.97781661337168
 20
32.90463968804591
 30
0.0
 10
34.64370064255394
 20
34.28873315131196
 30
0.0
 10
32.51485443755442
 20
34.08117848143476
 30
0.0
 10
31.8693886381301
 20
35.44314308477158
 30
0.0
 10
30.08437135731642
 20
33.01256216806397
 30
0.0
 10
29.93098394272952
 20
32.45716316160493
 30
0.0
 10
29.72112614019794
 20
32.19714981811119
 30
0.0
 10
29.18677723452706
 20
31.71390570534732
 30
0.0
 10
28.88203769155446
 20
32.02450373812134
 30
0.0
 10
29.69253138313746
 20
32.43943935313138
 30
0.0
 10
29.81977973744061
 20
32.85554653084097
 30
0.0
 10
29.89451087721823
 20
33.09992032907337
 30
0.0
 10
29.67393965942119
 20
33.12973849228324
 30
0.0
 10
30.21725109693235
 20
36.02503491208617
 30
0.0
 10
29.71726351455043
 20
35.94902900591236
 30
0.0
 10
29.33255323794126
 20
35.85456141619337
 30
0.0
 10
29.00841294942716
 20
35.72597468055051
 30
0.0
 10
28.4728374299002
 20
35.36590599308185
 30
0.0
 10
27.8843666285988
 20
35.0853101272369
 30
0.0
 10
27.25508216017151
 20
34.9474108875145
 30
0.0
 10
27.25508216017151
 20
34.9474108875145
 30
0.0
 10
27.25531343713691
 20
34.9375868754686
 30
0.0
 10
27.25531343713691
 20
34.9375868754686
 30
0.0
 10
27.17956438805687
 20
34.91060626659706
 30
0.0
 10
27.1968050519199
 20
34.90115908144725
 30
0.0
 10
27.10433259599421
 20
34.91727784721339
 30
0.0
 10
27.09300198980088
 20
34.91523117283587
 30
0.0
 10
26.91576436215835
 20
34.88321631811074
 30
0.0
 10
26.96295410896057
 20
34.9442300691238
 30
0.0
  0
SPLINE
  5
9A
330
1F
100
AcDbEntity
  8
0
  6
Continuous
 62
    18
420
        0
370
     9
100
AcDbSpline
210
0.0
220
0.0
230
1.0
 70
    11
 71
     3
 72
    62
 73
    58
 74
     0
 42
0.000000001
 43
0.0
 40
0.0
 40
0.0
 40
0.0
 40
0.0
 40
1.0
 40
1.0
 40
1.0
 40
2.0
 40
2.0
 40
2.0
 40
3.0
 40
3.0
 40
3.0
 40
4.0
 40
4.0
 40
4.0
 40
5.0
 40
5.0
 40
5.0
 40
6.0
 40
6.0
 40
6.0
 40
7.0
 40
7.0
 40
7.0
 40
8.0
 40
8.0
 40
8.0
 40
9.0
 40
9.0
 40
9.0
 40
10.0
 40
10.0
 40
10.0
 40
11.0
 40
11.0
 40
11.0
 40
12.0
 40
12.0
 40
12.0
 40
13.0
 40
13.0
 40
13.0
 40
14.0
 40
14.0
 40
14.0
 40
15.0
 40
15.0
 40
15.0
 40
16.0
 40
16.0
 40
16.0
 40
17.0
 40
17.0
 40
17.0
 40
18.0
 40
18.0
 40
18.0
 40
19.0
 40
19.0
 40
19.0
 40
19.0
 10
26.88699091012244
 20
30.92368226755633
 30
0.0
 10
26.88699091012244
 20
30.92368226755633
 30
0.0
 10
26.86291017959526
 20
30.94579887475706
 30
0.0
 10
26.86291017959526
 20
30.94579887475706
 30
0.0
 10
26.86291017959526
 20
30.94579887475706
 30
0.0
 10
26.81252751408407
 20
30.94512337291066
 30
0.0
 10
26.81252751408407
 20
30.94512337291066
 30
0.0
 10
26.81252751408407
 20
30.94512337291066
 30
0.0
 10
26.76502991345316
 20
30.96656049905271
 30
0.0
 10
26.76502991345316
 20
30.96656049905271
 30
0.0
 10
26.68495121064945
 20
31.03803786516958
 30
0.0
 10
26.22792000286047
 20
31.53118118666666
 30
0.0
 10
25.87084343951571
 20
32.1219515171415
 30
0.0
 10
25.77770989025853
 20
32.25896265562847
 30
0.0
 10
24.56468428946632
 20
34.04347553958907
 30
0.0
 10
25.93893632717799
 20
34.19168261237464
 30
0.0
 10
26.43277738024118
 20
34.4540116672232
 30
0.0
 10
26.8995872882412
 20
34.03481083851629
 30
0.0
 10
26.99478966114452
 20
33.54128284464321
 30
0.0
 10
27.01636443892981
 20
33.48626666200624
 30
0.0
 10
27.22498027692614
 20
32.95429144731755
 30
0.0
 10
26.99675233392018
 20
32.80259452921014
 30
0.0
 10
26.98765684189772
 20
32.82633330620477
 30
0.0
 10
27.01643165389568
 20
32.82870408149964
 30
0.0
 10
26.95975837995192
 20
33.11820375443458
 30
0.0
 10
26.93614869267434
 20
33.10264937817178
 30
0.0
 10
26.92647010847822
 20
33.10385734156971
 30
0.0
 10
26.8946459124184
 20
33.07838381464428
 30
0.0
 10
26.83545452791519
 20
33.1867988914152
 30
0.0
 10
26.8255461931442
 20
33.31586437700581
 30
0.0
 10
26.78126336923354
 20
33.43117474244254
 30
0.0
 10
26.55375678541987
 20
34.0235910565365
 30
0.0
 10
26.19361227796133
 20
33.86380206694167
 30
0.0
 10
26.06598723135897
 20
33.67827469599303
 30
0.0
 10
25.7711286372149
 20
33.24964143606859
 30
0.0
 10
26.98632386218983
 20
32.09692610556252
 30
0.0
 10
27.10138274888694
 20
31.98778303136266
 30
0.0
 10
27.21908478981207
 20
32.10200327937565
 30
0.0
 10
28.63926048234997
 20
33.48016816546084
 30
0.0
 10
27.94117408975361
 20
33.85804532573559
 30
0.0
 10
27.72552116836534
 20
33.97477917759613
 30
0.0
 10
27.52677760485949
 20
33.6419594142742
 30
0.0
 10
27.50618806831366
 20
33.6074797835419
 30
0.0
 10
27.35967721367448
 20
33.36212991104817
 30
0.0
 10
27.44837778222734
 20
33.32900119398487
 30
0.0
 10
27.31004703485139
 20
33.0783144847776
 30
0.0
 10
26.89098338438995
 20
33.40164529815973
 30
0.0
 10
27.6224216616857
 20
34.59573730649102
 30
0.0
 10
28.27569240210355
 20
34.17508513464875
 30
0.0
 10
29.54611721071563
 20
33.35703693220957
 30
0.0
 10
27.69387809926111
 20
31.15356657060931
 30
0.0
 10
27.45751499729703
 20
30.99230244968793
 30
0.0
 10
27.3727786205014
 20
30.9344891226481
 30
0.0
 10
27.36171228497957
 20
31.00607159787779
 30
0.0
 10
27.27144066481118
 20
30.9676964855821
 30
0.0
 10
27.27144066481118
 20
30.9676964855821
 30
0.0
 10
26.88699091012244
 20
30.92368226755633
 30
0.0
 10
26.88699091012244
 20
30.92368226755633
 30
0.0
  0
SPLINE
  5
9B
330
1F
100
AcDbEntity
  8
0
  6
Continuous
 62
    18
420
        0
370
     9
100
AcDbSpline
210
0.0
220
0.0
230
1.0
 70
    11
 71
     3
 72
    17
 73
    13
 74
     0
 42
0.000000001
 43
0.0
 40
0.0
 40
0.0
 40
0.0
 40
0.0
 40
1.0
 40
1.0
 40
1.0
 40
2.0
 40
2.0
 40
2.0
 40
3.0
 40
3.0
 40
3.0
 40
4.0
 40
4.0
 40
4.0
 40
4.0
 10
32.46703354159557
 20
23.04112472236843
 30
0.0
 10
32.46703354159557
 20
23.04112472236843
 30
0.0
 10
32.46028778794626
 20
23.00120403298456
 30
0.0
 10
32.46028778794626
 20
23.00120403298456
 30
0.0
 10
32.4649431330744
 20
23.00916713547778
 30
0.0
 10
32.48227053001137
 20
23.04416356307136
 30
0.0
 10
32.48340454959939
 20
23.04733809921935
 30
0.0
 10
32.48387114651639
 20
23.04864427487556
 30
0.0
 10
32.48055925667894
 20
23.04885704617848
 30
0.0
 10
32.48032846100104
 20
23.04879333339321
 30
0.0
 10
32.47520137043608
 20
23.04737796364577
 30
0.0
 10
32.47182531301726
 20
23.04314646578999
 30
0.0
 10
32.46703354159557
 20
23.04112472236843
 30
0.0
  0
SPLINE
  5
9C
330
1F
100
AcDbEntity
  8
0
  6
Continuous
 62
    18
420
        0
370
     9
100
AcDbSpline
210
0.0
220
0.0
230
1.0
 70
    11
 71
     3
 72
    29
 73
    25
 74
     0
 42
0.000000001
 43
0.0
 40
0.0
 40
0.0
 40
0.0
 40
0.0
 40
1.0
 40
1.0
 40
1.0
 40
2.0
 40
2.0
 40
2.0
 40
3.0
 40
3.0
 40
3.0
 40
4.0
 40
4.0
 40
4.0
 40
5.0
 40
5.0
 40
5.0
 40
6.0
 40
6.0
 40
6.0
 40
7.0
 40
7.0
 40
7.0
 40
8.0
 40
8.0
 40
8.0
 40
8.0
 10
23.27932244938219
 20
36.5026997626299
 30
0.0
 10
23.00681509204724
 20
37.22047021643017
 30
0.0
 10
22.62330766346237
 20
37.76360281325361
 30
0.0
 10
21.99718586710117
 20
38.22505065636005
 30
0.0
 10
21.85879623288498
 20
38.02572747816797
 30
0.0
 10
21.66789271326544
 20
37.86627510259564
 30
0.0
 10
21.47988008384829
 20
37.71287148007411
 30
0.0
 10
21.33899893604343
 20
37.59792346575585
 30
0.0
 10
21.15746058261966
 20
37.53990040362579
 30
0.0
 10
21.01657943481487
 20
37.42495238930756
 30
0.0
 10
20.68073114458107
 20
37.78757167735589
 30
0.0
 10
20.29732884295541
 20
38.10413334509888
 30
0.0
 10
19.96148055272161
 20
38.46675263314721
 30
0.0
 10
19.88539524029713
 20
38.54890282603069
 30
0.0
 10
19.7366419284323
 20
38.93025219871425
 30
0.0
 10
19.91740050763133
 20
39.12822868845845
 30
0.0
 10
19.75693489072729
 20
39.16829724734971
 30
0.0
 10
19.58217381523318
 20
39.20829805378139
 30
0.0
 10
19.39189500931756
 20
39.2476224934212
 30
0.0
 10
19.37701826476034
 20
39.08408610969521
 30
0.0
 10
19.26152236026842
 20
37.81446811745586
 30
0.0
 10
20.13616136485694
 20
37.33466099192724
 30
0.0
 10
21.01429206337097
 20
36.85293840228508
 30
0.0
 10
21.05720625026732
 20
36.98498652274725
 30
0.0
 10
23.27932244938219
 20
36.5026997626299
 30
0.0
  0
SPLINE
  5
9D
330
1F
100
AcDbEntity
  8
0
  6
Continuous
 62
    18
420
        0
370
     9
100
AcDbSpline
210
0.0
220
0.0
230
1.0
 70
    11
 71
     3
 72
    20
 73
    16
 74
     0
 42
0.000000001
 43
0.0
 40
0.0
 40
0.0
 40
0.0
 40
0.0
 40
1.0
 40
1.0
 40
1.0
 40
2.0
 40
2.0
 40
2.0
 40
3.0
 40
3.0
 40
3.0
 40
4.0
 40
4.0
 40
4.0
 40
5.0
 40
5.0
 40
5.0
 40
5.0
 10
27.10301165334927
 20
24.46253658499542
 30
0.0
 10
26.72510078800016
 20
24.20954639749812
 30
0.0
 10
22.93694308973578
 20
22.86356930458675
 30
0.0
 10
21.5710532659646
 20
26.31263429976659
 30
0.0
 10
21.64154155875883
 20
25.54888524151137
 30
0.0
 10
22.20218442422307
 20
19.47425293674026
 30
0.0
 10
25.73069665648639
 20
17.67456113377639
 30
0.0
 10
27.36300838524992
 20
16.84201250002737
 30
0.0
 10
27.54149601761732
 20
16.94506153597636
 30
0.0
 10
29.02725012111385
 20
18.03881495438191
 30
0.0
 10
29.60374737305546
 20
18.46320943428172
 30
0.0
 10
31.94554277425671
 20
20.18714660480165
 30
0.0
 10
32.51337177545793
 20
26.28010081863717
 30
0.0
 10
31.12166817258552
 20
22.79992653988325
 30
0.0
 10
27.37123992243662
 20
24.27781531001938
 30
0.0
 10
27.10301165334927
 20
24.46253658499542
 30
0.0
  0
SPLINE
  5
9E
330
1F
100
AcDbEntity
  8
0
  6
Continuous
 62
    18
420
        0
370
     9
100
AcDbSpline
210
0.0
220
0.0
230
1.0
 70
    11
 71
     3
 72
    20
 73
    16
 74
     0
 42
0.000000001
 43
0.0
 40
0.0
 40
0.0
 40
0.0
 40
0.0
 40
1.0
 40
1.0
 40
1.0
 40
2.0
 40
2.0
 40
2.0
 40
3.0
 40
3.0
 40
3.0
 40
4.0
 40
4.0
 40
4.0
 40
5.0
 40
5.0
 40
5.0
 40
5.0
 10
29.71127417249313
 20
21.41191002695265
 30
0.0
 10
29.72381680640346
 20
21.54960962588252
 30
0.0
 10
29.79476242667743
 20
21.67555960825801
 30
0.0
 10
29.83425246941968
 20
21.80807011250216
 30
0.0
 10
30.12657073278049
 20
22.78895637617218
 30
0.0
 10
30.00721032201596
 20
22.97421261171551
 30
0.0
 10
30.08450207452994
 20
23.5066272716367
 30
0.0
 10
30.1413208102019
 20
23.89801609186686
 30
0.0
 10
30.28817896654608
 20
23.79301366265415
 30
0.0
 10
30.6303318535982
 20
23.99251174946161
 30
0.0
 10
30.84572513374392
 20
23.69769030135755
 30
0.0
 10
31.20486916830102
 20
23.76081059225683
 30
0.0
 10
30.94753190647704
 20
23.05070734852106
 30
0.0
 10
30.66579763254836
 20
22.27328234457729
 30
0.0
 10
29.96711400545239
 20
21.4762359998454
 30
0.0
 10
29.71127417249313
 20
21.41191002695265
 30
0.0
  0
SPLINE
  5
9F
330
1F
100
AcDbEntity
  8
0
  6
Continuous
 62
    18
420
        0
370
     9
100
AcDbSpline
210
0.0
220
0.0
230
1.0
 70
    11
 71
     3
 72
    20
 73
    16
 74
     0
 42
0.000000001
 43
0.0
 40
0.0
 40
0.0
 40
0.0
 40
0.0
 40
1.0
 40
1.0
 40
1.0
 40
2.0
 40
2.0
 40
2.0
 40
3.0
 40
3.0
 40
3.0
 40
4.0
 40
4.0
 40
4.0
 40
5.0
 40
5.0
 40
5.0
 40
5.0
 10
29.57567255602195
 20
20.78986777615916
 30
0.0
 10
29.57567255602195
 20
20.78986777615916
 30
0.0
 10
29.65033829167593
 20
20.79276001919236
 30
0.0
 10
29.65033829167593
 20
20.79276001919236
 30
0.0
 10
29.88658664960178
 20
20.47598707579333
 30
0.0
 10
29.50717035589327
 20
18.57460469901699
 30
0.0
 10
28.97629751342348
 20
18.66422967107097
 30
0.0
 10
28.50896577737005
 20
18.74312727221564
 30
0.0
 10
28.48547466588274
 20
18.82402286063262
 30
0.0
 10
28.46134416974244
 20
19.29905176761779
 30
0.0
 10
28.45142099085118
 20
19.49439780589046
 30
0.0
 10
29.14892309721894
 20
19.81050359251433
 30
0.0
 10
29.59788624934721
 20
20.75359696425698
 30
0.0
 10
29.59788624934721
 20
20.75359696425698
 30
0.0
 10
29.57567255602195
 20
20.78986777615916
 30
0.0
 10
29.57567255602195
 20
20.78986777615916
 30
0.0
  0
SPLINE
  5
A0
330
1F
100
AcDbEntity
  8
0
  6
Continuous
 62
    18
420
        0
370
     9
100
AcDbSpline
210
0.0
220
0.0
230
1.0
 70
    11
 71
     3
 72
    20
 73
    16
 74
     0
 42
0.000000001
 43
0.0
 40
0.0
 40
0.0
 40
0.0
 40
0.0
 40
1.0
 40
1.0
 40
1.0
 40
2.0
 40
2.0
 40
2.0
 40
3.0
 40
3.0
 40
3.0
 40
4.0
 40
4.0
 40
4.0
 40
5.0
 40
5.0
 40
5.0
 40
5.0
 10
25.63327552897805
 20
22.10465568648292
 30
0.0
 10
25.17471435977635
 20
22.28058789083063
 30
0.0
 10
24.79174149253959
 20
23.02750960161922
 30
0.0
 10
24.89057707918419
 20
23.18903904268742
 30
0.0
 10
24.91972853970203
 20
23.23668199482273
 30
0.0
 10
25.17355977128958
 20
23.35772868515232
 30
0.0
 10
25.42710600992831
 20
23.27468796807144
 30
0.0
 10
25.5050379739717
 20
23.2491639208112
 30
0.0
 10
25.50100414610949
 20
23.24482981228432
 30
0.0
 10
25.86967686891028
 20
23.05705132303538
 30
0.0
 10
25.81782466819234
 20
22.89353047676657
 30
0.0
 10
25.74130806115408
 20
22.73849364841102
 30
0.0
 10
25.68999031153043
 20
22.57480428877722
 30
0.0
 10
25.67865713638815
 20
22.5386546096651
 30
0.0
 10
25.70579183331632
 20
22.53653523813819
 30
0.0
 10
25.63327552897805
 20
22.10465568648292
 30
0.0
  0
SPLINE
  5
A1
330
1F
100
AcDbEntity
  8
0
  6
Continuous
 62
    18
420
        0
370
     9
100
AcDbSpline
210
0.0
220
0.0
230
1.0
 70
    11
 71
     3
 72
    29
 73
    25
 74
     0
 42
0.000000001
 43
0.0
 40
0.0
 40
0.0
 40
0.0
 40
0.0
 40
1.0
 40
1.0
 40
1.0
 40
2.0
 40
2.0
 40
2.0
 40
3.0
 40
3.0
 40
3.0
 40
4.0
 40
4.0
 40
4.0
 40
5.0
 40
5.0
 40
5.0
 40
6.0
 40
6.0
 40
6.0
 40
7.0
 40
7.0
 40
7.0
 40
8.0
 40
8.0
 40
8.0
 40
8.0
 10
28.71975079118121
 20
23.27071843471086
 30
0.0
 10
28.71975079118121
 20
23.27071843471086
 30
0.0
 10
28.74629357946379
 20
23.33053564931635
 30
0.0
 10
28.74629357946379
 20
23.33053564931635
 30
0.0
 10
28.94864125013786
 20
23.27154683567044
 30
0.0
 10
29.33940128847912
 20
23.34562646718573
 30
0.0
 10
29.28360209307373
 20
23.03301370084494
 30
0.0
 10
29.23247962584068
 20
22.74660211752664
 30
0.0
 10
28.92082600123994
 20
22.271180860502
 30
0.0
 10
28.54430800724116
 20
22.10444592109484
 30
0.0
 10
28.52578975102694
 20
22.20862102686269
 30
0.0
 10
28.52549181603978
 20
22.31536633540822
 30
0.0
 10
28.50943559882976
 20
22.41994920381339
 30
0.0
 10
28.49722095559361
 20
22.49950981323123
 30
0.0
 10
28.4836990270655
 20
22.57942910078615
 30
0.0
 10
28.45959495451646
 20
22.65622807061571
 30
0.0
 10
28.41572366020786
 20
22.79600819288031
 30
0.0
 10
28.3498988695403
 20
22.92825569162607
 30
0.0
 10
28.30602757523173
 20
23.06803581389072
 30
0.0
 10
28.30602757523173
 20
23.06803581389072
 30
0.0
 10
28.7325803404255
 20
23.27602451682507
 30
0.0
 10
28.7325803404255
 20
23.27602451682507
 30
0.0
 10
28.7325803404255
 20
23.27602451682507
 30
0.0
 10
28.71975079118121
 20
23.27071843471086
 30
0.0
 10
28.71975079118121
 20
23.27071843471086
 30
0.0
  0
SPLINE
  5
A2
330
1F
100
AcDbEntity
  8
0
  6
Continuous
 62
    18
420
        0
370
     9
100
AcDbSpline
210
0.0
220
0.0
230
1.0
 70
    11
 71
     3
 72
    23
 73
    19
 74
     0
 42
0.000000001
 43
0.0
 40
0.0
 40
0.0
 40
0.0
 40
0.0
 40
1.0
 40
1.0
 40
1.0
 40
2.0
 40
2.0
 40
2.0
 40
3.0
 40
3.0
 40
3.0
 40
4.0
 40
4.0
 40
4.0
 40
5.0
 40
5.0
 40
5.0
 40
6.0
 40
6.0
 40
6.0
 40
6.0
 10
24.44062936091554
 20
21.41223630891854
 30
0.0
 10
24.11031558958182
 20
21.49199032374746
 30
0.0
 10
23.34429912434279
 20
22.49220596172051
 30
0.0
 10
23.12607351683736
 20
23.21160590651435
 30
0.0
 10
22.97502824355854
 20
23.70953995971864
 30
0.0
 10
23.38357598146288
 20
23.82369785460272
 30
0.0
 10
23.50177652618926
 20
23.99248136119462
 30
0.0
 10
23.99603633305867
 20
23.70628463725494
 30
0.0
 10
24.00395942454301
 20
23.71702402076177
 30
0.0
 10
24.02053982471411
 20
23.67374479688477
 30
0.0
 10
24.09492880829137
 20
23.47956990116439
 30
0.0
 10
24.06209869704139
 20
23.2599457048604
 30
0.0
 10
24.08505381197815
 20
23.05328009643958
 30
0.0
 10
24.11742695034756
 20
22.76182373231173
 30
0.0
 10
24.13206523968101
 20
22.46755305620548
 30
0.0
 10
24.18652168816031
 20
22.17940495626809
 30
0.0
 10
24.26270784766043
 20
21.77627736138261
 30
0.0
 10
24.39866471883324
 20
21.81890883533814
 30
0.0
 10
24.44062936091554
 20
21.41223630891854
 30
0.0
  0
SPLINE
  5
A3
330
1F
100
AcDbEntity
  8
0
  6
Continuous
 62
    18
420
        0
370
     9
100
AcDbSpline
210
0.0
220
0.0
230
1.0
 70
    11
 71
     3
 72
    29
 73
    25
 74
     0
 42
0.000000001
 43
0.0
 40
0.0
 40
0.0
 40
0.0
 40
0.0
 40
1.0
 40
1.0
 40
1.0
 40
2.0
 40
2.0
 40
2.0
 40
3.0
 40
3.0
 40
3.0
 40
4.0
 40
4.0
 40
4.0
 40
5.0
 40
5.0
 40
5.0
 40
6.0
 40
6.0
 40
6.0
 40
7.0
 40
7.0
 40
7.0
 40
8.0
 40
8.0
 40
8.0
 40
8.0
 10
26.58702926615722
 20
19.07441064348409
 30
0.0
 10
26.20289601086649
 20
19.44676941337805
 30
0.0
 10
25.77332582373003
 20
20.187812521766
 30
0.0
 10
25.78490392447256
 20
20.48585549557095
 30
0.0
 10
25.78490392447256
 20
20.48585549557095
 30
0.0
 10
25.84455476401316
 20
20.50812788647895
 30
0.0
 10
25.84455476401316
 20
20.50812788647895
 30
0.0
 10
25.92321231791773
 20
20.35183747549673
 30
0.0
 10
26.56114847412162
 20
19.93847879006344
 30
0.0
 10
27.10183503104009
 20
19.75199013072154
 30
0.0
 10
27.7166059858327
 20
19.96821072389871
 30
0.0
 10
28.32971816032696
 20
20.42510761322069
 30
0.0
 10
28.33443661600991
 20
20.50897688402512
 30
0.0
 10
28.33443661600991
 20
20.50897688402512
 30
0.0
 10
28.39619015849575
 20
20.48609979205513
 30
0.0
 10
28.39619015849575
 20
20.48609979205513
 30
0.0
 10
28.43374286148206
 20
20.31998781754579
 30
0.0
 10
28.09602033902031
 20
19.56111976351525
 30
0.0
 10
27.62658893029262
 20
19.08255573324161
 30
0.0
 10
27.66556840934829
 20
19.01788603243819
 30
0.0
 10
27.27915665190144
 20
18.66700843157042
 30
0.0
 10
27.10395285324541
 20
18.70675770020451
 30
0.0
 10
26.88995868717926
 20
18.68182325779026
 30
0.0
 10
26.56681644067593
 20
19.05670847624698
 30
0.0
 10
26.58702926615722
 20
19.07441064348409
 30
0.0
  0
SPLINE
  5
A4
330
1F
100
AcDbEntity
  8
0
  6
Continuous
 62
    18
420
        0
370
     9
100
AcDbSpline
210
0.0
220
0.0
230
1.0
 70
    11
 71
     3
 72
    23
 73
    19
 74
     0
 42
0.000000001
 43
0.0
 40
0.0
 40
0.0
 40
0.0
 40
0.0
 40
1.0
 40
1.0
 40
1.0
 40
2.0
 40
2.0
 40
2.0
 40
3.0
 40
3.0
 40
3.0
 40
4.0
 40
4.0
 40
4.0
 40
5.0
 40
5.0
 40
5.0
 40
6.0
 40
6.0
 40
6.0
 40
6.0
 10
27.1010341387443
 20
22.81628384872219
 30
0.0
 10
27.05876879897923
 20
22.77375624045193
 30
0.0
 10
27.05020947681152
 20
22.78975093694979
 30
0.0
 10
26.53907217247272
 20
22.32039002175173
 30
0.0
 10
26.42361072629522
 20
22.2143654964667
 30
0.0
 10
26.10415072253155
 20
23.15102796251346
 30
0.0
 10
26.20379911707567
 20
23.2219430710354
 30
0.0
 10
26.28599740482758
 20
23.28043975352502
 30
0.0
 10
26.81745620282895
 20
23.14178838881367
 30
0.0
 10
27.09722812482121
 20
22.88435571473381
 30
0.0
 10
27.46222319721289
 20
23.21361145734357
 30
0.0
 10
27.98416660403947
 20
23.25745546106835
 30
0.0
 10
28.00709003240665
 20
23.20619215269119
 30
0.0
 10
28.04778593656084
 20
23.11518453153941
 30
0.0
 10
27.90556037844276
 20
22.53799254636145
 30
0.0
 10
27.68812841370053
 20
22.3006290148781
 30
0.0
 10
27.25861377404107
 20
22.72258684680163
 30
0.0
 10
27.17128919685812
 20
22.7459086935775
 30
0.0
 10
27.1010341387443
 20
22.81628384872219
 30
0.0
  0
SPLINE
  5
A5
330
1F
100
AcDbEntity
  8
0
  6
Continuous
 62
    18
420
        0
370
     9
100
AcDbSpline
210
0.0
220
0.0
230
1.0
 70
    11
 71
     3
 72
    23
 73
    19
 74
     0
 42
0.000000001
 43
0.0
 40
0.0
 40
0.0
 40
0.0
 40
0.0
 40
1.0
 40
1.0
 40
1.0
 40
2.0
 40
2.0
 40
2.0
 40
3.0
 40
3.0
 40
3.0
 40
4.0
 40
4.0
 40
4.0
 40
5.0
 40
5.0
 40
5.0
 40
6.0
 40
6.0
 40
6.0
 40
6.0
 10
24.57172543699234
 20
20.78916749341773
 30
0.0
 10
24.62350637027427
 20
20.34574404682531
 30
0.0
 10
25.24657259016234
 20
19.78265145194783
 30
0.0
 10
25.3245645960188
 20
19.71216661493425
 30
0.0
 10
25.58803386818537
 20
19.47405774079011
 30
0.0
 10
25.72719365104039
 20
19.52701361018877
 30
0.0
 10
25.69307515328592
 20
19.17689046715955
 30
0.0
 10
25.65809162589515
 20
18.81789041233898
 30
0.0
 10
25.65924517770854
 20
18.75134502370823
 30
0.0
 10
25.30388033686576
 20
18.67852583335732
 30
0.0
 10
24.91915479988276
 20
18.59969022867579
 30
0.0
 10
24.7715053553467
 20
19.00915584097442
 30
0.0
 10
24.69692562495463
 20
19.16572649119957
 30
0.0
 10
24.64323814185668
 20
19.27843652773889
 30
0.0
 10
24.37363566177634
 20
19.84443261523614
 30
0.0
 10
24.46013423800292
 20
20.7082006172036
 30
0.0
 10
24.4714718955918
 20
20.82141757717862
 30
0.0
 10
24.56763764902328
 20
20.78730347787222
 30
0.0
 10
24.57172543699234
 20
20.78916749341773
 30
0.0
  0
SPLINE
  5
A6
330
1F
100
AcDbEntity
  8
0
  6
Continuous
 62
    18
420
        0
370
     9
100
AcDbSpline
210
0.0
220
0.0
230
1.0
 70
    11
 71
     3
 72
    23
 73
    19
 74
     0
 42
0.000000001
 43
0.0
 40
0.0
 40
0.0
 40
0.0
 40
0.0
 40
1.0
 40
1.0
 40
1.0
 40
2.0
 40
2.0
 40
2.0
 40
3.0
 40
3.0
 40
3.0
 40
4.0
 40
4.0
 40
4.0
 40
5.0
 40
5.0
 40
5.0
 40
6.0
 40
6.0
 40
6.0
 40
6.0
 10
27.06049780834346
 20
28.06415034219729
 30
0.0
 10
26.8698537631946
 20
28.08203413819486
 30
0.0
 10
24.87179285114366
 20
28.26946676276918
 30
0.0
 10
24.71819798655783
 20
27.57167191673339
 30
0.0
 10
24.56179825929046
 20
26.8611343352664
 30
0.0
 10
25.11696297532952
 20
25.22946281029076
 30
0.0
 10
27.1046276533059
 20
24.9127845971834
 30
0.0
 10
28.87260968570089
 20
25.19975088106991
 30
0.0
 10
29.68634178163571
 20
26.72508908367833
 30
0.0
 10
29.37679043540122
 20
27.59905130295024
 30
0.0
 10
29.1427264796419
 20
28.25988853307488
 30
0.0
 10
27.33313358792681
 20
28.08247333571753
 30
0.0
 10
27.15217448828614
 20
28.06473183456366
 30
0.0
 10
27.15217448828614
 20
28.06473183456366
 30
0.0
 10
27.10447875060265
 20
28.05993394007935
 30
0.0
 10
27.10447875060265
 20
28.05993394007935
 30
0.0
 10
27.10447875060265
 20
28.05993394007935
 30
0.0
 10
27.06049780834346
 20
28.06415034219729
 30
0.0
 10
27.06049780834346
 20
28.06415034219729
 30
0.0
  0
SPLINE
  5
A7
330
1F
100
AcDbEntity
  8
0
  6
Continuous
 62
    18
420
        0
370
     9
100
AcDbSpline
210
0.0
220
0.0
230
1.0
 70
    11
 71
     3
 72
    47
 73
    43
 74
     0
 42
0.000000001
 43
0.0
 40
0.0
 40
0.0
 40
0.0
 40
0.0
 40
1.0
 40
1.0
 40
1.0
 40
2.0
 40
2.0
 40
2.0
 40
3.0
 40
3.0
 40
3.0
 40
4.0
 40
4.0
 40
4.0
 40
5.0
 40
5.0
 40
5.0
 40
6.0
 40
6.0
 40
6.0
 40
7.0
 40
7.0
 40
7.0
 40
8.0
 40
8.0
 40
8.0
 40
9.0
 40
9.0
 40
9.0
 40
10.0
 40
10.0
 40
10.0
 40
11.0
 40
11.0
 40
11.0
 40
12.0
 40
12.0
 40
12.0
 40
13.0
 40
13.0
 40
13.0
 40
14.0
 40
14.0
 40
14.0
 40
14.0
 10
30.17755124218196
 20
33.41397898441153
 30
0.0
 10
31.9242806338893
 20
36.13781660501296
 30
0.0
 10
33.16515012656377
 20
34.11908947438106
 30
0.0
 10
35.80690547509072
 20
35.35263950939398
 30
0.0
 10
35.80690547509072
 20
35.35263950939398
 30
0.0
 10
35.82502729580047
 20
35.36968683668518
 30
0.0
 10
35.82502729580047
 20
35.36968683668518
 30
0.0
 10
35.82761679538036
 20
35.37211848478434
 30
0.0
 10
35.82930465440678
 20
35.37273014121931
 30
0.0
 10
35.8430387579896
 20
35.3697072083497
 30
0.0
 10
37.75634622671134
 20
36.28389741341709
 30
0.0
 10
37.32679964619423
 20
36.72710283505153
 30
0.0
 10
38.10695488195459
 20
38.69147442964726
 30
0.0
 10
38.10695488195459
 20
38.69147442964726
 30
0.0
 10
38.25746093661498
 20
38.77993859535597
 30
0.0
 10
38.25746093661498
 20
38.77993859535597
 30
0.0
 10
37.87650253730307
 20
38.86377744758363
 30
0.0
 10
37.52797752327717
 20
38.96077821616719
 30
0.0
 10
37.21659804326464
 20
39.06442216450148
 30
0.0
 10
36.93516608730484
 20
35.83123041043569
 30
0.0
 10
33.60734247505376
 20
35.26163001116808
 30
0.0
 10
33.02260136460931
 20
35.54437055801343
 30
0.0
 10
33.63113933333728
 20
35.93296107997109
 30
0.0
 10
35.7415197582034
 20
35.5910810710736
 30
0.0
 10
36.33222065161019
 20
39.42086852696696
 30
0.0
 10
36.28016701014998
 20
39.44649270979429
 30
0.0
 10
36.23039398061182
 20
39.47208954500577
 30
0.0
 10
36.18296052388786
 20
39.49757746673681
 30
0.0
 10
36.05024994235028
 20
39.4810743590286
 30
0.0
 10
35.84250387183977
 20
39.45488814399803
 30
0.0
 10
35.5881229516258
 20
39.41626286593944
 30
0.0
 10
35.60797052264254
 20
39.16450018287939
 30
0.0
 10
35.75701577748428
 20
37.27388932552481
 30
0.0
 10
34.1472522350599
 20
36.60747974539133
 30
0.0
 10
33.24818324860076
 20
36.23528335133277
 30
0.0
 10
33.21640187002557
 20
36.37714507004105
 30
0.0
 10
30.71724286560001
 20
36.09088028207381
 30
0.0
 10
30.46387617016679
 20
35.24109519481692
 30
0.0
 10
30.35418391117067
 20
34.30086598740537
 30
0.0
 10
30.18032502056084
 20
33.42785609333681
 30
0.0
 10
30.18032502056084
 20
33.42785609333681
 30
0.0
 10
30.17755124218196
 20
33.41397898441153
 30
0.0
 10
30.17755124218196
 20
33.41397898441153
 30
0.0
  0
SPLINE
  5
A8
330
1F
100
AcDbEntity
  8
0
  6
Continuous
 62
    18
420
        0
370
     9
100
AcDbSpline
210
0.0
220
0.0
230
1.0
 70
    11
 71
     3
 72
   521
 73
   517
 74
     0
 42
0.000000001
 43
0.0
 40
0.0
 40
0.0
 40
0.0
 40
0.0
 40
1.0
 40
1.0
 40
1.0
 40
2.0
 40
2.0
 40
2.0
 40
3.0
 40
3.0
 40
3.0
 40
4.0
 40
4.0
 40
4.0
 40
5.0
 40
5.0
 40
5.0
 40
6.0
 40
6.0
 40
6.0
 40
7.0
 40
7.0
 40
7.0
 40
8.0
 40
8.0
 40
8.0
 40
9.0
 40
9.0
 40
9.0
 40
10.0
 40
10.0
 40
10.0
 40
11.0
 40
11.0
 40
11.0
 40
12.0
 40
12.0
 40
12.0
 40
13.0
 40
13.0
 40
13.0
 40
14.0
 40
14.0
 40
14.0
 40
15.0
 40
15.0
 40
15.0
 40
16.0
 40
16.0
 40
16.0
 40
17.0
 40
17.0
 40
17.0
 40
18.0
 40
18.0
 40
18.0
 40
19.0
 40
19.0
 40
19.0
 40
20.0
 40
20.0
 40
20.0
 40
21.0
 40
21.0
 40
21.0
 40
22.0
 40
22.0
 40
22.0
 40
23.0
 40
23.0
 40
23.0
 40
24.0
 40
24.0
 40
24.0
 40
25.0
 40
25.0
 40
25.0
 40
26.0
 40
26.0
 40
26.0
 40
27.0
 40
27.0
 40
27.0
 40
28.0
 40
28.0
 40
28.0
 40
29.0
 40
29.0
 40
29.0
 40
30.0
 40
30.0
 40
30.0
 40
31.0
 40
31.0
 40
31.0
 40
32.0
 40
32.0
 40
32.0
 40
33.0
 40
33.0
 40
33.0
 40
34.0
 40
34.0
 40
34.0
 40
35.0
 40
35.0
 40
35.0
 40
36.0
 40
36.0
 40
36.0
 40
37.0
 40
37.0
 40
37.0
 40
38.0
 40
38.0
 40
38.0
 40
39.0
 40
39.0
 40
39.0
 40
40.0
 40
40.0
 40
40.0
 40
41.0
 40
41.0
 40
41.0
 40
42.0
 40
42.0
 40
42.0
 40
43.0
 40
43.0
 40
43.0
 40
44.0
 40
44.0
 40
44.0
 40
45.0
 40
45.0
 40
45.0
 40
46.0
 40
46.0
 40
46.0
 40
47.0
 40
47.0
 40
47.0
 40
48.0
 40
48.0
 40
48.0
 40
49.0
 40
49.0
 40
49.0
 40
50.0
 40
50.0
 40
50.0
 40
51.0
 40
51.0
 40
51.0
 40
52.0
 40
52.0
 40
52.0
 40
53.0
 40
53.0
 40
53.0
 40
54.0
 40
54.0
 40
54.0
 40
55.0
 40
55.0
 40
55.0
 40
56.0
 40
56.0
 40
56.0
 40
57.0
 40
57.0
 40
57.0
 40
58.0
 40
58.0
 40
58.0
 40
59.0
 40
59.0
 40
59.0
 40
60.0
 40
60.0
 40
60.0
 40
61.0
 40
61.0
 40
61.0
 40
62.0
 40
62.0
 40
62.0
 40
63.0
 40
63.0
 40
63.0
 40
64.0
 40
64.0
 40
64.0
 40
65.0
 40
65.0
 40
65.0
 40
66.0
 40
66.0
 40
66.0
 40
67.0
 40
67.0
 40
67.0
 40
68.0
 40
68.0
 40
68.0
 40
69.0
 40
69.0
 40
69.0
 40
70.0
 40
70.0
 40
70.0
 40
71.0
 40
71.0
 40
71.0
 40
72.0
 40
72.0
 40
72.0
 40
73.0
 40
73.0
 40
73.0
 40
74.0
 40
74.0
 40
74.0
 40
75.0
 40
75.0
 40
75.0
 40
76.0
 40
76.0
 40
76.0
 40
77.0
 40
77.0
 40
77.0
 40
78.0
 40
78.0
 40
78.0
 40
79.0
 40
79.0
 40
79.0
 40
80.0
 40
80.0
 40
80.0
 40
81.0
 40
81.0
 40
81.0
 40
82.0
 40
82.0
 40
82.0
 40
83.0
 40
83.0
 40
83.0
 40
84.0
 40
84.0
 40
84.0
 40
85.0
 40
85.0
 40
85.0
 40
86.0
 40
86.0
 40
86.0
 40
87.0
 40
87.0
 40
87.0
 40
88.0
 40
88.0
 40
88.0
 40
89.0
 40
89.0
 40
89.0
 40
90.0
 40
90.0
 40
90.0
 40
91.0
 40
91.0
 40
91.0
 40
92.0
 40
92.0
 40
92.0
 40
93.0
 40
93.0
 40
93.0
 40
94.0
 40
94.0
 40
94.0
 40
95.0
 40
95.0
 40
95.0
 40
96.0
 40
96.0
 40
96.0
 40
97.0
 40
97.0
 40
97.0
 40
98.0
 40
98.0
 40
98.0
 40
99.0
 40
99.0
 40
99.0
 40
100.0
 40
100.0
 40
100.0
 40
101.0
 40
101.0
 40
101.0
 40
102.0
 40
102.0
 40
102.0
 40
103.0
 40
103.0
 40
103.0
 40
104.0
 40
104.0
 40
104.0
 40
105.0
 40
105.0
 40
105.0
 40
106.0
 40
106.0
 40
106.0
 40
107.0
 40
107.0
 40
107.0
 40
108.0
 40
108.0
 40
108.0
 40
109.0
 40
109.0
 40
109.0
 40
110.0
 40
110.0
 40
110.0
 40
111.0
 40
111.0
 40
111.0
 40
112.0
 40
112.0
 40
112.0
 40
113.0
 40
113.0
 40
113.0
 40
114.0
 40
114.0
 40
114.0
 40
115.0
 40
115.0
 40
115.0
 40
116.0
 40
116.0
 40
116.0
 40
117.0
 40
117.0
 40
117.0
 40
118.0
 40
118.0
 40
118.0
 40
119.0
 40
119.0
 40
119.0
 40
120.0
 40
120.0
 40
120.0
 40
121.0
 40
121.0
 40
121.0
 40
122.0
 40
122.0
 40
122.0
 40
123.0
 40
123.0
 40
123.0
 40
124.0
 40
124.0
 40
124.0
 40
125.0
 40
125.0
 40
125.0
 40
126.0
 40
126.0
 40
126.0
 40
127.0
 40
127.0
 40
127.0
 40
128.0
 40
128.0
 40
128.0
 40
129.0
 40
129.0
 40
129.0
 40
130.0
 40
130.0
 40
130.0
 40
131.0
 40
131.0
 40
131.0
 40
132.0
 40
132.0
 40
132.0
 40
133.0
 40
133.0
 40
133.0
 40
134.0
 40
134.0
 40
134.0
 40
135.0
 40
135.0
 40
135.0
 40
136.0
 40
136.0
 40
136.0
 40
137.0
 40
137.0
 40
137.0
 40
138.0
 40
138.0
 40
138.0
 40
139.0
 40
139.0
 40
139.0
 40
140.0
 40
140.0
 40
140.0
 40
141.0
 40
141.0
 40
141.0
 40
142.0
 40
142.0
 40
142.0
 40
143.0
 40
143.0
 40
143.0
 40
144.0
 40
144.0
 40
144.0
 40
145.0
 40
145.0
 40
145.0
 40
146.0
 40
146.0
 40
146.0
 40
147.0
 40
147.0
 40
147.0
 40
148.0
 40
148.0
 40
148.0
 40
149.0
 40
149.0
 40
149.0
 40
150.0
 40
150.0
 40
150.0
 40
151.0
 40
151.0
 40
151.0
 40
152.0
 40
152.0
 40
152.0
 40
153.0
 40
153.0
 40
153.0
 40
154.0
 40
154.0
 40
154.0
 40
155.0
 40
155.0
 40
155.0
 40
156.0
 40
156.0
 40
156.0
 40
157.0
 40
157.0
 40
157.0
 40
158.0
 40
158.0
 40
158.0
 40
159.0
 40
159.0
 40
159.0
 40
160.0
 40
160.0
 40
160.0
 40
161.0
 40
161.0
 40
161.0
 40
162.0
 40
162.0
 40
162.0
 40
163.0
 40
163.0
 40
163.0
 40
164.0
 40
164.0
 40
164.0
 40
165.0
 40
165.0
 40
165.0
 40
166.0
 40
166.0
 40
166.0
 40
167.0
 40
167.0
 40
167.0
 40
168.0
 40
168.0
 40
168.0
 40
169.0
 40
169.0
 40
169.0
 40
170.0
 40
170.0
 40
170.0
 40
171.0
 40
171.0
 40
171.0
 40
172.0
 40
172.0
 40
172.0
 40
172.0
 10
29.52808523179103
 20
45.03819404970909
 30
0.0
 10
29.56460313289048
 20
45.15785146724886
 30
0.0
 10
29.73442584367816
 20
45.71430587455797
 30
0.0
 10
29.62812493319133
 20
46.59881310982569
 30
0.0
 10
29.62812493319133
 20
46.59881310982569
 30
0.0
 10
29.61347641333478
 20
46.61702148543115
 30
0.0
 10
29.61347641333478
 20
46.61702148543115
 30
0.0
 10
29.25743671455249
 20
47.06162168732958
 30
0.0
 10
30.95251898298689
 20
50.84660881070477
 30
0.0
 10
31.66301283378657
 20
50.6797697119779
 30
0.0
 10
31.62494511047469
 20
50.57503066273539
 30
0.0
 10
30.82193837816319
 20
49.37472466476281
 30
0.0
 10
30.60887140190746
 20
47.5581961833645
 30
0.0
 10
36.63202670586374
 20
50.96866881923243
 30
0.0
 10
36.03280085091646
 20
51.71911270320545
 30
0.0
 10
38.02430144988927
 20
53.8511942727634
 30
0.0
 10
38.64372716425258
 20
54.51434554170369
 30
0.0
 10
40.68510771826912
 20
56.0147275908285
 30
0.0
 10
40.68510771826912
 20
56.0147275908285
 30
0.0
 10
40.68510771826912
 20
56.0147275908285
 30
0.0
 10
40.77521290792181
 20
55.98886669299633
 30
0.0
 10
40.77521290792181
 20
55.98886669299633
 30
0.0
 10
40.77521290792181
 20
55.98886669299633
 30
0.0
 10
43.88663486550067
 20
50.23060634238604
 30
0.0
 10
41.5602206407429
 20
47.03861545663683
 30
0.0
 10
42.59047115024278
 20
47.53520125623513
 30
0.0
 10
42.37045470043364
 20
47.95114569101015
 30
0.0
 10
42.47971219759771
 20
48.06881126786903
 30
0.0
 10
42.48658742658622
 20
48.08229603259063
 30
0.0
 10
42.50570220799568
 20
48.11194395154436
 30
0.0
 10
42.50570220799568
 20
48.11194395154436
 30
0.0
 10
42.66451394200315
 20
47.96107568089822
 30
0.0
 10
42.66802256340673
 20
47.96744964955521
 30
0.0
 10
42.67961251027298
 20
47.75503887006075
 30
0.0
 10
43.15632771231339
 20
45.87951729533297
 30
0.0
 10
42.34869352474936
 20
44.23780839469707
 30
0.0
 10
41.40799550766803
 20
43.09171475170331
 30
0.0
 10
44.05389471497548
 20
39.94521660627687
 30
0.0
 10
44.70672557586191
 20
40.30278071753578
 30
0.0
 10
44.92911084210174
 20
39.88909132517615
 30
0.0
 10
44.92911084210174
 20
39.88909132517615
 30
0.0
 10
44.95004028859515
 20
39.83196336733699
 30
0.0
 10
44.95004028859515
 20
39.83196336733699
 30
0.0
 10
44.95004028859515
 20
39.83196336733699
 30
0.0
 10
43.96749337505474
 20
37.53981200448823
 30
0.0
 10
41.39705022775036
 20
36.89330034367952
 30
0.0
 10
41.39705022775036
 20
36.89330034367952
 30
0.0
 10
41.39912486394699
 20
36.89219762433502
 30
0.0
 10
41.39912486394699
 20
36.89219762433502
 30
0.0
 10
43.36766311931854
 20
35.74247420831346
 30
0.0
 10
43.43187814660153
 20
33.20679467587303
 30
0.0
 10
43.44106062350765
 20
32.84420324309965
 30
0.0
 10
43.44543112877797
 20
32.67162368922957
 30
0.0
 10
43.30565324185023
 20
32.68320983506678
 30
0.0
 10
41.36768931012538
 20
33.44238338294429
 30
0.0
 10
42.82574099980161
 20
30.62474159519272
 30
0.0
 10
41.30545290214511
 20
28.53590847251548
 30
0.0
 10
40.8523982219216
 20
28.39324036577989
 30
0.0
 10
40.86600489797588
 20
28.50021099942238
 30
0.0
 10
41.028993444078
 20
28.4339615279231
 30
0.0
 10
41.37838462132257
 20
29.63428473847892
 30
0.0
 10
41.96009856307443
 20
31.63274603820413
 30
0.0
 10
39.43932985058759
 20
34.32907524670845
 30
0.0
 10
39.60633726084392
 20
34.78340659833001
 30
0.0
 10
39.86963698592896
 20
35.49969409596714
 30
0.0
 10
42.54887787210525
 20
33.12358679293061
 30
0.0
 10
43.24225577713616
 20
32.93553380805449
 30
0.0
 10
43.08287502569134
 20
35.32024146373944
 30
0.0
 10
39.98908464856565
 20
36.6080106424846
 30
0.0
 10
39.65662815965228
 20
37.26887861808356
 30
0.0
 10
39.68707784228992
 20
37.28213359614499
 30
0.0
 10
39.75221814030877
 20
37.31323078564547
 30
0.0
 10
39.75221814030877
 20
37.31323078564547
 30
0.0
 10
40.76673939334812
 20
38.13555856808534
 30
0.0
 10
43.28468346343372
 20
37.57309690108695
 30
0.0
 10
44.83665509209057
 20
39.82103033253048
 30
0.0
 10
43.16019905569252
 20
40.38283913490415
 30
0.0
 10
41.36318417965449
 20
41.61015410645983
 30
0.0
 10
40.72344836171949
 20
42.35563030339346
 30
0.0
 10
40.36675320828463
 20
42.01611347955745
 30
0.0
 10
40.03077156594268
 20
41.75731335401038
 30
0.0
 10
39.77876444256568
 20
41.59361549350852
 30
0.0
 10
39.55872537877927
 20
41.56612414398647
 30
0.0
 10
38.43128290177157
 20
40.83113709855058
 30
0.0
 10
37.13614391133054
 20
40.74147568068234
 30
0.0
 10
36.69760573716835
 20
40.71111603992183
 30
0.0
 10
35.21364960779226
 20
41.15376221885476
 30
0.0
 10
34.89752946315184
 20
41.11038941487745
 30
0.0
 10
34.24058643665057
 20
41.02025450384505
 30
0.0
 10
34.43712149279245
 20
40.55935765556188
 30
0.0
 10
33.76905247655051
 20
40.49886620013562
 30
0.0
 10
34.21050780145226
 20
42.00922980461756
 30
0.0
 10
36.17929945837517
 20
41.28056636964834
 30
0.0
 10
36.96461927029323
 20
41.43327527093656
 30
0.0
 10
37.85709466730822
 20
41.60682104838496
 30
0.0
 10
40.38639176329156
 20
43.25443225308666
 30
0.0
 10
40.49556704531361
 20
43.34882175241123
 30
0.0
 10
40.50104601917124
 20
43.37019204538764
 30
0.0
 10
40.56527379768482
 20
43.62070728413877
 30
0.0
 10
40.70118866937226
 20
43.53258236513032
 30
0.0
 10
42.49622735843587
 20
45.19222003650856
 30
0.0
 10
42.52023719722286
 20
46.8466225157574
 30
0.0
 10
42.52496325950813
 20
47.17227273070884
 30
0.0
 10
42.29347432963498
 20
46.74431644865852
 30
0.0
 10
41.42896475436052
 20
45.99289799962348
 30
0.0
 10
41.04030305832322
 20
45.81787683914031
 30
0.0
 10
41.11147414068041
 20
45.54969072338935
 30
0.0
 10
39.46870277911531
 20
43.69550305126538
 30
0.0
 10
38.79775759201834
 20
43.87788461192966
 30
0.0
 10
38.62816101369789
 20
43.9239856783539
 30
0.0
 10
36.75317691794062
 20
45.27836480306426
 30
0.0
 10
33.27966900252046
 20
43.90883709270604
 30
0.0
 10
29.73405527863039
 20
42.51087964929923
 30
0.0
 10
30.04522172168837
 20
41.90404593306449
 30
0.0
 10
29.71808329374856
 20
41.88388099688981
 30
0.0
 10
29.55997213301697
 20
41.59277935089091
 30
0.0
 10
29.40910567914404
 20
41.24854968125321
 30
0.0
 10
29.27553194951516
 20
40.84134981668661
 30
0.0
 10
30.10902299222601
 20
41.95212018723184
 30
0.0
 10
31.57957928224788
 20
41.81610013584474
 30
0.0
 10
32.89425451616202
 20
42.38810080098948
 30
0.0
 10
32.93360351118071
 20
42.18592423730486
 30
0.0
 10
32.45571071817537
 20
41.82036794637781
 30
0.0
 10
31.88346030532722
 20
41.82285089499972
 30
0.0
 10
31.88346030532722
 20
41.82285089499972
 30
0.0
 10
31.88887700417134
 20
41.82248855531736
 30
0.0
 10
31.88887700417134
 20
41.82248855531736
 30
0.0
 10
28.70446757766074
 20
41.62929108220084
 30
0.0
 10
29.45147188498534
 20
36.81638674914279
 30
0.0
 10
29.13167080081134
 20
36.7065632239358
 30
0.0
 10
29.02849895128106
 20
37.07972870790429
 30
0.0
 10
28.93013664829089
 20
36.98514353462009
 30
0.0
 10
28.62102889918937
 20
37.19256717365325
 30
0.0
 10
28.3821449249692
 20
37.26049787984567
 30
0.0
 10
28.35175174592416
 20
37.39104841593011
 30
0.0
 10
28.34779458872242
 20
37.4836535818723
 30
0.0
 10
28.32840664082868
 20
37.52594440256046
 30
0.0
 10
28.32114897198887
 20
37.54177551440353
 30
0.0
 10
28.35204538115556
 20
38.06517776383123
 30
0.0
 10
28.18837012166981
 20
37.79265790972511
 30
0.0
 10
27.77757508757061
 20
37.17232016000507
 30
0.0
 10
27.2667101854989
 20
37.03891087605867
 30
0.0
 10
27.22469002456197
 20
36.99632356131548
 30
0.0
 10
26.48153903306699
 20
36.99341676467716
 30
0.0
 10
25.8192368504337
 20
38.09095929881421
 30
0.0
 10
25.83021813156427
 20
37.92617549400439
 30
0.0
 10
25.83061958226532
 20
37.73810322051284
 30
0.0
 10
25.82789571962992
 20
37.59781779836012
 30
0.0
 10
25.86557296849441
 20
37.56770623463764
 30
0.0
 10
25.82862235694518
 20
37.49015981664815
 30
0.0
 10
25.82462745761363
 20
37.48177591932131
 30
0.0
 10
25.81687546513104
 20
37.27945285043651
 30
0.0
 10
25.63330694435563
 20
37.21649535353783
 30
0.0
 10
25.54803578065292
 20
37.19208014326754
 30
0.0
 10
25.5009413140717
 20
37.16066881946112
 30
0.0
 10
25.07903899281318
 20
36.87926611146208
 30
0.0
 10
25.03306750568798
 20
36.70677592636589
 30
0.0
 10
24.97472389072951
 20
36.72624720925383
 30
0.0
 10
24.80627335858093
 20
36.78246497989462
 30
0.0
 10
24.86447760774613
 20
37.4569013242284
 30
0.0
 10
24.80195116919908
 20
37.59449600057629
 30
0.0
 10
25.1518521697572
 20
37.61652025891811
 30
0.0
 10
24.75447404277239
 20
39.34288604120578
 30
0.0
 10
24.69079534294769
 20
39.61953118338334
 30
0.0
 10
24.21138839719456
 20
41.70226219129982
 30
0.0
 10
22.21550110575408
 20
41.82188081676495
 30
0.0
 10
22.21550110575408
 20
41.82188081676495
 30
0.0
 10
22.22082915600296
 20
41.82222960974204
 30
0.0
 10
22.22082915600296
 20
41.82222960974204
 30
0.0
 10
22.12665445777367
 20
41.82192171297208
 30
0.0
 10
21.08324101316585
 20
41.81851035476953
 30
0.0
 10
21.18846299171613
 20
42.3879118920816
 30
0.0
 10
22.17240641104025
 20
41.96962334945426
 30
0.0
 10
22.20797005184468
 20
42.16942931603587
 30
0.0
 10
23.24846844178004
 20
41.8937891643263
 30
0.0
 10
23.40151591160065
 20
41.85324510562504
 30
0.0
 10
24.31024907142305
 20
41.61251109924896
 30
0.0
 10
24.90491287189365
 20
40.81075403720303
 30
0.0
 10
24.78642355184654
 20
41.16615403572683
 30
0.0
 10
24.63547665020231
 20
41.53286157061846
 30
0.0
 10
24.44344821071439
 20
41.88003123649317
 30
0.0
 10
24.44344821071439
 20
41.88003123649317
 30
0.0
 10
24.4423063289578
 20
41.88013948099799
 30
0.0
 10
24.4423063289578
 20
41.88013948099799
 30
0.0
 10
24.08311047349353
 20
41.92305084475832
 30
0.0
 10
23.84981944743668
 20
42.29679609646178
 30
0.0
 10
23.53775330116782
 20
42.47976540556952
 30
0.0
 10
17.81968006145545
 20
45.83236203486247
 30
0.0
 10
17.21623675828978
 20
44.21359365145975
 30
0.0
 10
15.11335239008402
 20
43.93885805689386
 30
0.0
 10
14.13184648095361
 20
43.81062722613979
 30
0.0
 10
12.80198537679242
 20
45.58883766159292
 30
0.0
 10
12.86571382399845
 20
45.81880509131209
 30
0.0
 10
12.43442378805614
 20
46.01623619614741
 30
0.0
 10
11.56990746024253
 20
46.77294520299026
 30
0.0
 10
11.34341785938663
 20
47.19093040621688
 30
0.0
 10
11.34671483476874
 20
46.86225291273881
 30
0.0
 10
11.36337803006876
 20
45.20108877599048
 30
0.0
 10
13.20735991756737
 20
43.52938247557503
 30
0.0
 10
13.3474947417426
 20
43.61862081127497
 30
0.0
 10
13.41087584824213
 20
43.3678045188114
 30
0.0
 10
13.41632167958342
 20
43.34625388169208
 30
0.0
 10
13.73391649054155
 20
43.07706855842667
 30
0.0
 10
16.02165003091429
 20
41.44932034332737
 30
0.0
 10
18.20867773349488
 20
41.44602955206095
 30
0.0
 10
19.56986698086619
 20
41.44398138884746
 30
0.0
 10
20.07664906218589
 20
41.83796404438184
 30
0.0
 10
20.2938400837953
 20
40.49942133567033
 30
0.0
 10
19.93673326151104
 20
40.58091956441913
 30
0.0
 10
19.31287187489876
 20
41.20757634212296
 30
0.0
 10
19.01612962930058
 20
41.18056322698911
 30
0.0
 10
18.36498023389345
 20
41.12128763058048
 30
0.0
 10
18.42928150473567
 20
40.89322391517879
 30
0.0
 10
17.77503375040622
 20
40.84354599768177
 30
0.0
 10
16.55503957095778
 20
40.7509101883995
 30
0.0
 10
13.48153923741943
 20
42.08955993862088
 30
0.0
 10
13.188354121986
 20
42.36407251387532
 30
0.0
 10
11.81920710774715
 20
40.73779769127828
 30
0.0
 10
9.35868612209237
 20
39.94332353194825
 30
0.0
 10
8.98472085655399
 20
39.82257441349351
 30
0.0
 10
10.55273676832154
 20
37.56121624534291
 30
0.0
 10
13.14138348261312
 20
38.15141924393221
 30
0.0
 10
14.18045281336349
 20
37.31341674062404
 30
0.0
 10
14.18045281336349
 20
37.31341674062404
 30
0.0
 10
14.18847755962139
 20
37.31381035933957
 30
0.0
 10
14.18847755962139
 20
37.31381035933957
 30
0.0
 10
14.21947439928502
 20
37.30216219534262
 30
0.0
 10
14.24586136773583
 20
37.28010198862496
 30
0.0
 10
14.27685820739942
 20
37.26845382462801
 30
0.0
 10
13.66639539302914
 20
36.41855911612335
 30
0.0
 10
10.77450105853871
 20
35.29221902347489
 30
0.0
 10
10.61197973996928
 20
32.93482825062783
 30
0.0
 10
11.29058562129511
 20
33.10194318880576
 30
0.0
 10
14.16147260827345
 20
35.60464430759355
 30
0.0
 10
14.32067650655205
 20
34.72195264479767
 30
0.0
 10
14.38655813101103
 20
34.35667791679084
 30
0.0
 10
14.25382377514223
 20
34.38290520244835
 30
0.0
 10
13.31758163729224
 20
32.93251513647206
 30
0.0
 10
11.55097541784536
 20
30.19575718936451
 30
0.0
 10
12.96337110660581
 20
29.05580381196117
 30
0.0
 10
13.05585217401835
 20
28.39372695209142
 30
0.0
 10
12.68310183044306
 20
28.50740509371633
 30
0.0
 10
10.97299293082793
 20
30.43902212000492
 30
0.0
 10
12.54186403683772
 20
33.44553336712912
 30
0.0
 10
10.55215971293663
 20
32.68177928597722
 30
0.0
 10
10.41213331445751
 20
32.74770870305446
 30
0.0
 10
10.41042368933173
 20
32.92325996322565
 30
0.0
 10
10.40692641536241
 20
33.28237427620996
 30
0.0
 10
10.38537975549214
 20
35.49487293207628
 30
0.0
 10
12.50530660547915
 20
36.89363266983869
 30
0.0
 10
9.781049843573076
 20
37.5828619574212
 30
0.0
 10
8.866698579464385
 20
39.75532786948268
 30
0.0
 10
8.869317439461112
 20
39.82485204222954
 30
0.0
 10
8.869317439461112
 20
39.82485204222954
 30
0.0
 10
8.869753623525497
 20
39.83101417911689
 30
0.0
 10
8.869753623525497
 20
39.83101417911689
 30
0.0
 10
8.869753623525497
 20
39.83101417911689
 30
0.0
 10
8.887866377714197
 20
39.88426673096818
 30
0.0
 10
8.887866377714197
 20
39.88426673096818
 30
0.0
 10
8.887866377714197
 20
39.88426673096818
 30
0.0
 10
8.88948435598446
 20
39.88688023325729
 30
0.0
 10
8.88948435598446
 20
39.88688023325729
 30
0.0
 10
8.88948435598446
 20
39.88688023325729
 30
0.0
 10
8.891210598443717
 20
39.88924477049957
 30
0.0
 10
8.891210598443717
 20
39.88924477049957
 30
0.0
 10
9.130643753923405
 20
40.19160008200821
 30
0.0
 10
9.526025418442494
 20
39.73323600424049
 30
0.0
 10
12.4958655205005
 20
43.09052217312935
 30
0.0
 10
10.57852768865163
 20
45.38406471279957
 30
0.0
 10
11.09477496197366
 20
47.3821588082311
 30
0.0
 10
11.19175021733195
 20
47.75749383690353
 30
0.0
 10
11.20384715422951
 20
47.98231615657036
 30
0.0
 10
11.21525853631755
 20
47.96925453793449
 30
0.0
 10
11.36680688181381
 20
48.11185480657824
 30
0.0
 10
11.36680688181381
 20
48.11185480657824
 30
0.0
 10
11.3858949923198
 20
48.08192413001892
 30
0.0
 10
11.39270872221386
 20
48.06833436292618
 30
0.0
 10
11.53017444548695
 20
47.88330849657927
 30
0.0
 10
11.27004360001063
 20
47.53532345799373
 30
0.0
 10
12.34357529710553
 20
47.03181495519392
 30
0.0
 10
10.36266606542634
 20
49.68121443339538
 30
0.0
 10
12.09291702936893
 20
54.45525489482971
 30
0.0
 10
13.13576991814697
 20
55.98715781283347
 30
0.0
 10
13.13576991814697
 20
55.98715781283347
 30
0.0
 10
13.13608486412918
 20
55.98828833744692
 30
0.0
 10
13.13608486412918
 20
55.98828833744692
 30
0.0
 10
13.13608486412918
 20
55.98828833744692
 30
0.0
 10
13.13655493351866
 20
55.98828350249455
 30
0.0
 10
13.13655493351866
 20
55.98828350249455
 30
0.0
 10
13.17881527790548
 20
56.04745536646384
 30
0.0
 10
15.11410023028018
 20
54.82922835749068
 30
0.0
 10
16.13628770830444
 20
53.62453545274568
 30
0.0
 10
18.27302886450583
 20
51.10629201355991
 30
0.0
 10
18.08113059826634
 20
50.58340804282211
 30
0.0
 10
23.53455414487818
 20
47.54803024522411
 30
0.0
 10
23.46162906063458
 20
48.1627991631339
 30
0.0
 10
23.30929986044715
 20
48.76790819551587
 30
0.0
 10
23.13279363057512
 20
49.3612920857221
 30
0.0
 10
22.91713859506565
 20
50.08628759441323
 30
0.0
 10
22.7107676222751
 20
49.97694441333128
 30
0.0
 10
22.44758656765142
 20
50.67921694178355
 30
0.0
 10
23.18567830175154
 20
50.85881747527665
 30
0.0
 10
24.9019630101897
 20
47.04832309628519
 30
0.0
 10
24.51558701057746
 20
46.59793909511323
 30
0.0
 10
24.46772094998258
 20
46.19075412253765
 30
0.0
 10
24.43413819791137
 20
45.61818179247273
 30
0.0
 10
24.63076957595884
 20
45.01721485662542
 30
0.0
 10
24.63076957595884
 20
45.01721485662542
 30
0.0
 10
24.13180384927129
 20
44.94635581851596
 30
0.0
 10
24.13180384927129
 20
44.94635581851596
 30
0.0
 10
23.82243760507626
 20
45.42272707606648
 30
0.0
 10
23.66092165975709
 20
45.94442228873595
 30
0.0
 10
23.59361043527014
 20
46.37404982477438
 30
0.0
 10
22.72826284293609
 20
46.79129527000892
 30
0.0
 10
18.14850929507499
 20
49.90731335903849
 30
0.0
 10
17.24985788851832
 20
51.20727388483759
 30
0.0
 10
15.48062075687411
 20
53.76659601479251
 30
0.0
 10
15.8062913820006
 20
54.09859004445448
 30
0.0
 10
13.22609600747317
 20
55.84656227772484
 30
0.0
 10
13.15360872934655
 20
55.67143383985189
 30
0.0
 10
10.67085363558927
 20
50.67992881741635
 30
0.0
 10
13.67945731457646
 20
46.30305669565058
 30
0.0
 10
13.67945731457646
 20
46.30305669565058
 30
0.0
 10
13.90189133699924
 20
45.99422328266372
 30
0.0
 10
13.90189133699924
 20
45.99422328266372
 30
0.0
 10
13.94144816165467
 20
45.94310025348219
 30
0.0
 10
13.94707360473959
 20
45.9568224847349
 30
0.0
 10
13.95820634851065
 20
45.89187003368613
 30
0.0
 10
13.97471871638423
 20
45.85906931312888
 30
0.0
 10
14.00028502440106
 20
45.86403777998653
 30
0.0
 10
13.96701269064044
 20
45.84393199541081
 30
0.0
 10
13.96701269064044
 20
45.84393199541081
 30
0.0
 10
13.96842694611023
 20
45.8366715299626
 30
0.0
 10
13.96842694611023
 20
45.8366715299626
 30
0.0
 10
13.18990592847303
 20
45.74516956358173
 30
0.0
 10
13.1941193818587
 20
45.7201359440148
 30
0.0
 10
13.02669920866914
 20
45.76095547360303
 30
0.0
 10
13.13432170529983
 20
45.6131898098396
 30
0.0
 10
13.99150451496872
 20
44.43627800419711
 30
0.0
 10
14.7440772566309
 20
44.25361851792485
 30
0.0
 10
14.89318791495203
 20
44.21742736358338
 30
0.0
 10
16.8966566697949
 20
45.08691527068945
 30
0.0
 10
17.35543551632706
 20
45.13686709848164
 30
0.0
 10
13.5644427834572
 20
47.54005364701629
 30
0.0
 10
13.20577130613628
 20
53.11347494291566
 30
0.0
 10
13.9235934637361
 20
54.00978914510153
 30
0.0
 10
13.97500722795552
 20
53.84193977379958
 30
0.0
 10
13.77169148603775
 20
53.84269798221858
 30
0.0
 10
13.98066248652375
 20
51.81619254761084
 30
0.0
 10
14.39029155561795
 20
47.84379669956637
 30
0.0
 10
18.19372518103619
 20
44.93721988563046
 30
0.0
 10
19.86317804070283
 20
45.47767020593224
 30
0.0
 10
19.8365666072152
 20
45.5112365089167
 30
0.0
 10
18.92585618747111
 20
47.28579821875529
 30
0.0
 10
18.68330063702521
 20
47.40592932393596
 30
0.0
 10
17.17815132751985
 20
48.15138845558823
 30
0.0
 10
16.94242097164655
 20
47.98890017933025
 30
0.0
 10
16.86642022333009
 20
48.60204493605824
 30
0.0
 10
17.06702648068874
 20
48.52923342918709
 30
0.0
 10
17.2072942418255
 20
48.34500872716654
 30
0.0
 10
17.38238226453493
 20
48.22298999775177
 30
0.0
 10
18.41993095223768
 20
47.49992299053793
 30
0.0
 10
18.76952741547809
 20
48.0315027324833
 30
0.0
 10
19.35104209064541
 20
47.17850465223084
 30
0.0
 10
20.37519412798807
 20
45.67622146137456
 30
0.0
 10
20.17503447445619
 20
45.43877829715535
 30
0.0
 10
21.80659100317122
 20
44.61614807705796
 30
0.0
 10
21.80659100317122
 20
44.61614807705796
 30
0.0
 10
22.09184809602381
 20
44.4800837449696
 30
0.0
 10
22.09184809602381
 20
44.4800837449696
 30
0.0
 10
23.62321692073426
 20
43.78946189075478
 30
0.0
 10
23.85070084966875
 20
44.08475757036619
 30
0.0
 10
24.87984678174289
 20
42.75478230539466
 30
0.0
 10
25.00267939150274
 20
42.64827289235092
 30
0.0
 10
25.00334465955324
 20
42.66882477062954
 30
0.0
 10
25.06653627806248
 20
42.52632378115055
 30
0.0
 10
25.06653627806248
 20
42.52632378115055
 30
0.0
 10
24.93147996493276
 20
42.34655917126075
 30
0.0
 10
24.93147996493276
 20
42.34655917126075
 30
0.0
 10
24.93147996493276
 20
42.34655917126075
 30
0.0
 10
25.09208486693897
 20
42.46722088520322
 30
0.0
 10
25.09208486693897
 20
42.46722088520322
 30
0.0
 10
25.09484148226789
 20
42.46054661527045
 30
0.0
 10
25.09716454420135
 20
42.45472257788311
 30
0.0
 10
25.09885531325384
 20
42.45016849169696
 30
0.0
 10
25.09885531325384
 20
42.45016849169696
 30
0.0
 10
25.11064435212775
 20
42.43246550454057
 30
0.0
 10
25.11064435212775
 20
42.43246550454057
 30
0.0
 10
25.28531735364794
 20
42.41467314250632
 30
0.0
 10
26.40876646787351
 20
42.30023752169832
 30
0.0
 10
26.84122499536633
 20
41.08270825291508
 30
0.0
 10
26.84122499536633
 20
41.08270825291508
 30
0.0
 10
26.99227506338856
 20
40.01906402392534
 30
0.0
 10
26.99227506338856
 20
40.01906402392534
 30
0.0
 10
26.98711544433149
 20
39.85250275924449
 30
0.0
 10
26.98657527165737
 20
39.86584243297507
 30
0.0
 10
26.91513009104845
 20
39.7291842719596
 30
0.0
 10
26.85417047473807
 20
39.81249250974503
 30
0.0
 10
26.4475668047689
 20
41.13976330986176
 30
0.0
 10
25.67420969709439
 20
41.38152294936738
 30
0.0
 10
25.73252447040502
 20
41.24655723299733
 30
0.0
 10
26.04700837261975
 20
40.51870487690438
 30
0.0
 10
26.21413451892591
 20
39.62481095600063
 30
0.0
 10
26.21413451892591
 20
39.62481095600063
 30
0.0
 10
26.21798723934197
 20
39.62542347928291
 30
0.0
 10
26.21798723934197
 20
39.62542347928291
 30
0.0
 10
26.21798723934197
 20
39.62542347928291
 30
0.0
 10
26.28189227893312
 20
39.21494078179494
 30
0.0
 10
26.28189227893312
 20
39.21494078179494
 30
0.0
 10
26.28189227893312
 20
39.21494078179494
 30
0.0
 10
26.27810330734888
 20
39.21358877333379
 30
0.0
 10
26.27810330734888
 20
39.21358877333379
 30
0.0
 10
26.37843559799839
 20
38.52550100131553
 30
0.0
 10
26.56746632295944
 20
37.46221918941675
 30
0.0
 10
27.10535683052503
 20
37.20841634351999
 30
0.0
 10
27.66266622900013
 20
37.47443791152478
 30
0.0
 10
27.8797429097603
 20
39.04013928736371
 30
0.0
 10
27.90342669152324
 20
39.2109624709568
 30
0.0
 10
27.90342669152324
 20
39.2109624709568
 30
0.0
 10
27.89880252852033
 20
39.21263449639974
 30
0.0
 10
27.89880252852033
 20
39.21263449639974
 30
0.0
 10
27.89880252852033
 20
39.21263449639974
 30
0.0
 10
27.96136724550686
 20
39.62349296073279
 30
0.0
 10
27.96136724550686
 20
39.62349296073279
 30
0.0
 10
27.96136724550686
 20
39.62349296073279
 30
0.0
 10
27.96637822633082
 20
39.62271660339755
 30
0.0
 10
27.96637822633082
 20
39.62271660339755
 30
0.0
 10
28.07178870098517
 20
40.17829515555067
 30
0.0
 10
28.24263818972831
 20
40.78595410187229
 30
0.0
 10
28.49104823892784
 20
41.37390039816598
 30
0.0
 10
27.71937099346617
 20
41.1096793474721
 30
0.0
 10
27.32767690036167
 20
39.68303116636623
 30
0.0
 10
27.27615923883463
 20
39.75043155156909
 30
0.0
 10
27.27615923883463
 20
39.75043155156909
 30
0.0
 10
27.51537995836753
 20
41.43494411828016
 30
0.0
 10
27.51537995836753
 20
41.43494411828016
 30
0.0
 10
28.02138358956452
 20
42.3282689933481
 30
0.0
 10
28.90268795232113
 20
42.41725083591393
 30
0.0
 10
29.04823321888103
 20
42.43194597024269
 30
0.0
 10
29.04823321888103
 20
42.43194597024269
 30
0.0
 10
29.05491184271773
 20
42.44215064845758
 30
0.0
 10
29.05491184271773
 20
42.44215064845758
 30
0.0
 10
29.06510405528658
 20
42.46925707400997
 30
0.0
 10
29.0840969888326
 20
42.51516600022882
 30
0.0
 10
29.10016790446168
 20
42.55311687246774
 30
0.0
 10
29.10016790446168
 20
42.55311687246774
 30
0.0
 10
29.37510332744755
 20
42.34655917126075
 30
0.0
 10
29.37510332744755
 20
42.34655917126075
 30
0.0
 10
29.37510332744755
 20
42.34655917126075
 30
0.0
 10
29.15228108888483
 20
42.6431432543131
 30
0.0
 10
29.15228108888483
 20
42.6431432543131
 30
0.0
 10
29.18575998411591
 20
42.67637909011277
 30
0.0
 10
29.24172186264919
 20
42.72605635981762
 30
0.0
 10
29.27833758863868
 20
42.75809321267259
 30
0.0
 10
30.25438644478306
 20
44.03731034529643
 30
0.0
 10
30.44733640448911
 20
43.78257100842114
 30
0.0
 10
31.91443958256107
 20
44.43743821401644
 30
0.0
 10
31.91443958256107
 20
44.43743821401644
 30
0.0
 10
32.33248015298165
 20
44.63993678279442
 30
0.0
 10
32.33248015298165
 20
44.63993678279442
 30
0.0
 10
34.26562315817123
 20
45.65525596286751
 30
0.0
 10
34.53525075480555
 20
47.48505308677476
 30
0.0
 10
35.3798864522313
 20
47.70575145682087
 30
0.0
 10
35.6233768907579
 20
47.76937408497689
 30
0.0
 10
35.8985144972424
 20
47.72777109635494
 30
0.0
 10
36.12233186166767
 20
47.84284159582847
 30
0.0
 10
36.49503507434918
 20
48.03445829611792
 30
0.0
 10
36.73147391087523
 20
48.45597856425996
 30
0.0
 10
37.12410144649306
 20
48.60249908448715
 30
0.0
 10
36.98596033648752
 20
47.36655278211855
 30
0.0
 10
35.39777061331164
 20
47.59023505334781
 30
0.0
 10
35.11370911607103
 20
47.13330538491194
 30
0.0
 10
34.78028249114286
 20
46.59696899769999
 30
0.0
 10
34.58032765746845
 20
45.97630852442427
 30
0.0
 10
34.19311275281801
 20
45.47741509685174
 30
0.0
 10
35.5716926214739
 20
45.02706497687073
 30
0.0
 10
38.27638653333042
 20
47.20336809052955
 30
0.0
 10
39.07933464124643
 20
48.97415092600771
 30
0.0
 10
40.30928458495361
 20
51.68662291185851
 30
0.0
 10
39.93912521909559
 20
53.8024121770317
 30
0.0
 10
40.00361654116292
 20
54.00985296818928
 30
0.0
 10
40.70560542250022
 20
53.12659648713198
 30
0.0
 10
40.38166560399797
 20
47.54784089128019
 30
0.0
 10
36.65062270537374
 20
45.13702324991868
 30
0.0
 10
36.77982900648615
 20
45.12285705248622
 30
0.0
 10
37.38517816392102
 20
45.05648648382239
 30
0.0
 10
38.19563817193966
 20
44.63426779114239
 30
0.0
 10
38.85333408685991
 20
44.29163335313046
 30
0.0
 10
38.88286322672609
 20
44.06966179342552
 30
0.0
 10
39.54375529098665
 20
44.42162237639231
 30
0.0
 10
40.1609588981766
 20
44.75031650534798
 30
0.0
 10
40.79268438195203
 20
45.63828210319303
 30
0.0
 10
40.88046193368127
 20
45.76166393311807
 30
0.0
 10
40.48143437466949
 20
45.66118273126156
 30
0.0
 10
39.91304278461131
 20
45.78634729196123
 30
0.0
 10
39.96890288081854
 20
45.89441882259049
 30
0.0
 10
39.9757530936208
 20
45.95813082718432
 30
0.0
 10
40.23723362092909
 20
46.29878661292548
 30
0.0
 10
40.23723362092909
 20
46.29878661292548
 30
0.0
 10
40.489165504176
 20
46.67277456357535
 30
0.0
 10
42.02957999529168
 20
48.95948973141782
 30
0.0
 10
41.7046183864945
 20
51.74104122249255
 30
0.0
 10
41.66537009625148
 20
52.07699210804973
 30
0.0
 10
41.44634110551516
 20
53.95179946768359
 30
0.0
 10
40.68366036186389
 20
55.84386707697371
 30
0.0
 10
37.17010744631518
 20
53.39471258208596
 30
0.0
 10
38.38971874615554
 20
52.19942643214534
 30
0.0
 10
35.05312333014812
 20
49.50259183330694
 30
0.0
 10
34.02685716476326
 20
48.67310256135339
 30
0.0
 10
30.78200876917491
 20
46.47877520663155
 30
0.0
 10
30.54970380844648
 20
46.3778724857455
 30
0.0
 10
30.42869716011319
 20
45.59333231775767
 30
0.0
 10
30.09583910260077
 20
45.06828486114807
 30
0.0
 10
30.03144549548349
 20
44.96671093533855
 30
0.0
 10
30.03144549548349
 20
44.96671093533855
 30
0.0
 10
29.52808523179103
 20
45.03819404970909
 30
0.0
 10
29.52808523179103
 20
45.03819404970909
 30
0.0
  0
SPLINE
  5
A9
330
1F
100
AcDbEntity
  8
0
  6
Continuous
 62
    18
420
        0
370
     9
100
AcDbSpline
210
0.0
220
0.0
230
1.0
 70
    11
 71
     3
 72
    17
 73
    13
 74
     0
 42
0.000000001
 43
0.0
 40
0.0
 40
0.0
 40
0.0
 40
0.0
 40
1.0
 40
1.0
 40
1.0
 40
2.0
 40
2.0
 40
2.0
 40
3.0
 40
3.0
 40
3.0
 40
4.0
 40
4.0
 40
4.0
 40
4.0
 10
41.0425598949855
 20
53.5762319780079
 30
0.0
 10
41.09743196422956
 20
53.64145624434074
 30
0.0
 10
41.19341373495511
 20
53.65114068858838
 30
0.0
 10
41.25676428917915
 20
53.59784494156852
 30
0.0
 10
41.32011484340319
 20
53.54454919454864
 30
0.0
 10
41.32699829749663
 20
53.44832598096826
 30
0.0
 10
41.27212622825262
 20
53.38310171463543
 30
0.0
 10
41.21725415900858
 20
53.31787744830262
 30
0.0
 10
41.12127238828302
 20
53.30819300405495
 30
0.0
 10
41.05792183405898
 20
53.36148875107481
 30
0.0
 10
40.99457127983495
 20
53.41478449809468
 30
0.0
 10
40.9876878257415
 20
53.51100771167508
 30
0.0
 10
41.0425598949855
 20
53.5762319780079
 30
0.0
  0
SPLINE
  5
AA
330
1F
100
AcDbEntity
  8
0
  6
Continuous
 62
    18
420
        0
370
     9
100
AcDbSpline
210
0.0
220
0.0
230
1.0
 70
    11
 71
     3
 72
    20
 73
    16
 74
     0
 42
0.000000001
 43
0.0
 40
0.0
 40
0.0
 40
0.0
 40
0.0
 40
1.0
 40
1.0
 40
1.0
 40
2.0
 40
2.0
 40
2.0
 40
3.0
 40
3.0
 40
3.0
 40
4.0
 40
4.0
 40
4.0
 40
5.0
 40
5.0
 40
5.0
 40
5.0
 10
25.72301338982318
 20
45.73662425099024
 30
0.0
 10
25.57670038453031
 20
45.32600186500164
 30
0.0
 10
25.56190587751772
 20
45.30090805326819
 30
0.0
 10
25.52476258318035
 20
45.32475962419127
 30
0.0
 10
25.51304482746743
 20
45.31639320905701
 30
0.0
 10
25.49373699681962
 20
45.30245006411938
 30
0.0
 10
25.46107416809237
 20
45.27759103003817
 30
0.0
 10
25.41206635257058
 20
45.36527326095392
 30
0.0
 10
25.41928661203843
 20
45.36790118814114
 30
0.0
 10
25.10231842242321
 20
46.28439292623614
 30
0.0
 10
25.07279538456732
 20
46.36975676136199
 30
0.0
 10
25.02649028234628
 20
46.44933004856163
 30
0.0
 10
25.0032916461902
 20
46.53662505066446
 30
0.0
 10
25.0032916461902
 20
46.53662505066446
 30
0.0
 10
25.72301338982318
 20
45.73662425099024
 30
0.0
 10
25.72301338982318
 20
45.73662425099024
 30
0.0
  0
SPLINE
  5
AB
330
1F
100
AcDbEntity
  8
0
  6
Continuous
 62
    18
420
        0
370
     9
100
AcDbSpline
210
0.0
220
0.0
230
1.0
 70
    11
 71
     3
 72
    26
 73
    22
 74
     0
 42
0.000000001
 43
0.0
 40
0.0
 40
0.0
 40
0.0
 40
0.0
 40
1.0
 40
1.0
 40
1.0
 40
2.0
 40
2.0
 40
2.0
 40
3.0
 40
3.0
 40
3.0
 40
4.0
 40
4.0
 40
4.0
 40
5.0
 40
5.0
 40
5.0
 40
6.0
 40
6.0
 40
6.0
 40
7.0
 40
7.0
 40
7.0
 40
7.0
 10
26.29288605486527
 20
50.82198641303057
 30
0.0
 10
24.64197895836285
 20
51.80888572973748
 30
0.0
 10
23.65709127867284
 20
53.17900000646586
 30
0.0
 10
23.79856966555491
 20
53.49179851934139
 30
0.0
 10
24.16218719439972
 20
53.1827142036352
 30
0.0
 10
24.07106073149657
 20
53.10039261549589
 30
0.0
 10
24.45718146289081
 20
52.80670178329889
 30
0.0
 10
26.48599046910082
 20
51.26355075058679
 30
0.0
 10
27.6985979927137
 20
51.74011496115853
 30
0.0
 10
27.96972117688621
 20
51.84666848628251
 30
0.0
 10
28.11714416422824
 20
51.90460686965442
 30
0.0
 10
28.93361046154952
 20
52.2254844898774
 30
0.0
 10
29.69779779818493
 20
52.81316999676332
 30
0.0
 10
30.07962254781637
 20
53.10680594278242
 30
0.0
 10
29.9838933532413
 20
53.18628817286385
 30
0.0
 10
30.33989631422855
 20
53.49185650632731
 30
0.0
 10
30.48748301409382
 20
53.17034162457937
 30
0.0
 10
29.54979927156056
 20
51.83544736118965
 30
0.0
 10
27.91010457084426
 20
50.82678889414184
 30
0.0
 10
27.69665808618812
 20
50.08396686178649
 30
0.0
 10
26.51820573603733
 20
50.08800099992676
 30
0.0
 10
26.29288605486527
 20
50.82198641303057
 30
0.0
  0
SPLINE
  5
AC
330
1F
100
AcDbEntity
  8
0
  6
Continuous
 62
    18
420
        0
370
     9
100
AcDbSpline
210
0.0
220
0.0
230
1.0
 70
    11
 71
     3
 72
    17
 73
    13
 74
     0
 42
0.000000001
 43
0.0
 40
0.0
 40
0.0
 40
0.0
 40
0.0
 40
1.0
 40
1.0
 40
1.0
 40
2.0
 40
2.0
 40
2.0
 40
3.0
 40
3.0
 40
3.0
 40
4.0
 40
4.0
 40
4.0
 40
4.0
 10
44.61639882407039
 20
57.24180508019889
 30
0.0
 10
44.67127089331451
 20
57.30702934653172
 30
0.0
 10
44.76725266403999
 20
57.31671379077938
 30
0.0
 10
44.8306032182641
 20
57.2634180437595
 30
0.0
 10
44.89395377248813
 20
57.21012229673961
 30
0.0
 10
44.90083722658152
 20
57.11389908315922
 30
0.0
 10
44.84596515733752
 20
57.0486748168264
 30
0.0
 10
44.79109308809346
 20
56.98345055049359
 30
0.0
 10
44.69511131736797
 20
56.97376610624592
 30
0.0
 10
44.63176076314393
 20
57.02706185326579
 30
0.0
 10
44.56841020891984
 20
57.08035760028567
 30
0.0
 10
44.56152675482639
 20
57.17658081386607
 30
0.0
 10
44.61639882407039
 20
57.24180508019889
 30
0.0
  0
LWPOLYLINE
  5
AD
330
1F
100
AcDbEntity
  8
0
  6
Continuous
 62
    18
420
        0
370
     9
100
AcDbPolyline
 90
       25
 70
     1
 43
0.0
 10
26.28316255298867
 20
44.05184854018975
 10
26.25307579024925
 20
44.03333360927321
 10
22.58312048539497
 20
44.55451069398624
 10
26.25307579024925
 20
45.07568777869924
 10
26.28316255298879
 20
45.0571728477826
 10
25.33412593449305
 20
46.32037331240109
 10
26.59732639911142
 20
45.37133669390536
 10
26.57881146819481
 20
45.40142345664492
 10
27.0999885529079
 20
49.07137876149916
 10
27.62116563762088
 20
45.40142345664492
 10
27.60265070670438
 20
45.37133669390552
 10
28.86585117132255
 20
46.32037331240112
 10
27.91681455282687
 20
45.0571728477826
 10
27.94690131556653
 20
45.07568777869928
 10
31.61685662042074
 20
44.55451069398627
 10
27.94690131556653
 20
44.03333360927321
 10
27.91681455282702
 20
44.05184854018982
 10
28.8658511713227
 20
42.78864807557149
 10
27.60265070670429
 20
43.73768469406716
 10
27.62116563762094
 20
43.70759793132758
 10
27.09998855290781
 20
40.03764262647338
 10
26.57881146819484
 20
43.70759793132758
 10
26.59732639911157
 20
43.73768469406725
 10
25.33412593449305
 20
42.78864807557149
 10
26.28316255298867
 20
44.05184854018975
  0
LWPOLYLINE
  5
AE
330
1F
100
AcDbEntity
  8
0
  6
Continuous
 62
    18
420
        0
370
     9
100
AcDbPolyline
 90
        5
 70
     1
 43
0.0
 10
27.14672767928438
 20
44.6304617743481
 10
27.13394744941576
 20
44.58846959049427
 10
28.83189227481463
 20
46.28641441589317
 10
27.54965118253085
 20
45.2852124671236
 10
27.14672767928438
 20
44.6304617743481
  0
LWPOLYLINE
  5
AF
330
1F
100
AcDbEntity
  8
0
  6
Continuous
 62
    18
420
        0
370
     9
100
AcDbPolyline
 90
        5
 70
     1
 43
0.0
 10
27.024037472546
 20
44.60124982036278
 10
27.06602965639989
 20
44.58846959049423
 10
25.36808483100102
 20
46.2864144158931
 10
26.36928677977059
 20
45.00417332360915
 10
27.024037472546
 20
44.60124982036278
  0
LWPOLYLINE
  5
B0
330
1F
100
AcDbEntity
  8
0
  6
Continuous
 62
    18
420
        0
370
     9
100
AcDbPolyline
 90
        5
 70
     1
 43
0.0
 10
27.05324942653133
 20
44.47855961362441
 10
27.06602965639992
 20
44.52055179747831
 10
25.36808483100102
 20
42.82260697207941
 10
26.65032592328492
 20
43.82380892084902
 10
27.05324942653133
 20
44.47855961362441
  0
LWPOLYLINE
  5
B1
330
1F
100
AcDbEntity
  8
0
  6
Continuous
 62
    18
420
        0
370
     9
100
AcDbPolyline
 90
        5
 70
     1
 43
0.0
 10
27.17593963326961
 20
44.50777156760978
 10
27.13394744941585
 20
44.52055179747833
 10
28.83189227481475
 20
42.82260697207944
 10
27.83069032604515
 20
44.1048480643633
 10
27.17593963326961
 20
44.50777156760978
  0
LWPOLYLINE
  5
B2
330
1F
100
AcDbEntity
  8
0
  6
Continuous
 62
    18
420
        0
370
     9
100
AcDbPolyline
 90
        7
 70
     1
 43
0.0
 10
27.25690208378923
 20
44.59187105848181
 10
27.18685140035995
 20
44.55451069398624
 10
31.52999377296855
 20
44.55451069398627
 10
28.00119059522415
 20
44.98882493124711
 10
27.77472064640308
 20
44.86804095854253
 10
27.63484117290852
 20
44.68185655589118
 10
27.25690208378923
 20
44.59187105848181
  0
LWPOLYLINE
  5
B3
330
1F
100
AcDbEntity
  8
0
  6
Continuous
 62
    18
420
        0
370
     9
100
AcDbPolyline
 90
        7
 70
     1
 43
0.0
 10
26.94307502202663
 20
44.51715032949073
 10
27.01312570545568
 20
44.55451069398624
 10
22.66998333284713
 20
44.55451069398624
 10
26.19878651059154
 20
44.12019645672535
 10
26.42525645941258
 20
44.2409804294299
 10
26.56513593290714
 20
44.42716483208135
 10
26.94307502202663
 20
44.51715032949073
  0
LWPOLYLINE
  5
B4
330
1F
100
AcDbEntity
  8
0
  6
Continuous
 62
    18
420
        0
370
     9
100
AcDbPolyline
 90
        7
 70
     1
 43
0.0
 10
27.13734891740331
 20
44.39759716310509
 10
27.09998855290781
 20
44.46764784653407
 10
27.09998855290781
 20
40.12450547392551
 10
27.53430279016868
 20
43.65330865166997
 10
27.41351881746414
 20
43.87977860049108
 10
27.22733441481273
 20
44.01965807398565
 10
27.13734891740331
 20
44.39759716310509
  0
LWPOLYLINE
  5
B5
330
1F
100
AcDbEntity
  8
0
  6
Continuous
 62
    18
420
        0
370
     9
100
AcDbPolyline
 90
        7
 70
     1
 43
0.0
 10
27.06262818841223
 20
44.71142422486764
 10
27.0999885529079
 20
44.64137354143844
 10
27.09998855290781
 20
48.98451591404698
 10
26.66567431564697
 20
45.45571273630253
 10
26.7864582883516
 20
45.2292427874814
 10
26.97264269100293
 20
45.08936331398689
 10
27.06262818841223
 20
44.71142422486764
  0
SPLINE
  5
B6
330
1F
100
AcDbEntity
  8
0
  6
Continuous
 62
    18
420
        0
370
     9
100
AcDbSpline
210
0.0
220
0.0
230
1.0
 70
    11
 71
     3
 72
    32
 73
    28
 74
     0
 42
0.000000001
 43
0.0
 40
0.0
 40
0.0
 40
0.0
 40
0.0
 40
1.0
 40
1.0
 40
1.0
 40
2.0
 40
2.0
 40
2.0
 40
3.0
 40
3.0
 40
3.0
 40
4.0
 40
4.0
 40
4.0
 40
5.0
 40
5.0
 40
5.0
 40
6.0
 40
6.0
 40
6.0
 40
7.0
 40
7.0
 40
7.0
 40
8.0
 40
8.0
 40
8.0
 40
9.0
 40
9.0
 40
9.0
 40
9.0
 10
21.22252647550479
 20
49.58939380775564
 30
0.0
 10
21.22252647550479
 20
49.58939380775564
 30
0.0
 10
21.22055815457832
 20
49.58472005282622
 30
0.0
 10
21.22055815457832
 20
49.58472005282622
 30
0.0
 10
18.44317341790633
 20
50.69620395148397
 30
0.0
 10
17.55599353293347
 20
53.84799952533939
 30
0.0
 10
18.01015148914259
 20
54.51719281344894
 30
0.0
 10
18.1163762823364
 20
54.36154237700826
 30
0.0
 10
18.19151021606295
 20
51.70651229007981
 30
0.0
 10
21.56241157537195
 20
50.52240957467903
 30
0.0
 10
21.56241157537195
 20
50.52240957467903
 30
0.0
 10
21.56191364800285
 20
50.52083818603442
 30
0.0
 10
21.56191364800285
 20
50.52083818603442
 30
0.0
 10
21.69071995341433
 20
50.48133606868555
 30
0.0
 10
22.37780795627912
 20
49.89170664352484
 30
0.0
 10
22.43226419405641
 20
49.77563134314255
 30
0.0
 10
22.59351828038422
 20
49.43191284049958
 30
0.0
 10
22.60258679447528
 20
49.0299500461015
 30
0.0
 10
22.76222687554967
 20
48.68547895307466
 30
0.0
 10
22.6343447950946
 20
48.80819228950276
 30
0.0
 10
22.54961061498085
 20
48.97114336421554
 30
0.0
 10
22.42172853452569
 20
49.09385670064362
 30
0.0
 10
22.3377192434797
 20
49.17447050015744
 30
0.0
 10
22.24013026929673
 20
49.24526487361311
 30
0.0
 10
22.13252450774303
 20
49.28972998054633
 30
0.0
 10
21.83737462236924
 20
49.41169251326744
 30
0.0
 10
21.50469449100217
 20
49.43982935591572
 30
0.0
 10
21.22252647550479
 20
49.58939380775564
 30
0.0
  0
LWPOLYLINE
  5
B7
330
1F
100
AcDbEntity
  8
0
  6
Continuous
 62
    18
420
        0
370
     9
100
AcDbPolyline
 90
       25
 70
     1
 43
0.0
 10
6.981455001812227
 20
52.68056946729334
 10
6.562902767929682
 20
52.85832744145183
 10
7.014395953623978
 20
52.80412621326875
 10
7.005445401178199
 20
52.80894975355054
 10
6.605983617629981
 20
53.79818902995665
 10
7.26506475236598
 20
52.95927537508202
 10
7.264792270083613
 20
52.94911148393048
 10
7.442550244242044
 20
53.3676637178129
 10
7.388349016058984
 20
52.9161705321186
 10
7.393172556340759
 20
52.92512108456443
 10
8.382411832746895
 20
53.32458286811266
 10
7.543498177872277
 20
52.66550173337664
 10
7.533334286720678
 20
52.66577421565906
 10
7.951886520603137
 20
52.48801624150056
 10
7.5003933349089
 20
52.54221746968366
 10
7.509343887354708
 20
52.53739392940186
 10
7.908805670902927
 20
51.54815465299575
 10
7.249724536166839
 20
52.38706830787036
 10
7.249997018449353
 20
52.39723219902201
 10
7.072239044290776
 20
51.97867996513951
 10
7.126440272473895
 20
52.43017315083382
 10
7.121616732192062
 20
52.42122259838798
 10
6.132377455786012
 20
52.02176081483972
 10
6.97129111066063
 20
52.68084194957576
 10
6.981455001812227
 20
52.68056946729334
  0
SPLINE
  5
B8
330
1F
100
AcDbEntity
  8
0
  6
Continuous
 62
    18
420
        0
370
     9
100
AcDbSpline
210
0.0
220
0.0
230
1.0
 70
    11
 71
     3
 72
    26
 73
    22
 74
     0
 42
0.000000001
 43
0.0
 40
0.0
 40
0.0
 40
0.0
 40
0.0
 40
1.0
 40
1.0
 40
1.0
 40
2.0
 40
2.0
 40
2.0
 40
3.0
 40
3.0
 40
3.0
 40
4.0
 40
4.0
 40
4.0
 40
5.0
 40
5.0
 40
5.0
 40
6.0
 40
6.0
 40
6.0
 40
7.0
 40
7.0
 40
7.0
 40
7.0
 10
24.99139054202525
 20
46.74517199658162
 30
0.0
 10
24.43320892078961
 20
48.78360243487246
 30
0.0
 10
24.61904659936655
 20
48.87994309049992
 30
0.0
 10
23.34998374884222
 20
50.55311692530611
 30
0.0
 10
22.39917267349789
 20
51.80669724439969
 30
0.0
 10
20.8672727492918
 20
52.84014825456595
 30
0.0
 10
20.9099477414751
 20
52.87931641329985
 30
0.0
 10
20.92019731795163
 20
52.900741170942
 30
0.0
 10
20.93045601864952
 20
52.92216348223253
 30
0.0
 10
20.93440092918428
 20
52.94527862292001
 30
0.0
 10
21.48356919221569
 20
52.7797073273925
 30
0.0
 10
25.92630700681727
 20
51.44024562654308
 30
0.0
 10
26.99089365742904
 20
49.10795028081253
 30
0.0
 10
26.99089365742904
 20
49.10795028081253
 30
0.0
 10
26.83109738433157
 20
47.98271819108489
 30
0.0
 10
26.83109738433157
 20
47.98271819108489
 30
0.0
 10
26.3357778323803
 20
47.48337468468362
 30
0.0
 10
25.90102942088539
 20
46.26447706293688
 30
0.0
 10
25.84400730201055
 20
46.10460500073777
 30
0.0
 10
25.84400730201055
 20
46.10460500073777
 30
0.0
 10
24.99139054202525
 20
46.74517199658162
 30
0.0
 10
24.99139054202525
 20
46.74517199658162
 30
0.0
  0
SPLINE
  5
B9
330
1F
100
AcDbEntity
  8
0
  6
Continuous
 62
    18
420
        0
370
     9
100
AcDbSpline
210
0.0
220
0.0
230
1.0
 70
    11
 71
     3
 72
    17
 73
    13
 74
     0
 42
0.000000001
 43
0.0
 40
0.0
 40
0.0
 40
0.0
 40
0.0
 40
1.0
 40
1.0
 40
1.0
 40
2.0
 40
2.0
 40
2.0
 40
3.0
 40
3.0
 40
3.0
 40
4.0
 40
4.0
 40
4.0
 40
4.0
 10
22.82498555755764
 20
51.81391164016524
 30
0.0
 10
23.08836013333833
 20
51.61726367035449
 30
0.0
 10
23.340916264146
 20
51.40553825181082
 30
0.0
 10
23.58267065247503
 20
51.1828469701628
 30
0.0
 10
25.06535324869112
 20
49.81707863846508
 30
0.0
 10
24.8359122272505
 20
49.64252882890882
 30
0.0
 10
25.74361334837561
 20
47.83443372673326
 30
0.0
 10
25.77539086449986
 20
48.12600964609928
 30
0.0
 10
26.0989440983198
 20
48.33303761975685
 30
0.0
 10
26.13072161444401
 20
48.6246135391229
 30
0.0
 10
26.14219732278526
 20
48.7299093777558
 30
0.0
 10
25.61163554278124
 20
50.15965762301465
 30
0.0
 10
22.82498555755764
 20
51.81391164016524
 30
0.0
  0
SPLINE
  5
BA
330
1F
100
AcDbEntity
  8
0
  6
Continuous
 62
    18
420
        0
370
     9
100
AcDbSpline
210
0.0
220
0.0
230
1.0
 70
    11
 71
     3
 72
    17
 73
    13
 74
     0
 42
0.000000001
 43
0.0
 40
0.0
 40
0.0
 40
0.0
 40
0.0
 40
1.0
 40
1.0
 40
1.0
 40
2.0
 40
2.0
 40
2.0
 40
3.0
 40
3.0
 40
3.0
 40
4.0
 40
4.0
 40
4.0
 40
4.0
 10
32.77165956677624
 20
15.68958418035405
 30
0.0
 10
32.86398756508586
 20
15.68958418035405
 30
0.0
 10
32.93894618557094
 20
15.59345432223677
 30
0.0
 10
32.93894618557094
 20
15.4750492966331
 30
0.0
 10
32.93894618557094
 20
15.35664427102945
 30
0.0
 10
32.86398756508586
 20
15.26051441291215
 30
0.0
 10
32.77165956677624
 20
15.26051441291215
 30
0.0
 10
32.67933156846662
 20
15.26051441291215
 30
0.0
 10
32.60437294798155
 20
15.35664427102945
 30
0.0
 10
32.60437294798155
 20
15.4750492966331
 30
0.0
 10
32.60437294798155
 20
15.59345432223677
 30
0.0
 10
32.67933156846662
 20
15.68958418035405
 30
0.0
 10
32.77165956677624
 20
15.68958418035405
 30
0.0
  0
SPLINE
  5
BB
330
1F
100
AcDbEntity
  8
0
  6
Continuous
 62
    18
420
        0
370
     9
100
AcDbSpline
210
0.0
220
0.0
230
1.0
 70
    11
 71
     3
 72
    17
 73
    13
 74
     0
 42
0.000000001
 43
0.0
 40
0.0
 40
0.0
 40
0.0
 40
0.0
 40
1.0
 40
1.0
 40
1.0
 40
2.0
 40
2.0
 40
2.0
 40
3.0
 40
3.0
 40
3.0
 40
4.0
 40
4.0
 40
4.0
 40
4.0
 10
10.64957459736877
 20
17.83493301756333
 30
0.0
 10
10.74190259567839
 20
17.83493301756333
 30
0.0
 10
10.8168612161635
 20
17.73880315944609
 30
0.0
 10
10.8168612161635
 20
17.62039813384241
 30
0.0
 10
10.8168612161635
 20
17.50199310823876
 30
0.0
 10
10.74190259567839
 20
17.40586325012146
 30
0.0
 10
10.64957459736877
 20
17.40586325012146
 30
0.0
 10
10.55724659905924
 20
17.40586325012146
 30
0.0
 10
10.48228797857413
 20
17.50199310823876
 30
0.0
 10
10.48228797857413
 20
17.62039813384241
 30
0.0
 10
10.48228797857413
 20
17.73880315944609
 30
0.0
 10
10.55724659905924
 20
17.83493301756333
 30
0.0
 10
10.64957459736877
 20
17.83493301756333
 30
0.0
  0
SPLINE
  5
BC
330
1F
100
AcDbEntity
  8
0
  6
Continuous
 62
    18
420
        0
370
     9
100
AcDbSpline
210
0.0
220
0.0
230
1.0
 70
    11
 71
     3
 72
    17
 73
    13
 74
     0
 42
0.000000001
 43
0.0
 40
0.0
 40
0.0
 40
0.0
 40
0.0
 40
1.0
 40
1.0
 40
1.0
 40
2.0
 40
2.0
 40
2.0
 40
3.0
 40
3.0
 40
3.0
 40
4.0
 40
4.0
 40
4.0
 40
4.0
 10
4.953291646190129
 20
49.9515027850052
 30
0.0
 10
5.038527489013355
 20
49.9515027850052
 30
0.0
 10
5.107728179062853
 20
49.8842900386793
 30
0.0
 10
5.107728179062853
 20
49.80150278500518
 30
0.0
 10
5.107728179062853
 20
49.71871553133107
 30
0.0
 10
5.038527489013355
 20
49.65150278500515
 30
0.0
 10
4.953291646190129
 20
49.65150278500515
 30
0.0
 10
4.868055803366991
 20
49.65150278500515
 30
0.0
 10
4.798855113317522
 20
49.71871553133107
 30
0.0
 10
4.798855113317522
 20
49.80150278500518
 30
0.0
 10
4.798855113317522
 20
49.8842900386793
 30
0.0
 10
4.868055803366991
 20
49.9515027850052
 30
0.0
 10
4.953291646190129
 20
49.9515027850052
 30
0.0
  0
SPLINE
  5
BD
330
1F
100
AcDbEntity
  8
0
  6
Continuous
 62
    18
420
        0
370
     9
100
AcDbSpline
210
0.0
220
0.0
230
1.0
 70
    11
 71
     3
 72
    17
 73
    13
 74
     0
 42
0.000000001
 43
0.0
 40
0.0
 40
0.0
 40
0.0
 40
0.0
 40
1.0
 40
1.0
 40
1.0
 40
2.0
 40
2.0
 40
2.0
 40
3.0
 40
3.0
 40
3.0
 40
4.0
 40
4.0
 40
4.0
 40
4.0
 10
5.335455959209805
 20
30.24229509500861
 30
0.0
 10
5.335455959209805
 20
30.24229509500861
 30
0.0
 10
5.330444221798754
 20
30.24220045942376
 30
0.0
 10
5.330444221798754
 20
30.24220045942376
 30
0.0
 10
5.238116223489195
 20
30.24220045942376
 30
0.0
 10
5.163157603004083
 20
30.33833031754107
 30
0.0
 10
5.163157603004083
 20
30.45673534314469
 30
0.0
 10
5.163157603004083
 20
30.50323324950794
 30
0.0
 10
5.174717344182993
 20
30.546295991654
 30
0.0
 10
5.194349200574858
 20
30.58145090714712
 30
0.0
 10
5.240426372080209
 20
30.46789529179968
 30
0.0
 10
5.287465382296258
 20
30.35483989250882
 30
0.0
 10
5.335455959209805
 20
30.24229509500861
 30
0.0
  0
LWPOLYLINE
  5
BE
330
1F
100
AcDbEntity
  8
0
  6
Continuous
 62
    18
420
        0
370
     9
100
AcDbPolyline
 90
       25
 70
     1
 43
0.0
 10
4.38795777435389
 20
46.71741884635229
 10
4.204131911892799
 20
46.76234405836394
 10
4.410757847229072
 20
46.76826571051487
 10
4.406888742227188
 20
46.76963059471883
 10
4.281098051597239
 20
47.13655206109888
 10
4.536698417821137
 20
46.84479340548457
 10
4.535956005458774
 20
46.84075834584573
 10
4.643955650048937
 20
47.01701219654444
 10
4.591404781477327
 20
46.83521937876495
 10
4.594189580061978
 20
46.83905041748818
 10
5.078308834670609
 20
47.05691596088214
 10
4.648351623638879
 20
46.74551004513393
 10
4.643642706506916
 20
46.74500204877549
 10
4.827468568967979
 20
46.70007683676387
 10
4.620842633631792
 20
46.69415518461292
 10
4.62471173863359
 20
46.69279030040896
 10
4.750502429263569
 20
46.32586883402892
 10
4.49490206303967
 20
46.61762748964322
 10
4.495644475402033
 20
46.62166254928203
 10
4.387644830811841
 20
46.44540869858332
 10
4.440195699383451
 20
46.6272015163629
 10
4.437410900798771
 20
46.62337047763961
 10
3.953291646190198
 20
46.40550493424567
 10
4.38324885722187
 20
46.71691084999383
 10
4.38795777435389
 20
46.71741884635229
  0
SPLINE
  5
BF
330
1F
100
AcDbEntity
  8
0
  6
Continuous
 62
    18
420
        0
370
     9
100
AcDbSpline
210
0.0
220
0.0
230
1.0
 70
    11
 71
     3
 72
    17
 73
    13
 74
     0
 42
0.000000001
 43
0.0
 40
0.0
 40
0.0
 40
0.0
 40
0.0
 40
1.0
 40
1.0
 40
1.0
 40
2.0
 40
2.0
 40
2.0
 40
3.0
 40
3.0
 40
3.0
 40
4.0
 40
4.0
 40
4.0
 40
4.0
 10
47.58746424653572
 20
44.7015027850052
 30
0.0
 10
47.67270008935883
 20
44.7015027850052
 30
0.0
 10
47.74190077940833
 20
44.6342900386793
 30
0.0
 10
47.74190077940833
 20
44.55150278500519
 30
0.0
 10
47.74190077940833
 20
44.46871553133106
 30
0.0
 10
47.67270008935883
 20
44.40150278500515
 30
0.0
 10
47.58746424653572
 20
44.40150278500515
 30
0.0
 10
47.5022284037125
 20
44.40150278500515
 30
0.0
 10
47.433027713663
 20
44.46871553133106
 30
0.0
 10
47.433027713663
 20
44.55150278500519
 30
0.0
 10
47.433027713663
 20
44.6342900386793
 30
0.0
 10
47.5022284037125
 20
44.7015027850052
 30
0.0
 10
47.58746424653572
 20
44.7015027850052
 30
0.0
  0
SPLINE
  5
C0
330
1F
100
AcDbEntity
  8
0
  6
Continuous
 62
    18
420
        0
370
     9
100
AcDbSpline
210
0.0
220
0.0
230
1.0
 70
    11
 71
     3
 72
    17
 73
    13
 74
     0
 42
0.000000001
 43
0.0
 40
0.0
 40
0.0
 40
0.0
 40
0.0
 40
1.0
 40
1.0
 40
1.0
 40
2.0
 40
2.0
 40
2.0
 40
3.0
 40
3.0
 40
3.0
 40
4.0
 40
4.0
 40
4.0
 40
4.0
 10
41.32281967195909
 20
21.66080511058659
 30
0.0
 10
41.41514767026871
 20
21.66080511058659
 30
0.0
 10
41.49010629075379
 20
21.56467525246934
 30
0.0
 10
41.49010629075379
 20
21.44627022686567
 30
0.0
 10
41.49010629075379
 20
21.327865201262
 30
0.0
 10
41.41514767026871
 20
21.23173534314471
 30
0.0
 10
41.32281967195909
 20
21.23173534314471
 30
0.0
 10
41.23049167364953
 20
21.23173534314471
 30
0.0
 10
41.15553305316438
 20
21.327865201262
 30
0.0
 10
41.15553305316438
 20
21.44627022686567
 30
0.0
 10
41.15553305316438
 20
21.56467525246934
 30
0.0
 10
41.23049167364953
 20
21.66080511058659
 30
0.0
 10
41.32281967195909
 20
21.66080511058659
 30
0.0
  0
SPLINE
  5
C1
330
1F
100
AcDbEntity
  8
0
  6
Continuous
 62
    18
420
        0
370
     9
100
AcDbSpline
210
0.0
220
0.0
230
1.0
 70
    11
 71
     3
 72
    23
 73
    19
 74
     0
 42
0.000000001
 43
0.0
 40
0.0
 40
0.0
 40
0.0
 40
0.0
 40
1.0
 40
1.0
 40
1.0
 40
2.0
 40
2.0
 40
2.0
 40
3.0
 40
3.0
 40
3.0
 40
4.0
 40
4.0
 40
4.0
 40
5.0
 40
5.0
 40
5.0
 40
6.0
 40
6.0
 40
6.0
 40
6.0
 10
36.00448361196437
 20
54.51719287968633
 30
0.0
 10
36.4884582651897
 20
53.80438005037283
 30
0.0
 10
35.49679264124752
 20
50.65944347240681
 30
0.0
 10
32.91709229301901
 20
49.60503358246281
 30
0.0
 10
32.91709229301901
 20
49.60503358246281
 30
0.0
 10
32.8699380169298
 20
49.58602271650896
 30
0.0
 10
32.8699380169298
 20
49.58602271650896
 30
0.0
 10
31.80432831739522
 20
49.38968125741265
 30
0.0
 10
31.41993826643094
 20
48.73448928141826
 30
0.0
 10
31.35405515746678
 20
48.68546984524995
 30
0.0
 10
31.46654582302526
 20
48.98180935929044
 30
0.0
 10
31.46718905812675
 20
49.31150663491427
 30
0.0
 10
31.56813739771722
 20
49.61197408764991
 30
0.0
 10
31.77460513356775
 20
50.22651450421074
 30
0.0
 10
33.906424530558
 20
51.15535319462655
 30
0.0
 10
34.57548281454473
 20
51.73452913759736
 30
0.0
 10
35.6861568105542
 20
52.69599344402339
 30
0.0
 10
35.97709576249596
 20
54.47707475245028
 30
0.0
 10
36.00448361196437
 20
54.51719287968633
 30
0.0
  0
SPLINE
  5
C2
330
1F
100
AcDbEntity
  8
0
  6
Continuous
 62
    18
420
        0
370
     9
100
AcDbSpline
210
0.0
220
0.0
230
1.0
 70
    11
 71
     3
 72
    17
 73
    13
 74
     0
 42
0.000000001
 43
0.0
 40
0.0
 40
0.0
 40
0.0
 40
0.0
 40
1.0
 40
1.0
 40
1.0
 40
2.0
 40
2.0
 40
2.0
 40
3.0
 40
3.0
 40
3.0
 40
4.0
 40
4.0
 40
4.0
 40
4.0
 10
25.50388314077279
 20
14.95348653396526
 30
0.0
 10
25.56332090954002
 20
15.024137867398
 30
0.0
 10
25.68513743341268
 20
15.01961250351588
 30
0.0
 10
25.77574345864013
 20
14.94338719091771
 30
0.0
 10
25.86634948386756
 20
14.86716187831949
 30
0.0
 10
25.89165415363133
 20
14.74791667676064
 30
0.0
 10
25.83221638486407
 20
14.6772653433279
 30
0.0
 10
25.77277861609682
 20
14.60661400989517
 30
0.0
 10
25.65096209222415
 20
14.61113937377728
 30
0.0
 10
25.56035606699671
 20
14.68736468637545
 30
0.0
 10
25.4697500417693
 20
14.76358999897364
 30
0.0
 10
25.44444537200551
 20
14.88283520053253
 30
0.0
 10
25.50388314077279
 20
14.95348653396526
 30
0.0
  0
SPLINE
  5
C3
330
1F
100
AcDbEntity
  8
0
  6
Continuous
 62
    18
420
        0
370
     9
100
AcDbSpline
210
0.0
220
0.0
230
1.0
 70
    11
 71
     3
 72
    17
 73
    13
 74
     0
 42
0.000000001
 43
0.0
 40
0.0
 40
0.0
 40
0.0
 40
0.0
 40
1.0
 40
1.0
 40
1.0
 40
2.0
 40
2.0
 40
2.0
 40
3.0
 40
3.0
 40
3.0
 40
4.0
 40
4.0
 40
4.0
 40
4.0
 10
27.24113832442438
 20
16.22592138965638
 30
0.0
 10
27.33346632273396
 20
16.22592138965638
 30
0.0
 10
27.40842494321907
 20
16.1297915315391
 30
0.0
 10
27.40842494321907
 20
16.01138650593542
 30
0.0
 10
27.40842494321907
 20
15.89298148033181
 30
0.0
 10
27.33346632273396
 20
15.7968516222145
 30
0.0
 10
27.24113832442438
 20
15.7968516222145
 30
0.0
 10
27.14881032611476
 20
15.7968516222145
 30
0.0
 10
27.07385170562968
 20
15.89298148033181
 30
0.0
 10
27.07385170562968
 20
16.01138650593542
 30
0.0
 10
27.07385170562968
 20
16.1297915315391
 30
0.0
 10
27.14881032611476
 20
16.22592138965638
 30
0.0
 10
27.24113832442438
 20
16.22592138965638
 30
0.0
  0
SPLINE
  5
C4
330
1F
100
AcDbEntity
  8
0
  6
Continuous
 62
    18
420
        0
370
     9
100
AcDbSpline
210
0.0
220
0.0
230
1.0
 70
    11
 71
     3
 72
    17
 73
    13
 74
     0
 42
0.000000001
 43
0.0
 40
0.0
 40
0.0
 40
0.0
 40
0.0
 40
1.0
 40
1.0
 40
1.0
 40
2.0
 40
2.0
 40
2.0
 40
3.0
 40
3.0
 40
3.0
 40
4.0
 40
4.0
 40
4.0
 40
4.0
 10
45.09678524465674
 20
29.91157241702068
 30
0.0
 10
45.15622301342403
 20
29.98222375045341
 30
0.0
 10
45.27803953729662
 20
29.9776983865713
 30
0.0
 10
45.36864556252404
 20
29.90147307397313
 30
0.0
 10
45.4592515877515
 20
29.82524776137494
 30
0.0
 10
45.48455625751527
 20
29.70600255981604
 30
0.0
 10
45.42511848874803
 20
29.63535122638331
 30
0.0
 10
45.36568071998074
 20
29.56469989295057
 30
0.0
 10
45.24386419610815
 20
29.56922525683267
 30
0.0
 10
45.15325817088068
 20
29.64545056943084
 30
0.0
 10
45.06265214565327
 20
29.72167588202905
 30
0.0
 10
45.03734747588945
 20
29.84092108358794
 30
0.0
 10
45.09678524465674
 20
29.91157241702068
 30
0.0
  0
SPLINE
  5
C5
330
1F
100
AcDbEntity
  8
0
  6
Continuous
 62
    18
420
        0
370
     9
100
AcDbSpline
210
0.0
220
0.0
230
1.0
 70
    11
 71
     3
 72
    17
 73
    13
 74
     0
 42
0.000000001
 43
0.0
 40
0.0
 40
0.0
 40
0.0
 40
0.0
 40
1.0
 40
1.0
 40
1.0
 40
2.0
 40
2.0
 40
2.0
 40
3.0
 40
3.0
 40
3.0
 40
4.0
 40
4.0
 40
4.0
 40
4.0
 10
3.07128324049453
 20
34.6173435945342
 30
0.0
 10
3.209775237958957
 20
34.6173435945342
 30
0.0
 10
3.322213168686609
 20
34.45475201501658
 30
0.0
 10
3.322213168686609
 20
34.25448478782226
 30
0.0
 10
3.322213168686609
 20
34.05421756062797
 30
0.0
 10
3.209775237958957
 20
33.89162598111028
 30
0.0
 10
3.07128324049453
 20
33.89162598111028
 30
0.0
 10
2.93279124303019
 20
33.89162598111028
 30
0.0
 10
2.820353312302479
 20
34.05421756062797
 30
0.0
 10
2.820353312302479
 20
34.25448478782226
 30
0.0
 10
2.820353312302479
 20
34.45475201501658
 30
0.0
 10
2.93279124303019
 20
34.6173435945342
 30
0.0
 10
3.07128324049453
 20
34.6173435945342
 30
0.0
  0
SPLINE
  5
C6
330
1F
100
AcDbEntity
  8
0
  6
Continuous
 62
    18
420
        0
370
     9
100
AcDbSpline
210
0.0
220
0.0
230
1.0
 70
    11
 71
     3
 72
    95
 73
    91
 74
     0
 42
0.000000001
 43
0.0
 40
0.0
 40
0.0
 40
0.0
 40
0.0
 40
1.0
 40
1.0
 40
1.0
 40
2.0
 40
2.0
 40
2.0
 40
3.0
 40
3.0
 40
3.0
 40
4.0
 40
4.0
 40
4.0
 40
5.0
 40
5.0
 40
5.0
 40
6.0
 40
6.0
 40
6.0
 40
7.0
 40
7.0
 40
7.0
 40
8.0
 40
8.0
 40
8.0
 40
9.0
 40
9.0
 40
9.0
 40
10.0
 40
10.0
 40
10.0
 40
11.0
 40
11.0
 40
11.0
 40
12.0
 40
12.0
 40
12.0
 40
13.0
 40
13.0
 40
13.0
 40
14.0
 40
14.0
 40
14.0
 40
15.0
 40
15.0
 40
15.0
 40
16.0
 40
16.0
 40
16.0
 40
17.0
 40
17.0
 40
17.0
 40
18.0
 40
18.0
 40
18.0
 40
19.0
 40
19.0
 40
19.0
 40
20.0
 40
20.0
 40
20.0
 40
21.0
 40
21.0
 40
21.0
 40
22.0
 40
22.0
 40
22.0
 40
23.0
 40
23.0
 40
23.0
 40
24.0
 40
24.0
 40
24.0
 40
25.0
 40
25.0
 40
25.0
 40
26.0
 40
26.0
 40
26.0
 40
27.0
 40
27.0
 40
27.0
 40
28.0
 40
28.0
 40
28.0
 40
29.0
 40
29.0
 40
29.0
 40
30.0
 40
30.0
 40
30.0
 40
30.0
 10
8.628416719211833
 20
20.652686105591
 30
0.0
 10
8.628416719211833
 20
20.652686105591
 30
0.0
 10
7.118671649064491
 20
20.65833093717183
 30
0.0
 10
7.118671649064491
 20
20.65833093717183
 30
0.0
 10
7.118671649064491
 20
20.65833093717183
 30
0.0
 10
8.570721479606583
 20
20.95300485363057
 30
0.0
 10
8.570721479606583
 20
20.95300485363057
 30
0.0
 10
8.60038560367411
 20
21.01305598945034
 30
0.0
 10
8.652659074411307
 20
21.05295627337727
 30
0.0
 10
8.712141992040413
 20
21.05295627337727
 30
0.0
 10
8.752774172366033
 20
21.05295627337727
 30
0.0
 10
8.790042339605904
 20
21.03433832955076
 30
0.0
 10
8.819037963318205
 20
21.00339733275727
 30
0.0
 10
8.819037963318205
 20
21.00339733275727
 30
0.0
 10
8.87221474039052
 20
21.01418884199819
 30
0.0
 10
8.87221474039052
 20
21.01418884199819
 30
0.0
 10
8.87221474039052
 20
21.01418884199819
 30
0.0
 10
8.887371660636322
 20
21.00918030699891
 30
0.0
 10
8.887371660636322
 20
21.00918030699891
 30
0.0
 10
8.887371660636322
 20
21.00918030699891
 30
0.0
 10
8.385990016925879
 20
21.4033953926659
 30
0.0
 10
8.385990016925879
 20
21.4033953926659
 30
0.0
 10
8.385990016925879
 20
21.4033953926659
 30
0.0
 10
9.02824241323347
 20
21.13339677888521
 30
0.0
 10
9.02824241323347
 20
21.13339677888521
 30
0.0
 10
9.02824241323347
 20
21.13339677888521
 30
0.0
 10
9.01827429073753
 20
21.14298067206155
 30
0.0
 10
9.01827429073753
 20
21.14298067206155
 30
0.0
 10
9.01827429073753
 20
21.14298067206155
 30
0.0
 10
9.144030747210182
 20
22.44424431405053
 30
0.0
 10
9.144030747210182
 20
22.44424431405053
 30
0.0
 10
9.144030747210182
 20
22.44424431405053
 30
0.0
 10
9.52139632464791
 20
21.19256665056359
 30
0.0
 10
9.52139632464791
 20
21.19256665056359
 30
0.0
 10
9.52139632464791
 20
21.19256665056359
 30
0.0
 10
9.51349092589025
 20
21.18122120456135
 30
0.0
 10
9.51349092589025
 20
21.18122120456135
 30
0.0
 10
9.51349092589025
 20
21.18122120456135
 30
0.0
 10
10.09067815123296
 20
21.57140359640825
 30
0.0
 10
10.09067815123296
 20
21.57140359640825
 30
0.0
 10
10.09067815123296
 20
21.57140359640825
 30
0.0
 10
9.675900493703335
 20
21.08689499872256
 30
0.0
 10
9.675900493703335
 20
21.08689499872256
 30
0.0
 10
9.675900493703335
 20
21.08689499872256
 30
0.0
 10
9.689788045494787
 20
21.09476605706404
 30
0.0
 10
9.689788045494787
 20
21.09476605706404
 30
0.0
 10
9.689788045494787
 20
21.09476605706404
 30
0.0
 10
11.47906260962053
 20
21.08807608418969
 30
0.0
 10
11.47906260962053
 20
21.08807608418969
 30
0.0
 10
11.47906260962053
 20
21.08807608418969
 30
0.0
 10
9.725519518294584
 20
20.73221817936334
 30
0.0
 10
9.725519518294584
 20
20.73221817936334
 30
0.0
 10
9.725519518294584
 20
20.73221817936334
 30
0.0
 10
9.71036259804893
 20
20.7372267143626
 30
0.0
 10
9.71036259804893
 20
20.7372267143626
 30
0.0
 10
9.71036259804893
 20
20.7372267143626
 30
0.0
 10
10.21174424175914
 20
20.34301162869568
 30
0.0
 10
10.21174424175914
 20
20.34301162869568
 30
0.0
 10
10.21174424175914
 20
20.34301162869568
 30
0.0
 10
9.56949184545161
 20
20.61301024247633
 30
0.0
 10
9.56949184545161
 20
20.61301024247633
 30
0.0
 10
9.56949184545161
 20
20.61301024247633
 30
0.0
 10
9.579459967947548
 20
20.60342634929996
 30
0.0
 10
9.579459967947548
 20
20.60342634929996
 30
0.0
 10
9.579459967947548
 20
20.60342634929996
 30
0.0
 10
9.453703511474925
 20
19.30216270731101
 30
0.0
 10
9.453703511474925
 20
19.30216270731101
 30
0.0
 10
9.453703511474925
 20
19.30216270731101
 30
0.0
 10
9.076337934037195
 20
20.55384037079792
 30
0.0
 10
9.076337934037195
 20
20.55384037079792
 30
0.0
 10
9.076337934037195
 20
20.55384037079792
 30
0.0
 10
9.084243332794914
 20
20.56518581680026
 30
0.0
 10
9.084243332794914
 20
20.56518581680026
 30
0.0
 10
9.084243332794914
 20
20.56518581680026
 30
0.0
 10
8.507056107452062
 20
20.17500342495333
 30
0.0
 10
8.507056107452062
 20
20.17500342495333
 30
0.0
 10
8.507056107452062
 20
20.17500342495333
 30
0.0
 10
8.921833764981685
 20
20.65951202263896
 30
0.0
 10
8.921833764981685
 20
20.65951202263896
 30
0.0
 10
8.921833764981685
 20
20.65951202263896
 30
0.0
 10
8.907946213190293
 20
20.65164096429751
 30
0.0
 10
8.907946213190293
 20
20.65164096429751
 30
0.0
 10
8.907946213190293
 20
20.65164096429751
 30
0.0
 10
8.795023784955408
 20
20.65206317338546
 30
0.0
 10
8.795023784955408
 20
20.65206317338546
 30
0.0
 10
8.770585031603549
 20
20.63413578468324
 30
0.0
 10
8.742289465518816
 20
20.62388650593538
 30
0.0
 10
8.712141992040413
 20
20.62388650593538
 30
0.0
 10
8.681647048321361
 20
20.62388650593538
 30
0.0
 10
8.653046947003201
 20
20.63437340609961
 30
0.0
 10
8.628416719211833
 20
20.652686105591
 30
0.0
  0
SPLINE
  5
C7
330
1F
100
AcDbEntity
  8
0
  6
Continuous
 62
    18
420
        0
370
     9
100
AcDbSpline
210
0.0
220
0.0
230
1.0
 70
    11
 71
     3
 72
    17
 73
    13
 74
     0
 42
0.000000001
 43
0.0
 40
0.0
 40
0.0
 40
0.0
 40
0.0
 40
1.0
 40
1.0
 40
1.0
 40
2.0
 40
2.0
 40
2.0
 40
3.0
 40
3.0
 40
3.0
 40
4.0
 40
4.0
 40
4.0
 40
4.0
 10
37.45329164619018
 20
60.04941917336268
 30
0.0
 10
37.58114541042497
 20
60.04941917336268
 30
0.0
 10
37.68494644549918
 20
59.93573725597633
 30
0.0
 10
37.68494644549918
 20
59.79571301582422
 30
0.0
 10
37.68494644549918
 20
59.65568877567213
 30
0.0
 10
37.58114541042497
 20
59.54200685828578
 30
0.0
 10
37.45329164619018
 20
59.54200685828578
 30
0.0
 10
37.3254378819554
 20
59.54200685828578
 30
0.0
 10
37.22163684688118
 20
59.65568877567213
 30
0.0
 10
37.22163684688118
 20
59.79571301582422
 30
0.0
 10
37.22163684688118
 20
59.93573725597633
 30
0.0
 10
37.3254378819554
 20
60.04941917336268
 30
0.0
 10
37.45329164619018
 20
60.04941917336268
 30
0.0
  0
SPLINE
  5
C8
330
1F
100
AcDbEntity
  8
0
  6
Continuous
 62
    18
420
        0
370
     9
100
AcDbSpline
210
0.0
220
0.0
230
1.0
 70
    11
 71
     3
 72
    17
 73
    13
 74
     0
 42
0.000000001
 43
0.0
 40
0.0
 40
0.0
 40
0.0
 40
0.0
 40
1.0
 40
1.0
 40
1.0
 40
2.0
 40
2.0
 40
2.0
 40
3.0
 40
3.0
 40
3.0
 40
4.0
 40
4.0
 40
4.0
 40
4.0
 10
6.138013889593849
 20
25.50480958985975
 30
0.0
 10
6.192885958837881
 20
25.57003385619257
 30
0.0
 10
6.288867729563454
 20
25.57971830044025
 30
0.0
 10
6.352218283787495
 20
25.5264225534204
 30
0.0
 10
6.415568838011506
 20
25.47312680640051
 30
0.0
 10
6.422452292104949
 20
25.37690359282011
 30
0.0
 10
6.367580222860974
 20
25.31167932648729
 30
0.0
 10
6.312708153616942
 20
25.24645506015447
 30
0.0
 10
6.21672638289137
 20
25.23677061590679
 30
0.0
 10
6.153375828667358
 20
25.29006636292669
 30
0.0
 10
6.090025274443231
 20
25.34336210994654
 30
0.0
 10
6.083141820349788
 20
25.43958532352696
 30
0.0
 10
6.138013889593849
 20
25.50480958985975
 30
0.0
  0
SPLINE
  5
C9
330
1F
100
AcDbEntity
  8
0
  6
Continuous
 62
    18
420
        0
370
     9
100
AcDbSpline
210
0.0
220
0.0
230
1.0
 70
    11
 71
     3
 72
    17
 73
    13
 74
     0
 42
0.000000001
 43
0.0
 40
0.0
 40
0.0
 40
0.0
 40
0.0
 40
1.0
 40
1.0
 40
1.0
 40
2.0
 40
2.0
 40
2.0
 40
3.0
 40
3.0
 40
3.0
 40
4.0
 40
4.0
 40
4.0
 40
4.0
 10
45.27037794636293
 20
49.62650278500522
 30
0.0
 10
45.3556137891861
 20
49.62650278500522
 30
0.0
 10
45.4248144792356
 20
49.55929003867931
 30
0.0
 10
45.4248144792356
 20
49.47650278500518
 30
0.0
 10
45.4248144792356
 20
49.39371553133111
 30
0.0
 10
45.3556137891861
 20
49.3265027850052
 30
0.0
 10
45.27037794636293
 20
49.3265027850052
 30
0.0
 10
45.1851421035397
 20
49.3265027850052
 30
0.0
 10
45.11594141349027
 20
49.39371553133111
 30
0.0
 10
45.11594141349027
 20
49.47650278500518
 30
0.0
 10
45.11594141349027
 20
49.55929003867931
 30
0.0
 10
45.1851421035397
 20
49.62650278500522
 30
0.0
 10
45.27037794636293
 20
49.62650278500522
 30
0.0
  0
SPLINE
  5
CA
330
1F
100
AcDbEntity
  8
0
  6
Continuous
 62
    18
420
        0
370
     9
100
AcDbSpline
210
0.0
220
0.0
230
1.0
 70
    11
 71
     3
 72
    17
 73
    13
 74
     0
 42
0.000000001
 43
0.0
 40
0.0
 40
0.0
 40
0.0
 40
0.0
 40
1.0
 40
1.0
 40
1.0
 40
2.0
 40
2.0
 40
2.0
 40
3.0
 40
3.0
 40
3.0
 40
4.0
 40
4.0
 40
4.0
 40
4.0
 10
6.929957901783302
 20
51.31819059668138
 30
0.0
 10
7.068449899247642
 20
51.31819059668138
 30
0.0
 10
7.180887829975352
 20
51.15559901716369
 30
0.0
 10
7.180887829975352
 20
50.95533178996938
 30
0.0
 10
7.180887829975352
 20
50.75506456277509
 30
0.0
 10
7.068449899247642
 20
50.59247298325742
 30
0.0
 10
6.929957901783302
 20
50.59247298325742
 30
0.0
 10
6.791465904318905
 20
50.59247298325742
 30
0.0
 10
6.679027973591253
 20
50.75506456277509
 30
0.0
 10
6.679027973591253
 20
50.95533178996938
 30
0.0
 10
6.679027973591253
 20
51.15559901716369
 30
0.0
 10
6.791465904318905
 20
51.31819059668138
 30
0.0
 10
6.929957901783302
 20
51.31819059668138
 30
0.0
  0
SPLINE
  5
CB
330
1F
100
AcDbEntity
  8
0
  6
Continuous
 62
    18
420
        0
370
     9
100
AcDbSpline
210
0.0
220
0.0
230
1.0
 70
    11
 71
     3
 72
    17
 73
    13
 74
     0
 42
0.000000001
 43
0.0
 40
0.0
 40
0.0
 40
0.0
 40
0.0
 40
1.0
 40
1.0
 40
1.0
 40
2.0
 40
2.0
 40
2.0
 40
3.0
 40
3.0
 40
3.0
 40
4.0
 40
4.0
 40
4.0
 40
4.0
 10
44.55019255813352
 20
30.08160851063491
 30
0.0
 10
44.68868455559792
 20
30.08160851063491
 30
0.0
 10
44.80112248632555
 20
29.91901693111723
 30
0.0
 10
44.80112248632555
 20
29.71874970392294
 30
0.0
 10
44.80112248632555
 20
29.51848247672866
 30
0.0
 10
44.68868455559792
 20
29.35589089721098
 30
0.0
 10
44.55019255813352
 20
29.35589089721098
 30
0.0
 10
44.41170056066918
 20
29.35589089721098
 30
0.0
 10
44.2992626299415
 20
29.51848247672866
 30
0.0
 10
44.2992626299415
 20
29.71874970392294
 30
0.0
 10
44.2992626299415
 20
29.91901693111723
 30
0.0
 10
44.41170056066918
 20
30.08160851063491
 30
0.0
 10
44.55019255813352
 20
30.08160851063491
 30
0.0
  0
SPLINE
  5
CC
330
1F
100
AcDbEntity
  8
0
  6
Continuous
 62
    18
420
        0
370
     9
100
AcDbSpline
210
0.0
220
0.0
230
1.0
 70
    11
 71
     3
 72
    17
 73
    13
 74
     0
 42
0.000000001
 43
0.0
 40
0.0
 40
0.0
 40
0.0
 40
0.0
 40
1.0
 40
1.0
 40
1.0
 40
2.0
 40
2.0
 40
2.0
 40
3.0
 40
3.0
 40
3.0
 40
4.0
 40
4.0
 40
4.0
 40
4.0
 10
3.929957901783244
 20
28.1463615415045
 30
0.0
 10
4.068449899247671
 20
28.1463615415045
 30
0.0
 10
4.180887829975323
 20
27.98376996198682
 30
0.0
 10
4.180887829975323
 20
27.78350273479252
 30
0.0
 10
4.180887829975323
 20
27.58323550759825
 30
0.0
 10
4.068449899247671
 20
27.42064392808054
 30
0.0
 10
3.929957901783244
 20
27.42064392808054
 30
0.0
 10
3.791465904318904
 20
27.42064392808054
 30
0.0
 10
3.679027973591281
 20
27.58323550759825
 30
0.0
 10
3.679027973591281
 20
27.78350273479252
 30
0.0
 10
3.679027973591281
 20
27.98376996198682
 30
0.0
 10
3.791465904318904
 20
28.1463615415045
 30
0.0
 10
3.929957901783244
 20
28.1463615415045
 30
0.0
  0
SPLINE
  5
CD
330
1F
100
AcDbEntity
  8
0
  6
Continuous
 62
    18
420
        0
370
     9
100
AcDbSpline
210
0.0
220
0.0
230
1.0
 70
    11
 71
     3
 72
    17
 73
    13
 74
     0
 42
0.000000001
 43
0.0
 40
0.0
 40
0.0
 40
0.0
 40
0.0
 40
1.0
 40
1.0
 40
1.0
 40
2.0
 40
2.0
 40
2.0
 40
3.0
 40
3.0
 40
3.0
 40
4.0
 40
4.0
 40
4.0
 40
4.0
 10
29.79474849610386
 20
60.68368456720876
 30
0.0
 10
29.92260226033862
 20
60.68368456720876
 30
0.0
 10
30.02640329541281
 20
60.57000264982242
 30
0.0
 10
30.02640329541281
 20
60.4299784096703
 30
0.0
 10
30.02640329541281
 20
60.2899541695182
 30
0.0
 10
29.92260226033862
 20
60.17627225213187
 30
0.0
 10
29.79474849610386
 20
60.17627225213187
 30
0.0
 10
29.66689473186905
 20
60.17627225213187
 30
0.0
 10
29.56309369679484
 20
60.2899541695182
 30
0.0
 10
29.56309369679484
 20
60.4299784096703
 30
0.0
 10
29.56309369679484
 20
60.57000264982242
 30
0.0
 10
29.66689473186905
 20
60.68368456720876
 30
0.0
 10
29.79474849610386
 20
60.68368456720876
 30
0.0
  0
SPLINE
  5
CE
330
1F
100
AcDbEntity
  8
0
  6
Continuous
 62
    18
420
        0
370
     9
100
AcDbSpline
210
0.0
220
0.0
230
1.0
 70
    11
 71
     3
 72
    17
 73
    13
 74
     0
 42
0.000000001
 43
0.0
 40
0.0
 40
0.0
 40
0.0
 40
0.0
 40
1.0
 40
1.0
 40
1.0
 40
2.0
 40
2.0
 40
2.0
 40
3.0
 40
3.0
 40
3.0
 40
4.0
 40
4.0
 40
4.0
 40
4.0
 10
8.21342361245375
 20
55.63972759082847
 30
0.0
 10
8.298659455276919
 20
55.63972759082847
 30
0.0
 10
8.367860145326418
 20
55.57251484450258
 30
0.0
 10
8.367860145326418
 20
55.48972759082846
 30
0.0
 10
8.367860145326418
 20
55.40694033715435
 30
0.0
 10
8.298659455276919
 20
55.33972759082845
 30
0.0
 10
8.21342361245375
 20
55.33972759082845
 30
0.0
 10
8.128187769630555
 20
55.33972759082845
 30
0.0
 10
8.058987079581058
 20
55.40694033715435
 30
0.0
 10
8.058987079581058
 20
55.48972759082846
 30
0.0
 10
8.058987079581058
 20
55.57251484450258
 30
0.0
 10
8.128187769630555
 20
55.63972759082847
 30
0.0
 10
8.21342361245375
 20
55.63972759082847
 30
0.0
  0
SPLINE
  5
CF
330
1F
100
AcDbEntity
  8
0
  6
Continuous
 62
    18
420
        0
370
     9
100
AcDbSpline
210
0.0
220
0.0
230
1.0
 70
    11
 71
     3
 72
    17
 73
    13
 74
     0
 42
0.000000001
 43
0.0
 40
0.0
 40
0.0
 40
0.0
 40
0.0
 40
1.0
 40
1.0
 40
1.0
 40
2.0
 40
2.0
 40
2.0
 40
3.0
 40
3.0
 40
3.0
 40
4.0
 40
4.0
 40
4.0
 40
4.0
 10
22.13620534601746
 20
61.31794996105484
 30
0.0
 10
22.26405911025224
 20
61.31794996105484
 30
0.0
 10
22.36786014532649
 20
61.20426804366851
 30
0.0
 10
22.36786014532649
 20
61.06424380351639
 30
0.0
 10
22.36786014532649
 20
60.92421956336428
 30
0.0
 10
22.26405911025224
 20
60.81053764597794
 30
0.0
 10
22.13620534601746
 20
60.81053764597794
 30
0.0
 10
22.00835158178265
 20
60.81053764597794
 30
0.0
 10
21.90455054670846
 20
60.92421956336428
 30
0.0
 10
21.90455054670846
 20
61.06424380351639
 30
0.0
 10
21.90455054670846
 20
61.20426804366851
 30
0.0
 10
22.00835158178265
 20
61.31794996105484
 30
0.0
 10
22.13620534601746
 20
61.31794996105484
 30
0.0
  0
SPLINE
  5
D0
330
1F
100
AcDbEntity
  8
0
  6
Continuous
 62
    18
420
        0
370
     9
100
AcDbSpline
210
0.0
220
0.0
230
1.0
 70
    11
 71
     3
 72
    17
 73
    13
 74
     0
 42
0.000000001
 43
0.0
 40
0.0
 40
0.0
 40
0.0
 40
0.0
 40
1.0
 40
1.0
 40
1.0
 40
2.0
 40
2.0
 40
2.0
 40
3.0
 40
3.0
 40
3.0
 40
4.0
 40
4.0
 40
4.0
 40
4.0
 10
36.36474820379973
 20
18.37127022686564
 30
0.0
 10
36.45707620210934
 20
18.37127022686564
 30
0.0
 10
36.53203482259443
 20
18.27514036874835
 30
0.0
 10
36.53203482259443
 20
18.15673534314467
 30
0.0
 10
36.53203482259443
 20
18.03833031754106
 30
0.0
 10
36.45707620210934
 20
17.94220045942375
 30
0.0
 10
36.36474820379973
 20
17.94220045942375
 30
0.0
 10
36.27242020549016
 20
17.94220045942375
 30
0.0
 10
36.19746158500509
 20
18.03833031754106
 30
0.0
 10
36.19746158500509
 20
18.15673534314467
 30
0.0
 10
36.19746158500509
 20
18.27514036874835
 30
0.0
 10
36.27242020549016
 20
18.37127022686564
 30
0.0
 10
36.36474820379973
 20
18.37127022686564
 30
0.0
  0
SPLINE
  5
D1
330
1F
100
AcDbEntity
  8
0
  6
Continuous
 62
    18
420
        0
370
     9
100
AcDbSpline
210
0.0
220
0.0
230
1.0
 70
    11
 71
     3
 72
    17
 73
    13
 74
     0
 42
0.000000001
 43
0.0
 40
0.0
 40
0.0
 40
0.0
 40
0.0
 40
1.0
 40
1.0
 40
1.0
 40
2.0
 40
2.0
 40
2.0
 40
3.0
 40
3.0
 40
3.0
 40
4.0
 40
4.0
 40
4.0
 40
4.0
 10
50.37607337975387
 20
49.25150278500522
 30
0.0
 10
50.46130922257704
 20
49.25150278500522
 30
0.0
 10
50.53050991262648
 20
49.18429003867931
 30
0.0
 10
50.53050991262648
 20
49.10150278500522
 30
0.0
 10
50.53050991262648
 20
49.01871553133111
 30
0.0
 10
50.46130922257704
 20
48.9515027850052
 30
0.0
 10
50.37607337975387
 20
48.9515027850052
 30
0.0
 10
50.29083753693065
 20
48.9515027850052
 30
0.0
 10
50.22163684688115
 20
49.01871553133111
 30
0.0
 10
50.22163684688115
 20
49.10150278500522
 30
0.0
 10
50.22163684688115
 20
49.18429003867931
 30
0.0
 10
50.29083753693065
 20
49.25150278500522
 30
0.0
 10
50.37607337975387
 20
49.25150278500522
 30
0.0
  0
SPLINE
  5
D2
330
1F
100
AcDbEntity
  8
0
  6
Continuous
 62
    18
420
        0
370
     9
100
AcDbSpline
210
0.0
220
0.0
230
1.0
 70
    11
 71
     3
 72
    17
 73
    13
 74
     0
 42
0.000000001
 43
0.0
 40
0.0
 40
0.0
 40
0.0
 40
0.0
 40
1.0
 40
1.0
 40
1.0
 40
2.0
 40
2.0
 40
2.0
 40
3.0
 40
3.0
 40
3.0
 40
4.0
 40
4.0
 40
4.0
 40
4.0
 10
21.32445623073248
 20
14.4747463932223
 30
0.0
 10
21.46294822819682
 20
14.4747463932223
 30
0.0
 10
21.57538615892447
 20
14.31215481370466
 30
0.0
 10
21.57538615892447
 20
14.11188758651033
 30
0.0
 10
21.57538615892447
 20
13.91162035931603
 30
0.0
 10
21.46294822819682
 20
13.74902877979837
 30
0.0
 10
21.32445623073248
 20
13.74902877979837
 30
0.0
 10
21.18596423326808
 20
13.74902877979837
 30
0.0
 10
21.0735263025404
 20
13.91162035931603
 30
0.0
 10
21.0735263025404
 20
14.11188758651033
 30
0.0
 10
21.0735263025404
 20
14.31215481370466
 30
0.0
 10
21.18596423326808
 20
14.4747463932223
 30
0.0
 10
21.32445623073248
 20
14.4747463932223
 30
0.0
  0
SPLINE
  5
D3
330
1F
100
AcDbEntity
  8
0
  6
Continuous
 62
    18
420
        0
370
     9
100
AcDbSpline
210
0.0
220
0.0
230
1.0
 70
    11
 71
     3
 72
    92
 73
    88
 74
     0
 42
0.000000001
 43
0.0
 40
0.0
 40
0.0
 40
0.0
 40
0.0
 40
1.0
 40
1.0
 40
1.0
 40
2.0
 40
2.0
 40
2.0
 40
3.0
 40
3.0
 40
3.0
 40
4.0
 40
4.0
 40
4.0
 40
5.0
 40
5.0
 40
5.0
 40
6.0
 40
6.0
 40
6.0
 40
7.0
 40
7.0
 40
7.0
 40
8.0
 40
8.0
 40
8.0
 40
9.0
 40
9.0
 40
9.0
 40
10.0
 40
10.0
 40
10.0
 40
11.0
 40
11.0
 40
11.0
 40
12.0
 40
12.0
 40
12.0
 40
13.0
 40
13.0
 40
13.0
 40
14.0
 40
14.0
 40
14.0
 40
15.0
 40
15.0
 40
15.0
 40
16.0
 40
16.0
 40
16.0
 40
17.0
 40
17.0
 40
17.0
 40
18.0
 40
18.0
 40
18.0
 40
19.0
 40
19.0
 40
19.0
 40
20.0
 40
20.0
 40
20.0
 40
21.0
 40
21.0
 40
21.0
 40
22.0
 40
22.0
 40
22.0
 40
23.0
 40
23.0
 40
23.0
 40
24.0
 40
24.0
 40
24.0
 40
25.0
 40
25.0
 40
25.0
 40
26.0
 40
26.0
 40
26.0
 40
27.0
 40
27.0
 40
27.0
 40
28.0
 40
28.0
 40
28.0
 40
29.0
 40
29.0
 40
29.0
 40
29.0
 10
4.015975346143698
 20
26.75140349692134
 30
0.0
 10
4.02181913913669
 20
26.7094806277641
 30
0.0
 10
4.010243463364796
 20
26.6648325779941
 30
0.0
 10
3.98039730309536
 20
26.62935562344791
 30
0.0
 10
3.925525233851299
 20
26.56413135711512
 30
0.0
 10
3.829543463125811
 20
26.55444691286745
 30
0.0
 10
3.766192908901715
 20
26.6077426598873
 30
0.0
 10
3.702842354677674
 20
26.66103840690717
 30
0.0
 10
3.69595890058423
 20
26.75726162048758
 30
0.0
 10
3.750830969828292
 20
26.8224858868204
 30
0.0
 10
3.805703039072324
 20
26.88771015315323
 30
0.0
 10
3.90168480979781
 20
26.8973945974009
 30
0.0
 10
3.965035364021908
 20
26.844098850381
 30
0.0
 10
3.990572179472659
 20
26.82261516057551
 30
0.0
 10
4.006933529063416
 20
26.79415609036315
 30
0.0
 10
4.013773014966199
 20
26.76356390523009
 30
0.0
 10
4.013773014966199
 20
26.76356390523009
 30
0.0
 10
4.177834477876228
 20
26.76826571051483
 30
0.0
 10
4.177834477876228
 20
26.76826571051483
 30
0.0
 10
4.177834477876228
 20
26.76826571051483
 30
0.0
 10
4.173965372874344
 20
26.76963059471882
 30
0.0
 10
4.173965372874344
 20
26.76963059471882
 30
0.0
 10
4.173965372874344
 20
26.76963059471882
 30
0.0
 10
4.048174682244394
 20
27.13655206109883
 30
0.0
 10
4.048174682244394
 20
27.13655206109883
 30
0.0
 10
4.048174682244394
 20
27.13655206109883
 30
0.0
 10
4.303775048468291
 20
26.84479340548454
 30
0.0
 10
4.303775048468291
 20
26.84479340548454
 30
0.0
 10
4.303775048468291
 20
26.84479340548454
 30
0.0
 10
4.30303263610593
 20
26.84075834584571
 30
0.0
 10
4.30303263610593
 20
26.84075834584571
 30
0.0
 10
4.30303263610593
 20
26.84075834584571
 30
0.0
 10
4.41103228069615
 20
27.01701219654441
 30
0.0
 10
4.41103228069615
 20
27.01701219654441
 30
0.0
 10
4.41103228069615
 20
27.01701219654441
 30
0.0
 10
4.358481412124452
 20
26.83521937876488
 30
0.0
 10
4.358481412124452
 20
26.83521937876488
 30
0.0
 10
4.358481412124452
 20
26.83521937876488
 30
0.0
 10
4.361266210709132
 20
26.83905041748812
 30
0.0
 10
4.361266210709132
 20
26.83905041748812
 30
0.0
 10
4.361266210709132
 20
26.83905041748812
 30
0.0
 10
4.845385465317764
 20
27.05691596088208
 30
0.0
 10
4.845385465317764
 20
27.05691596088208
 30
0.0
 10
4.845385465317764
 20
27.05691596088208
 30
0.0
 10
4.415428254286062
 20
26.74551004513387
 30
0.0
 10
4.415428254286062
 20
26.74551004513387
 30
0.0
 10
4.415428254286062
 20
26.74551004513387
 30
0.0
 10
4.410719337154128
 20
26.74500204877546
 30
0.0
 10
4.410719337154128
 20
26.74500204877546
 30
0.0
 10
4.410719337154128
 20
26.74500204877546
 30
0.0
 10
4.594545199615133
 20
26.70007683676381
 30
0.0
 10
4.594545199615133
 20
26.70007683676381
 30
0.0
 10
4.594545199615133
 20
26.70007683676381
 30
0.0
 10
4.387919264278946
 20
26.6941551846129
 30
0.0
 10
4.387919264278946
 20
26.6941551846129
 30
0.0
 10
4.387919264278946
 20
26.6941551846129
 30
0.0
 10
4.391788369280745
 20
26.69279030040895
 30
0.0
 10
4.391788369280745
 20
26.69279030040895
 30
0.0
 10
4.391788369280745
 20
26.69279030040895
 30
0.0
 10
4.517579059910694
 20
26.3258688340289
 30
0.0
 10
4.517579059910694
 20
26.3258688340289
 30
0.0
 10
4.517579059910694
 20
26.3258688340289
 30
0.0
 10
4.261978693686796
 20
26.61762748964319
 30
0.0
 10
4.261978693686796
 20
26.61762748964319
 30
0.0
 10
4.261978693686796
 20
26.61762748964319
 30
0.0
 10
4.262721106049158
 20
26.62166254928199
 30
0.0
 10
4.262721106049158
 20
26.62166254928199
 30
0.0
 10
4.262721106049158
 20
26.62166254928199
 30
0.0
 10
4.154721461458996
 20
26.44540869858326
 30
0.0
 10
4.154721461458996
 20
26.44540869858326
 30
0.0
 10
4.154721461458996
 20
26.44540869858326
 30
0.0
 10
4.207272330030693
 20
26.6272015163629
 30
0.0
 10
4.207272330030693
 20
26.6272015163629
 30
0.0
 10
4.207272330030693
 20
26.6272015163629
 30
0.0
 10
4.204487531445955
 20
26.6233704776396
 30
0.0
 10
4.204487531445955
 20
26.6233704776396
 30
0.0
 10
4.204487531445955
 20
26.6233704776396
 30
0.0
 10
3.720368276837352
 20
26.40550493424561
 30
0.0
 10
3.720368276837352
 20
26.40550493424561
 30
0.0
 10
3.720368276837352
 20
26.40550493424561
 30
0.0
 10
4.150325487869026
 20
26.71691084999379
 30
0.0
 10
4.150325487869026
 20
26.71691084999379
 30
0.0
 10
4.150325487869026
 20
26.71691084999379
 30
0.0
 10
4.155034405001046
 20
26.71741884635227
 30
0.0
 10
4.155034405001046
 20
26.71741884635227
 30
0.0
 10
4.155034405001046
 20
26.71741884635227
 30
0.0
 10
4.015975346143698
 20
26.75140349692134
 30
0.0
 10
4.015975346143698
 20
26.75140349692134
 30
0.0
  0
SPLINE
  5
D4
330
1F
100
AcDbEntity
  8
0
  6
Continuous
 62
    18
420
        0
370
     9
100
AcDbSpline
210
0.0
220
0.0
230
1.0
 70
    11
 71
     3
 72
    17
 73
    13
 74
     0
 42
0.000000001
 43
0.0
 40
0.0
 40
0.0
 40
0.0
 40
0.0
 40
1.0
 40
1.0
 40
1.0
 40
2.0
 40
2.0
 40
2.0
 40
3.0
 40
3.0
 40
3.0
 40
4.0
 40
4.0
 40
4.0
 40
4.0
 10
48.58746424653568
 20
51.08513494033801
 30
0.0
 10
48.7153180107704
 20
51.08513494033801
 30
0.0
 10
48.81911904584462
 20
50.97145302295166
 30
0.0
 10
48.81911904584462
 20
50.83142878279956
 30
0.0
 10
48.81911904584462
 20
50.69140454264743
 30
0.0
 10
48.7153180107704
 20
50.57772262526109
 30
0.0
 10
48.58746424653568
 20
50.57772262526109
 30
0.0
 10
48.4596104823009
 20
50.57772262526109
 30
0.0
 10
48.35580944722674
 20
50.69140454264743
 30
0.0
 10
48.35580944722674
 20
50.83142878279956
 30
0.0
 10
48.35580944722674
 20
50.97145302295166
 30
0.0
 10
48.4596104823009
 20
51.08513494033801
 30
0.0
 10
48.58746424653568
 20
51.08513494033801
 30
0.0
  0
SPLINE
  5
D5
330
1F
100
AcDbEntity
  8
0
  6
Continuous
 62
    18
420
        0
370
     9
100
AcDbSpline
210
0.0
220
0.0
230
1.0
 70
    11
 71
     3
 72
    17
 73
    13
 74
     0
 42
0.000000001
 43
0.0
 40
0.0
 40
0.0
 40
0.0
 40
0.0
 40
1.0
 40
1.0
 40
1.0
 40
2.0
 40
2.0
 40
2.0
 40
3.0
 40
3.0
 40
3.0
 40
4.0
 40
4.0
 40
4.0
 40
4.0
 10
47.74560140552279
 20
45.66080511058657
 30
0.0
 10
47.83792940383235
 20
45.66080511058657
 30
0.0
 10
47.91288802431744
 20
45.56467525246931
 30
0.0
 10
47.91288802431744
 20
45.44627022686564
 30
0.0
 10
47.91288802431744
 20
45.32786520126198
 30
0.0
 10
47.83792940383235
 20
45.23173534314472
 30
0.0
 10
47.74560140552279
 20
45.23173534314472
 30
0.0
 10
47.65327340721318
 20
45.23173534314472
 30
0.0
 10
47.5783147867281
 20
45.32786520126198
 30
0.0
 10
47.5783147867281
 20
45.44627022686564
 30
0.0
 10
47.5783147867281
 20
45.56467525246931
 30
0.0
 10
47.65327340721318
 20
45.66080511058657
 30
0.0
 10
47.74560140552279
 20
45.66080511058657
 30
0.0
  0
SPLINE
  5
D6
330
1F
100
AcDbEntity
  8
0
  6
Continuous
 62
    18
420
        0
370
     9
100
AcDbSpline
210
0.0
220
0.0
230
1.0
 70
    11
 71
     3
 72
    17
 73
    13
 74
     0
 42
0.000000001
 43
0.0
 40
0.0
 40
0.0
 40
0.0
 40
0.0
 40
1.0
 40
1.0
 40
1.0
 40
2.0
 40
2.0
 40
2.0
 40
3.0
 40
3.0
 40
3.0
 40
4.0
 40
4.0
 40
4.0
 40
4.0
 10
3.393011616470398
 20
33.88929348267958
 30
0.0
 10
3.485339614779986
 20
33.88929348267958
 30
0.0
 10
3.560298235265041
 20
33.79316362456232
 30
0.0
 10
3.560298235265041
 20
33.67475859895864
 30
0.0
 10
3.560298235265041
 20
33.55635357335496
 30
0.0
 10
3.485339614779986
 20
33.46022371523769
 30
0.0
 10
3.393011616470398
 20
33.46022371523769
 30
0.0
 10
3.30068361816078
 20
33.46022371523769
 30
0.0
 10
3.225724997675727
 20
33.55635357335496
 30
0.0
 10
3.225724997675727
 20
33.67475859895864
 30
0.0
 10
3.225724997675727
 20
33.79316362456232
 30
0.0
 10
3.30068361816078
 20
33.88929348267958
 30
0.0
 10
3.393011616470398
 20
33.88929348267958
 30
0.0
  0
SPLINE
  5
D7
330
1F
100
AcDbEntity
  8
0
  6
Continuous
 62
    18
420
        0
370
     9
100
AcDbSpline
210
0.0
220
0.0
230
1.0
 70
    11
 71
     3
 72
    17
 73
    13
 74
     0
 42
0.000000001
 43
0.0
 40
0.0
 40
0.0
 40
0.0
 40
0.0
 40
1.0
 40
1.0
 40
1.0
 40
2.0
 40
2.0
 40
2.0
 40
3.0
 40
3.0
 40
3.0
 40
4.0
 40
4.0
 40
4.0
 40
4.0
 10
46.52888812148859
 20
32.55721026103421
 30
0.0
 10
46.66738011895293
 20
32.55721026103421
 30
0.0
 10
46.77981804968061
 20
32.39461868151653
 30
0.0
 10
46.77981804968061
 20
32.19435145432223
 30
0.0
 10
46.77981804968061
 20
31.99408422712792
 30
0.0
 10
46.66738011895293
 20
31.83149264761025
 30
0.0
 10
46.52888812148859
 20
31.83149264761025
 30
0.0
 10
46.39039612402419
 20
31.83149264761025
 30
0.0
 10
46.27795819329657
 20
31.99408422712792
 30
0.0
 10
46.27795819329657
 20
32.19435145432223
 30
0.0
 10
46.27795819329657
 20
32.39461868151653
 30
0.0
 10
46.39039612402419
 20
32.55721026103421
 30
0.0
 10
46.52888812148859
 20
32.55721026103421
 30
0.0
  0
SPLINE
  5
D8
330
1F
100
AcDbEntity
  8
0
  6
Continuous
 62
    18
420
        0
370
     9
100
AcDbSpline
210
0.0
220
0.0
230
1.0
 70
    11
 71
     3
 72
    17
 73
    13
 74
     0
 42
0.000000001
 43
0.0
 40
0.0
 40
0.0
 40
0.0
 40
0.0
 40
1.0
 40
1.0
 40
1.0
 40
2.0
 40
2.0
 40
2.0
 40
3.0
 40
3.0
 40
3.0
 40
4.0
 40
4.0
 40
4.0
 40
4.0
 10
43.12540110955175
 20
22.51037698681956
 30
0.0
 10
43.18483887831904
 20
22.58102832025229
 30
0.0
 10
43.30665540219164
 20
22.57650295637017
 30
0.0
 10
43.39726142741911
 20
22.50027764377202
 30
0.0
 10
43.48786745264652
 20
22.4240523311738
 30
0.0
 10
43.51317212241034
 20
22.3048071296149
 30
0.0
 10
43.45373435364305
 20
22.23415579618216
 30
0.0
 10
43.39429658487577
 20
22.16350446274944
 30
0.0
 10
43.27248006100317
 20
22.16802982663155
 30
0.0
 10
43.18187403577576
 20
22.24425513922974
 30
0.0
 10
43.09126801054829
 20
22.32048045182792
 30
0.0
 10
43.06596334078452
 20
22.43972565338683
 30
0.0
 10
43.12540110955175
 20
22.51037698681956
 30
0.0
  0
SPLINE
  5
D9
330
1F
100
AcDbEntity
  8
0
  6
Continuous
 62
    18
420
        0
370
     9
100
AcDbSpline
210
0.0
220
0.0
230
1.0
 70
    11
 71
     3
 72
    17
 73
    13
 74
     0
 42
0.000000001
 43
0.0
 40
0.0
 40
0.0
 40
0.0
 40
0.0
 40
1.0
 40
1.0
 40
1.0
 40
2.0
 40
2.0
 40
2.0
 40
3.0
 40
3.0
 40
3.0
 40
4.0
 40
4.0
 40
4.0
 40
4.0
 10
3.501431466707907
 20
49.95150278500516
 30
0.0
 10
3.593759465017496
 20
49.95150278500516
 30
0.0
 10
3.66871808550255
 20
49.8553729268879
 30
0.0
 10
3.66871808550255
 20
49.73696790128422
 30
0.0
 10
3.66871808550255
 20
49.61856287568056
 30
0.0
 10
3.593759465017496
 20
49.52243301756327
 30
0.0
 10
3.501431466707907
 20
49.52243301756327
 30
0.0
 10
3.40910346839829
 20
49.52243301756327
 30
0.0
 10
3.334144847913178
 20
49.61856287568056
 30
0.0
 10
3.334144847913178
 20
49.73696790128422
 30
0.0
 10
3.334144847913178
 20
49.8553729268879
 30
0.0
 10
3.40910346839829
 20
49.95150278500516
 30
0.0
 10
3.501431466707907
 20
49.95150278500516
 30
0.0
  0
SPLINE
  5
DA
330
1F
100
AcDbEntity
  8
0
  6
Continuous
 62
    18
420
        0
370
     9
100
AcDbSpline
210
0.0
220
0.0
230
1.0
 70
    11
 71
     3
 72
    17
 73
    13
 74
     0
 42
0.000000001
 43
0.0
 40
0.0
 40
0.0
 40
0.0
 40
0.0
 40
1.0
 40
1.0
 40
1.0
 40
2.0
 40
2.0
 40
2.0
 40
3.0
 40
3.0
 40
3.0
 40
4.0
 40
4.0
 40
4.0
 40
4.0
 10
38.95329164619018
 20
57.45015697659619
 30
0.0
 10
39.08114541042497
 20
57.45015697659619
 30
0.0
 10
39.18494644549918
 20
57.33647505920986
 30
0.0
 10
39.18494644549918
 20
57.19645081905774
 30
0.0
 10
39.18494644549918
 20
57.05642657890564
 30
0.0
 10
39.08114541042497
 20
56.94274466151929
 30
0.0
 10
38.95329164619018
 20
56.94274466151929
 30
0.0
 10
38.8254378819554
 20
56.94274466151929
 30
0.0
 10
38.72163684688113
 20
57.05642657890564
 30
0.0
 10
38.72163684688113
 20
57.19645081905774
 30
0.0
 10
38.72163684688113
 20
57.33647505920986
 30
0.0
 10
38.8254378819554
 20
57.45015697659619
 30
0.0
 10
38.95329164619018
 20
57.45015697659619
 30
0.0
  0
SPLINE
  5
DB
330
1F
100
AcDbEntity
  8
0
  6
Continuous
 62
    18
420
        0
370
     9
100
AcDbSpline
210
0.0
220
0.0
230
1.0
 70
    11
 71
     3
 72
    86
 73
    82
 74
     0
 42
0.000000001
 43
0.0
 40
0.0
 40
0.0
 40
0.0
 40
0.0
 40
1.0
 40
1.0
 40
1.0
 40
2.0
 40
2.0
 40
2.0
 40
3.0
 40
3.0
 40
3.0
 40
4.0
 40
4.0
 40
4.0
 40
5.0
 40
5.0
 40
5.0
 40
6.0
 40
6.0
 40
6.0
 40
7.0
 40
7.0
 40
7.0
 40
8.0
 40
8.0
 40
8.0
 40
9.0
 40
9.0
 40
9.0
 40
10.0
 40
10.0
 40
10.0
 40
11.0
 40
11.0
 40
11.0
 40
12.0
 40
12.0
 40
12.0
 40
13.0
 40
13.0
 40
13.0
 40
14.0
 40
14.0
 40
14.0
 40
15.0
 40
15.0
 40
15.0
 40
16.0
 40
16.0
 40
16.0
 40
17.0
 40
17.0
 40
17.0
 40
18.0
 40
18.0
 40
18.0
 40
19.0
 40
19.0
 40
19.0
 40
20.0
 40
20.0
 40
20.0
 40
21.0
 40
21.0
 40
21.0
 40
22.0
 40
22.0
 40
22.0
 40
23.0
 40
23.0
 40
23.0
 40
24.0
 40
24.0
 40
24.0
 40
25.0
 40
25.0
 40
25.0
 40
26.0
 40
26.0
 40
26.0
 40
27.0
 40
27.0
 40
27.0
 40
27.0
 10
22.57626525248631
 20
17.68903523352689
 30
0.0
 10
22.57626525248631
 20
17.68903523352689
 30
0.0
 10
22.4404983665092
 20
16.9957804774097
 30
0.0
 10
22.4404983665092
 20
16.9957804774097
 30
0.0
 10
22.45395683113685
 20
16.98799714682767
 30
0.0
 10
22.46706649839916
 20
16.97883687484138
 30
0.0
 10
22.47958077996858
 20
16.96830882196433
 30
0.0
 10
22.48687376810714
 20
16.96217335471211
 30
0.0
 10
22.49374367959975
 20
16.95575916873802
 30
0.0
 10
22.50018037613226
 20
16.94911403962328
 30
0.0
 10
22.50018037613226
 20
16.94911403962328
 30
0.0
 10
23.11119414483174
 20
17.01550192268964
 30
0.0
 10
23.11119414483174
 20
17.01550192268964
 30
0.0
 10
23.11119414483174
 20
17.01550192268964
 30
0.0
 10
22.56811212176954
 20
16.80074491157344
 30
0.0
 10
22.56811212176954
 20
16.80074491157344
 30
0.0
 10
22.56853455410335
 20
16.78843984686971
 30
0.0
 10
22.56764891925361
 20
16.77635731649765
 30
0.0
 10
22.56541235386242
 20
16.76469930885708
 30
0.0
 10
22.56541235386242
 20
16.76469930885708
 30
0.0
 10
24.11282677169149
 20
15.93942154968317
 30
0.0
 10
24.11282677169149
 20
15.93942154968317
 30
0.0
 10
24.11282677169149
 20
15.93942154968317
 30
0.0
 10
22.39621844287637
 20
16.44420275674965
 30
0.0
 10
22.39621844287637
 20
16.44420275674965
 30
0.0
 10
22.39621844287637
 20
16.44420275674965
 30
0.0
 10
22.3851584751734
 20
16.45571339394249
 30
0.0
 10
22.3851584751734
 20
16.45571339394249
 30
0.0
 10
22.3851584751734
 20
16.45571339394249
 30
0.0
 10
22.64422487975642
 20
15.87289808491773
 30
0.0
 10
22.64422487975642
 20
15.87289808491773
 30
0.0
 10
22.64422487975642
 20
15.87289808491773
 30
0.0
 10
22.2025693735605
 20
16.41171883976407
 30
0.0
 10
22.2025693735605
 20
16.41171883976407
 30
0.0
 10
22.2025693735605
 20
16.41171883976407
 30
0.0
 10
22.20690390037432
 20
16.39858771826554
 30
0.0
 10
22.20690390037432
 20
16.39858771826554
 30
0.0
 10
22.20690390037432
 20
16.39858771826554
 30
0.0
 10
21.48766511566364
 20
15.30689301603656
 30
0.0
 10
21.48766511566364
 20
15.30689301603656
 30
0.0
 10
21.48766511566364
 20
15.30689301603656
 30
0.0
 10
21.68900284065445
 20
16.33496649972297
 30
0.0
 10
21.68900284065445
 20
16.33496649972297
 30
0.0
 10
21.60686902638707
 20
16.3485793550367
 30
0.0
 10
21.54333046327781
 20
16.438710778851
 30
0.0
 10
21.54333046327781
 20
16.54772371523779
 30
0.0
 10
21.54333046327781
 20
16.55652584984026
 30
0.0
 10
21.54374470832468
 20
16.56520488482136
 30
0.0
 10
21.54454953949523
 20
16.5737304790553
 30
0.0
 10
21.54454953949523
 20
16.5737304790553
 30
0.0
 10
21.05858832753236
 20
16.52092980946766
 30
0.0
 10
21.05858832753236
 20
16.52092980946766
 30
0.0
 10
21.05858832753236
 20
16.52092980946766
 30
0.0
 10
21.65169872084593
 20
16.75547009973863
 30
0.0
 10
21.65169872084593
 20
16.75547009973863
 30
0.0
 10
21.65169872084593
 20
16.75547009973863
 30
0.0
 10
21.63574261706038
 20
16.75500062539793
 30
0.0
 10
21.63574261706038
 20
16.75500062539793
 30
0.0
 10
21.63574261706038
 20
16.75500062539793
 30
0.0
 10
20.05695570067269
 20
17.5970101824741
 30
0.0
 10
20.05695570067269
 20
17.5970101824741
 30
0.0
 10
20.05695570067269
 20
17.5970101824741
 30
0.0
 10
21.77356402948771
 20
17.09222897540764
 30
0.0
 10
21.77356402948771
 20
17.09222897540764
 30
0.0
 10
21.77356402948771
 20
17.09222897540764
 30
0.0
 10
21.7846239971906
 20
17.08071833821487
 30
0.0
 10
21.7846239971906
 20
17.08071833821487
 30
0.0
 10
21.7846239971906
 20
17.08071833821487
 30
0.0
 10
21.52555759260767
 20
17.66353364723956
 30
0.0
 10
21.52555759260767
 20
17.66353364723956
 30
0.0
 10
21.52555759260767
 20
17.66353364723956
 30
0.0
 10
21.96721309880365
 20
17.12471289239329
 30
0.0
 10
21.96721309880365
 20
17.12471289239329
 30
0.0
 10
21.96721309880365
 20
17.12471289239329
 30
0.0
 10
21.96287857198968
 20
17.13784401389179
 30
0.0
 10
21.96287857198968
 20
17.13784401389179
 30
0.0
 10
21.96287857198968
 20
17.13784401389179
 30
0.0
 10
22.33999199896141
 20
17.71024463954765
 30
0.0
 10
22.33999199896141
 20
17.71024463954765
 30
0.0
 10
22.41862277772351
 20
17.70272731813667
 30
0.0
 10
22.49738136619504
 20
17.69565666956354
 30
0.0
 10
22.57626525248631
 20
17.68903523352689
 30
0.0
  0
SPLINE
  5
DC
330
1F
100
AcDbEntity
  8
0
  6
Continuous
 62
    18
420
        0
370
     9
100
AcDbSpline
210
0.0
220
0.0
230
1.0
 70
    11
 71
     3
 72
    17
 73
    13
 74
     0
 42
0.000000001
 43
0.0
 40
0.0
 40
0.0
 40
0.0
 40
0.0
 40
1.0
 40
1.0
 40
1.0
 40
2.0
 40
2.0
 40
2.0
 40
3.0
 40
3.0
 40
3.0
 40
4.0
 40
4.0
 40
4.0
 40
4.0
 10
14.38244716874215
 20
20.18425268769238
 30
0.0
 10
14.35252073243467
 20
20.1260151005679
 30
0.0
 10
14.3010671111987
 20
20.08754929663301
 30
0.0
 10
14.24266323439225
 20
20.08754929663301
 30
0.0
 10
14.15033523608272
 20
20.08754929663301
 30
0.0
 10
14.07537661559761
 20
20.18367915475036
 30
0.0
 10
14.07537661559761
 20
20.30208418035399
 30
0.0
 10
14.07537661559761
 20
20.32046248986835
 30
0.0
 10
14.07718251034953
 20
20.33830414852386
 30
0.0
 10
14.0805789484819
 20
20.35533298132646
 30
0.0
 10
14.18068075721857
 20
20.29748040350349
 30
0.0
 10
14.28130651081953
 20
20.24045059208362
 30
0.0
 10
14.38244716874215
 20
20.18425268769238
 30
0.0
  0
SPLINE
  5
DD
330
1F
100
AcDbEntity
  8
0
  6
Continuous
 62
    18
420
        0
370
     9
100
AcDbSpline
210
0.0
220
0.0
230
1.0
 70
    11
 71
     3
 72
    17
 73
    13
 74
     0
 42
0.000000001
 43
0.0
 40
0.0
 40
0.0
 40
0.0
 40
0.0
 40
1.0
 40
1.0
 40
1.0
 40
2.0
 40
2.0
 40
2.0
 40
3.0
 40
3.0
 40
3.0
 40
4.0
 40
4.0
 40
4.0
 40
4.0
 10
48.40886721942224
 20
46.78245551278209
 30
0.0
 10
48.54735921688663
 20
46.78245551278209
 30
0.0
 10
48.65979714761426
 20
46.61986393326441
 30
0.0
 10
48.65979714761426
 20
46.41959670607009
 30
0.0
 10
48.65979714761426
 20
46.21932947887581
 30
0.0
 10
48.54735921688663
 20
46.05673789935814
 30
0.0
 10
48.40886721942224
 20
46.05673789935814
 30
0.0
 10
48.2703752219579
 20
46.05673789935814
 30
0.0
 10
48.15793729123022
 20
46.21932947887581
 30
0.0
 10
48.15793729123022
 20
46.41959670607009
 30
0.0
 10
48.15793729123022
 20
46.61986393326441
 30
0.0
 10
48.2703752219579
 20
46.78245551278209
 30
0.0
 10
48.40886721942224
 20
46.78245551278209
 30
0.0
  0
SPLINE
  5
DE
330
1F
100
AcDbEntity
  8
0
  6
Continuous
 62
    18
420
        0
370
     9
100
AcDbSpline
210
0.0
220
0.0
230
1.0
 70
    11
 71
     3
 72
    53
 73
    49
 74
     0
 42
0.000000001
 43
0.0
 40
0.0
 40
0.0
 40
0.0
 40
0.0
 40
1.0
 40
1.0
 40
1.0
 40
2.0
 40
2.0
 40
2.0
 40
3.0
 40
3.0
 40
3.0
 40
4.0
 40
4.0
 40
4.0
 40
5.0
 40
5.0
 40
5.0
 40
6.0
 40
6.0
 40
6.0
 40
7.0
 40
7.0
 40
7.0
 40
8.0
 40
8.0
 40
8.0
 40
9.0
 40
9.0
 40
9.0
 40
10.0
 40
10.0
 40
10.0
 40
11.0
 40
11.0
 40
11.0
 40
12.0
 40
12.0
 40
12.0
 40
13.0
 40
13.0
 40
13.0
 40
14.0
 40
14.0
 40
14.0
 40
15.0
 40
15.0
 40
15.0
 40
16.0
 40
16.0
 40
16.0
 40
16.0
 10
33.61442592292471
 20
57.12464713718278
 30
0.0
 10
33.61442592292471
 20
57.12464713718278
 30
0.0
 10
33.70954164619017
 20
57.13815469551633
 30
0.0
 10
33.70954164619017
 20
57.13815469551633
 30
0.0
 10
33.70954164619017
 20
57.13815469551633
 30
0.0
 10
33.71820091871638
 20
57.1328259124233
 30
0.0
 10
33.71820091871638
 20
57.1328259124233
 30
0.0
 10
33.71820091871638
 20
57.1328259124233
 30
0.0
 10
33.44505864721235
 20
57.49638769449417
 30
0.0
 10
33.44505864721235
 20
57.49638769449417
 30
0.0
 10
33.44505864721235
 20
57.49638769449417
 30
0.0
 10
33.80862042928319
 20
57.22324542299015
 30
0.0
 10
33.80862042928319
 20
57.22324542299015
 30
0.0
 10
33.80862042928319
 20
57.22324542299015
 30
0.0
 10
33.80329164619019
 20
57.23190469551631
 30
0.0
 10
33.80329164619019
 20
57.23190469551631
 30
0.0
 10
33.80329164619019
 20
57.23190469551631
 30
0.0
 10
33.95329164619017
 20
58.28815469551632
 30
0.0
 10
33.95329164619017
 20
58.28815469551632
 30
0.0
 10
33.95329164619017
 20
58.28815469551632
 30
0.0
 10
34.10329164619019
 20
57.23190469551631
 30
0.0
 10
34.10329164619019
 20
57.23190469551631
 30
0.0
 10
34.10329164619019
 20
57.23190469551631
 30
0.0
 10
34.0979628630971
 20
57.22324542299011
 30
0.0
 10
34.0979628630971
 20
57.22324542299011
 30
0.0
 10
34.0979628630971
 20
57.22324542299011
 30
0.0
 10
34.46152464516799
 20
57.49638769449415
 30
0.0
 10
34.46152464516799
 20
57.49638769449415
 30
0.0
 10
34.46152464516799
 20
57.49638769449415
 30
0.0
 10
34.188382373664
 20
57.1328259124233
 30
0.0
 10
34.188382373664
 20
57.1328259124233
 30
0.0
 10
34.188382373664
 20
57.1328259124233
 30
0.0
 10
34.19704164619014
 20
57.13815469551633
 30
0.0
 10
34.19704164619014
 20
57.13815469551633
 30
0.0
 10
34.19704164619014
 20
57.13815469551633
 30
0.0
 10
35.25329164619018
 20
56.98815469551631
 30
0.0
 10
35.25329164619018
 20
56.98815469551631
 30
0.0
 10
35.25329164619018
 20
56.98815469551631
 30
0.0
 10
34.19704164619014
 20
56.83815469551634
 30
0.0
 10
34.19704164619014
 20
56.83815469551634
 30
0.0
 10
34.19704164619014
 20
56.83815469551634
 30
0.0
 10
34.188382373664
 20
56.84348347860934
 30
0.0
 10
34.188382373664
 20
56.84348347860934
 30
0.0
 10
34.188382373664
 20
56.84348347860934
 30
0.0
 10
34.21980822649075
 20
56.80165458484699
 30
0.0
 10
34.21980822649075
 20
56.80165458484699
 30
0.0
 10
34.01999896434158
 20
56.91258843000776
 30
0.0
 10
33.81818164235236
 20
57.02027609199715
 30
0.0
 10
33.61442592292471
 20
57.12464713718278
 30
0.0
  0
SPLINE
  5
DF
330
1F
100
AcDbEntity
  8
0
  6
Continuous
 62
    18
420
        0
370
     9
100
AcDbSpline
210
0.0
220
0.0
230
1.0
 70
    11
 71
     3
 72
    17
 73
    13
 74
     0
 42
0.000000001
 43
0.0
 40
0.0
 40
0.0
 40
0.0
 40
0.0
 40
1.0
 40
1.0
 40
1.0
 40
2.0
 40
2.0
 40
2.0
 40
3.0
 40
3.0
 40
3.0
 40
4.0
 40
4.0
 40
4.0
 40
4.0
 10
50.25548378504362
 20
38.61690976174935
 30
0.0
 10
50.34781178335324
 20
38.61690976174935
 30
0.0
 10
50.42277040383833
 20
38.52077990363211
 30
0.0
 10
50.42277040383833
 20
38.40237487802843
 30
0.0
 10
50.42277040383833
 20
38.28396985242477
 30
0.0
 10
50.34781178335324
 20
38.18783999430747
 30
0.0
 10
50.25548378504362
 20
38.18783999430747
 30
0.0
 10
50.16315578673407
 20
38.18783999430747
 30
0.0
 10
50.08819716624892
 20
38.28396985242477
 30
0.0
 10
50.08819716624892
 20
38.40237487802843
 30
0.0
 10
50.08819716624892
 20
38.52077990363211
 30
0.0
 10
50.16315578673407
 20
38.61690976174935
 30
0.0
 10
50.25548378504362
 20
38.61690976174935
 30
0.0
  0
SPLINE
  5
E0
330
1F
100
AcDbEntity
  8
0
  6
Continuous
 62
    18
420
        0
370
     9
100
AcDbSpline
210
0.0
220
0.0
230
1.0
 70
    11
 71
     3
 72
    17
 73
    13
 74
     0
 42
0.000000001
 43
0.0
 40
0.0
 40
0.0
 40
0.0
 40
0.0
 40
1.0
 40
1.0
 40
1.0
 40
2.0
 40
2.0
 40
2.0
 40
3.0
 40
3.0
 40
3.0
 40
4.0
 40
4.0
 40
4.0
 40
4.0
 10
16.18009583972058
 20
17.29859580826107
 30
0.0
 10
16.27242383803023
 20
17.29859580826107
 30
0.0
 10
16.34738245851534
 20
17.20246595014378
 30
0.0
 10
16.34738245851534
 20
17.0840609245401
 30
0.0
 10
16.34738245851534
 20
16.96565589893643
 30
0.0
 10
16.27242383803023
 20
16.86952604081916
 30
0.0
 10
16.18009583972058
 20
16.86952604081916
 30
0.0
 10
16.08776784141108
 20
16.86952604081916
 30
0.0
 10
16.01280922092597
 20
16.96565589893643
 30
0.0
 10
16.01280922092597
 20
17.0840609245401
 30
0.0
 10
16.01280922092597
 20
17.20246595014378
 30
0.0
 10
16.08776784141108
 20
17.29859580826107
 30
0.0
 10
16.18009583972058
 20
17.29859580826107
 30
0.0
  0
SPLINE
  5
E1
330
1F
100
AcDbEntity
  8
0
  6
Continuous
 62
    18
420
        0
370
     9
100
AcDbSpline
210
0.0
220
0.0
230
1.0
 70
    11
 71
     3
 72
    17
 73
    13
 74
     0
 42
0.000000001
 43
0.0
 40
0.0
 40
0.0
 40
0.0
 40
0.0
 40
1.0
 40
1.0
 40
1.0
 40
2.0
 40
2.0
 40
2.0
 40
3.0
 40
3.0
 40
3.0
 40
4.0
 40
4.0
 40
4.0
 40
4.0
 10
15.03992118711077
 20
57.14814644568791
 30
0.0
 10
15.03912899262488
 20
57.15667464155016
 30
0.0
 10
15.03872314705396
 20
57.16532718425491
 30
0.0
 10
15.03872314705396
 20
57.17408272126038
 30
0.0
 10
15.03872314705396
 20
57.31410696141247
 30
0.0
 10
15.14252418212812
 20
57.42778887879882
 30
0.0
 10
15.27037794636296
 20
57.42778887879882
 30
0.0
 10
15.33747698805733
 20
57.42778887879882
 30
0.0
 10
15.39795127266405
 20
57.39647787525669
 30
0.0
 10
15.4402734790952
 20
57.34648047844972
 30
0.0
 10
15.30601859340687
 20
57.2817857474746
 30
0.0
 10
15.17256145099594
 20
57.21566795419002
 30
0.0
 10
15.03992118711077
 20
57.14814644568791
 30
0.0
  0
SPLINE
  5
E2
330
1F
100
AcDbEntity
  8
0
  6
Continuous
 62
    18
420
        0
370
     9
100
AcDbSpline
210
0.0
220
0.0
230
1.0
 70
    11
 71
     3
 72
    17
 73
    13
 74
     0
 42
0.000000001
 43
0.0
 40
0.0
 40
0.0
 40
0.0
 40
0.0
 40
1.0
 40
1.0
 40
1.0
 40
2.0
 40
2.0
 40
2.0
 40
3.0
 40
3.0
 40
3.0
 40
4.0
 40
4.0
 40
4.0
 40
4.0
 10
35.18382783850776
 20
14.73678674566395
 30
0.0
 10
35.24326560727505
 20
14.80743807909668
 30
0.0
 10
35.36508213114771
 20
14.80291271521457
 30
0.0
 10
35.45568815637512
 20
14.7266874026164
 30
0.0
 10
35.54629418160253
 20
14.6504620900182
 30
0.0
 10
35.57159885136635
 20
14.53121688845928
 30
0.0
 10
35.51216108259907
 20
14.46056555502656
 30
0.0
 10
35.45272331383184
 20
14.38991422159382
 30
0.0
 10
35.33090678995912
 20
14.39443958547594
 30
0.0
 10
35.24030076473171
 20
14.4706648980741
 30
0.0
 10
35.14969473950435
 20
14.5468902106723
 30
0.0
 10
35.12439006974048
 20
14.66613541223121
 30
0.0
 10
35.18382783850776
 20
14.73678674566395
 30
0.0
  0
SPLINE
  5
E3
330
1F
100
AcDbEntity
  8
0
  6
Continuous
 62
    18
420
        0
370
     9
100
AcDbSpline
210
0.0
220
0.0
230
1.0
 70
    11
 71
     3
 72
    17
 73
    13
 74
     0
 42
0.000000001
 43
0.0
 40
0.0
 40
0.0
 40
0.0
 40
0.0
 40
1.0
 40
1.0
 40
1.0
 40
2.0
 40
2.0
 40
2.0
 40
3.0
 40
3.0
 40
3.0
 40
4.0
 40
4.0
 40
4.0
 40
4.0
 10
39.25441069460577
 20
54.16058458259165
 30
0.0
 10
39.39290269207017
 20
54.16058458259165
 30
0.0
 10
39.50534062279779
 20
53.99799300307397
 30
0.0
 10
39.50534062279779
 20
53.79772577587969
 30
0.0
 10
39.50534062279779
 20
53.59745854868538
 30
0.0
 10
39.39290269207017
 20
53.43486696916769
 30
0.0
 10
39.25441069460577
 20
53.43486696916769
 30
0.0
 10
39.11591869714143
 20
53.43486696916769
 30
0.0
 10
39.00348076641369
 20
53.59745854868538
 30
0.0
 10
39.00348076641369
 20
53.79772577587969
 30
0.0
 10
39.00348076641369
 20
53.99799300307397
 30
0.0
 10
39.11591869714143
 20
54.16058458259165
 30
0.0
 10
39.25441069460577
 20
54.16058458259165
 30
0.0
  0
SPLINE
  5
E4
330
1F
100
AcDbEntity
  8
0
  6
Continuous
 62
    18
420
        0
370
     9
100
AcDbSpline
210
0.0
220
0.0
230
1.0
 70
    11
 71
     3
 72
    17
 73
    13
 74
     0
 42
0.000000001
 43
0.0
 40
0.0
 40
0.0
 40
0.0
 40
0.0
 40
1.0
 40
1.0
 40
1.0
 40
2.0
 40
2.0
 40
2.0
 40
3.0
 40
3.0
 40
3.0
 40
4.0
 40
4.0
 40
4.0
 40
4.0
 10
41.99792982724203
 20
21.55049312410525
 30
0.0
 10
42.13642182470642
 20
21.55049312410525
 30
0.0
 10
42.2488597554341
 20
21.38790154458756
 30
0.0
 10
42.2488597554341
 20
21.18763431739325
 30
0.0
 10
42.2488597554341
 20
20.98736709019892
 30
0.0
 10
42.13642182470642
 20
20.82477551068126
 30
0.0
 10
41.99792982724203
 20
20.82477551068126
 30
0.0
 10
41.85943782977768
 20
20.82477551068126
 30
0.0
 10
41.74699989905
 20
20.98736709019892
 30
0.0
 10
41.74699989905
 20
21.18763431739325
 30
0.0
 10
41.74699989905
 20
21.38790154458756
 30
0.0
 10
41.85943782977768
 20
21.55049312410525
 30
0.0
 10
41.99792982724203
 20
21.55049312410525
 30
0.0
  0
SPLINE
  5
E5
330
1F
100
AcDbEntity
  8
0
  6
Continuous
 62
    18
420
        0
370
     9
100
AcDbSpline
210
0.0
220
0.0
230
1.0
 70
    11
 71
     3
 72
    17
 73
    13
 74
     0
 42
0.000000001
 43
0.0
 40
0.0
 40
0.0
 40
0.0
 40
0.0
 40
1.0
 40
1.0
 40
1.0
 40
2.0
 40
2.0
 40
2.0
 40
3.0
 40
3.0
 40
3.0
 40
4.0
 40
4.0
 40
4.0
 40
4.0
 10
45.74560140552281
 20
31.96080511058658
 30
0.0
 10
45.83792940383237
 20
31.96080511058658
 30
0.0
 10
45.91288802431746
 20
31.86467525246931
 30
0.0
 10
45.91288802431746
 20
31.74627022686564
 30
0.0
 10
45.91288802431746
 20
31.62786520126199
 30
0.0
 10
45.83792940383237
 20
31.53173534314468
 30
0.0
 10
45.74560140552281
 20
31.53173534314468
 30
0.0
 10
45.6532734072132
 20
31.53173534314468
 30
0.0
 10
45.57831478672805
 20
31.62786520126199
 30
0.0
 10
45.57831478672805
 20
31.74627022686564
 30
0.0
 10
45.57831478672805
 20
31.86467525246931
 30
0.0
 10
45.6532734072132
 20
31.96080511058658
 30
0.0
 10
45.74560140552281
 20
31.96080511058658
 30
0.0
  0
LWPOLYLINE
  5
E6
330
1F
100
AcDbEntity
  8
0
  6
Continuous
 62
    18
420
        0
370
     9
100
AcDbPolyline
 90
       26
 70
     1
 43
0.0
 10
44.82871828555552
 20
36.21736716249557
 10
45.60529936040417
 20
36.51542657040391
 10
45.61493056862743
 20
36.51216792680615
 10
45.2674418230014
 20
36.80548591385806
 10
45.68285411861553
 20
36.62050890307698
 10
45.67572478929079
 20
36.62775815085277
 10
45.58585907629168
 20
37.69081422469235
 10
45.96813600422753
 20
36.69480799335243
 10
45.96487736062978
 20
36.68517678512922
 10
46.25819534768168
 20
37.03266553075526
 10
46.07321833690052
 20
36.61725323514111
 10
46.08046758467639
 20
36.62438256446583
 10
47.14352365851598
 20
36.71424827746494
 10
46.14751742717607
 20
36.33197134952908
 10
46.13788621895287
 20
36.33522999312684
 10
46.48537496457885
 20
36.04191200607496
 10
46.06996266896472
 20
36.22688901685608
 10
46.07709199828946
 20
36.21963976908022
 10
46.16695771128855
 20
35.15658369524066
 10
45.78468078335271
 20
36.1525899265806
 10
45.78793942695052
 20
36.16222113480384
 10
45.49462143989862
 20
35.81473238917774
 10
45.67959845067973
 20
36.23014468479195
 10
45.67234920290385
 20
36.22301535546721
 10
44.82149758893257
 20
36.15108839993999
 10
44.82871828555552
 20
36.21736716249557
  0
SPLINE
  5
E7
330
1F
100
AcDbEntity
  8
0
  6
Continuous
 62
    18
420
        0
370
     9
100
AcDbSpline
210
0.0
220
0.0
230
1.0
 70
    11
 71
     3
 72
    20
 73
    16
 74
     0
 42
0.000000001
 43
0.0
 40
0.0
 40
0.0
 40
0.0
 40
0.0
 40
1.0
 40
1.0
 40
1.0
 40
2.0
 40
2.0
 40
2.0
 40
3.0
 40
3.0
 40
3.0
 40
4.0
 40
4.0
 40
4.0
 40
5.0
 40
5.0
 40
5.0
 40
5.0
 10
12.69755926438481
 20
21.22961972652307
 30
0.0
 10
12.69686766033974
 20
21.1965481478892
 30
0.0
 10
12.68644600799252
 20
21.16550202628045
 30
0.0
 10
12.66543561929575
 20
21.14052780520593
 30
0.0
 10
12.60599785052846
 20
21.06987647177319
 30
0.0
 10
12.48418132665586
 20
21.07440183565531
 30
0.0
 10
12.39357530142842
 20
21.15062714825351
 30
0.0
 10
12.30296927620098
 20
21.22685246085168
 30
0.0
 10
12.27766460643713
 20
21.34609766241058
 30
0.0
 10
12.33710237520444
 20
21.41674899584331
 30
0.0
 10
12.34960872950595
 20
21.43161480635584
 30
0.0
 10
12.36487676258782
 20
21.44315233804326
 30
0.0
 10
12.38203465934643
 20
21.45139398450724
 30
0.0
 10
12.48649644835547
 20
21.37650818570856
 30
0.0
 10
12.59167550005303
 20
21.30257920336802
 30
0.0
 10
12.69755926438481
 20
21.22961972652307
 30
0.0
  0
SPLINE
  5
E8
330
1F
100
AcDbEntity
  8
0
  6
Continuous
 62
    18
420
        0
370
     9
100
AcDbSpline
210
0.0
220
0.0
230
1.0
 70
    11
 71
     3
 72
    17
 73
    13
 74
     0
 42
0.000000001
 43
0.0
 40
0.0
 40
0.0
 40
0.0
 40
0.0
 40
1.0
 40
1.0
 40
1.0
 40
2.0
 40
2.0
 40
2.0
 40
3.0
 40
3.0
 40
3.0
 40
4.0
 40
4.0
 40
4.0
 40
4.0
 10
45.79885511331754
 20
46.95150278500519
 30
0.0
 10
45.88409095614065
 20
46.95150278500519
 30
0.0
 10
45.95329164619015
 20
46.88429003867928
 30
0.0
 10
45.95329164619015
 20
46.80150278500516
 30
0.0
 10
45.95329164619015
 20
46.71871553133107
 30
0.0
 10
45.88409095614065
 20
46.65150278500516
 30
0.0
 10
45.79885511331754
 20
46.65150278500516
 30
0.0
 10
45.71361927049431
 20
46.65150278500516
 30
0.0
 10
45.64441858044481
 20
46.71871553133107
 30
0.0
 10
45.64441858044481
 20
46.80150278500516
 30
0.0
 10
45.64441858044481
 20
46.88429003867928
 30
0.0
 10
45.71361927049431
 20
46.95150278500519
 30
0.0
 10
45.79885511331754
 20
46.95150278500519
 30
0.0
  0
LWPOLYLINE
  5
E9
330
1F
100
AcDbEntity
  8
0
  6
Continuous
 62
    18
420
        0
370
     9
100
AcDbPolyline
 90
       51
 70
     1
 43
0.0
 10
44.40386881608139
 20
43.27730202459248
 10
45.25646748090224
 20
44.06413403305699
 10
45.26920334504855
 20
44.06119352402679
 10
44.70080608850443
 20
44.43808675772851
 10
45.27765435062028
 20
44.2428039198325
 10
45.26522976868053
 20
44.25243382034901
 10
44.506560323667
 20
45.8710313045818
 10
45.54905582792987
 20
44.41891551499972
 10
45.551397426497
 20
44.40337131555142
 10
45.66247121704007
 20
45.00216336404346
 10
45.71403584334811
 20
44.32211554207016
 10
45.71768482718244
 20
44.33466678686437
 10
46.78398106047908
 20
44.68289335427762
 10
46.79317849670754
 20
44.71602320955999
 10
46.79073298827209
 20
44.71272891587297
 10
46.40303235634781
 20
44.70077565919544
 10
46.75720806702231
 20
44.85893452334132
 10
46.76084455568144
 20
44.85703483056716
 10
46.62429340805661
 20
45.01222222438533
 10
46.78249409061323
 20
44.90838212412304
 10
46.77965503546006
 20
44.9121731301496
 10
46.71429698535166
 20
45.43901767360356
 10
46.88501025571072
 20
44.93633106446773
 10
46.88410654342102
 20
44.93168184249478
 10
46.98126007169647
 20
45.09407462043606
 10
46.92596479149412
 20
44.89489687292115
 10
46.92841029992963
 20
44.89819116660827
 10
47.3161109318539
 20
44.91014442328581
 10
46.9619352211794
 20
44.75198555913992
 10
46.95829873252027
 20
44.7538852519141
 10
47.09484988014511
 20
44.59869785809588
 10
46.93664919758843
 20
44.70253795835822
 10
46.93948825274166
 20
44.69874695233161
 10
47.00484630285
 20
44.1719024088777
 10
46.83413303249099
 20
44.67458901801352
 10
46.83503674478069
 20
44.67923823998647
 10
46.73788321650525
 20
44.5168454620452
 10
46.77042680009809
 20
44.63406989155109
 10
45.97347156554118
 20
43.89858916218064
 10
45.960735701395
 20
43.90152967121084
 10
46.52913295793905
 20
43.52463643750907
 10
45.95228469582316
 20
43.71991927540514
 10
45.9647092777629
 20
43.71028937488857
 10
46.7233787227765
 20
42.09169189065581
 10
45.68088321851361
 20
43.5438076802379
 10
45.67854161994642
 20
43.55935187968609
 10
45.56746782940342
 20
42.96055983119415
 10
45.51590320309526
 20
43.64060765316751
 10
45.51225421926106
 20
43.62805640837321
 10
44.40628911443651
 20
43.26687494668769
 10
44.40386881608139
 20
43.27730202459248
  0
SPLINE
  5
EA
330
1F
100
AcDbEntity
  8
0
  6
Continuous
 62
    18
420
        0
370
     9
100
AcDbSpline
210
0.0
220
0.0
230
1.0
 70
    11
 71
     3
 72
    14
 73
    10
 74
     0
 42
0.000000001
 43
0.0
 40
0.0
 40
0.0
 40
0.0
 40
0.0
 40
1.0
 40
1.0
 40
1.0
 40
2.0
 40
2.0
 40
2.0
 40
3.0
 40
3.0
 40
3.0
 40
3.0
 10
14.13541002403675
 20
56.65877782445149
 30
0.0
 10
14.17326496146965
 20
56.78983053700165
 30
0.0
 10
14.26277825051144
 20
56.8820256329312
 30
0.0
 10
14.36706510402237
 20
56.8820256329312
 30
0.0
 10
14.40486264783751
 20
56.8820256329312
 30
0.0
 10
14.44071951437364
 20
56.86991474877149
 30
0.0
 10
14.47287960330244
 20
56.84823240042243
 30
0.0
 10
14.35974855987003
 20
56.78611461642887
 30
0.0
 10
14.24725452076945
 20
56.7229588654849
 30
0.0
 10
14.13541002403675
 20
56.65877782445149
 30
0.0
  0
SPLINE
  5
EB
330
1F
100
AcDbEntity
  8
0
  6
Continuous
 62
    18
420
        0
370
     9
100
AcDbSpline
210
0.0
220
0.0
230
1.0
 70
    11
 71
     3
 72
    17
 73
    13
 74
     0
 42
0.000000001
 43
0.0
 40
0.0
 40
0.0
 40
0.0
 40
0.0
 40
1.0
 40
1.0
 40
1.0
 40
2.0
 40
2.0
 40
2.0
 40
3.0
 40
3.0
 40
3.0
 40
4.0
 40
4.0
 40
4.0
 40
4.0
 10
43.95329164619011
 20
53.01472759082849
 30
0.0
 10
44.03852748901333
 20
53.01472759082849
 30
0.0
 10
44.10772817906283
 20
52.94751484450255
 30
0.0
 10
44.10772817906283
 20
52.86472759082846
 30
0.0
 10
44.10772817906283
 20
52.78194033715434
 30
0.0
 10
44.03852748901333
 20
52.71472759082843
 30
0.0
 10
43.95329164619011
 20
52.71472759082843
 30
0.0
 10
43.868055803367
 20
52.71472759082843
 30
0.0
 10
43.79885511331749
 20
52.78194033715434
 30
0.0
 10
43.79885511331749
 20
52.86472759082846
 30
0.0
 10
43.79885511331749
 20
52.94751484450255
 30
0.0
 10
43.868055803367
 20
53.01472759082849
 30
0.0
 10
43.95329164619011
 20
53.01472759082849
 30
0.0
  0
LWPOLYLINE
  5
EC
330
1F
100
AcDbEntity
  8
0
  6
Continuous
 62
    18
420
        0
370
     9
100
AcDbPolyline
 90
       25
 70
     1
 43
0.0
 10
43.83574628245326
 20
54.53523995995905
 10
43.69917514670123
 20
54.66623059803393
 10
43.88095603773669
 20
54.56781794248546
 10
43.87829164619013
 20
54.57093786237091
 10
43.95329164619011
 20
54.9515027850052
 10
44.0282916461902
 20
54.57093786237091
 10
44.02562725464358
 20
54.56781794248541
 10
44.20740814567911
 20
54.66623059803393
 10
44.07083700992708
 20
54.53523995995905
 10
44.07516664619019
 20
54.53715991065781
 10
44.60329164619016
 20
54.48311518791682
 10
44.07516664619019
 20
54.42907046517588
 10
44.07083700992702
 20
54.43099041587463
 10
44.20740814567905
 20
54.29999977779973
 10
44.02562725464364
 20
54.39841243334821
 10
44.0282916461902
 20
54.39529251346278
 10
43.95329164619022
 20
54.01472759082844
 10
43.87829164619013
 20
54.39529251346278
 10
43.88095603773674
 20
54.39841243334827
 10
43.69917514670123
 20
54.29999977779973
 10
43.83574628245326
 20
54.43099041587459
 10
43.83141664619019
 20
54.42907046517588
 10
43.30329164619017
 20
54.48311518791682
 10
43.83141664619019
 20
54.53715991065781
 10
43.83574628245326
 20
54.53523995995905
  0
SPLINE
  5
ED
330
1F
100
AcDbEntity
  8
0
  6
Continuous
 62
    18
420
        0
370
     9
100
AcDbSpline
210
0.0
220
0.0
230
1.0
 70
    11
 71
     3
 72
    17
 73
    13
 74
     0
 42
0.000000001
 43
0.0
 40
0.0
 40
0.0
 40
0.0
 40
0.0
 40
1.0
 40
1.0
 40
1.0
 40
2.0
 40
2.0
 40
2.0
 40
3.0
 40
3.0
 40
3.0
 40
4.0
 40
4.0
 40
4.0
 40
4.0
 10
4.073881240900413
 20
46.1256306919819
 30
0.0
 10
4.166209239209944
 20
46.1256306919819
 30
0.0
 10
4.241167859695055
 20
46.02950083386462
 30
0.0
 10
4.241167859695055
 20
45.91109580826095
 30
0.0
 10
4.241167859695055
 20
45.79269078265732
 30
0.0
 10
4.166209239209944
 20
45.69656092453999
 30
0.0
 10
4.073881240900413
 20
45.69656092453999
 30
0.0
 10
3.981553242590795
 20
45.69656092453999
 30
0.0
 10
3.906594622105683
 20
45.79269078265732
 30
0.0
 10
3.906594622105683
 20
45.91109580826095
 30
0.0
 10
3.906594622105683
 20
46.02950083386462
 30
0.0
 10
3.981553242590795
 20
46.1256306919819
 30
0.0
 10
4.073881240900413
 20
46.1256306919819
 30
0.0
  0
SPLINE
  5
EE
330
1F
100
AcDbEntity
  8
0
  6
Continuous
 62
    18
420
        0
370
     9
100
AcDbSpline
210
0.0
220
0.0
230
1.0
 70
    11
 71
     3
 72
    17
 73
    13
 74
     0
 42
0.000000001
 43
0.0
 40
0.0
 40
0.0
 40
0.0
 40
0.0
 40
1.0
 40
1.0
 40
1.0
 40
2.0
 40
2.0
 40
2.0
 40
3.0
 40
3.0
 40
3.0
 40
4.0
 40
4.0
 40
4.0
 40
4.0
 10
38.30218080912808
 20
15.15324697105175
 30
0.0
 10
38.3945088074377
 20
15.15324697105175
 30
0.0
 10
38.46946742792278
 20
15.05711711293448
 30
0.0
 10
38.46946742792278
 20
14.9387120873308
 30
0.0
 10
38.46946742792278
 20
14.82030706172713
 30
0.0
 10
38.3945088074377
 20
14.72417720360984
 30
0.0
 10
38.30218080912808
 20
14.72417720360984
 30
0.0
 10
38.20985281081852
 20
14.72417720360984
 30
0.0
 10
38.13489419033344
 20
14.82030706172713
 30
0.0
 10
38.13489419033344
 20
14.9387120873308
 30
0.0
 10
38.13489419033344
 20
15.05711711293448
 30
0.0
 10
38.20985281081852
 20
15.15324697105175
 30
0.0
 10
38.30218080912808
 20
15.15324697105175
 30
0.0
  0
SPLINE
  5
EF
330
1F
100
AcDbEntity
  8
0
  6
Continuous
 62
    18
420
        0
370
     9
100
AcDbSpline
210
0.0
220
0.0
230
1.0
 70
    11
 71
     3
 72
    17
 73
    13
 74
     0
 42
0.000000001
 43
0.0
 40
0.0
 40
0.0
 40
0.0
 40
0.0
 40
1.0
 40
1.0
 40
1.0
 40
2.0
 40
2.0
 40
2.0
 40
3.0
 40
3.0
 40
3.0
 40
4.0
 40
4.0
 40
4.0
 40
4.0
 10
42.45077715270127
 20
16.59866023519513
 30
0.0
 10
42.51021492146862
 20
16.66931156862786
 30
0.0
 10
42.63203144534121
 20
16.66478620474577
 30
0.0
 10
42.72263747056863
 20
16.58856089214758
 30
0.0
 10
42.81324349579603
 20
16.51233557954935
 30
0.0
 10
42.83854816555986
 20
16.3930903779905
 30
0.0
 10
42.77911039679257
 20
16.32243904455777
 30
0.0
 10
42.71967262802535
 20
16.25178771112503
 30
0.0
 10
42.59785610415268
 20
16.25631307500715
 30
0.0
 10
42.50725007892527
 20
16.33253838760532
 30
0.0
 10
42.41664405369781
 20
16.4087637002035
 30
0.0
 10
42.39133938393404
 20
16.52800890176239
 30
0.0
 10
42.45077715270127
 20
16.59866023519513
 30
0.0
  0
SPLINE
  5
F0
330
1F
100
AcDbEntity
  8
0
  6
Continuous
 62
    18
420
        0
370
     9
100
AcDbSpline
210
0.0
220
0.0
230
1.0
 70
    11
 71
     3
 72
    17
 73
    13
 74
     0
 42
0.000000001
 43
0.0
 40
0.0
 40
0.0
 40
0.0
 40
0.0
 40
1.0
 40
1.0
 40
1.0
 40
2.0
 40
2.0
 40
2.0
 40
3.0
 40
3.0
 40
3.0
 40
4.0
 40
4.0
 40
4.0
 40
4.0
 10
46.27037794636289
 20
48.08972759082843
 30
0.0
 10
46.35561378918612
 20
48.08972759082843
 30
0.0
 10
46.42481447923556
 20
48.02251484450255
 30
0.0
 10
46.42481447923556
 20
47.93972759082844
 30
0.0
 10
46.42481447923556
 20
47.85694033715433
 30
0.0
 10
46.35561378918612
 20
47.78972759082841
 30
0.0
 10
46.27037794636289
 20
47.78972759082841
 30
0.0
 10
46.18514210353973
 20
47.78972759082841
 30
0.0
 10
46.11594141349028
 20
47.85694033715433
 30
0.0
 10
46.11594141349028
 20
47.93972759082844
 30
0.0
 10
46.11594141349028
 20
48.02251484450255
 30
0.0
 10
46.18514210353973
 20
48.08972759082843
 30
0.0
 10
46.27037794636289
 20
48.08972759082843
 30
0.0
  0
SPLINE
  5
F1
330
1F
100
AcDbEntity
  8
0
  6
Continuous
 62
    18
420
        0
370
     9
100
AcDbSpline
210
0.0
220
0.0
230
1.0
 70
    11
 71
     3
 72
    17
 73
    13
 74
     0
 42
0.000000001
 43
0.0
 40
0.0
 40
0.0
 40
0.0
 40
0.0
 40
1.0
 40
1.0
 40
1.0
 40
2.0
 40
2.0
 40
2.0
 40
3.0
 40
3.0
 40
3.0
 40
4.0
 40
4.0
 40
4.0
 40
4.0
 10
29.21363870256879
 20
14.36439193470945
 30
0.0
 10
29.27307647133602
 20
14.43504326814218
 30
0.0
 10
29.3948929952087
 20
14.43051790426013
 30
0.0
 10
29.48549902043611
 20
14.35429259166196
 30
0.0
 10
29.57610504566355
 20
14.27806727906375
 30
0.0
 10
29.60140971542735
 20
14.15882207750483
 30
0.0
 10
29.54197194666009
 20
14.08817074407209
 30
0.0
 10
29.48253417789283
 20
14.01751941063936
 30
0.0
 10
29.3607176540202
 20
14.02204477452145
 30
0.0
 10
29.27011162879276
 20
14.09827008711964
 30
0.0
 10
29.17950560356535
 20
14.17449539971786
 30
0.0
 10
29.15420093380147
 20
14.29374060127672
 30
0.0
 10
29.21363870256879
 20
14.36439193470945
 30
0.0
  0
SPLINE
  5
F2
330
1F
100
AcDbEntity
  8
0
  6
Continuous
 62
    18
420
        0
370
     9
100
AcDbSpline
210
0.0
220
0.0
230
1.0
 70
    11
 71
     3
 72
    17
 73
    13
 74
     0
 42
0.000000001
 43
0.0
 40
0.0
 40
0.0
 40
0.0
 40
0.0
 40
1.0
 40
1.0
 40
1.0
 40
2.0
 40
2.0
 40
2.0
 40
3.0
 40
3.0
 40
3.0
 40
4.0
 40
4.0
 40
4.0
 40
4.0
 10
8.741900779408326
 20
52.96472759082844
 30
0.0
 10
8.827136622231492
 20
52.96472759082844
 30
0.0
 10
8.896337312280991
 20
52.89751484450252
 30
0.0
 10
8.896337312280991
 20
52.81472759082841
 30
0.0
 10
8.896337312280991
 20
52.73194033715433
 30
0.0
 10
8.827136622231492
 20
52.66472759082843
 30
0.0
 10
8.741900779408326
 20
52.66472759082843
 30
0.0
 10
8.65666493658513
 20
52.66472759082843
 30
0.0
 10
8.58746424653563
 20
52.73194033715433
 30
0.0
 10
8.58746424653563
 20
52.81472759082841
 30
0.0
 10
8.58746424653563
 20
52.89751484450252
 30
0.0
 10
8.65666493658513
 20
52.96472759082844
 30
0.0
 10
8.741900779408326
 20
52.96472759082844
 30
0.0
  0
SPLINE
  5
F3
330
1F
100
AcDbEntity
  8
0
  6
Continuous
 62
    18
420
        0
370
     9
100
AcDbSpline
210
0.0
220
0.0
230
1.0
 70
    11
 71
     3
 72
    17
 73
    13
 74
     0
 42
0.000000001
 43
0.0
 40
0.0
 40
0.0
 40
0.0
 40
0.0
 40
1.0
 40
1.0
 40
1.0
 40
2.0
 40
2.0
 40
2.0
 40
3.0
 40
3.0
 40
3.0
 40
4.0
 40
4.0
 40
4.0
 40
4.0
 10
28.61183479627656
 20
61.89001473351875
 30
0.0
 10
28.73968856051134
 20
61.89001473351875
 30
0.0
 10
28.8434895955855
 20
61.77633281613241
 30
0.0
 10
28.8434895955855
 20
61.63630857598032
 30
0.0
 10
28.8434895955855
 20
61.49628433582819
 30
0.0
 10
28.73968856051134
 20
61.38260241844184
 30
0.0
 10
28.61183479627656
 20
61.38260241844184
 30
0.0
 10
28.4839810320418
 20
61.38260241844184
 30
0.0
 10
28.38017999696756
 20
61.49628433582819
 30
0.0
 10
28.38017999696756
 20
61.63630857598032
 30
0.0
 10
28.38017999696756
 20
61.77633281613241
 30
0.0
 10
28.4839810320418
 20
61.89001473351875
 30
0.0
 10
28.61183479627656
 20
61.89001473351875
 30
0.0
  0
SPLINE
  5
F4
330
1F
100
AcDbEntity
  8
0
  6
Continuous
 62
    18
420
        0
370
     9
100
AcDbSpline
210
0.0
220
0.0
230
1.0
 70
    11
 71
     3
 72
    17
 73
    13
 74
     0
 42
0.000000001
 43
0.0
 40
0.0
 40
0.0
 40
0.0
 40
0.0
 40
1.0
 40
1.0
 40
1.0
 40
2.0
 40
2.0
 40
2.0
 40
3.0
 40
3.0
 40
3.0
 40
4.0
 40
4.0
 40
4.0
 40
4.0
 10
6.836106809775865
 20
22.70347944082542
 30
0.0
 10
6.974598807240205
 20
22.70347944082542
 30
0.0
 10
7.087036737967829
 20
22.54088786130773
 30
0.0
 10
7.087036737967829
 20
22.34062063411341
 30
0.0
 10
7.087036737967829
 20
22.14035340691913
 30
0.0
 10
6.974598807240205
 20
21.97776182740145
 30
0.0
 10
6.836106809775865
 20
21.97776182740145
 30
0.0
 10
6.697614812311438
 20
21.97776182740145
 30
0.0
 10
6.585176881583815
 20
22.14035340691913
 30
0.0
 10
6.585176881583815
 20
22.34062063411341
 30
0.0
 10
6.585176881583815
 20
22.54088786130773
 30
0.0
 10
6.697614812311438
 20
22.70347944082542
 30
0.0
 10
6.836106809775865
 20
22.70347944082542
 30
0.0
  0
SPLINE
  5
F5
330
1F
100
AcDbEntity
  8
0
  6
Continuous
 62
    18
420
        0
370
     9
100
AcDbSpline
210
0.0
220
0.0
230
1.0
 70
    11
 71
     3
 72
    17
 73
    13
 74
     0
 42
0.000000001
 43
0.0
 40
0.0
 40
0.0
 40
0.0
 40
0.0
 40
1.0
 40
1.0
 40
1.0
 40
2.0
 40
2.0
 40
2.0
 40
3.0
 40
3.0
 40
3.0
 40
4.0
 40
4.0
 40
4.0
 40
4.0
 10
45.35781631838271
 20
34.38746213685423
 30
0.0
 10
45.41725408714999
 20
34.45811347028695
 30
0.0
 10
45.53907061102259
 20
34.4535881064049
 30
0.0
 10
45.62967663625007
 20
34.37736279380672
 30
0.0
 10
45.72028266147742
 20
34.30113748120849
 30
0.0
 10
45.7455873312413
 20
34.1818922796496
 30
0.0
 10
45.68614956247401
 20
34.11124094621686
 30
0.0
 10
45.62671179370673
 20
34.04058961278412
 30
0.0
 10
45.50489526983413
 20
34.04511497666621
 30
0.0
 10
45.41428924460671
 20
34.12134028926441
 30
0.0
 10
45.32368321937924
 20
34.19756560186264
 30
0.0
 10
45.29837854961542
 20
34.31681080342153
 30
0.0
 10
45.35781631838271
 20
34.38746213685423
 30
0.0
  0
SPLINE
  5
F6
330
1F
100
AcDbEntity
  8
0
  6
Continuous
 62
    18
420
        0
370
     9
100
AcDbSpline
210
0.0
220
0.0
230
1.0
 70
    11
 71
     3
 72
    17
 73
    13
 74
     0
 42
0.000000001
 43
0.0
 40
0.0
 40
0.0
 40
0.0
 40
0.0
 40
1.0
 40
1.0
 40
1.0
 40
2.0
 40
2.0
 40
2.0
 40
3.0
 40
3.0
 40
3.0
 40
4.0
 40
4.0
 40
4.0
 40
4.0
 10
47.55019255813352
 20
53.25343756581178
 30
0.0
 10
47.68868455559792
 20
53.25343756581178
 30
0.0
 10
47.80112248632555
 20
53.09084598629411
 30
0.0
 10
47.80112248632555
 20
52.89057875909978
 30
0.0
 10
47.80112248632555
 20
52.69031153190551
 30
0.0
 10
47.68868455559792
 20
52.52771995238783
 30
0.0
 10
47.55019255813352
 20
52.52771995238783
 30
0.0
 10
47.41170056066918
 20
52.52771995238783
 30
0.0
 10
47.29926262994151
 20
52.69031153190551
 30
0.0
 10
47.29926262994151
 20
52.89057875909978
 30
0.0
 10
47.29926262994151
 20
53.09084598629411
 30
0.0
 10
47.41170056066918
 20
53.25343756581178
 30
0.0
 10
47.55019255813352
 20
53.25343756581178
 30
0.0
  0
SPLINE
  5
F7
330
1F
100
AcDbEntity
  8
0
  6
Continuous
 62
    18
420
        0
370
     9
100
AcDbSpline
210
0.0
220
0.0
230
1.0
 70
    11
 71
     3
 72
    17
 73
    13
 74
     0
 42
0.000000001
 43
0.0
 40
0.0
 40
0.0
 40
0.0
 40
0.0
 40
1.0
 40
1.0
 40
1.0
 40
2.0
 40
2.0
 40
2.0
 40
3.0
 40
3.0
 40
3.0
 40
4.0
 40
4.0
 40
4.0
 40
4.0
 10
13.02867436720463
 20
15.38189341000218
 30
0.0
 10
13.16716636466906
 20
15.38189341000218
 30
0.0
 10
13.27960429539668
 20
15.2193018304845
 30
0.0
 10
13.27960429539668
 20
15.01903460329021
 30
0.0
 10
13.27960429539668
 20
14.81876737609591
 30
0.0
 10
13.16716636466906
 20
14.65617579657822
 30
0.0
 10
13.02867436720463
 20
14.65617579657822
 30
0.0
 10
12.89018236974024
 20
14.65617579657822
 30
0.0
 10
12.77774443901261
 20
14.81876737609591
 30
0.0
 10
12.77774443901261
 20
15.01903460329021
 30
0.0
 10
12.77774443901261
 20
15.2193018304845
 30
0.0
 10
12.89018236974024
 20
15.38189341000218
 30
0.0
 10
13.02867436720463
 20
15.38189341000218
 30
0.0
  0
SPLINE
  5
F8
330
1F
100
AcDbEntity
  8
0
  6
Continuous
 62
    18
420
        0
370
     9
100
AcDbSpline
210
0.0
220
0.0
230
1.0
 70
    11
 71
     3
 72
    17
 73
    13
 74
     0
 42
0.000000001
 43
0.0
 40
0.0
 40
0.0
 40
0.0
 40
0.0
 40
1.0
 40
1.0
 40
1.0
 40
2.0
 40
2.0
 40
2.0
 40
3.0
 40
3.0
 40
3.0
 40
4.0
 40
4.0
 40
4.0
 40
4.0
 10
45.90455054670844
 20
54.89072730341448
 30
0.0
 10
46.03240431094321
 20
54.89072730341448
 30
0.0
 10
46.13620534601743
 20
54.77704538602815
 30
0.0
 10
46.13620534601743
 20
54.63702114587603
 30
0.0
 10
46.13620534601743
 20
54.49699690572391
 30
0.0
 10
46.03240431094321
 20
54.38331498833756
 30
0.0
 10
45.90455054670844
 20
54.38331498833756
 30
0.0
 10
45.77669678247366
 20
54.38331498833756
 30
0.0
 10
45.67289574739944
 20
54.49699690572391
 30
0.0
 10
45.67289574739944
 20
54.63702114587603
 30
0.0
 10
45.67289574739944
 20
54.77704538602815
 30
0.0
 10
45.77669678247366
 20
54.89072730341448
 30
0.0
 10
45.90455054670844
 20
54.89072730341448
 30
0.0
  0
SPLINE
  5
F9
330
1F
100
AcDbEntity
  8
0
  6
Continuous
 62
    18
420
        0
370
     9
100
AcDbSpline
210
0.0
220
0.0
230
1.0
 70
    11
 71
     3
 72
    17
 73
    13
 74
     0
 42
0.000000001
 43
0.0
 40
0.0
 40
0.0
 40
0.0
 40
0.0
 40
1.0
 40
1.0
 40
1.0
 40
2.0
 40
2.0
 40
2.0
 40
3.0
 40
3.0
 40
3.0
 40
4.0
 40
4.0
 40
4.0
 40
4.0
 10
43.84236438565434
 20
48.03522024063214
 30
0.0
 10
43.90180215442157
 20
48.10587157406487
 30
0.0
 10
44.02361867829423
 20
48.1013462101828
 30
0.0
 10
44.11422470352164
 20
48.02512089758461
 30
0.0
 10
44.20483072874905
 20
47.9488955849864
 30
0.0
 10
44.23013539851287
 20
47.82965038342751
 30
0.0
 10
44.17069762974565
 20
47.75899904999477
 30
0.0
 10
44.11125986097836
 20
47.68834771656203
 30
0.0
 10
43.98944333710575
 20
47.69287308044413
 30
0.0
 10
43.89883731187829
 20
47.7690983930423
 30
0.0
 10
43.80823128665087
 20
47.84532370564052
 30
0.0
 10
43.78292661688705
 20
47.96456890719942
 30
0.0
 10
43.84236438565434
 20
48.03522024063214
 30
0.0
  0
SPLINE
  5
FA
330
1F
100
AcDbEntity
  8
0
  6
Continuous
 62
    18
420
        0
370
     9
100
AcDbSpline
210
0.0
220
0.0
230
1.0
 70
    11
 71
     3
 72
    17
 73
    13
 74
     0
 42
0.000000001
 43
0.0
 40
0.0
 40
0.0
 40
0.0
 40
0.0
 40
1.0
 40
1.0
 40
1.0
 40
2.0
 40
2.0
 40
2.0
 40
3.0
 40
3.0
 40
3.0
 40
4.0
 40
4.0
 40
4.0
 40
4.0
 10
49.06757188017873
 20
33.79836753759848
 30
0.0
 10
49.12700964894596
 20
33.86901887103122
 30
0.0
 10
49.24882617281862
 20
33.86449350714913
 30
0.0
 10
49.33943219804603
 20
33.78826819455094
 30
0.0
 10
49.43003822327343
 20
33.71204288195276
 30
0.0
 10
49.45534289303726
 20
33.59279768039386
 30
0.0
 10
49.39590512427003
 20
33.52214634696113
 30
0.0
 10
49.33646735550274
 20
33.45149501352839
 30
0.0
 10
49.21465083163009
 20
33.45602037741046
 30
0.0
 10
49.12404480640267
 20
33.53224569000867
 30
0.0
 10
49.03343878117527
 20
33.60847100260685
 30
0.0
 10
49.00813411141144
 20
33.72771620416574
 30
0.0
 10
49.06757188017873
 20
33.79836753759848
 30
0.0
  0
SPLINE
  5
FB
330
1F
100
AcDbEntity
  8
0
  6
Continuous
 62
    18
420
        0
370
     9
100
AcDbSpline
210
0.0
220
0.0
230
1.0
 70
    11
 71
     3
 72
    17
 73
    13
 74
     0
 42
0.000000001
 43
0.0
 40
0.0
 40
0.0
 40
0.0
 40
0.0
 40
1.0
 40
1.0
 40
1.0
 40
2.0
 40
2.0
 40
2.0
 40
3.0
 40
3.0
 40
3.0
 40
4.0
 40
4.0
 40
4.0
 40
4.0
 10
33.18442533809078
 20
18.25118705528727
 30
0.0
 10
33.24386310685804
 20
18.32183838872
 30
0.0
 10
33.36567963073067
 20
18.31731302483792
 30
0.0
 10
33.45628565595808
 20
18.24108771223973
 30
0.0
 10
33.54689168118552
 20
18.16486239964153
 30
0.0
 10
33.57219635094931
 20
18.04561719808265
 30
0.0
 10
33.51275858218206
 20
17.97496586464992
 30
0.0
 10
33.4533208134148
 20
17.90431453121718
 30
0.0
 10
33.33150428954217
 20
17.90883989509924
 30
0.0
 10
33.24089826431473
 20
17.98506520769746
 30
0.0
 10
33.15029223908731
 20
18.06129052029566
 30
0.0
 10
33.12498756932347
 20
18.18053572185454
 30
0.0
 10
33.18442533809078
 20
18.25118705528727
 30
0.0
  0
SPLINE
  5
FC
330
1F
100
AcDbEntity
  8
0
  6
Continuous
 62
    18
420
        0
370
     9
100
AcDbSpline
210
0.0
220
0.0
230
1.0
 70
    11
 71
     3
 72
    17
 73
    13
 74
     0
 42
0.000000001
 43
0.0
 40
0.0
 40
0.0
 40
0.0
 40
0.0
 40
1.0
 40
1.0
 40
1.0
 40
2.0
 40
2.0
 40
2.0
 40
3.0
 40
3.0
 40
3.0
 40
4.0
 40
4.0
 40
4.0
 40
4.0
 10
15.97766219593105
 20
59.35295315813446
 30
0.0
 10
16.1055159601658
 20
59.35295315813446
 30
0.0
 10
16.20931699524008
 20
59.23927124074813
 30
0.0
 10
16.20931699524008
 20
59.09924700059602
 30
0.0
 10
16.20931699524008
 20
58.95922276044389
 30
0.0
 10
16.1055159601658
 20
58.84554084305755
 30
0.0
 10
15.97766219593105
 20
58.84554084305755
 30
0.0
 10
15.8498084316963
 20
58.84554084305755
 30
0.0
 10
15.74600739662212
 20
58.95922276044389
 30
0.0
 10
15.74600739662212
 20
59.09924700059602
 30
0.0
 10
15.74600739662212
 20
59.23927124074813
 30
0.0
 10
15.8498084316963
 20
59.35295315813446
 30
0.0
 10
15.97766219593105
 20
59.35295315813446
 30
0.0
  0
SPLINE
  5
FD
330
1F
100
AcDbEntity
  8
0
  6
Continuous
 62
    18
420
        0
370
     9
100
AcDbSpline
210
0.0
220
0.0
230
1.0
 70
    11
 71
     3
 72
    86
 73
    82
 74
     0
 42
0.000000001
 43
0.0
 40
0.0
 40
0.0
 40
0.0
 40
0.0
 40
1.0
 40
1.0
 40
1.0
 40
2.0
 40
2.0
 40
2.0
 40
3.0
 40
3.0
 40
3.0
 40
4.0
 40
4.0
 40
4.0
 40
5.0
 40
5.0
 40
5.0
 40
6.0
 40
6.0
 40
6.0
 40
7.0
 40
7.0
 40
7.0
 40
8.0
 40
8.0
 40
8.0
 40
9.0
 40
9.0
 40
9.0
 40
10.0
 40
10.0
 40
10.0
 40
11.0
 40
11.0
 40
11.0
 40
12.0
 40
12.0
 40
12.0
 40
13.0
 40
13.0
 40
13.0
 40
14.0
 40
14.0
 40
14.0
 40
15.0
 40
15.0
 40
15.0
 40
16.0
 40
16.0
 40
16.0
 40
17.0
 40
17.0
 40
17.0
 40
18.0
 40
18.0
 40
18.0
 40
19.0
 40
19.0
 40
19.0
 40
20.0
 40
20.0
 40
20.0
 40
21.0
 40
21.0
 40
21.0
 40
22.0
 40
22.0
 40
22.0
 40
23.0
 40
23.0
 40
23.0
 40
24.0
 40
24.0
 40
24.0
 40
25.0
 40
25.0
 40
25.0
 40
26.0
 40
26.0
 40
26.0
 40
27.0
 40
27.0
 40
27.0
 40
27.0
 10
51.41921615318705
 20
52.57491975105303
 30
0.0
 10
51.41921615318705
 20
52.57491975105303
 30
0.0
 10
51.42321291494805
 20
53.80092436054014
 30
0.0
 10
51.42321291494805
 20
53.80092436054014
 30
0.0
 10
51.40792538474822
 20
53.80288459447461
 30
0.0
 10
51.39043746836516
 20
53.79868677317315
 30
0.0
 10
51.37744623997284
 20
53.80693135547558
 30
0.0
 10
51.34971700514298
 20
53.82452907232232
 30
0.0
 10
49.54511108383213
 20
56.3790049395147
 30
0.0
 10
47.97940215390262
 20
57.33785702645499
 30
0.0
 10
47.72002122795887
 20
57.49670388323611
 30
0.0
 10
47.58832739499094
 20
57.54539260400279
 30
0.0
 10
47.5857468148214
 20
57.54924393009474
 30
0.0
 10
47.56223171884978
 20
57.58433848121204
 30
0.0
 10
47.55947712114394
 20
57.63069447767193
 30
0.0
 10
47.53596202517226
 20
57.66578902878926
 30
0.0
 10
47.57649706409534
 20
57.67798015048655
 30
0.0
 10
47.61224958222035
 20
57.70337638164815
 30
0.0
 10
47.65278462114342
 20
57.71556750334544
 30
0.0
 10
47.65341194917195
 20
57.71575617548054
 30
0.0
 10
47.86175058435955
 20
57.64374925919549
 30
0.0
 10
48.10865017219837
 20
57.51596469229394
 30
0.0
 10
48.47074508774946
 20
57.32855999726784
 30
0.0
 10
49.55763227783042
 20
56.72117792198281
 30
0.0
 10
51.2310835462438
 20
54.86297328516023
 30
0.0
 10
51.29441612105202
 20
54.79264862952667
 30
0.0
 10
51.36116621381169
 20
54.71653059674816
 30
0.0
 10
51.42621087159485
 20
54.6411932023821
 30
0.0
 10
51.42952305656942
 20
55.53640352764202
 30
0.0
 10
51.43345507189893
 20
56.49555191048975
 30
0.0
 10
51.4382564732392
 20
57.52978861052264
 30
0.0
 10
51.43974428230786
 20
57.85026728590196
 30
0.0
 10
51.26469775331525
 20
58.2224187954898
 30
0.0
 10
50.96125420329365
 20
58.63933419729977
 30
0.0
 10
50.45216475494139
 20
59.33879619575654
 30
0.0
 10
49.58368158581504
 20
60.13400820046427
 30
0.0
 10
48.4405199990609
 20
60.96101690107506
 30
0.0
 10
43.91283421433556
 20
64.23652543896361
 30
0.0
 10
35.11792867442975
 20
67.96221042302247
 30
0.0
 10
26.84678395523111
 20
68.00003383963644
 30
0.0
 10
17.9296355104277
 20
68.04081139003448
 30
0.0
 10
9.43833503111828
 20
64.28306647123384
 30
0.0
 10
5.165245737441014
 20
60.98357557783103
 30
0.0
 10
4.087735888225086
 20
60.15157004490187
 30
0.0
 10
3.281214731000108
 20
59.35192688292413
 30
0.0
 10
2.81384244178419
 20
58.65071337012967
 30
0.0
 10
2.53355705568624
 20
58.23019228938605
 30
0.0
 10
2.376089602193955
 20
57.85450678401861
 30
0.0
 10
2.381856048110952
 20
57.53362351065367
 30
0.0
 10
2.402596948054794
 20
56.37946235796731
 30
0.0
 10
2.420915519746275
 20
55.26268619682794
 30
0.0
 10
2.437436486058177
 20
54.16910756187461
 30
0.0
 10
2.635101313928827
 20
54.39529508150668
 30
0.0
 10
2.888313313833904
 20
54.67456188024369
 30
0.0
 10
3.176783703468818
 20
54.96903798796878
 30
0.0
 10
4.852895124285046
 20
56.68004468068597
 30
0.0
 10
5.835184281229311
 20
57.07165931100587
 30
0.0
 10
6.14497688404101
 20
57.18559498106155
 30
0.0
 10
6.152442694021472
 20
57.18834076018898
 30
0.0
 10
6.159822531672694
 20
57.19594199134862
 30
0.0
 10
6.167440189598033
 20
57.19365094149934
 30
0.0
 10
6.228448320389481
 20
57.17530243199359
 30
0.0
 10
6.223019377400104
 20
57.16212329929265
 30
0.0
 10
6.284017207136956
 20
57.14377788788215
 30
0.0
 10
6.260502111165366
 20
57.10868333676483
 30
0.0
 10
6.257747513459499
 20
57.06232734030492
 30
0.0
 10
6.234232417487822
 20
57.0272327891876
 30
0.0
 10
6.218217085388372
 20
57.00333108401473
 30
0.0
 10
5.495861523462561
 20
56.78878087920157
 30
0.0
 10
4.155667870849824
 20
55.35878745183813
 30
0.0
 10
3.280820325117786
 20
54.42532068164323
 30
0.0
 10
2.534313126733523
 20
53.40421254566327
 30
0.0
 10
2.450344003788117
 20
53.29459779833965
 30
0.0
 10
2.455961734983271
 20
52.90495674256094
 30
0.0
 10
2.461368127482577
 20
52.51783011830256
 30
0.0
 10
2.46659232461265
 20
52.13255565818638
 30
0.0
 10
4.546494905589634
 20
54.53718469522795
 30
0.0
 10
12.97698140814108
 20
63.16126701924504
 30
0.0
 10
26.90991061334277
 20
63.16509179236441
 30
0.0
 10
40.79607317191169
 20
63.16890372742149
 30
0.0
 10
49.28578310494908
 20
54.92051992042708
 30
0.0
 10
51.41921615318705
 20
52.57491975105303
 30
0.0
  0
SPLINE
  5
FE
330
1F
100
AcDbEntity
  8
0
  6
Continuous
 62
    18
420
        0
370
     9
100
AcDbSpline
210
0.0
220
0.0
230
1.0
 70
    11
 71
     3
 72
   122
 73
   118
 74
     0
 42
0.000000001
 43
0.0
 40
0.0
 40
0.0
 40
0.0
 40
0.0
 40
1.0
 40
1.0
 40
1.0
 40
2.0
 40
2.0
 40
2.0
 40
3.0
 40
3.0
 40
3.0
 40
4.0
 40
4.0
 40
4.0
 40
5.0
 40
5.0
 40
5.0
 40
6.0
 40
6.0
 40
6.0
 40
7.0
 40
7.0
 40
7.0
 40
8.0
 40
8.0
 40
8.0
 40
9.0
 40
9.0
 40
9.0
 40
10.0
 40
10.0
 40
10.0
 40
11.0
 40
11.0
 40
11.0
 40
12.0
 40
12.0
 40
12.0
 40
13.0
 40
13.0
 40
13.0
 40
14.0
 40
14.0
 40
14.0
 40
15.0
 40
15.0
 40
15.0
 40
16.0
 40
16.0
 40
16.0
 40
17.0
 40
17.0
 40
17.0
 40
18.0
 40
18.0
 40
18.0
 40
19.0
 40
19.0
 40
19.0
 40
20.0
 40
20.0
 40
20.0
 40
21.0
 40
21.0
 40
21.0
 40
22.0
 40
22.0
 40
22.0
 40
23.0
 40
23.0
 40
23.0
 40
24.0
 40
24.0
 40
24.0
 40
25.0
 40
25.0
 40
25.0
 40
26.0
 40
26.0
 40
26.0
 40
27.0
 40
27.0
 40
27.0
 40
28.0
 40
28.0
 40
28.0
 40
29.0
 40
29.0
 40
29.0
 40
30.0
 40
30.0
 40
30.0
 40
31.0
 40
31.0
 40
31.0
 40
32.0
 40
32.0
 40
32.0
 40
33.0
 40
33.0
 40
33.0
 40
34.0
 40
34.0
 40
34.0
 40
35.0
 40
35.0
 40
35.0
 40
36.0
 40
36.0
 40
36.0
 40
37.0
 40
37.0
 40
37.0
 40
38.0
 40
38.0
 40
38.0
 40
39.0
 40
39.0
 40
39.0
 40
39.0
 10
36.0135141280178
 20
64.4382190477788
 30
0.0
 10
36.0135141280178
 20
64.4382190477788
 30
0.0
 10
35.38691551493627
 20
64.60747582223212
 30
0.0
 10
35.38691551493627
 20
64.60747582223212
 30
0.0
 10
35.38691551493627
 20
64.60747582223212
 30
0.0
 10
35.17615309833998
 20
63.82722086135676
 30
0.0
 10
35.17615309833998
 20
63.82722086135676
 30
0.0
 10
35.13015550358408
 20
63.65693503869341
 30
0.0
 10
35.13774326229269
 20
63.51856613010622
 30
0.0
 10
35.19891637446592
 20
63.4121141355952
 30
0.0
 10
35.2600894866391
 20
63.30566214108418
 30
0.0
 10
35.37581895405734
 20
63.22943734645071
 30
0.0
 10
35.54610477672071
 20
63.18343975169482
 30
0.0
 10
35.54610477672071
 20
63.18343975169482
 30
0.0
 10
35.62792179307844
 20
63.16133934483945
 30
0.0
 10
35.62792179307844
 20
63.16133934483945
 30
0.0
 10
35.62792179307844
 20
63.16133934483945
 30
0.0
 10
35.60689945485021
 20
63.08351340245035
 30
0.0
 10
35.60689945485021
 20
63.08351340245035
 30
0.0
 10
35.60689945485021
 20
63.08351340245035
 30
0.0
 10
33.84683583466584
 20
63.55894166699758
 30
0.0
 10
33.84683583466584
 20
63.55894166699758
 30
0.0
 10
33.84683583466584
 20
63.55894166699758
 30
0.0
 10
33.86785817289415
 20
63.63676760938667
 30
0.0
 10
33.86785817289415
 20
63.63676760938667
 30
0.0
 10
33.86785817289415
 20
63.63676760938667
 30
0.0
 10
33.9436885782989
 20
63.61628430547195
 30
0.0
 10
33.9436885782989
 20
63.61628430547195
 30
0.0
 10
34.11530475895182
 20
63.56992735450703
 30
0.0
 10
34.2539164179841
 20
63.57709268466602
 30
0.0
 10
34.35952355539588
 20
63.63778029594896
 30
0.0
 10
34.46513069280761
 20
63.69846790723189
 30
0.0
 10
34.54111273699592
 20
63.8146198031998
 30
0.0
 10
34.5874696879608
 20
63.98623598385271
 30
0.0
 10
34.5874696879608
 20
63.98623598385271
 30
0.0
 10
35.02570458487344
 20
65.60860755211786
 30
0.0
 10
35.02570458487344
 20
65.60860755211786
 30
0.0
 10
35.07242089204739
 20
65.7815540907603
 30
0.0
 10
35.06567799043803
 20
65.92040850023776
 30
0.0
 10
35.00547588004536
 20
66.0251707805502
 30
0.0
 10
34.94527376965269
 20
66.12993306086264
 30
0.0
 10
34.82869944513512
 20
66.20567235460582
 30
0.0
 10
34.65575290649263
 20
66.25238866177979
 30
0.0
 10
34.65575290649263
 20
66.25238866177979
 30
0.0
 10
34.57992250108791
 20
66.2728719656945
 30
0.0
 10
34.57992250108791
 20
66.2728719656945
 30
0.0
 10
34.57992250108791
 20
66.2728719656945
 30
0.0
 10
34.59986677068904
 20
66.34670683411495
 30
0.0
 10
34.59986677068904
 20
66.34670683411495
 30
0.0
 10
34.59986677068904
 20
66.34670683411495
 30
0.0
 10
36.76103332472496
 20
65.76293267254505
 30
0.0
 10
36.76103332472496
 20
65.76293267254505
 30
0.0
 10
37.05371208242755
 20
65.68387430655835
 30
0.0
 10
37.27944467326603
 20
65.60006059835416
 30
0.0
 10
37.43823109724045
 20
65.51149154793242
 30
0.0
 10
37.59701752121482
 20
65.42292249751071
 30
0.0
 10
37.71264362186724
 20
65.31460851085802
 30
0.0
 10
37.78510939919772
 20
65.18654958797438
 30
0.0
 10
37.82686247576039
 20
65.11389187743511
 30
0.0
 10
37.85410007024215
 20
65.0337356698084
 30
0.0
 10
37.86682218264308
 20
64.94608096509424
 30
0.0
 10
37.87954429504394
 20
64.85842626038007
 30
0.0
 10
37.87548402118259
 20
64.77601852632584
 30
0.0
 10
37.85464136105879
 20
64.69885776293152
 30
0.0
 10
37.79786308003201
 20
64.48866120058145
 30
0.0
 10
37.64313548634144
 20
64.34917294504817
 30
0.0
 10
37.39045857998713
 20
64.28039299633167
 30
0.0
 10
37.29744798772613
 20
64.25841191142712
 30
0.0
 10
37.1764272664265
 20
64.2489929160847
 30
0.0
 10
37.02739641608814
 20
64.25213601030441
 30
0.0
 10
36.87836556574984
 20
64.2552791045241
 30
0.0
 10
36.73305442218307
 20
64.26955056355052
 30
0.0
 10
36.59146298538784
 20
64.29495038738368
 30
0.0
 10
36.48420856695859
 20
64.31535737995974
 30
0.0
 10
36.32282236058985
 20
64.35466872917924
 30
0.0
 10
36.10730436628157
 20
64.41288443504216
 30
0.0
 10
36.10730436628157
 20
64.41288443504216
 30
0.0
 10
36.10514822902742
 20
64.4049022871048
 30
0.0
 10
36.10514822902742
 20
64.4049022871048
 30
0.0
 10
36.19289034532241
 20
64.3069751749254
 30
0.0
 10
36.27388898257698
 20
64.22371645621972
 30
0.0
 10
36.34814414079118
 20
64.1551261309878
 30
0.0
 10
36.42239929900538
 20
64.08653580575589
 30
0.0
 10
36.49920625631174
 20
64.02475018186462
 30
0.0
 10
36.57856501271031
 20
63.96976925931401
 30
0.0
 10
36.65792376910888
 20
63.9147883367634
 30
0.0
 10
36.75006429888379
 20
63.85956651380803
 30
0.0
 10
36.85498660203501
 20
63.80410379044788
 30
0.0
 10
36.85498660203501
 20
63.80410379044788
 30
0.0
 10
36.89388760684088
 20
63.68653880888409
 30
0.0
 10
36.89388760684088
 20
63.68653880888409
 30
0.0
 10
36.92054032246275
 20
63.61082287048733
 30
0.0
 10
36.94019726968182
 20
63.55412575574202
 30
0.0
 10
36.95285844849806
 20
63.51644746464815
 30
0.0
 10
36.96551962731422
 20
63.4787691735543
 30
0.0
 10
36.98024895437269
 20
63.4355362389744
 30
0.0
 10
36.99704642967345
 20
63.38674866090849
 30
0.0
 10
37.04100119932107
 20
63.25354428409042
 30
0.0
 10
37.08534024184902
 20
63.13629466422969
 30
0.0
 10
37.13006355725728
 20
63.03499980132634
 30
0.0
 10
37.17478687266548
 20
62.93370493842296
 30
0.0
 10
37.21460748458445
 20
62.86049865465279
 30
0.0
 10
37.24952539301406
 20
62.81538095001585
 30
0.0
 10
37.320546345347
 20
62.73481740287793
 30
0.0
 10
37.43654347988165
 20
62.6727945786626
 30
0.0
 10
37.59751679661811
 20
62.62931247736994
 30
0.0
 10
37.59751679661811
 20
62.62931247736994
 30
0.0
 10
37.67534273900718
 20
62.60829013914166
 30
0.0
 10
37.67534273900718
 20
62.60829013914166
 30
0.0
 10
37.67534273900718
 20
62.60829013914166
 30
0.0
 10
37.65432040077889
 20
62.53046419675256
 30
0.0
 10
37.65432040077889
 20
62.53046419675256
 30
0.0
 10
37.65432040077889
 20
62.53046419675256
 30
0.0
 10
36.60865902098683
 20
62.81291817705046
 30
0.0
 10
36.60865902098683
 20
62.81291817705046
 30
0.0
 10
36.60865902098683
 20
62.81291817705046
 30
0.0
 10
36.0135141280178
 20
64.4382190477788
 30
0.0
 10
36.0135141280178
 20
64.4382190477788
 30
0.0
  0
SPLINE
  5
FF
330
1F
100
AcDbEntity
  8
0
  6
Continuous
 62
    18
420
        0
370
     9
100
AcDbSpline
210
0.0
220
0.0
230
1.0
 70
    11
 71
     3
 72
    26
 73
    22
 74
     0
 42
0.000000001
 43
0.0
 40
0.0
 40
0.0
 40
0.0
 40
0.0
 40
1.0
 40
1.0
 40
1.0
 40
2.0
 40
2.0
 40
2.0
 40
3.0
 40
3.0
 40
3.0
 40
4.0
 40
4.0
 40
4.0
 40
5.0
 40
5.0
 40
5.0
 40
6.0
 40
6.0
 40
6.0
 40
7.0
 40
7.0
 40
7.0
 40
7.0
 10
35.40685978453745
 20
64.68131069065255
 30
0.0
 10
35.40685978453745
 20
64.68131069065255
 30
0.0
 10
36.20108350430317
 20
64.4667750338614
 30
0.0
 10
36.20108350430317
 20
64.4667750338614
 30
0.0
 10
36.38866398083077
 20
64.41610580838811
 30
0.0
 10
36.54885181272779
 20
64.3974590025127
 30
0.0
 10
36.68164699999426
 20
64.41083461623518
 30
0.0
 10
36.81444218726075
 20
64.42421022995765
 30
0.0
 10
36.92310755252999
 20
64.46979748029986
 30
0.0
 10
37.00764309580195
 20
64.54759636726179
 30
0.0
 10
37.09217863907391
 20
64.62539525422373
 30
0.0
 10
37.15439068031104
 20
64.73812956612514
 30
0.0
 10
37.1942792195134
 20
64.88579930296599
 30
0.0
 10
37.30855449398509
 20
65.30885314364524
 30
0.0
 10
37.09629463833557
 20
65.5931496963135
 30
0.0
 10
36.55749965256484
 20
65.73868896097082
 30
0.0
 10
36.55749965256484
 20
65.73868896097082
 30
0.0
 10
35.75130271089309
 20
65.95645882364325
 30
0.0
 10
35.75130271089309
 20
65.95645882364325
 30
0.0
 10
35.75130271089309
 20
65.95645882364325
 30
0.0
 10
35.40685978453745
 20
64.68131069065255
 30
0.0
 10
35.40685978453745
 20
64.68131069065255
 30
0.0
  0
SPLINE
  5
100
330
1F
100
AcDbEntity
  8
0
  6
Continuous
 62
    18
420
        0
370
     9
100
AcDbSpline
210
0.0
220
0.0
230
1.0
 70
    11
 71
     3
 72
    77
 73
    73
 74
     0
 42
0.000000001
 43
0.0
 40
0.0
 40
0.0
 40
0.0
 40
0.0
 40
1.0
 40
1.0
 40
1.0
 40
2.0
 40
2.0
 40
2.0
 40
3.0
 40
3.0
 40
3.0
 40
4.0
 40
4.0
 40
4.0
 40
5.0
 40
5.0
 40
5.0
 40
6.0
 40
6.0
 40
6.0
 40
7.0
 40
7.0
 40
7.0
 40
8.0
 40
8.0
 40
8.0
 40
9.0
 40
9.0
 40
9.0
 40
10.0
 40
10.0
 40
10.0
 40
11.0
 40
11.0
 40
11.0
 40
12.0
 40
12.0
 40
12.0
 40
13.0
 40
13.0
 40
13.0
 40
14.0
 40
14.0
 40
14.0
 40
15.0
 40
15.0
 40
15.0
 40
16.0
 40
16.0
 40
16.0
 40
17.0
 40
17.0
 40
17.0
 40
18.0
 40
18.0
 40
18.0
 40
19.0
 40
19.0
 40
19.0
 40
20.0
 40
20.0
 40
20.0
 40
21.0
 40
21.0
 40
21.0
 40
22.0
 40
22.0
 40
22.0
 40
23.0
 40
23.0
 40
23.0
 40
24.0
 40
24.0
 40
24.0
 40
24.0
 10
31.65023002010282
 20
63.96953179483074
 30
0.0
 10
31.65023002010282
 20
63.96953179483074
 30
0.0
 10
31.72977210368598
 20
63.95642176231454
 30
0.0
 10
31.72977210368598
 20
63.95642176231454
 30
0.0
 10
31.90517259569002
 20
63.92751245984294
 30
0.0
 10
32.04236649345455
 20
63.94854501537371
 30
0.0
 10
32.1413537969796
 20
64.01951942890688
 30
0.0
 10
32.24034110050459
 20
64.09049384244004
 30
0.0
 10
32.30428940350293
 20
64.21368129520863
 30
0.0
 10
32.33319870597452
 20
64.38908178721266
 30
0.0
 10
32.35617782434272
 20
64.46071242402232
 30
0.0
 10
32.37537683417249
 20
64.52423715543894
 30
0.0
 10
32.3907957354639
 20
64.57965598146254
 30
0.0
 10
32.40621463675525
 20
64.63507480748615
 30
0.0
 10
32.42059869272749
 20
64.69904397638844
 30
0.0
 10
32.43394790338044
 20
64.77156348816939
 30
0.0
 10
32.44729711403343
 20
64.84408299995036
 30
0.0
 10
32.46236804884906
 20
64.93552240372767
 30
0.0
 10
32.47916070782731
 20
65.04588169950128
 30
0.0
 10
32.55036519989917
 20
65.5117933698522
 30
0.0
 10
32.59447481591776
 20
65.86415553819138
 30
0.0
 10
32.61148955588303
 20
66.10296820451883
 30
0.0
 10
32.61901861185971
 20
66.19949138479102
 30
0.0
 10
32.61593567736089
 20
66.27611585352764
 30
0.0
 10
32.60224075238666
 20
66.33284161072872
 30
0.0
 10
32.58854582741246
 20
66.3895673679298
 30
0.0
 10
32.56217675883286
 20
66.43930396658331
 30
0.0
 10
32.52313354664779
 20
66.48205140668927
 30
0.0
 10
32.45342938781643
 20
66.56756136191802
 30
0.0
 10
32.33699568421276
 20
66.6237625267285
 30
0.0
 10
32.17383243583696
 20
66.65065490112067
 30
0.0
 10
32.17383243583696
 20
66.65065490112067
 30
0.0
 10
32.09429035225374
 20
66.66376493363687
 30
0.0
 10
32.09429035225374
 20
66.66376493363687
 30
0.0
 10
32.09429035225374
 20
66.66376493363687
 30
0.0
 10
32.10672807541011
 20
66.73922793601069
 30
0.0
 10
32.10672807541011
 20
66.73922793601069
 30
0.0
 10
32.10672807541011
 20
66.73922793601069
 30
0.0
 10
33.90152380754443
 20
66.44341181769667
 30
0.0
 10
33.90152380754443
 20
66.44341181769667
 30
0.0
 10
33.90152380754443
 20
66.44341181769667
 30
0.0
 10
33.88908608438803
 20
66.36794881532283
 30
0.0
 10
33.88908608438803
 20
66.36794881532283
 30
0.0
 10
33.88908608438803
 20
66.36794881532283
 30
0.0
 10
33.8095440008048
 20
66.38105884783903
 30
0.0
 10
33.8095440008048
 20
66.38105884783903
 30
0.0
 10
33.63414350880076
 20
66.40996815031063
 30
0.0
 10
33.49734556025034
 20
66.38921949243398
 30
0.0
 10
33.39915015515351
 20
66.31881287420909
 30
0.0
 10
33.30095475005668
 20
66.24840625598421
 30
0.0
 10
33.23729034471251
 20
66.12482285400151
 30
0.0
 10
33.20815693912101
 20
65.948062668261
 30
0.0
 10
33.20815693912101
 20
65.948062668261
 30
0.0
 10
32.93486318436042
 20
64.28991615664148
 30
0.0
 10
32.93486318436042
 20
64.28991615664148
 30
0.0
 10
32.90595388188886
 20
64.11451566463745
 30
0.0
 10
32.92698643741965
 20
63.97732176687293
 30
0.0
 10
32.99796085095276
 20
63.87833446334791
 30
0.0
 10
33.0689352644859
 20
63.7793471598229
 30
0.0
 10
33.19144287038628
 20
63.71551090838457
 30
0.0
 10
33.36548366865385
 20
63.6868257090329
 30
0.0
 10
33.36548366865385
 20
63.6868257090329
 30
0.0
 10
33.44502575223708
 20
63.67371567651671
 30
0.0
 10
33.44502575223708
 20
63.67371567651671
 30
0.0
 10
33.44502575223708
 20
63.67371567651671
 30
0.0
 10
33.43191571972088
 20
63.59417359293349
 30
0.0
 10
33.43191571972088
 20
63.59417359293349
 30
0.0
 10
33.43191571972088
 20
63.59417359293349
 30
0.0
 10
31.63711998758656
 20
63.88998971124751
 30
0.0
 10
31.63711998758656
 20
63.88998971124751
 30
0.0
 10
31.63711998758656
 20
63.88998971124751
 30
0.0
 10
31.65023002010282
 20
63.96953179483074
 30
0.0
 10
31.65023002010282
 20
63.96953179483074
 30
0.0
  0
SPLINE
  5
101
330
1F
100
AcDbEntity
  8
0
  6
Continuous
 62
    18
420
        0
370
     9
100
AcDbSpline
210
0.0
220
0.0
230
1.0
 70
    11
 71
     3
 72
   122
 73
   118
 74
     0
 42
0.000000001
 43
0.0
 40
0.0
 40
0.0
 40
0.0
 40
0.0
 40
1.0
 40
1.0
 40
1.0
 40
2.0
 40
2.0
 40
2.0
 40
3.0
 40
3.0
 40
3.0
 40
4.0
 40
4.0
 40
4.0
 40
5.0
 40
5.0
 40
5.0
 40
6.0
 40
6.0
 40
6.0
 40
7.0
 40
7.0
 40
7.0
 40
8.0
 40
8.0
 40
8.0
 40
9.0
 40
9.0
 40
9.0
 40
10.0
 40
10.0
 40
10.0
 40
11.0
 40
11.0
 40
11.0
 40
12.0
 40
12.0
 40
12.0
 40
13.0
 40
13.0
 40
13.0
 40
14.0
 40
14.0
 40
14.0
 40
15.0
 40
15.0
 40
15.0
 40
16.0
 40
16.0
 40
16.0
 40
17.0
 40
17.0
 40
17.0
 40
18.0
 40
18.0
 40
18.0
 40
19.0
 40
19.0
 40
19.0
 40
20.0
 40
20.0
 40
20.0
 40
21.0
 40
21.0
 40
21.0
 40
22.0
 40
22.0
 40
22.0
 40
23.0
 40
23.0
 40
23.0
 40
24.0
 40
24.0
 40
24.0
 40
25.0
 40
25.0
 40
25.0
 40
26.0
 40
26.0
 40
26.0
 40
27.0
 40
27.0
 40
27.0
 40
28.0
 40
28.0
 40
28.0
 40
29.0
 40
29.0
 40
29.0
 40
30.0
 40
30.0
 40
30.0
 40
31.0
 40
31.0
 40
31.0
 40
32.0
 40
32.0
 40
32.0
 40
33.0
 40
33.0
 40
33.0
 40
34.0
 40
34.0
 40
34.0
 40
35.0
 40
35.0
 40
35.0
 40
36.0
 40
36.0
 40
36.0
 40
37.0
 40
37.0
 40
37.0
 40
38.0
 40
38.0
 40
38.0
 40
39.0
 40
39.0
 40
39.0
 40
39.0
 10
29.35674427038558
 20
65.52645192047952
 30
0.0
 10
29.35674427038558
 20
65.52645192047952
 30
0.0
 10
28.70916994264362
 20
65.57028304713131
 30
0.0
 10
28.70916994264362
 20
65.57028304713131
 30
0.0
 10
28.70916994264362
 20
65.57028304713131
 30
0.0
 10
28.65459041869185
 20
64.76390864538894
 30
0.0
 10
28.65459041869185
 20
64.76390864538894
 30
0.0
 10
28.64267877493084
 20
64.58792241619366
 30
0.0
 10
28.6771006830596
 20
64.45368880942321
 30
0.0
 10
28.757856143078
 20
64.36120782507754
 30
0.0
 10
28.83861160309644
 20
64.2687268407319
 30
0.0
 10
28.96698244770326
 20
64.21653052667857
 30
0.0
 10
29.14296867689854
 20
64.20461888291759
 30
0.0
 10
29.14296867689854
 20
64.20461888291759
 30
0.0
 10
29.22752456045722
 20
64.19889571032928
 30
0.0
 10
29.22752456045722
 20
64.19889571032928
 30
0.0
 10
29.22752456045722
 20
64.19889571032928
 30
0.0
 10
29.22208056701958
 20
64.11846450401738
 30
0.0
 10
29.22208056701958
 20
64.11846450401738
 30
0.0
 10
29.22208056701958
 20
64.11846450401738
 30
0.0
 10
27.4030979011966
 20
64.2415825094533
 30
0.0
 10
27.4030979011966
 20
64.2415825094533
 30
0.0
 10
27.4030979011966
 20
64.2415825094533
 30
0.0
 10
27.4085418946343
 20
64.3220137157652
 30
0.0
 10
27.4085418946343
 20
64.3220137157652
 30
0.0
 10
27.4085418946343
 20
64.3220137157652
 30
0.0
 10
27.4869107623228
 20
64.31670931190288
 30
0.0
 10
27.4869107623228
 20
64.31670931190288
 30
0.0
 10
27.66427188393365
 20
64.304704608425
 30
0.0
 10
27.79882594887873
 20
64.3387595285206
 30
0.0
 10
27.89057295715822
 20
64.41887407218968
 30
0.0
 10
27.98231996543765
 20
64.49898861585875
 30
0.0
 10
28.03419582131631
 20
64.6277264484987
 30
0.0
 10
28.04620052479417
 20
64.80508757010956
 30
0.0
 10
28.04620052479417
 20
64.80508757010956
 30
0.0
 10
28.15968684953267
 20
66.48176887091913
 30
0.0
 10
28.15968684953267
 20
66.48176887091913
 30
0.0
 10
28.17178461272748
 20
66.66050488494558
 30
0.0
 10
28.138096680665
 20
66.79537940806539
 30
0.0
 10
28.05862305334523
 20
66.88639244027858
 30
0.0
 10
27.97914942602555
 20
66.97740547249177
 30
0.0
 10
27.85004460535248
 20
67.02896087019573
 30
0.0
 10
27.67130859132597
 20
67.04105863339049
 30
0.0
 10
27.67130859132597
 20
67.04105863339049
 30
0.0
 10
27.59293972363751
 20
67.0463630372528
 30
0.0
 10
27.59293972363751
 20
67.0463630372528
 30
0.0
 10
27.59293972363751
 20
67.0463630372528
 30
0.0
 10
27.59810453792448
 20
67.12266956631795
 30
0.0
 10
27.59810453792448
 20
67.12266956631795
 30
0.0
 10
27.59810453792448
 20
67.12266956631795
 30
0.0
 10
29.83161726704722
 20
66.97149405624188
 30
0.0
 10
29.83161726704722
 20
66.97149405624188
 30
0.0
 10
30.13409359847659
 20
66.95102091852768
 30
0.0
 10
30.37183592331875
 20
66.91283024914065
 30
0.0
 10
30.54484424157375
 20
66.85692204808086
 30
0.0
 10
30.71785255982872
 20
66.80101384702105
 30
0.0
 10
30.85237891529931
 20
66.7173240953157
 30
0.0
 10
30.94842330798529
 20
66.6058527929648
 30
0.0
 10
31.0035421140296
 20
66.54273085126856
 30
0.0
 10
31.04588613370252
 20
66.46942404277033
 30
0.0
 10
31.07545536700388
 20
66.38593236747013
 30
0.0
 10
31.10502460030533
 20
66.30244069216992
 30
0.0
 10
31.11711048516643
 20
66.22082297446777
 30
0.0
 10
31.11171302158724
 20
66.14107921436367
 30
0.0
 10
31.09700958631975
 20
65.92384621270075
 30
0.0
 10
30.97244982419742
 20
65.75686577270548
 30
0.0
 10
30.73803373522025
 20
65.6401378943778
 30
0.0
 10
30.65109432721221
 20
65.60044308739324
 30
0.0
 10
30.53423299507035
 20
65.56760771763467
 30
0.0
 10
30.3874497387947
 20
65.54163178510207
 30
0.0
 10
30.240666482519
 20
65.51565585256947
 30
0.0
 10
30.09536168004458
 20
65.50131997571094
 30
0.0
 10
29.95153533137151
 20
65.49862415452645
 30
0.0
 10
29.84236047223878
 20
65.49772651766666
 30
0.0
 10
29.67640675700977
 20
65.50481553630426
 30
0.0
 10
29.45367418568454
 20
65.51989121043927
 30
0.0
 10
29.45367418568454
 20
65.51989121043927
 30
0.0
 10
29.45311582738323
 20
65.51164185594575
 30
0.0
 10
29.45311582738323
 20
65.51164185594575
 30
0.0
 10
29.55826811535234
 20
65.43270267298455
 30
0.0
 10
29.65394624765655
 20
65.36683546964026
 30
0.0
 10
29.74015022429573
 20
65.3140402459129
 30
0.0
 10
29.82635420093486
 20
65.26124502218553
 30
0.0
 10
29.91373418729558
 20
65.21562145378154
 30
0.0
 10
30.00229018337764
 20
65.17716954070097
 30
0.0
 10
30.0908461794597
 20
65.1387176276204
 30
0.0
 10
30.19198559164503
 20
65.10252168502294
 30
0.0
 10
30.30570841993362
 20
65.06858171290861
 30
0.0
 10
30.30570841993362
 20
65.06858171290861
 30
0.0
 10
30.36678611573905
 20
64.9608583257538
 30
0.0
 10
30.36678611573905
 20
64.9608583257538
 30
0.0
 10
30.40769069904306
 20
64.89179251914847
 30
0.0
 10
30.43802541341721
 20
64.84001642912366
 30
0.0
 10
30.45779025886139
 20
64.80553005567944
 30
0.0
 10
30.47755510430565
 20
64.77104368223519
 30
0.0
 10
30.50043147177976
 20
64.73151253604419
 30
0.0
 10
30.52641936128374
 20
64.68693661710643
 30
0.0
 10
30.5955032606216
 20
64.564859417636
 30
0.0
 10
30.6618531276316
 20
64.45850567206237
 30
0.0
 10
30.72546896231358
 20
64.36787538038556
 30
0.0
 10
30.78908479699563
 20
64.27724508870872
 30
0.0
 10
30.84241519273281
 20
64.2132083023469
 30
0.0
 10
30.88546014952512
 20
64.17576502130007
 30
0.0
 10
30.97082658871237
 20
64.1105957658324
 30
0.0
 10
31.09669079944908
 20
64.07238102522716
 30
0.0
 10
31.26305278173525
 20
64.06112079948434
 30
0.0
 10
31.26305278173525
 20
64.06112079948434
 30
0.0
 10
31.34348398804716
 20
64.0556768060467
 30
0.0
 10
31.34348398804716
 20
64.0556768060467
 30
0.0
 10
31.34348398804716
 20
64.0556768060467
 30
0.0
 10
31.33803999460949
 20
63.97524559973481
 30
0.0
 10
31.33803999460949
 20
63.97524559973481
 30
0.0
 10
31.33803999460949
 20
63.97524559973481
 30
0.0
 10
30.25737455595734
 20
64.04839053720467
 30
0.0
 10
30.25737455595734
 20
64.04839053720467
 30
0.0
 10
30.25737455595734
 20
64.04839053720467
 30
0.0
 10
29.35674427038558
 20
65.52645192047952
 30
0.0
 10
29.35674427038558
 20
65.52645192047952
 30
0.0
  0
SPLINE
  5
102
330
1F
100
AcDbEntity
  8
0
  6
Continuous
 62
    18
420
        0
370
     9
100
AcDbSpline
210
0.0
220
0.0
230
1.0
 70
    11
 71
     3
 72
    26
 73
    22
 74
     0
 42
0.000000001
 43
0.0
 40
0.0
 40
0.0
 40
0.0
 40
0.0
 40
1.0
 40
1.0
 40
1.0
 40
2.0
 40
2.0
 40
2.0
 40
3.0
 40
3.0
 40
3.0
 40
4.0
 40
4.0
 40
4.0
 40
5.0
 40
5.0
 40
5.0
 40
6.0
 40
6.0
 40
6.0
 40
7.0
 40
7.0
 40
7.0
 40
7.0
 10
28.71433475693062
 20
65.64658957619643
 30
0.0
 10
28.71433475693062
 20
65.64658957619643
 30
0.0
 10
29.53514552903664
 20
65.59103292521742
 30
0.0
 10
29.53514552903664
 20
65.59103292521742
 30
0.0
 10
29.72900535963454
 20
65.57791150513695
 30
0.0
 10
29.88975443685507
 20
65.59085673707666
 30
0.0
 10
30.01739276069824
 20
65.62986862103655
 30
0.0
 10
30.14503108454142
 20
65.66888050499645
 30
0.0
 10
30.24272195772994
 20
65.73478082592524
 30
0.0
 10
30.31046538026389
 20
65.8275695838229
 30
0.0
 10
30.37820880279776
 20
65.92035834172057
 30
0.0
 10
30.41724532835172
 20
66.04305924973454
 30
0.0
 10
30.42757495692566
 20
66.19567230786481
 30
0.0
 10
30.45716794689442
 20
66.6328880960218
 30
0.0
 10
30.1935487277222
 20
66.87034058276905
 30
0.0
 10
29.63671729940905
 20
66.90802976810657
 30
0.0
 10
29.63671729940905
 20
66.90802976810657
 30
0.0
 10
28.80353249556275
 20
66.96442395653753
 30
0.0
 10
28.80353249556275
 20
66.96442395653753
 30
0.0
 10
28.80353249556275
 20
66.96442395653753
 30
0.0
 10
28.71433475693062
 20
65.64658957619643
 30
0.0
 10
28.71433475693062
 20
65.64658957619643
 30
0.0
  0
SPLINE
  5
103
330
1F
100
AcDbEntity
  8
0
  6
Continuous
 62
    18
420
        0
370
     9
100
AcDbSpline
210
0.0
220
0.0
230
1.0
 70
    11
 71
     3
 72
   110
 73
   106
 74
     0
 42
0.000000001
 43
0.0
 40
0.0
 40
0.0
 40
0.0
 40
0.0
 40
1.0
 40
1.0
 40
1.0
 40
2.0
 40
2.0
 40
2.0
 40
3.0
 40
3.0
 40
3.0
 40
4.0
 40
4.0
 40
4.0
 40
5.0
 40
5.0
 40
5.0
 40
6.0
 40
6.0
 40
6.0
 40
7.0
 40
7.0
 40
7.0
 40
8.0
 40
8.0
 40
8.0
 40
9.0
 40
9.0
 40
9.0
 40
10.0
 40
10.0
 40
10.0
 40
11.0
 40
11.0
 40
11.0
 40
12.0
 40
12.0
 40
12.0
 40
13.0
 40
13.0
 40
13.0
 40
14.0
 40
14.0
 40
14.0
 40
15.0
 40
15.0
 40
15.0
 40
16.0
 40
16.0
 40
16.0
 40
17.0
 40
17.0
 40
17.0
 40
18.0
 40
18.0
 40
18.0
 40
19.0
 40
19.0
 40
19.0
 40
20.0
 40
20.0
 40
20.0
 40
21.0
 40
21.0
 40
21.0
 40
22.0
 40
22.0
 40
22.0
 40
23.0
 40
23.0
 40
23.0
 40
24.0
 40
24.0
 40
24.0
 40
25.0
 40
25.0
 40
25.0
 40
26.0
 40
26.0
 40
26.0
 40
27.0
 40
27.0
 40
27.0
 40
28.0
 40
28.0
 40
28.0
 40
29.0
 40
29.0
 40
29.0
 40
30.0
 40
30.0
 40
30.0
 40
31.0
 40
31.0
 40
31.0
 40
32.0
 40
32.0
 40
32.0
 40
33.0
 40
33.0
 40
33.0
 40
34.0
 40
34.0
 40
34.0
 40
35.0
 40
35.0
 40
35.0
 40
35.0
 10
16.77120715290593
 20
65.45998019929462
 30
0.0
 10
16.77120715290593
 20
65.45998019929462
 30
0.0
 10
17.12794329848947
 20
64.25921458036854
 30
0.0
 10
17.12794329848947
 20
64.25921458036854
 30
0.0
 10
17.12794329848947
 20
64.25921458036854
 30
0.0
 10
17.30231190321802
 20
64.31101784903413
 30
0.0
 10
17.30231190321802
 20
64.31101784903413
 30
0.0
 10
17.48592732789429
 20
64.36556826073502
 30
0.0
 10
17.6113966073546
 20
64.46825330744234
 30
0.0
 10
17.67871974159899
 20
64.6190729891561
 30
0.0
 10
17.74604287584334
 20
64.76989267086982
 30
0.0
 10
17.76232743168393
 20
64.98605303405445
 30
0.0
 10
17.72757340912066
 20
65.26755407870992
 30
0.0
 10
17.72757340912066
 20
65.26755407870992
 30
0.0
 10
17.79692455872859
 20
65.28815765147465
 30
0.0
 10
17.79692455872859
 20
65.28815765147465
 30
0.0
 10
17.79692455872859
 20
65.28815765147465
 30
0.0
 10
18.26845203828703
 20
63.70100705616145
 30
0.0
 10
18.26845203828703
 20
63.70100705616145
 30
0.0
 10
18.26845203828703
 20
63.70100705616145
 30
0.0
 10
18.1951379658444
 20
63.6792261363816
 30
0.0
 10
18.1951379658444
 20
63.6792261363816
 30
0.0
 10
18.13318768086799
 20
63.81032827723856
 30
0.0
 10
18.07505163952627
 20
63.91165589959558
 30
0.0
 10
18.02072984181899
 20
63.98320900345263
 30
0.0
 10
17.96640804411172
 20
64.0547621073097
 30
0.0
 10
17.90340888357212
 20
64.11439306181529
 30
0.0
 10
17.83173236020027
 20
64.16210186696944
 30
0.0
 10
17.67824240101986
 20
64.2674460007567
 30
0.0
 10
17.49647996630902
 20
64.28891837174949
 30
0.0
 10
17.28644505606783
 20
64.22651897994774
 30
0.0
 10
17.28644505606783
 20
64.22651897994774
 30
0.0
 10
17.14972421826933
 20
64.18590050792584
 30
0.0
 10
17.14972421826933
 20
64.18590050792584
 30
0.0
 10
17.14972421826933
 20
64.18590050792584
 30
0.0
 10
17.39932178547629
 20
63.34576086696105
 30
0.0
 10
17.39932178547629
 20
63.34576086696105
 30
0.0
 10
17.44994770712676
 20
63.17535518506725
 30
0.0
 10
17.52880514555474
 20
63.06113592933273
 30
0.0
 10
17.63589410076028
 20
63.00310309975747
 30
0.0
 10
17.74298305596591
 20
62.94507027018221
 30
0.0
 10
17.8810698873765
 20
62.9411705917173
 30
0.0
 10
18.05015459499201
 20
62.99140406436273
 30
0.0
 10
18.05015459499201
 20
62.99140406436273
 30
0.0
 10
18.22650466113787
 20
63.0437960065359
 30
0.0
 10
18.22650466113787
 20
63.0437960065359
 30
0.0
 10
18.22650466113787
 20
63.0437960065359
 30
0.0
 10
18.2494629279329
 20
62.96651901125847
 30
0.0
 10
18.2494629279329
 20
62.96651901125847
 30
0.0
 10
18.2494629279329
 20
62.96651901125847
 30
0.0
 10
16.41462965544843
 20
62.42140734325456
 30
0.0
 10
16.41462965544843
 20
62.42140734325456
 30
0.0
 10
16.41462965544843
 20
62.42140734325456
 30
0.0
 10
16.39167138865351
 20
62.49868433853199
 30
0.0
 10
16.39167138865351
 20
62.49868433853199
 30
0.0
 10
16.39167138865351
 20
62.49868433853199
 30
0.0
 10
16.46102253826145
 20
62.51928791129669
 30
0.0
 10
16.46102253826145
 20
62.51928791129669
 30
0.0
 10
16.63142822015524
 20
62.56991383294717
 30
0.0
 10
16.7456474758898
 20
62.6487712713752
 30
0.0
 10
16.80368030546501
 20
62.75586022658074
 30
0.0
 10
16.86171313504029
 20
62.86294918178632
 30
0.0
 10
16.86541658900273
 20
63.00169650033598
 30
0.0
 10
16.81479066735225
 20
63.17210218222979
 30
0.0
 10
16.81479066735225
 20
63.17210218222979
 30
0.0
 10
16.33619910570296
 20
64.78303031455143
 30
0.0
 10
16.33619910570296
 20
64.78303031455143
 30
0.0
 10
16.28518073504747
 20
64.95475697072347
 30
0.0
 10
16.20655542793776
 20
65.06940458227884
 30
0.0
 10
16.10032318437385
 20
65.12697314921748
 30
0.0
 10
15.99409094080996
 20
65.18454171615613
 30
0.0
 10
15.85511149094196
 20
65.1878168142977
 30
0.0
 10
15.68338483476986
 20
65.13679844364219
 30
0.0
 10
15.68338483476986
 20
65.13679844364219
 30
0.0
 10
15.61403368516198
 20
65.11619487087745
 30
0.0
 10
15.61403368516198
 20
65.11619487087745
 30
0.0
 10
15.61403368516198
 20
65.11619487087745
 30
0.0
 10
15.59225276538209
 20
65.18950894332013
 30
0.0
 10
15.59225276538209
 20
65.18950894332013
 30
0.0
 10
15.59225276538209
 20
65.18950894332013
 30
0.0
 10
18.61992581112316
 20
66.08900206287736
 30
0.0
 10
18.61992581112316
 20
66.08900206287736
 30
0.0
 10
18.61992581112316
 20
66.08900206287736
 30
0.0
 10
18.97548460969156
 20
64.89219936678602
 30
0.0
 10
18.97548460969156
 20
64.89219936678602
 30
0.0
 10
18.97548460969156
 20
64.89219936678602
 30
0.0
 10
18.91009638291835
 20
64.8727731410364
 30
0.0
 10
18.91009638291835
 20
64.8727731410364
 30
0.0
 10
18.85967074635138
 20
64.969922399664
 30
0.0
 10
18.80981456689972
 20
65.05789665197543
 30
0.0
 10
18.76052784456355
 20
65.13669589797068
 30
0.0
 10
18.71124112222736
 20
65.21549514396595
 30
0.0
 10
18.6685016221059
 20
65.27467600029004
 30
0.0
 10
18.63230934419926
 20
65.31423846694294
 30
0.0
 10
18.52269879072719
 20
65.44124416157618
 30
0.0
 10
18.40663863161359
 20
65.53794178740985
 30
0.0
 10
18.28412886685849
 20
65.60433134444395
 30
0.0
 10
18.16161910210327
 20
65.67072090147805
 30
0.0
 10
18.02909886607295
 20
65.70790084086859
 30
0.0
 10
17.88656815876748
 20
65.71587116261558
 30
0.0
 10
17.74403745146189
 20
65.72384148436257
 30
0.0
 10
17.59087169255787
 20
65.70349480692343
 30
0.0
 10
17.42707088205531
 20
65.65483113029818
 30
0.0
 10
17.42707088205531
 20
65.65483113029818
 30
0.0
 10
16.77120715290593
 20
65.45998019929462
 30
0.0
 10
16.77120715290593
 20
65.45998019929462
 30
0.0
  0
SPLINE
  5
104
330
1F
100
AcDbEntity
  8
0
  6
Continuous
 62
    18
420
        0
370
     9
100
AcDbSpline
210
0.0
220
0.0
230
1.0
 70
    11
 71
     3
 72
   104
 73
   100
 74
     0
 42
0.000000001
 43
0.0
 40
0.0
 40
0.0
 40
0.0
 40
0.0
 40
1.0
 40
1.0
 40
1.0
 40
2.0
 40
2.0
 40
2.0
 40
3.0
 40
3.0
 40
3.0
 40
4.0
 40
4.0
 40
4.0
 40
5.0
 40
5.0
 40
5.0
 40
6.0
 40
6.0
 40
6.0
 40
7.0
 40
7.0
 40
7.0
 40
8.0
 40
8.0
 40
8.0
 40
9.0
 40
9.0
 40
9.0
 40
10.0
 40
10.0
 40
10.0
 40
11.0
 40
11.0
 40
11.0
 40
12.0
 40
12.0
 40
12.0
 40
13.0
 40
13.0
 40
13.0
 40
14.0
 40
14.0
 40
14.0
 40
15.0
 40
15.0
 40
15.0
 40
16.0
 40
16.0
 40
16.0
 40
17.0
 40
17.0
 40
17.0
 40
18.0
 40
18.0
 40
18.0
 40
19.0
 40
19.0
 40
19.0
 40
20.0
 40
20.0
 40
20.0
 40
21.0
 40
21.0
 40
21.0
 40
22.0
 40
22.0
 40
22.0
 40
23.0
 40
23.0
 40
23.0
 40
24.0
 40
24.0
 40
24.0
 40
25.0
 40
25.0
 40
25.0
 40
26.0
 40
26.0
 40
26.0
 40
27.0
 40
27.0
 40
27.0
 40
28.0
 40
28.0
 40
28.0
 40
29.0
 40
29.0
 40
29.0
 40
30.0
 40
30.0
 40
30.0
 40
31.0
 40
31.0
 40
31.0
 40
32.0
 40
32.0
 40
32.0
 40
33.0
 40
33.0
 40
33.0
 40
33.0
 10
23.04039725511785
 20
66.9006279074834
 30
0.0
 10
23.04039725511785
 20
66.9006279074834
 30
0.0
 10
24.19804851850258
 20
66.9681564472838
 30
0.0
 10
24.19804851850258
 20
66.9681564472838
 30
0.0
 10
24.19804851850258
 20
66.9681564472838
 30
0.0
 10
26.32284903148971
 20
65.00910660981702
 30
0.0
 10
26.32284903148971
 20
65.00910660981702
 30
0.0
 10
26.32284903148971
 20
65.00910660981702
 30
0.0
 10
26.25038525081263
 20
66.25136340225484
 30
0.0
 10
26.25038525081263
 20
66.25136340225484
 30
0.0
 10
26.24155799070798
 20
66.4026903647888
 30
0.0
 10
26.20803976950272
 20
66.53359681039727
 30
0.0
 10
26.14983058719678
 20
66.64408273908025
 30
0.0
 10
26.09162140489082
 20
66.75456866776322
 30
0.0
 10
26.01195414771774
 20
66.83654037720258
 30
0.0
 10
25.9108288156777
 20
66.88999786739832
 30
0.0
 10
25.85662628096131
 20
66.91996524209686
 30
0.0
 10
25.80264155606402
 20
66.94028265722481
 30
0.0
 10
25.74887464098581
 20
66.9509501127822
 30
0.0
 10
25.69510772590757
 20
66.96161756833956
 30
0.0
 10
25.62056201057138
 20
66.96762199550668
 30
0.0
 10
25.52523749497709
 20
66.96896339428348
 30
0.0
 10
25.52523749497709
 20
66.96896339428348
 30
0.0
 10
25.52078374101526
 20
67.04531472538017
 30
0.0
 10
25.52078374101526
 20
67.04531472538017
 30
0.0
 10
25.52078374101526
 20
67.04531472538017
 30
0.0
 10
26.94875998747201
 20
67.12861196164019
 30
0.0
 10
26.94875998747201
 20
67.12861196164019
 30
0.0
 10
26.94875998747201
 20
67.12861196164019
 30
0.0
 10
26.95321374143385
 20
67.05226063054353
 30
0.0
 10
26.95321374143385
 20
67.05226063054353
 30
0.0
 10
26.95321374143385
 20
67.05226063054353
 30
0.0
 10
26.92432404858649
 20
67.05057542634172
 30
0.0
 10
26.92432404858649
 20
67.05057542634172
 30
0.0
 10
26.71659340001715
 20
67.03845800565266
 30
0.0
 10
26.5622398345046
 20
66.96319592280118
 30
0.0
 10
26.46126335204882
 20
66.82478917778731
 30
0.0
 10
26.36028686959297
 20
66.68638243277346
 30
0.0
 10
26.31714130381575
 20
66.49130254143145
 30
0.0
 10
26.3318266547171
 20
66.23954950376134
 30
0.0
 10
26.3318266547171
 20
66.23954950376134
 30
0.0
 10
26.45207801168786
 20
64.17806356415106
 30
0.0
 10
26.45207801168786
 20
64.17806356415106
 30
0.0
 10
26.45207801168786
 20
64.17806356415106
 30
0.0
 10
26.38398087854762
 20
64.17409129710398
 30
0.0
 10
26.38398087854762
 20
64.17409129710398
 30
0.0
 10
26.38398087854762
 20
64.17409129710398
 30
0.0
 10
23.74619962283512
 20
66.58566080928652
 30
0.0
 10
23.74619962283512
 20
66.58566080928652
 30
0.0
 10
23.74619962283512
 20
66.58566080928652
 30
0.0
 10
23.84610815765568
 20
64.87291473333406
 30
0.0
 10
23.84610815765568
 20
64.87291473333406
 30
0.0
 10
23.85581814377079
 20
64.70645507454671
 30
0.0
 10
23.88352976533316
 20
64.57451972587722
 30
0.0
 10
23.92924302234292
 20
64.47710868732561
 30
0.0
 10
23.97495627935268
 20
64.379697648774
 30
0.0
 10
24.04416822708024
 20
64.30539834060232
 30
0.0
 10
24.13687886552564
 20
64.2542107628106
 30
0.0
 10
24.21235887768605
 20
64.21444150812384
 30
0.0
 10
24.30273658600959
 20
64.19141564944023
 30
0.0
 10
24.40801199049617
 20
64.18513318675974
 30
0.0
 10
24.46635311092484
 20
64.17887369754754
 30
0.0
 10
24.54929632958448
 20
64.17681006839851
 30
0.0
 10
24.65684164647506
 20
64.17894229931268
 30
0.0
 10
24.65684164647506
 20
64.17894229931268
 30
0.0
 10
24.66129540043695
 20
64.102590968216
 30
0.0
 10
24.66129540043695
 20
64.102590968216
 30
0.0
 10
24.66129540043695
 20
64.102590968216
 30
0.0
 10
23.15696782288348
 20
64.01483997799409
 30
0.0
 10
23.15696782288348
 20
64.01483997799409
 30
0.0
 10
23.15696782288348
 20
64.01483997799409
 30
0.0
 10
23.15251406892156
 20
64.09119130909077
 30
0.0
 10
23.15251406892156
 20
64.09119130909077
 30
0.0
 10
23.30611094385952
 20
64.10843326279006
 30
0.0
 10
23.43005864335191
 20
64.1429259445591
 30
0.0
 10
23.52435716739864
 20
64.19466935439785
 30
0.0
 10
23.61865569144534
 20
64.24641276423661
 30
0.0
 10
23.68619974473224
 20
64.31902670888665
 30
0.0
 10
23.72698932725938
 20
64.41251118834798
 30
0.0
 10
23.76777890978649
 20
64.5059956678093
 30
0.0
 10
23.78424155791252
 20
64.62014719085055
 30
0.0
 10
23.77637727163749
 20
64.7549657574717
 30
0.0
 10
23.77637727163749
 20
64.7549657574717
 30
0.0
 10
23.68128360596485
 20
66.3851698538602
 30
0.0
 10
23.68128360596485
 20
66.3851698538602
 30
0.0
 10
23.67542551516818
 20
66.48559592899637
 30
0.0
 10
23.64809503091668
 20
66.56958528081823
 30
0.0
 10
23.59929215321041
 20
66.63713790932579
 30
0.0
 10
23.5504892755041
 20
66.70469053783334
 30
0.0
 10
23.48233773969654
 20
66.75489504001075
 30
0.0
 10
23.39483754578761
 20
66.787751415858
 30
0.0
 10
23.3073373518787
 20
66.82060779170524
 30
0.0
 10
23.20305646991064
 20
66.83350507558701
 30
0.0
 10
23.08199489988348
 20
66.82644326750331
 30
0.0
 10
23.08199489988348
 20
66.82644326750331
 30
0.0
 10
23.04485100907969
 20
66.82427657638671
 30
0.0
 10
23.04485100907969
 20
66.82427657638671
 30
0.0
 10
23.04485100907969
 20
66.82427657638671
 30
0.0
 10
23.04039725511785
 20
66.9006279074834
 30
0.0
 10
23.04039725511785
 20
66.9006279074834
 30
0.0
  0
SPLINE
  5
105
330
1F
100
AcDbEntity
  8
0
  6
Continuous
 62
    18
420
        0
370
     9
100
AcDbSpline
210
0.0
220
0.0
230
1.0
 70
    11
 71
     3
 72
   122
 73
   118
 74
     0
 42
0.000000001
 43
0.0
 40
0.0
 40
0.0
 40
0.0
 40
0.0
 40
1.0
 40
1.0
 40
1.0
 40
2.0
 40
2.0
 40
2.0
 40
3.0
 40
3.0
 40
3.0
 40
4.0
 40
4.0
 40
4.0
 40
5.0
 40
5.0
 40
5.0
 40
6.0
 40
6.0
 40
6.0
 40
7.0
 40
7.0
 40
7.0
 40
8.0
 40
8.0
 40
8.0
 40
9.0
 40
9.0
 40
9.0
 40
10.0
 40
10.0
 40
10.0
 40
11.0
 40
11.0
 40
11.0
 40
12.0
 40
12.0
 40
12.0
 40
13.0
 40
13.0
 40
13.0
 40
14.0
 40
14.0
 40
14.0
 40
15.0
 40
15.0
 40
15.0
 40
16.0
 40
16.0
 40
16.0
 40
17.0
 40
17.0
 40
17.0
 40
18.0
 40
18.0
 40
18.0
 40
19.0
 40
19.0
 40
19.0
 40
20.0
 40
20.0
 40
20.0
 40
21.0
 40
21.0
 40
21.0
 40
22.0
 40
22.0
 40
22.0
 40
23.0
 40
23.0
 40
23.0
 40
24.0
 40
24.0
 40
24.0
 40
25.0
 40
25.0
 40
25.0
 40
26.0
 40
26.0
 40
26.0
 40
27.0
 40
27.0
 40
27.0
 40
28.0
 40
28.0
 40
28.0
 40
29.0
 40
29.0
 40
29.0
 40
30.0
 40
30.0
 40
30.0
 40
31.0
 40
31.0
 40
31.0
 40
32.0
 40
32.0
 40
32.0
 40
33.0
 40
33.0
 40
33.0
 40
34.0
 40
34.0
 40
34.0
 40
35.0
 40
35.0
 40
35.0
 40
36.0
 40
36.0
 40
36.0
 40
37.0
 40
37.0
 40
37.0
 40
38.0
 40
38.0
 40
38.0
 40
39.0
 40
39.0
 40
39.0
 40
39.0
 10
19.226396000295
 20
66.23325309094217
 30
0.0
 10
19.226396000295
 20
66.23325309094217
 30
0.0
 10
22.24882435632074
 20
66.78092357326264
 30
0.0
 10
22.24882435632074
 20
66.78092357326264
 30
0.0
 10
22.24882435632074
 20
66.78092357326264
 30
0.0
 10
22.44821179302018
 20
65.68056439384817
 30
0.0
 10
22.44821179302018
 20
65.68056439384817
 30
0.0
 10
22.44821179302018
 20
65.68056439384817
 30
0.0
 10
22.38719372392139
 20
65.66950778922528
 30
0.0
 10
22.38719372392139
 20
65.66950778922528
 30
0.0
 10
22.29670975304363
 20
65.85197990083608
 30
0.0
 10
22.22077245792004
 20
65.98702078132172
 30
0.0
 10
22.15938183855062
 20
66.07463043068215
 30
0.0
 10
22.09799121918123
 20
66.16224008004258
 30
0.0
 10
22.02430140189228
 20
66.24236929264315
 30
0.0
 10
21.93831238668388
 20
66.31501806848387
 30
0.0
 10
21.83445941557413
 20
66.4012356038431
 30
0.0
 10
21.72843128044987
 20
66.45694869895681
 30
0.0
 10
21.62022798131123
 20
66.48215735382493
 30
0.0
 10
21.44091444053529
 20
66.521089779501
 30
0.0
 10
21.23193344613193
 20
66.51893418774313
 30
0.0
 10
20.99328499810121
 20
66.4756905785514
 30
0.0
 10
20.99328499810121
 20
66.4756905785514
 30
0.0
 10
20.43395269802915
 20
66.37433836950822
 30
0.0
 10
20.43395269802915
 20
66.37433836950822
 30
0.0
 10
20.43395269802915
 20
66.37433836950822
 30
0.0
 10
20.67867221368246
 20
65.0238051067888
 30
0.0
 10
20.67867221368246
 20
65.0238051067888
 30
0.0
 10
20.67867221368246
 20
65.0238051067888
 30
0.0
 10
20.82918345079273
 20
65.0510780648586
 30
0.0
 10
20.82918345079273
 20
65.0510780648586
 30
0.0
 10
21.05291637082155
 20
65.09161894847585
 30
0.0
 10
21.21310188468188
 20
65.22007890651165
 30
0.0
 10
21.30973999237366
 20
65.43645793896602
 30
0.0
 10
21.35960157720626
 20
65.54772792286278
 30
0.0
 10
21.38839588730545
 20
65.67478717581034
 30
0.0
 10
21.3961229226712
 20
65.81763569780865
 30
0.0
 10
21.40182920779119
 20
65.8788902806247
 30
0.0
 10
21.40114263815861
 20
65.967696281483
 30
0.0
 10
21.39406321377339
 20
66.08405370038358
 30
0.0
 10
21.39406321377339
 20
66.08405370038358
 30
0.0
 10
21.46525096105528
 20
66.09695307244363
 30
0.0
 10
21.46525096105528
 20
66.09695307244363
 30
0.0
 10
21.46525096105528
 20
66.09695307244363
 30
0.0
 10
21.80284595554086
 20
64.23386802929453
 30
0.0
 10
21.80284595554086
 20
64.23386802929453
 30
0.0
 10
21.80284595554086
 20
64.23386802929453
 30
0.0
 10
21.73165820825896
 20
64.22096865723448
 30
0.0
 10
21.73165820825896
 20
64.22096865723448
 30
0.0
 10
21.69720475111943
 20
64.31836105407524
 30
0.0
 10
21.66074462540602
 20
64.40943780304775
 30
0.0
 10
21.62227783111868
 20
64.49419890415203
 30
0.0
 10
21.58381103683134
 20
64.57896000525628
 30
0.0
 10
21.54564218184261
 20
64.64661922734486
 30
0.0
 10
21.50777126615227
 20
64.69717657041774
 30
0.0
 10
21.46990035046199
 20
64.74773391349065
 30
0.0
 10
21.42423268149798
 20
64.79687846819506
 30
0.0
 10
21.37076825926022
 20
64.84461023453099
 30
0.0
 10
21.22145916299289
 20
64.97300826239551
 30
0.0
 10
21.03426017629928
 20
65.01681398335666
 30
0.0
 10
20.80917129917938
 20
64.97602739741446
 30
0.0
 10
20.80917129917938
 20
64.97602739741446
 30
0.0
 10
20.6912030322551
 20
64.95465129514352
 30
0.0
 10
20.6912030322551
 20
64.95465129514352
 30
0.0
 10
20.6912030322551
 20
64.95465129514352
 30
0.0
 10
20.92154896189856
 20
63.6834415222525
 30
0.0
 10
20.92154896189856
 20
63.6834415222525
 30
0.0
 10
20.92154896189856
 20
63.6834415222525
 30
0.0
 10
21.38935415832247
 20
63.76820882436132
 30
0.0
 10
21.38935415832247
 20
63.76820882436132
 30
0.0
 10
21.52766178161303
 20
63.79327046150653
 30
0.0
 10
21.65028950286407
 20
63.82564433873134
 30
0.0
 10
21.75723732207559
 20
63.86533045603574
 30
0.0
 10
21.86418514128707
 20
63.90501657334012
 30
0.0
 10
21.95798069589755
 20
63.95352330319232
 30
0.0
 10
22.03862398590688
 20
64.01085064559233
 30
0.0
 10
22.1192672759163
 20
64.06817798799233
 30
0.0
 10
22.19221399105551
 20
64.13706512418506
 30
0.0
 10
22.25746413132453
 20
64.2175120541705
 30
0.0
 10
22.36995463327968
 20
64.35413532057586
 30
0.0
 10
22.44757718156941
 20
64.51315025619945
 30
0.0
 10
22.49033177619374
 20
64.6945568610413
 30
0.0
 10
22.51492158094568
 20
64.7984465865818
 30
0.0
 10
22.53540276321041
 20
64.93660379288681
 30
0.0
 10
22.55177532298793
 20
65.10902847995635
 30
0.0
 10
22.55177532298793
 20
65.10902847995635
 30
0.0
 10
22.62703094154309
 20
65.12266495899125
 30
0.0
 10
22.62703094154309
 20
65.12266495899125
 30
0.0
 10
22.62703094154309
 20
65.12266495899125
 30
0.0
 10
22.83894919681508
 20
63.95315196793152
 30
0.0
 10
22.83894919681508
 20
63.95315196793152
 30
0.0
 10
22.83894919681508
 20
63.95315196793152
 30
0.0
 10
19.74533309350748
 20
63.392582113551
 30
0.0
 10
19.74533309350748
 20
63.392582113551
 30
0.0
 10
19.74533309350748
 20
63.392582113551
 30
0.0
 10
19.72762874319937
 20
63.46710062513129
 30
0.0
 10
19.72762874319937
 20
63.46710062513129
 30
0.0
 10
19.72762874319937
 20
63.46710062513129
 30
0.0
 10
19.80491829739107
 20
63.48110565765361
 30
0.0
 10
19.80491829739107
 20
63.48110565765361
 30
0.0
 10
20.14933139852642
 20
63.54351404819171
 30
0.0
 10
20.29008805150001
 20
63.74828075111947
 30
0.0
 10
20.22718825631202
 20
64.09540576643691
 30
0.0
 10
20.22718825631202
 20
64.09540576643691
 30
0.0
 10
19.92755427103174
 20
65.74899543901357
 30
0.0
 10
19.92755427103174
 20
65.74899543901357
 30
0.0
 10
19.89561296878779
 20
65.92526986085446
 30
0.0
 10
19.82999087576875
 20
66.04782496952494
 30
0.0
 10
19.73068799197446
 20
66.11666076502505
 30
0.0
 10
19.6313851081802
 20
66.18549656052515
 30
0.0
 10
19.49359645536253
 20
66.20394380715325
 30
0.0
 10
19.31732203352168
 20
66.17200250490936
 30
0.0
 10
19.31732203352168
 20
66.17200250490936
 30
0.0
 10
19.24003247932991
 20
66.15799747238701
 30
0.0
 10
19.24003247932991
 20
66.15799747238701
 30
0.0
 10
19.24003247932991
 20
66.15799747238701
 30
0.0
 10
19.226396000295
 20
66.23325309094217
 30
0.0
 10
19.226396000295
 20
66.23325309094217
 30
0.0
  0
LWPOLYLINE
  5
106
330
1F
100
AcDbEntity
  8
0
  6
Continuous
 62
    18
420
        0
370
     9
100
AcDbPolyline
 90
       25
 70
     1
 43
0.0
 10
12.52449352324062
 20
62.70012877166627
 10
12.27920500003748
 20
63.02661625427454
 10
12.60569248264565
 20
62.78132773107151
 10
12.60090710347988
 20
62.78910397221593
 10
12.73561081769393
 20
63.73764262647336
 10
12.87031453190802
 20
62.78910397221593
 10
12.86552915274216
 20
62.78132773107144
 10
13.19201663535048
 20
63.02661625427454
 10
12.94672811214734
 20
62.70012877166629
 10
12.95450435329186
 20
62.70491415083213
 10
13.90304300754931
 20
62.57021043661808
 10
12.95450435329186
 20
62.435506722404
 10
12.94672811214734
 20
62.4402921015699
 10
13.19201663535048
 20
62.11380461896159
 10
12.86552915274228
 20
62.35909314216462
 10
12.87031453190805
 20
62.35131690102021
 10
12.73561081769399
 20
61.40277824676278
 10
12.60090710347991
 20
62.35131690102021
 10
12.60569248264571
 20
62.3590931421646
 10
12.27920500003754
 20
62.11380461896159
 10
12.52449352324068
 20
62.44029210156991
 10
12.51671728209607
 20
62.435506722404
 10
11.56817862783865
 20
62.57021043661808
 10
12.51671728209607
 20
62.70491415083213
 10
12.52449352324062
 20
62.70012877166627
  0
LWPOLYLINE
  5
107
330
1F
100
AcDbEntity
  8
0
  6
Continuous
 62
    18
420
        0
370
     9
100
AcDbPolyline
 90
       25
 70
     1
 43
0.0
 10
8.502580421866579
 20
60.29175429009467
 10
8.231831965176097
 20
60.65212982210339
 10
8.5922074971848
 20
60.38138136541292
 10
8.58692541546774
 20
60.3899647482032
 10
8.735610817694
 20
61.43695778887984
 10
8.884296219920293
 20
60.3899647482032
 10
8.879014138203205
 20
60.38138136541296
 10
9.239389670211878
 20
60.65212982210339
 10
8.968641213521366
 20
60.29175429009467
 10
8.977224596311705
 20
60.29703637181179
 10
10.02421763698833
 20
60.14835096958551
 10
8.977224596311705
 20
59.99966556735923
 10
8.968641213521394
 20
60.00494764907634
 10
9.239389670211878
 20
59.64457211706763
 10
8.879014138203205
 20
59.91532057375804
 10
8.884296219920293
 20
59.9067371909678
 10
8.735610817694
 20
58.8597441502912
 10
8.58692541546774
 20
59.90673719096782
 10
8.592207497184829
 20
59.91532057375815
 10
8.231831965176097
 20
59.64457211706765
 10
8.502580421866579
 20
60.00494764907634
 10
8.493997039076271
 20
59.99966556735923
 10
7.447003998399647
 20
60.14835096958551
 10
8.493997039076271
 20
60.29703637181179
 10
8.502580421866579
 20
60.29175429009467
  0
LWPOLYLINE
  5
108
330
1F
100
AcDbEntity
  8
0
  6
Continuous
 62
    18
420
        0
370
     9
100
AcDbPolyline
 90
       25
 70
     1
 43
0.0
 10
45.80052009022026
 20
59.88162900578674
 10
45.5273778187162
 20
60.24519078785764
 10
45.89093960078701
 20
59.97204851635367
 10
45.88561081769396
 20
59.9807077888798
 10
46.03561081769396
 20
61.0369577888798
 10
46.18561081769398
 20
59.9807077888798
 10
46.18028203460091
 20
59.97204851635363
 10
46.54384381667184
 20
60.24519078785764
 10
46.27070154516779
 20
59.88162900578681
 10
46.27936081769402
 20
59.88695778887982
 10
47.33561081769394
 20
59.73695778887982
 10
46.27936081769402
 20
59.58695778887985
 10
46.27070154516779
 20
59.59228657197288
 10
46.54384381667184
 20
59.22872478990202
 10
46.18028203460091
 20
59.50186706140605
 10
46.18561081769398
 20
59.49320778887982
 10
46.03561081769396
 20
58.43695778887982
 10
45.88561081769396
 20
59.49320778887982
 10
45.89093960078701
 20
59.50186706140602
 10
45.52737781871614
 20
59.228724789902
 10
45.8005200902202
 20
59.59228657197288
 10
45.79186081769397
 20
59.58695778887984
 10
44.73561081769397
 20
59.73695778887982
 10
45.79186081769397
 20
59.88695778887982
 10
45.80052009022026
 20
59.88162900578674
  0
LWPOLYLINE
  5
109
330
1F
100
AcDbEntity
  8
0
  6
Continuous
 62
    18
420
        0
370
     9
100
AcDbPolyline
 90
       25
 70
     1
 43
0.0
 10
41.67764594339025
 20
62.38007179335615
 10
41.43602008782907
 20
62.70168413903428
 10
41.75763243350706
 20
62.46005828347305
 10
41.75291851000171
 20
62.46771840916928
 10
41.88561081769399
 20
63.40209340916925
 10
42.01830312538632
 20
62.46771840916928
 10
42.01358920188092
 20
62.46005828347302
 10
42.33520154755902
 20
62.70168413903428
 10
42.09357569199778
 20
62.38007179335617
 10
42.10123581769405
 20
62.38478571686156
 10
43.03561081769401
 20
62.25209340916923
 10
42.10123581769405
 20
62.11940110147695
 10
42.09357569199783
 20
62.1241150249823
 10
42.33520154755902
 20
61.80250267930425
 10
42.01358920188092
 20
62.04412853486551
 10
42.01830312538632
 20
62.03646840916925
 10
41.88561081769399
 20
61.10209340916926
 10
41.75291851000171
 20
62.03646840916925
 10
41.75763243350706
 20
62.04412853486549
 10
41.43602008782907
 20
61.80250267930425
 10
41.67764594339025
 20
62.12411502498235
 10
41.66998581769398
 20
62.11940110147695
 10
40.73561081769402
 20
62.25209340916923
 10
41.66998581769398
 20
62.38478571686156
 10
41.67764594339025
 20
62.38007179335615
  0
VIEWPORT
  5
10E
330
10A
100
AcDbEntity
 67
     1
  8
0
100
AcDbViewport
 10
128.5
 20
97.5
 30
0.0
 40
314.226
 41
222.18
 68
     1
 69
     1
 12
27.83426555794288
 22
35.73952071710105
 13
0.0
 23
0.0
 14
10.0
 24
10.0
 15
10.0
 25
10.0
 16
0.0
 26
0.0
 36
1.0
 17
0.0
 27
0.0
 37
0.0
 42
50.0
 43
0.0
 44
0.0
 45
222.18
 50
0.0
 51
0.0
 72
   100
 90
   557152
  1

281
     0
 71
     1
 74
     0
110
0.0
120
0.0
130
0.0
111
1.0
121
0.0
131
0.0
112
0.0
122
1.0
132
0.0
 79
     0
146
0.0
170
     0
 61
     5
348
2F
292
     1
282
     1
141
0.0
142
0.0
 63
   256
361
10F
  0
VIEWPORT
  5
110
330
10A
100
AcDbEntity
 67
     1
  8
0
100
AcDbViewport
 10
27.83426555794288
 20
35.73952071710105
 30
0.0
 40
55.66853111588576
 41
71.4790414342021
 68
     2
 69
     2
 12
26.91000106324677
 22
35.73952071710106
 13
0.0
 23
0.0
 14
10.0
 24
10.0
 15
10.0
 25
10.0
 16
0.0
 26
0.0
 36
1.0
 17
0.0
 27
0.0
 37
0.0
 42
50.0
 43
0.0
 44
0.0
 45
71.4790414342021
 50
0.0
 51
0.0
 72
   100
 90
   557152
  1

281
     0
 71
     1
 74
     0
110
0.0
120
0.0
130
0.0
111
1.0
121
0.0
131
0.0
112
0.0
122
1.0
132
0.0
 79
     0
146
0.0
170
     0
 61
     5
348
2F
292
     1
282
     1
141
0.0
142
0.0
 63
   256
361
111
  0
ENDSEC
  0
SECTION
  2
OBJECTS
  0
DICTIONARY
  5
C
330
0
100
AcDbDictionary
281
     1
  3
ACAD_DETAILVIEWSTYLE
350
119
  3
ACAD_GROUP
350
D
  3
ACAD_LAYOUT
350
1A
  3
ACAD_MATERIAL
350
43
  3
ACAD_MLEADERSTYLE
350
5B
  3
ACAD_MLINESTYLE
350
17
  3
ACAD_PLOTSETTINGS
350
19
  3
ACAD_PLOTSTYLENAME
350
E
  3
ACAD_SCALELIST
350
47
  3
ACAD_SECTIONVIEWSTYLE
350
11A
  3
ACAD_TABLESTYLE
350
59
  3
ACAD_VISUALSTYLE
350
2A
  3
ACDB_RECOMPOSE_DATA
350
116
  3
AcDbVariableDictionary
350
112
  0
SUN
  5
5D
330
29
100
AcDbSun
 90
        1
290
     0
 63
     7
421
 16777215
 40
1.0
291
     1
 91
  2455826
 92
 54000000
292
     0
 70
     2
 71
   256
280
     1
  0
SUN
  5
10F
330
10E
100
AcDbSun
 90
        1
290
     0
 63
     7
421
 16777215
 40
1.0
291
     1
 91
  2455826
 92
 54000000
292
     0
 70
     2
 71
   256
280
     1
  0
SUN
  5
111
330
110
100
AcDbSun
 90
        1
290
     0
 63
     7
421
 16777215
 40
1.0
291
     1
 91
  2455826
 92
 54000000
292
     0
 70
     2
 71
   256
280
     1
  0
DICTIONARY
  5
119
102
{ACAD_REACTORS
330
C
102
}
330
C
100
AcDbDictionary
281
     1
  0
DICTIONARY
  5
D
102
{ACAD_REACTORS
330
C
102
}
330
C
100
AcDbDictionary
281
     1
  0
DICTIONARY
  5
1A
102
{ACAD_REACTORS
330
C
102
}
330
C
100
AcDbDictionary
281
     1
  3
Layout1
350
10B
  3
Model
350
22
  0
DICTIONARY
  5
43
102
{ACAD_REACTORS
330
C
102
}
330
C
100
AcDbDictionary
281
     1
  3
ByBlock
350
45
  3
ByLayer
350
44
  3
Global
350
46
  0
DICTIONARY
  5
5B
102
{ACAD_REACTORS
330
C
102
}
330
C
100
AcDbDictionary
281
     1
  3
Standard
350
5C
  0
DICTIONARY
  5
17
102
{ACAD_REACTORS
330
C
102
}
330
C
100
AcDbDictionary
281
     1
  3
Standard
350
18
  0
DICTIONARY
  5
19
102
{ACAD_REACTORS
330
C
102
}
330
C
100
AcDbDictionary
281
     1
  0
ACDBDICTIONARYWDFLT
  5
E
102
{ACAD_REACTORS
330
C
102
}
330
C
100
AcDbDictionary
281
     1
  3
Normal
350
F
100
AcDbDictionaryWithDefault
340
F
  0
DICTIONARY
  5
47
102
{ACAD_REACTORS
330
C
102
}
330
C
100
AcDbDictionary
281
     1
  3
A0
350
48
  3
A1
350
49
  3
A2
350
4A
  3
A3
350
4B
  3
A4
350
4C
  3
A5
350
4D
  3
A6
350
4E
  3
A7
350
4F
  3
A8
350
50
  3
A9
350
51
  3
B0
350
52
  3
B1
350
53
  3
B2
350
54
  3
B3
350
55
  3
B4
350
56
  3
B5
350
57
  3
B6
350
58
  0
DICTIONARY
  5
11A
102
{ACAD_REACTORS
330
C
102
}
330
C
100
AcDbDictionary
281
     1
  0
DICTIONARY
  5
59
102
{ACAD_REACTORS
330
C
102
}
330
C
100
AcDbDictionary
281
     1
  3
Standard
350
5A
  0
DICTIONARY
  5
2A
102
{ACAD_REACTORS
330
C
102
}
330
C
100
AcDbDictionary
281
     1
  3
2dWireframe
350
2F
  3
Basic
350
32
  3
Brighten
350
36
  3
ColorChange
350
3A
  3
Conceptual
350
34
  3
Dim
350
35
  3
EdgeColorOff
350
3D
  3
Facepattern
350
39
  3
Flat
350
2B
  3
FlatWithEdges
350
2C
  3
Gouraud
350
2D
  3
GouraudWithEdges
350
2E
  3
Hidden
350
31
  3
JitterOff
350
3B
  3
Linepattern
350
38
  3
OverhangOff
350
3C
  3
Realistic
350
33
  3
Shaded
350
42
  3
Shaded with edges
350
41
  3
Shades of Gray
350
3E
  3
Sketchy
350
3F
  3
Thicken
350
37
  3
Wireframe
350
30
  3
X-Ray
350
40
  0
XRECORD
  5
116
102
{ACAD_REACTORS
330
C
102
}
330
C
100
AcDbXrecord
280
     1
 90
        1
330
5A
  0
DICTIONARY
  5
112
102
{ACAD_REACTORS
330
C
102
}
330
C
100
AcDbDictionary
281
     1
  3
CANNOSCALE
350
113
  3
CENTEREXE
350
11B
  3
CENTERLTYPEFILE
350
11C
  3
CMLEADERSTYLE
350
118
  3
CTABLESTYLE
350
117
  0
LAYOUT
  5
10B
102
{ACAD_REACTORS
330
1A
102
}
330
1A
100
AcDbPlotSettings
  1

  2
none_device
  4
ISO_A4_(210.00_x_297.00_MM)
  6

 40
0.0
 41
0.0
 42
0.0
 43
0.0
 44
55.66853111588576
 45
71.4790414342021
 46
0.0
 47
0.0
 48
0.0
 49
0.0
140
0.0
141
0.0
142
1.0
143
1.0
 70
   688
 72
     1
 73
     0
 74
     5
  7

 75
    16
 76
     0
 77
     2
 78
   300
147
1.0
148
0.0
149
0.0
100
AcDbLayout
  1
Layout1
 70
     1
 71
     1
 10
-20.0
 20
-7.5
 11
277.0
 21
202.5
 12
0.0
 22
0.0
 32
0.0
 14
55.66853111588576
 24
71.4790414342021
 34
0.0
 15
0.0
 25
0.0
 35
0.0
146
0.0
 13
0.0
 23
0.0
 33
0.0
 16
1.0
 26
0.0
 36
0.0
 17
0.0
 27
1.0
 37
0.0
 76
     0
330
10A
331
10E
  0
LAYOUT
  5
22
102
{ACAD_REACTORS
330
1A
102
}
330
1A
100
AcDbPlotSettings
  1

  2
none_device
  4
Letter_(8.50_x_11.00_Inches)
  6

 40
6.35
 41
6.35
 42
6.35000508
 43
6.35000508
 44
215.9
 45
279.4
 46
0.0
 47
0.0
 48
0.0
 49
0.0
140
0.0
141
0.0
142
1.0
143
1.0
 70
  1712
 72
     1
 73
     0
 74
     0
  7

 75
     0
 76
     0
 77
     2
 78
   300
147
1.0
148
0.0
149
0.0
100
AcDbLayout
  1
Model
 70
     1
 71
     0
 10
0.0
 20
0.0
 11
420.0
 21
297.0
 12
0.0
 22
0.0
 32
0.0
 14
1.000000000000000E+20
 24
1.000000000000000E+20
 34
1.000000000000000E+20
 15
-1.000000000000000E+20
 25
-1.000000000000000E+20
 35
-1.000000000000000E+20
146
0.0
 13
0.0
 23
0.0
 33
0.0
 16
1.0
 26
0.0
 36
0.0
 17
0.0
 27
1.0
 37
0.0
 76
     0
330
1F
331
29
  0
MATERIAL
  5
45
102
{ACAD_REACTORS
330
43
102
}
330
43
100
AcDbMaterial
  1
ByBlock
 72
     1
 94
      127
  0
MATERIAL
  5
44
102
{ACAD_REACTORS
330
43
102
}
330
43
100
AcDbMaterial
  1
ByLayer
 72
     1
 94
      127
  0
MATERIAL
  5
46
102
{ACAD_REACTORS
330
43
102
}
330
43
100
AcDbMaterial
  1
Global
 72
     1
 94
      127
  0
MLEADERSTYLE
  5
5C
102
{ACAD_REACTORS
330
5B
102
}
330
5B
100
AcDbMLeaderStyle
179
     2
170
     2
171
     1
172
     0
 90
        2
 40
0.0
 41
0.0
173
     1
 91
-1056964608
340
14
 92
       -2
290
     1
 42
2.0
291
     1
 43
8.0
  3
Standard
341
0
 44
4.0
300

342
11
174
     1
178
     6
175
     1
176
     0
 93
-1056964608
 45
4.0
292
     0
297
     0
 46
4.0
343
0
 94
-1056964608
 47
1.0
 49
1.0
140
1.0
293
     1
141
0.0
294
     1
177
     0
142
1.0
295
     0
296
     0
143
3.75
271
     0
272
     9
273
     9
298
     0
  0
MLINESTYLE
  5
18
102
{ACAD_REACTORS
330
17
102
}
330
17
100
AcDbMlineStyle
  2
Standard
 70
     0
  3

 62
   256
 51
90.0
 52
90.0
 71
     2
 49
0.5
 62
   256
  6
BYLAYER
 49
-0.5
 62
   256
  6
BYLAYER
  0
ACDBPLACEHOLDER
  5
F
102
{ACAD_REACTORS
330
E
102
}
330
E
  0
SCALE
  5
48
102
{ACAD_REACTORS
330
47
102
}
330
47
100
AcDbScale
 70
     0
300
1:1
140
1.0
141
1.0
290
     1
  0
SCALE
  5
49
102
{ACAD_REACTORS
330
47
102
}
330
47
100
AcDbScale
 70
     0
300
1:2
140
1.0
141
2.0
290
     0
  0
SCALE
  5
4A
102
{ACAD_REACTORS
330
47
102
}
330
47
100
AcDbScale
 70
     0
300
1:4
140
1.0
141
4.0
290
     0
  0
SCALE
  5
4B
102
{ACAD_REACTORS
330
47
102
}
330
47
100
AcDbScale
 70
     0
300
1:5
140
1.0
141
5.0
290
     0
  0
SCALE
  5
4C
102
{ACAD_REACTORS
330
47
102
}
330
47
100
AcDbScale
 70
     0
300
1:8
140
1.0
141
8.0
290
     0
  0
SCALE
  5
4D
102
{ACAD_REACTORS
330
47
102
}
330
47
100
AcDbScale
 70
     0
300
1:10
140
1.0
141
10.0
290
     0
  0
SCALE
  5
4E
102
{ACAD_REACTORS
330
47
102
}
330
47
100
AcDbScale
 70
     0
300
1:16
140
1.0
141
16.0
290
     0
  0
SCALE
  5
4F
102
{ACAD_REACTORS
330
47
102
}
330
47
100
AcDbScale
 70
     0
300
1:20
140
1.0
141
20.0
290
     0
  0
SCALE
  5
50
102
{ACAD_REACTORS
330
47
102
}
330
47
100
AcDbScale
 70
     0
300
1:30
140
1.0
141
30.0
290
     0
  0
SCALE
  5
51
102
{ACAD_REACTORS
330
47
102
}
330
47
100
AcDbScale
 70
     0
300
1:40
140
1.0
141
40.0
290
     0
  0
SCALE
  5
52
102
{ACAD_REACTORS
330
47
102
}
330
47
100
AcDbScale
 70
     0
300
1:50
140
1.0
141
50.0
290
     0
  0
SCALE
  5
53
102
{ACAD_REACTORS
330
47
102
}
330
47
100
AcDbScale
 70
     0
300
1:100
140
1.0
141
100.0
290
     0
  0
SCALE
  5
54
102
{ACAD_REACTORS
330
47
102
}
330
47
100
AcDbScale
 70
     0
300
2:1
140
2.0
141
1.0
290
     0
  0
SCALE
  5
55
102
{ACAD_REACTORS
330
47
102
}
330
47
100
AcDbScale
 70
     0
300
4:1
140
4.0
141
1.0
290
     0
  0
SCALE
  5
56
102
{ACAD_REACTORS
330
47
102
}
330
47
100
AcDbScale
 70
     0
300
8:1
140
8.0
141
1.0
290
     0
  0
SCALE
  5
57
102
{ACAD_REACTORS
330
47
102
}
330
47
100
AcDbScale
 70
     0
300
10:1
140
10.0
141
1.0
290
     0
  0
SCALE
  5
58
102
{ACAD_REACTORS
330
47
102
}
330
47
100
AcDbScale
 70
     0
300
100:1
140
100.0
141
1.0
290
     0
  0
TABLESTYLE
  5
5A
102
{ACAD_REACTORS
330
59
102
}
102
{ACAD_XDICTIONARY
360
114
102
}
330
59
100
AcDbTableStyle
  3
Standard
 70
     0
 71
     0
 40
0.06
 41
0.06
280
     0
281
     0
  7
Standard
140
4.5
170
     2
 62
     0
 63
   257
283
     0
 90
        4
 91
        0
  1

274
    -2
284
     1
 64
     0
275
    -2
285
     1
 65
     0
276
    -2
286
     1
 66
     0
277
    -2
287
     1
 67
     0
278
    -2
288
     1
 68
     0
279
    -2
289
     1
 69
     0
  7
Standard
140
6.0
170
     5
 62
     0
 63
   257
283
     0
 90
        4
 91
        0
  1

274
    -2
284
     1
 64
     0
275
    -2
285
     1
 65
     0
276
    -2
286
     1
 66
     0
277
    -2
287
     1
 67
     0
278
    -2
288
     1
 68
     0
279
    -2
289
     1
 69
     0
  7
Standard
140
4.5
170
     5
 62
     0
 63
   257
283
     0
 90
        4
 91
        0
  1

274
    -2
284
     1
 64
     0
275
    -2
285
     1
 65
     0
276
    -2
286
     1
 66
     0
277
    -2
287
     1
 67
     0
278
    -2
288
     1
 68
     0
279
    -2
289
     1
 69
     0
  0
VISUALSTYLE
  5
2F
102
{ACAD_REACTORS
330
2A
102
}
330
2A
100
AcDbVisualStyle
  2
2dWireframe
 70
     4
177
     3
291
     0
 70
    58
 90
        0
176
     1
 90
        2
176
     1
 90
        0
176
     1
 90
        0
176
     1
 40
0.6
176
     1
 40
30.0
176
     1
 62
     7
420
 16777215
176
     1
 90
        1
176
     1
 90
        4
176
     1
 62
     7
176
     1
 62
   257
176
     1
 90
        1
176
     1
 90
        1
176
     1
 40
1.0
176
     1
 90
        0
176
     1
 62
   257
176
     1
 40
1.0
176
     1
 90
        1
176
     1
 90
        6
176
     1
 90
        2
176
     1
 62
     7
176
     1
 90
        5
176
     1
 90
        0
176
     1
 90
        0
176
     1
290
     0
176
     1
 90
        1
176
     1
 40
0.0
176
     1
 90
        0
176
     1
290
     1
176
     1
290
     1
176
     1
290
     0
176
     1
290
     0
176
     1
290
     0
176
     1
290
     0
176
     1
290
     0
176
     1
290
     0
176
     1
290
     0
176
     1
 90
       50
176
     1
 40
0.0
176
     1
 40
1.0
176
     1
 90
        0
176
     1
 62
    18
420
        0
176
     1
 90
       50
176
     1
 90
        3
176
     1
 62
     5
420
      255
176
     1
290
     0
176
     1
 90
       50
176
     1
 90
       50
176
     1
 90
       50
176
     1
290
     0
176
     1
 90
       50
176
     1
 62
   256
176
     0
 40
1.0
176
     0
 90
        2
176
     1
  1
strokes_ogs.tif
176
     1
290
     0
176
     1
 40
1.0
176
     1
 40
1.0
176
     1
  0
VISUALSTYLE
  5
32
102
{ACAD_REACTORS
330
2A
102
}
330
2A
100
AcDbVisualStyle
  2
Basic
 70
     7
177
     3
291
     1
 70
    58
 90
        1
176
     1
 90
        0
176
     1
 90
        1
176
     1
 90
        0
176
     1
 40
0.6
176
     1
 40
30.0
176
     1
 62
     7
420
 16777215
176
     1
 90
        0
176
     1
 90
        4
176
     1
 62
     7
176
     1
 62
   257
176
     1
 90
        1
176
     1
 90
        1
176
     1
 40
1.0
176
     1
 90
        8
176
     1
 62
     7
176
     1
 40
1.0
176
     1
 90
        1
176
     1
 90
        6
176
     1
 90
        2
176
     1
 62
     7
176
     1
 90
        5
176
     1
 90
        0
176
     1
 90
        0
176
     1
290
     0
176
     1
 90
        1
176
     1
 40
0.0
176
     1
 90
        0
176
     1
290
     0
176
     1
290
     1
176
     1
290
     1
176
     1
290
     0
176
     1
290
     0
176
     1
290
     0
176
     1
290
     0
176
     1
290
     0
176
     1
290
     0
176
     1
 90
       50
176
     1
 40
0.0
176
     1
 40
1.0
176
     1
 90
        0
176
     1
 62
    18
420
        0
176
     1
 90
       50
176
     1
 90
        3
176
     1
 62
     5
420
      255
176
     1
290
     0
176
     1
 90
       50
176
     1
 90
       50
176
     1
 90
       50
176
     1
290
     0
176
     1
 90
       50
176
     1
 62
   256
176
     0
 40
1.0
176
     0
 90
        2
176
     1
  1
strokes_ogs.tif
176
     1
290
     0
176
     1
 40
1.0
176
     1
 40
1.0
176
     1
  0
VISUALSTYLE
  5
36
102
{ACAD_REACTORS
330
2A
102
}
330
2A
100
AcDbVisualStyle
  2
Brighten
 70
    12
177
     3
291
     1
 70
    58
 90
        2
176
     1
 90
        2
176
     1
 90
        0
176
     1
 90
        0
176
     1
 40
0.6
176
     1
 40
30.0
176
     1
 62
     7
420
 16777215
176
     1
 90
        1
176
     1
 90
        4
176
     1
 62
     7
176
     1
 62
   257
176
     1
 90
        1
176
     1
 90
        1
176
     1
 40
1.0
176
     1
 90
        8
176
     1
 62
     7
176
     1
 40
1.0
176
     1
 90
        1
176
     1
 90
        6
176
     1
 90
        2
176
     1
 62
     7
176
     1
 90
        5
176
     1
 90
        0
176
     1
 90
        0
176
     1
290
     0
176
     1
 90
        1
176
     1
 40
50.0
176
     1
 90
        0
176
     1
290
     0
176
     1
290
     1
176
     1
290
     1
176
     1
290
     0
176
     1
290
     0
176
     1
290
     0
176
     1
290
     0
176
     1
290
     0
176
     1
290
     0
176
     1
 90
       50
176
     1
 40
0.0
176
     1
 40
1.0
176
     1
 90
        0
176
     1
 62
    18
420
        0
176
     1
 90
       50
176
     1
 90
        3
176
     1
 62
     5
420
      255
176
     1
290
     0
176
     1
 90
       50
176
     1
 90
       50
176
     1
 90
       50
176
     1
290
     0
176
     1
 90
       50
176
     1
 62
   256
176
     0
 40
1.0
176
     0
 90
        2
176
     1
  1
strokes_ogs.tif
176
     1
290
     0
176
     1
 40
1.0
176
     1
 40
1.0
176
     1
  0
VISUALSTYLE
  5
3A
102
{ACAD_REACTORS
330
2A
102
}
330
2A
100
AcDbVisualStyle
  2
ColorChange
 70
    16
177
     3
291
     1
 70
    58
 90
        2
176
     1
 90
        2
176
     1
 90
        3
176
     1
 90
        0
176
     1
 40
0.6
176
     1
 40
30.0
176
     1
 62
     8
420
  8421504
176
     1
 90
        1
176
     1
 90
        4
176
     1
 62
     7
176
     1
 62
   257
176
     1
 90
        1
176
     1
 90
        1
176
     1
 40
1.0
176
     1
 90
        8
176
     1
 62
     8
420
  8421504
176
     1
 40
1.0
176
     1
 90
        1
176
     1
 90
        6
176
     1
 90
        2
176
     1
 62
     7
176
     1
 90
        5
176
     1
 90
        0
176
     1
 90
        0
176
     1
290
     0
176
     1
 90
        1
176
     1
 40
0.0
176
     1
 90
        0
176
     1
290
     0
176
     1
290
     1
176
     1
290
     1
176
     1
290
     0
176
     1
290
     0
176
     1
290
     0
176
     1
290
     0
176
     1
290
     0
176
     1
290
     0
176
     1
 90
       50
176
     1
 40
0.0
176
     1
 40
1.0
176
     1
 90
        0
176
     1
 62
    18
420
        0
176
     1
 90
       50
176
     1
 90
        3
176
     1
 62
     5
420
      255
176
     1
290
     0
176
     1
 90
       50
176
     1
 90
       50
176
     1
 90
       50
176
     1
290
     0
176
     1
 90
       50
176
     1
 62
   256
176
     0
 40
1.0
176
     0
 90
        2
176
     1
  1
strokes_ogs.tif
176
     1
290
     0
176
     1
 40
1.0
176
     1
 40
1.0
176
     1
  0
VISUALSTYLE
  5
34
102
{ACAD_REACTORS
330
2A
102
}
330
2A
100
AcDbVisualStyle
  2
Conceptual
 70
     9
177
     3
291
     0
 70
    58
 90
        3
176
     1
 90
        2
176
     1
 90
        0
176
     1
 90
        0
176
     1
 40
0.6
176
     1
 40
30.0
176
     1
 62
     7
420
 16777215
176
     1
 90
        2
176
     1
 90
        2
176
     1
 62
     7
176
     1
 62
   257
176
     1
 90
        1
176
     1
 90
        1
176
     1
 40
179.0
176
     1
 90
        8
176
     1
 62
     7
176
     1
 40
1.0
176
     1
 90
        1
176
     1
 90
        6
176
     1
 90
        2
176
     1
 62
     7
176
     1
 90
        3
176
     1
 90
        0
176
     1
 90
        0
176
     1
290
     0
176
     1
 90
        1
176
     1
 40
0.0
176
     1
 90
        0
176
     1
290
     0
176
     1
290
     1
176
     1
290
     1
176
     1
290
     0
176
     1
290
     0
176
     1
290
     0
176
     1
290
     0
176
     1
290
     0
176
     1
290
     0
176
     1
 90
       50
176
     1
 40
0.0
176
     1
 40
1.0
176
     1
 90
        0
176
     1
 62
    18
420
        0
176
     1
 90
       50
176
     1
 90
        3
176
     1
 62
     5
420
      255
176
     1
290
     0
176
     1
 90
       50
176
     1
 90
       50
176
     1
 90
       50
176
     1
290
     0
176
     1
 90
       50
176
     1
 62
   256
176
     0
 40
1.0
176
     0
 90
        2
176
     1
  1
strokes_ogs.tif
176
     1
290
     0
176
     1
 40
1.0
176
     1
 40
1.0
176
     1
  0
VISUALSTYLE
  5
35
102
{ACAD_REACTORS
330
2A
102
}
330
2A
100
AcDbVisualStyle
  2
Dim
 70
    11
177
     3
291
     1
 70
    58
 90
        2
176
     1
 90
        2
176
     1
 90
        0
176
     1
 90
        0
176
     1
 40
0.6
176
     1
 40
30.0
176
     1
 62
     7
420
 16777215
176
     1
 90
        1
176
     1
 90
        4
176
     1
 62
     7
176
     1
 62
   257
176
     1
 90
        1
176
     1
 90
        1
176
     1
 40
1.0
176
     1
 90
        8
176
     1
 62
     7
176
     1
 40
1.0
176
     1
 90
        1
176
     1
 90
        6
176
     1
 90
        2
176
     1
 62
     7
176
     1
 90
        5
176
     1
 90
        0
176
     1
 90
        0
176
     1
290
     0
176
     1
 90
        1
176
     1
 40
-50.0
176
     1
 90
        0
176
     1
290
     0
176
     1
290
     1
176
     1
290
     1
176
     1
290
     0
176
     1
290
     0
176
     1
290
     0
176
     1
290
     0
176
     1
290
     0
176
     1
290
     0
176
     1
 90
       50
176
     1
 40
0.0
176
     1
 40
1.0
176
     1
 90
        0
176
     1
 62
    18
420
        0
176
     1
 90
       50
176
     1
 90
        3
176
     1
 62
     5
420
      255
176
     1
290
     0
176
     1
 90
       50
176
     1
 90
       50
176
     1
 90
       50
176
     1
290
     0
176
     1
 90
       50
176
     1
 62
   256
176
     0
 40
1.0
176
     0
 90
        2
176
     1
  1
strokes_ogs.tif
176
     1
290
     0
176
     1
 40
1.0
176
     1
 40
1.0
176
     1
  0
VISUALSTYLE
  5
3D
102
{ACAD_REACTORS
330
2A
102
}
330
2A
100
AcDbVisualStyle
  2
EdgeColorOff
 70
    22
177
     3
291
     1
 70
    58
 90
        2
176
     0
 90
        2
176
     0
 90
        0
176
     0
 90
        0
176
     0
 40
0.6
176
     0
 40
30.0
176
     0
 62
     7
420
 16777215
176
     0
 90
        1
176
     0
 90
        4
176
     0
 62
     7
176
     0
 62
   257
176
     0
 90
        1
176
     0
 90
        1
176
     0
 40
1.0
176
     0
 90
        8
176
     2
 62
     7
176
     0
 40
1.0
176
     0
 90
        1
176
     0
 90
        6
176
     0
 90
        2
176
     0
 62
     7
176
     0
 90
        5
176
     0
 90
        0
176
     0
 90
        0
176
     0
290
     0
176
     0
 90
        1
176
     0
 40
0.0
176
     0
 90
        0
176
     0
290
     0
176
     0
290
     1
176
     0
290
     1
176
     0
290
     0
176
     0
290
     0
176
     0
290
     0
176
     0
290
     0
176
     0
290
     0
176
     0
290
     0
176
     0
 90
       50
176
     0
 40
0.0
176
     0
 40
1.0
176
     0
 90
        0
176
     0
 62
    18
420
        0
176
     0
 90
       50
176
     0
 90
        3
176
     0
 62
     5
420
      255
176
     0
290
     0
176
     0
 90
       50
176
     0
 90
       50
176
     0
 90
       50
176
     0
290
     0
176
     0
 90
       50
176
     0
 62
   256
176
     0
 40
1.0
176
     0
 90
        2
176
     0
  1
strokes_ogs.tif
176
     0
290
     0
176
     0
 40
1.0
176
     0
 40
1.0
176
     0
  0
VISUALSTYLE
  5
39
102
{ACAD_REACTORS
330
2A
102
}
330
2A
100
AcDbVisualStyle
  2
Facepattern
 70
    15
177
     3
291
     1
 70
    58
 90
        2
176
     1
 90
        2
176
     1
 90
        0
176
     1
 90
        0
176
     1
 40
0.6
176
     1
 40
30.0
176
     1
 62
     7
420
 16777215
176
     1
 90
        1
176
     1
 90
        4
176
     1
 62
     7
176
     1
 62
   257
176
     1
 90
        1
176
     1
 90
        1
176
     1
 40
1.0
176
     1
 90
        8
176
     1
 62
     7
176
     1
 40
1.0
176
     1
 90
        1
176
     1
 90
        6
176
     1
 90
        2
176
     1
 62
     7
176
     1
 90
        5
176
     1
 90
        0
176
     1
 90
        0
176
     1
290
     0
176
     1
 90
        1
176
     1
 40
0.0
176
     1
 90
        0
176
     1
290
     0
176
     1
290
     1
176
     1
290
     1
176
     1
290
     0
176
     1
290
     0
176
     1
290
     0
176
     1
290
     0
176
     1
290
     0
176
     1
290
     0
176
     1
 90
       50
176
     1
 40
0.0
176
     1
 40
1.0
176
     1
 90
        0
176
     1
 62
    18
420
        0
176
     1
 90
       50
176
     1
 90
        3
176
     1
 62
     5
420
      255
176
     1
290
     0
176
     1
 90
       50
176
     1
 90
       50
176
     1
 90
       50
176
     1
290
     0
176
     1
 90
       50
176
     1
 62
   256
176
     0
 40
1.0
176
     0
 90
        2
176
     1
  1
strokes_ogs.tif
176
     1
290
     0
176
     1
 40
1.0
176
     1
 40
1.0
176
     1
  0
VISUALSTYLE
  5
2B
102
{ACAD_REACTORS
330
2A
102
}
330
2A
100
AcDbVisualStyle
  2
Flat
 70
     0
177
     3
291
     1
 70
    58
 90
        2
176
     1
 90
        1
176
     1
 90
        1
176
     1
 90
        2
176
     1
 40
0.6
176
     1
 40
30.0
176
     1
 62
     7
420
 16777215
176
     1
 90
        0
176
     1
 90
        0
176
     1
 62
     7
176
     1
 62
   257
176
     1
 90
        1
176
     1
 90
        1
176
     1
 40
1.0
176
     1
 90
        8
176
     1
 62
     7
176
     1
 40
1.0
176
     1
 90
        1
176
     1
 90
        6
176
     1
 90
        2
176
     1
 62
     7
176
     1
 90
        5
176
     1
 90
        0
176
     1
 90
        0
176
     1
290
     0
176
     1
 90
       13
176
     1
 40
0.0
176
     1
 90
        0
176
     1
290
     0
176
     1
290
     1
176
     1
290
     1
176
     1
290
     0
176
     1
290
     0
176
     1
290
     0
176
     1
290
     0
176
     1
290
     0
176
     1
290
     0
176
     1
 90
       50
176
     1
 40
0.0
176
     1
 40
1.0
176
     1
 90
        0
176
     1
 62
    18
420
        0
176
     1
 90
       50
176
     1
 90
        3
176
     1
 62
     5
420
      255
176
     1
290
     0
176
     1
 90
       50
176
     1
 90
       50
176
     1
 90
       50
176
     1
290
     0
176
     1
 90
       50
176
     1
 62
   256
176
     0
 40
1.0
176
     0
 90
        2
176
     1
  1
strokes_ogs.tif
176
     1
290
     0
176
     1
 40
1.0
176
     1
 40
1.0
176
     1
  0
VISUALSTYLE
  5
2C
102
{ACAD_REACTORS
330
2A
102
}
330
2A
100
AcDbVisualStyle
  2
FlatWithEdges
 70
     1
177
     3
291
     1
 70
    58
 90
        2
176
     1
 90
        1
176
     1
 90
        1
176
     1
 90
        2
176
     1
 40
0.6
176
     1
 40
30.0
176
     1
 62
     7
420
 16777215
176
     1
 90
        1
176
     1
 90
        0
176
     1
 62
     7
176
     1
 62
   257
176
     1
 90
        1
176
     1
 90
        1
176
     1
 40
1.0
176
     1
 90
        0
176
     1
 62
   257
176
     1
 40
1.0
176
     1
 90
        1
176
     1
 90
        6
176
     1
 90
        2
176
     1
 62
     7
176
     1
 90
        5
176
     1
 90
        0
176
     1
 90
        0
176
     1
290
     0
176
     1
 90
       13
176
     1
 40
0.0
176
     1
 90
        0
176
     1
290
     0
176
     1
290
     1
176
     1
290
     1
176
     1
290
     0
176
     1
290
     0
176
     1
290
     0
176
     1
290
     0
176
     1
290
     0
176
     1
290
     0
176
     1
 90
       50
176
     1
 40
0.0
176
     1
 40
1.0
176
     1
 90
        0
176
     1
 62
    18
420
        0
176
     1
 90
       50
176
     1
 90
        3
176
     1
 62
     5
420
      255
176
     1
290
     0
176
     1
 90
       50
176
     1
 90
       50
176
     1
 90
       50
176
     1
290
     0
176
     1
 90
       50
176
     1
 62
   256
176
     0
 40
1.0
176
     0
 90
        2
176
     1
  1
strokes_ogs.tif
176
     1
290
     0
176
     1
 40
1.0
176
     1
 40
1.0
176
     1
  0
VISUALSTYLE
  5
2D
102
{ACAD_REACTORS
330
2A
102
}
330
2A
100
AcDbVisualStyle
  2
Gouraud
 70
     2
177
     3
291
     1
 70
    58
 90
        2
176
     1
 90
        2
176
     1
 90
        1
176
     1
 90
        2
176
     1
 40
0.6
176
     1
 40
30.0
176
     1
 62
     7
420
 16777215
176
     1
 90
        0
176
     1
 90
        0
176
     1
 62
     7
176
     1
 62
   257
176
     1
 90
        1
176
     1
 90
        1
176
     1
 40
1.0
176
     1
 90
        0
176
     1
 62
     7
176
     1
 40
1.0
176
     1
 90
        1
176
     1
 90
        6
176
     1
 90
        2
176
     1
 62
     7
176
     1
 90
        5
176
     1
 90
        0
176
     1
 90
        0
176
     1
290
     0
176
     1
 90
       13
176
     1
 40
0.0
176
     1
 90
        0
176
     1
290
     0
176
     1
290
     1
176
     1
290
     1
176
     1
290
     0
176
     1
290
     0
176
     1
290
     0
176
     1
290
     0
176
     1
290
     0
176
     1
290
     0
176
     1
 90
       50
176
     1
 40
0.0
176
     1
 40
1.0
176
     1
 90
        0
176
     1
 62
    18
420
        0
176
     1
 90
       50
176
     1
 90
        3
176
     1
 62
     5
420
      255
176
     1
290
     0
176
     1
 90
       50
176
     1
 90
       50
176
     1
 90
       50
176
     1
290
     0
176
     1
 90
       50
176
     1
 62
   256
176
     0
 40
1.0
176
     0
 90
        2
176
     1
  1
strokes_ogs.tif
176
     1
290
     0
176
     1
 40
1.0
176
     1
 40
1.0
176
     1
  0
VISUALSTYLE
  5
2E
102
{ACAD_REACTORS
330
2A
102
}
330
2A
100
AcDbVisualStyle
  2
GouraudWithEdges
 70
     3
177
     3
291
     1
 70
    58
 90
        2
176
     1
 90
        2
176
     1
 90
        1
176
     1
 90
        2
176
     1
 40
0.6
176
     1
 40
30.0
176
     1
 62
     7
420
 16777215
176
     1
 90
        1
176
     1
 90
        0
176
     1
 62
     7
176
     1
 62
   257
176
     1
 90
        1
176
     1
 90
        1
176
     1
 40
1.0
176
     1
 90
        0
176
     1
 62
   257
176
     1
 40
1.0
176
     1
 90
        1
176
     1
 90
        6
176
     1
 90
        2
176
     1
 62
     7
176
     1
 90
        5
176
     1
 90
        0
176
     1
 90
        0
176
     1
290
     0
176
     1
 90
       13
176
     1
 40
0.0
176
     1
 90
        0
176
     1
290
     0
176
     1
290
     1
176
     1
290
     1
176
     1
290
     0
176
     1
290
     0
176
     1
290
     0
176
     1
290
     0
176
     1
290
     0
176
     1
290
     0
176
     1
 90
       50
176
     1
 40
0.0
176
     1
 40
1.0
176
     1
 90
        0
176
     1
 62
    18
420
        0
176
     1
 90
       50
176
     1
 90
        3
176
     1
 62
     5
420
      255
176
     1
290
     0
176
     1
 90
       50
176
     1
 90
       50
176
     1
 90
       50
176
     1
290
     0
176
     1
 90
       50
176
     1
 62
   256
176
     0
 40
1.0
176
     0
 90
        2
176
     1
  1
strokes_ogs.tif
176
     1
290
     0
176
     1
 40
1.0
176
     1
 40
1.0
176
     1
  0
VISUALSTYLE
  5
31
102
{ACAD_REACTORS
330
2A
102
}
330
2A
100
AcDbVisualStyle
  2
Hidden
 70
     6
177
     3
291
     0
 70
    58
 90
        1
176
     1
 90
        2
176
     1
 90
        2
176
     1
 90
        0
176
     1
 40
0.6
176
     1
 40
30.0
176
     1
 62
     7
420
 16777215
176
     1
 90
        2
176
     1
 90
        2
176
     1
 62
     7
176
     1
 62
   257
176
     1
 90
        2
176
     1
 90
        1
176
     1
 40
40.0
176
     1
 90
        0
176
     1
 62
   257
176
     1
 40
1.0
176
     1
 90
        1
176
     1
 90
        6
176
     1
 90
        2
176
     1
 62
     7
176
     1
 90
        3
176
     1
 90
        0
176
     1
 90
        0
176
     1
290
     0
176
     1
 90
        1
176
     1
 40
0.0
176
     1
 90
        0
176
     1
290
     0
176
     1
290
     1
176
     1
290
     1
176
     1
290
     0
176
     1
290
     0
176
     1
290
     0
176
     1
290
     0
176
     1
290
     0
176
     1
290
     0
176
     1
 90
       50
176
     1
 40
0.0
176
     1
 40
1.0
176
     1
 90
        0
176
     1
 62
    18
420
        0
176
     1
 90
       50
176
     1
 90
        3
176
     1
 62
     5
420
      255
176
     1
290
     0
176
     1
 90
       50
176
     1
 90
       50
176
     1
 90
       50
176
     1
290
     0
176
     1
 90
       50
176
     1
 62
   256
176
     0
 40
1.0
176
     0
 90
        2
176
     1
  1
strokes_ogs.tif
176
     1
290
     0
176
     1
 40
1.0
176
     1
 40
1.0
176
     1
  0
VISUALSTYLE
  5
3B
102
{ACAD_REACTORS
330
2A
102
}
330
2A
100
AcDbVisualStyle
  2
JitterOff
 70
    20
177
     3
291
     1
 70
    58
 90
        2
176
     0
 90
        2
176
     0
 90
        0
176
     0
 90
        0
176
     0
 40
0.6
176
     0
 40
30.0
176
     0
 62
     7
420
 16777215
176
     0
 90
        1
176
     0
 90
        4
176
     0
 62
     7
176
     0
 62
   257
176
     0
 90
        1
176
     0
 90
        1
176
     0
 40
1.0
176
     0
 90
       10
176
     2
 62
     7
176
     0
 40
1.0
176
     0
 90
        1
176
     0
 90
        6
176
     0
 90
        2
176
     0
 62
     7
176
     0
 90
        5
176
     0
 90
        0
176
     0
 90
        0
176
     0
290
     0
176
     0
 90
        1
176
     0
 40
0.0
176
     0
 90
        0
176
     0
290
     0
176
     0
290
     1
176
     0
290
     1
176
     0
290
     0
176
     0
290
     0
176
     0
290
     0
176
     0
290
     0
176
     0
290
     0
176
     0
290
     0
176
     0
 90
       50
176
     0
 40
0.0
176
     0
 40
1.0
176
     0
 90
        0
176
     0
 62
    18
420
        0
176
     0
 90
       50
176
     0
 90
        3
176
     0
 62
     5
420
      255
176
     0
290
     0
176
     0
 90
       50
176
     0
 90
       50
176
     0
 90
       50
176
     0
290
     0
176
     0
 90
       50
176
     0
 62
   256
176
     0
 40
1.0
176
     0
 90
        2
176
     0
  1
strokes_ogs.tif
176
     0
290
     0
176
     0
 40
1.0
176
     0
 40
1.0
176
     0
  0
VISUALSTYLE
  5
38
102
{ACAD_REACTORS
330
2A
102
}
330
2A
100
AcDbVisualStyle
  2
Linepattern
 70
    14
177
     3
291
     1
 70
    58
 90
        2
176
     1
 90
        2
176
     1
 90
        0
176
     1
 90
        0
176
     1
 40
0.6
176
     1
 40
30.0
176
     1
 62
     7
420
 16777215
176
     1
 90
        1
176
     1
 90
        4
176
     1
 62
     7
176
     1
 62
   257
176
     1
 90
        7
176
     1
 90
        7
176
     1
 40
1.0
176
     1
 90
        8
176
     1
 62
     7
176
     1
 40
1.0
176
     1
 90
        1
176
     1
 90
        6
176
     1
 90
        2
176
     1
 62
     7
176
     1
 90
        5
176
     1
 90
        0
176
     1
 90
        0
176
     1
290
     0
176
     1
 90
        1
176
     1
 40
0.0
176
     1
 90
        0
176
     1
290
     0
176
     1
290
     1
176
     1
290
     1
176
     1
290
     0
176
     1
290
     0
176
     1
290
     0
176
     1
290
     0
176
     1
290
     0
176
     1
290
     0
176
     1
 90
       50
176
     1
 40
0.0
176
     1
 40
1.0
176
     1
 90
        0
176
     1
 62
    18
420
        0
176
     1
 90
       50
176
     1
 90
        3
176
     1
 62
     5
420
      255
176
     1
290
     0
176
     1
 90
       50
176
     1
 90
       50
176
     1
 90
       50
176
     1
290
     0
176
     1
 90
       50
176
     1
 62
   256
176
     0
 40
1.0
176
     0
 90
        2
176
     1
  1
strokes_ogs.tif
176
     1
290
     0
176
     1
 40
1.0
176
     1
 40
1.0
176
     1
  0
VISUALSTYLE
  5
3C
102
{ACAD_REACTORS
330
2A
102
}
330
2A
100
AcDbVisualStyle
  2
OverhangOff
 70
    21
177
     3
291
     1
 70
    58
 90
        2
176
     0
 90
        2
176
     0
 90
        0
176
     0
 90
        0
176
     0
 40
0.6
176
     0
 40
30.0
176
     0
 62
     7
420
 16777215
176
     0
 90
        1
176
     0
 90
        4
176
     0
 62
     7
176
     0
 62
   257
176
     0
 90
        1
176
     0
 90
        1
176
     0
 40
1.0
176
     0
 90
        9
176
     2
 62
     7
176
     0
 40
1.0
176
     0
 90
        1
176
     0
 90
        6
176
     0
 90
        2
176
     0
 62
     7
176
     0
 90
        5
176
     0
 90
        0
176
     0
 90
        0
176
     0
290
     0
176
     0
 90
        1
176
     0
 40
0.0
176
     0
 90
        0
176
     0
290
     0
176
     0
290
     1
176
     0
290
     1
176
     0
290
     0
176
     0
290
     0
176
     0
290
     0
176
     0
290
     0
176
     0
290
     0
176
     0
290
     0
176
     0
 90
       50
176
     0
 40
0.0
176
     0
 40
1.0
176
     0
 90
        0
176
     0
 62
    18
420
        0
176
     0
 90
       50
176
     0
 90
        3
176
     0
 62
     5
420
      255
176
     0
290
     0
176
     0
 90
       50
176
     0
 90
       50
176
     0
 90
       50
176
     0
290
     0
176
     0
 90
       50
176
     0
 62
   256
176
     0
 40
1.0
176
     0
 90
        2
176
     0
  1
strokes_ogs.tif
176
     0
290
     0
176
     0
 40
1.0
176
     0
 40
1.0
176
     0
  0
VISUALSTYLE
  5
33
102
{ACAD_REACTORS
330
2A
102
}
330
2A
100
AcDbVisualStyle
  2
Realistic
 70
     8
177
     3
291
     0
 70
    58
 90
        2
176
     1
 90
        3
176
     1
 90
        0
176
     1
 90
        2
176
     1
 40
0.6
176
     1
 40
30.0
176
     1
 62
     7
420
 16777215
176
     1
 90
        0
176
     1
 90
        0
176
     1
 62
     7
176
     1
 62
   257
176
     1
 90
        1
176
     1
 90
        1
176
     1
 40
1.0
176
     1
 90
        8
176
     1
 62
   257
176
     1
 40
1.0
176
     1
 90
        1
176
     1
 90
        6
176
     1
 90
        2
176
     1
 62
     7
176
     1
 90
        3
176
     1
 90
        0
176
     1
 90
        0
176
     1
290
     0
176
     1
 90
       13
176
     1
 40
0.0
176
     1
 90
        0
176
     1
290
     0
176
     1
290
     1
176
     1
290
     1
176
     1
290
     0
176
     1
290
     0
176
     1
290
     0
176
     1
290
     0
176
     1
290
     0
176
     1
290
     0
176
     1
 90
       50
176
     1
 40
0.0
176
     1
 40
1.0
176
     1
 90
        0
176
     1
 62
    18
420
        0
176
     1
 90
       50
176
     1
 90
        3
176
     1
 62
     5
420
      255
176
     1
290
     0
176
     1
 90
       50
176
     1
 90
       50
176
     1
 90
       50
176
     1
290
     0
176
     1
 90
       50
176
     1
 62
   256
176
     0
 40
1.0
176
     0
 90
        2
176
     1
  1
strokes_ogs.tif
176
     1
290
     0
176
     1
 40
1.0
176
     1
 40
1.0
176
     1
  0
VISUALSTYLE
  5
42
102
{ACAD_REACTORS
330
2A
102
}
330
2A
100
AcDbVisualStyle
  2
Shaded
 70
    27
177
     3
291
     0
 70
    58
 90
        2
176
     1
 90
        2
176
     1
 90
        1
176
     1
 90
        2
176
     1
 40
0.6
176
     1
 40
30.0
176
     1
 62
     7
420
 16777215
176
     1
 90
        0
176
     1
 90
        4
176
     1
 62
     7
176
     1
 62
   257
176
     1
 90
        1
176
     1
 90
        1
176
     1
 40
1.0
176
     1
 90
        8
176
     1
 62
   257
176
     1
 40
1.0
176
     1
 90
        1
176
     1
 90
        6
176
     1
 90
        2
176
     1
 62
     8
420
  7895160
176
     1
 90
        3
176
     1
 90
        0
176
     1
 90
        0
176
     1
290
     0
176
     1
 90
        5
176
     1
 40
0.0
176
     1
 90
        0
176
     1
290
     0
176
     1
290
     1
176
     1
290
     1
176
     1
290
     0
176
     1
290
     0
176
     1
290
     0
176
     1
290
     0
176
     1
290
     0
176
     1
290
     0
176
     1
 90
       50
176
     1
 40
0.0
176
     1
 40
1.0
176
     1
 90
        0
176
     1
 62
    18
420
        0
176
     1
 90
       50
176
     1
 90
        3
176
     1
 62
     5
420
      255
176
     1
290
     0
176
     1
 90
       50
176
     1
 90
       50
176
     1
 90
       50
176
     1
290
     0
176
     1
 90
       50
176
     1
 62
   256
176
     0
 40
1.0
176
     0
 90
        2
176
     1
  1
strokes_ogs.tif
176
     1
290
     0
176
     1
 40
1.0
176
     1
 40
1.0
176
     1
  0
VISUALSTYLE
  5
41
102
{ACAD_REACTORS
330
2A
102
}
330
2A
100
AcDbVisualStyle
  2
Shaded with edges
 70
    26
177
     3
291
     0
 70
    58
 90
        2
176
     1
 90
        2
176
     1
 90
        1
176
     1
 90
        2
176
     1
 40
0.6
176
     1
 40
30.0
176
     1
 62
     7
420
 16777215
176
     1
 90
        1
176
     1
 90
       10
176
     1
 62
     7
176
     1
 62
   257
176
     1
 90
        2
176
     1
 90
        1
176
     1
 40
1.0
176
     1
 90
        8
176
     1
 62
   257
176
     1
 40
1.0
176
     1
 90
        1
176
     1
 90
        6
176
     1
 90
        2
176
     1
 62
     7
176
     1
 90
        3
176
     1
 90
        0
176
     1
 90
        0
176
     1
290
     0
176
     1
 90
        5
176
     1
 40
0.0
176
     1
 90
        0
176
     1
290
     0
176
     1
290
     1
176
     1
290
     1
176
     1
290
     0
176
     1
290
     0
176
     1
290
     0
176
     1
290
     0
176
     1
290
     0
176
     1
290
     0
176
     1
 90
       50
176
     1
 40
0.0
176
     1
 40
1.0
176
     1
 90
        0
176
     1
 62
    18
420
        0
176
     1
 90
       50
176
     1
 90
        3
176
     1
 62
     5
420
      255
176
     1
290
     0
176
     1
 90
       50
176
     1
 90
       50
176
     1
 90
       50
176
     1
290
     0
176
     1
 90
       50
176
     1
 62
   256
176
     0
 40
1.0
176
     0
 90
        2
176
     1
  1
strokes_ogs.tif
176
     1
290
     0
176
     1
 40
1.0
176
     1
 40
1.0
176
     1
  0
VISUALSTYLE
  5
3E
102
{ACAD_REACTORS
330
2A
102
}
330
2A
100
AcDbVisualStyle
  2
Shades of Gray
 70
    23
177
     3
291
     0
 70
    58
 90
        2
176
     1
 90
        2
176
     1
 90
        3
176
     1
 90
        0
176
     1
 40
0.6
176
     1
 40
30.0
176
     1
 62
     7
420
 16777215
176
     1
 90
        2
176
     1
 90
        2
176
     1
 62
     7
176
     1
 62
     7
176
     1
 90
        1
176
     1
 90
        1
176
     1
 40
40.0
176
     1
 90
        8
176
     1
 62
     7
176
     1
 40
1.0
176
     1
 90
        1
176
     1
 90
        6
176
     1
 90
        2
176
     1
 62
     7
176
     1
 90
        3
176
     1
 90
        0
176
     1
 90
        0
176
     1
290
     0
176
     1
 90
        1
176
     1
 40
0.0
176
     1
 90
        0
176
     1
290
     0
176
     1
290
     1
176
     1
290
     1
176
     1
290
     0
176
     1
290
     0
176
     1
290
     0
176
     1
290
     0
176
     1
290
     0
176
     1
290
     0
176
     1
 90
       50
176
     1
 40
0.0
176
     1
 40
1.0
176
     1
 90
        0
176
     1
 62
    18
420
        0
176
     1
 90
       50
176
     1
 90
        3
176
     1
 62
     5
420
      255
176
     1
290
     0
176
     1
 90
       50
176
     1
 90
       50
176
     1
 90
       50
176
     1
290
     0
176
     1
 90
       50
176
     1
 62
   256
176
     0
 40
1.0
176
     0
 90
        2
176
     1
  1
strokes_ogs.tif
176
     1
290
     0
176
     1
 40
1.0
176
     1
 40
1.0
176
     1
  0
VISUALSTYLE
  5
3F
102
{ACAD_REACTORS
330
2A
102
}
330
2A
100
AcDbVisualStyle
  2
Sketchy
 70
    24
177
     3
291
     0
 70
    58
 90
        1
176
     1
 90
        2
176
     1
 90
        2
176
     1
 90
        0
176
     1
 40
0.6
176
     1
 40
30.0
176
     1
 62
     7
420
 16777215
176
     1
 90
        2
176
     1
 90
        2
176
     1
 62
     7
176
     1
 62
     7
176
     1
 90
        1
176
     1
 90
        1
176
     1
 40
40.0
176
     1
 90
       11
176
     1
 62
     7
176
     1
 40
1.0
176
     1
 90
        1
176
     1
 90
        6
176
     1
 90
        2
176
     1
 62
     7
176
     1
 90
        6
176
     1
 90
        0
176
     1
 90
        0
176
     1
290
     0
176
     1
 90
        1
176
     1
 40
0.0
176
     1
 90
        0
176
     1
290
     0
176
     1
290
     1
176
     1
290
     1
176
     1
290
     0
176
     1
290
     0
176
     1
290
     0
176
     1
290
     0
176
     1
290
     0
176
     1
290
     0
176
     1
 90
       50
176
     1
 40
0.0
176
     1
 40
1.0
176
     1
 90
        0
176
     1
 62
    18
420
        0
176
     1
 90
       50
176
     1
 90
        3
176
     1
 62
     5
420
      255
176
     1
290
     0
176
     1
 90
       50
176
     1
 90
       50
176
     1
 90
       50
176
     1
290
     0
176
     1
 90
       50
176
     1
 62
   256
176
     0
 40
1.0
176
     0
 90
        2
176
     1
  1
strokes_ogs.tif
176
     1
290
     0
176
     1
 40
1.0
176
     1
 40
1.0
176
     1
  0
VISUALSTYLE
  5
37
102
{ACAD_REACTORS
330
2A
102
}
330
2A
100
AcDbVisualStyle
  2
Thicken
 70
    13
177
     3
291
     1
 70
    58
 90
        2
176
     1
 90
        2
176
     1
 90
        0
176
     1
 90
        0
176
     1
 40
0.6
176
     1
 40
30.0
176
     1
 62
     7
420
 16777215
176
     1
 90
        1
176
     1
 90
        4
176
     1
 62
     7
176
     1
 62
   257
176
     1
 90
        1
176
     1
 90
        1
176
     1
 40
1.0
176
     1
 90
       12
176
     1
 62
     7
176
     1
 40
1.0
176
     1
 90
        1
176
     1
 90
        6
176
     1
 90
        2
176
     1
 62
     7
176
     1
 90
        5
176
     1
 90
        0
176
     1
 90
        0
176
     1
290
     0
176
     1
 90
        1
176
     1
 40
0.0
176
     1
 90
        0
176
     1
290
     0
176
     1
290
     1
176
     1
290
     1
176
     1
290
     0
176
     1
290
     0
176
     1
290
     0
176
     1
290
     0
176
     1
290
     0
176
     1
290
     0
176
     1
 90
       50
176
     1
 40
0.0
176
     1
 40
1.0
176
     1
 90
        0
176
     1
 62
    18
420
        0
176
     1
 90
       50
176
     1
 90
        3
176
     1
 62
     5
420
      255
176
     1
290
     0
176
     1
 90
       50
176
     1
 90
       50
176
     1
 90
       50
176
     1
290
     0
176
     1
 90
       50
176
     1
 62
   256
176
     0
 40
1.0
176
     0
 90
        2
176
     1
  1
strokes_ogs.tif
176
     1
290
     0
176
     1
 40
1.0
176
     1
 40
1.0
176
     1
  0
VISUALSTYLE
  5
30
102
{ACAD_REACTORS
330
2A
102
}
330
2A
100
AcDbVisualStyle
  2
Wireframe
 70
     5
177
     3
291
     0
 70
    58
 90
        0
176
     1
 90
        2
176
     1
 90
        0
176
     1
 90
        0
176
     1
 40
0.6
176
     1
 40
30.0
176
     1
 62
     7
420
 16777215
176
     1
 90
        1
176
     1
 90
        4
176
     1
 62
     7
176
     1
 62
   257
176
     1
 90
        1
176
     1
 90
        1
176
     1
 40
1.0
176
     1
 90
        0
176
     1
 62
   257
176
     1
 40
1.0
176
     1
 90
        1
176
     1
 90
        6
176
     1
 90
        2
176
     1
 62
     7
176
     1
 90
        3
176
     1
 90
        0
176
     1
 90
        0
176
     1
290
     0
176
     1
 90
        1
176
     1
 40
0.0
176
     1
 90
        0
176
     1
290
     0
176
     1
290
     1
176
     1
290
     1
176
     1
290
     0
176
     1
290
     0
176
     1
290
     0
176
     1
290
     0
176
     1
290
     0
176
     1
290
     0
176
     1
 90
       50
176
     1
 40
0.0
176
     1
 40
1.0
176
     1
 90
        0
176
     1
 62
    18
420
        0
176
     1
 90
       50
176
     1
 90
        3
176
     1
 62
     5
420
      255
176
     1
290
     0
176
     1
 90
       50
176
     1
 90
       50
176
     1
 90
       50
176
     1
290
     0
176
     1
 90
       50
176
     1
 62
   256
176
     0
 40
1.0
176
     0
 90
        2
176
     1
  1
strokes_ogs.tif
176
     1
290
     0
176
     1
 40
1.0
176
     1
 40
1.0
176
     1
  0
VISUALSTYLE
  5
40
102
{ACAD_REACTORS
330
2A
102
}
330
2A
100
AcDbVisualStyle
  2
X-Ray
 70
    25
177
     3
291
     0
 70
    58
 90
        2
176
     1
 90
        2
176
     1
 90
        1
176
     1
 90
        1
176
     1
 40
0.5
176
     1
 40
30.0
176
     1
 62
     7
420
 16777215
176
     1
 90
        1
176
     1
 90
        0
176
     1
 62
     7
176
     1
 62
   257
176
     1
 90
        1
176
     1
 90
        1
176
     1
 40
1.0
176
     1
 90
        8
176
     1
 62
     7
176
     1
 40
1.0
176
     1
 90
        1
176
     1
 90
        6
176
     1
 90
        2
176
     1
 62
     7
176
     1
 90
        3
176
     1
 90
        0
176
     1
 90
        0
176
     1
290
     0
176
     1
 90
       13
176
     1
 40
0.0
176
     1
 90
        0
176
     1
290
     0
176
     1
290
     1
176
     1
290
     1
176
     1
290
     0
176
     1
290
     0
176
     1
290
     0
176
     1
290
     0
176
     1
290
     0
176
     1
290
     0
176
     1
 90
       50
176
     1
 40
0.0
176
     1
 40
1.0
176
     1
 90
        0
176
     1
 62
    18
420
        0
176
     1
 90
       50
176
     1
 90
        3
176
     1
 62
     5
420
      255
176
     1
290
     0
176
     1
 90
       50
176
     1
 90
       50
176
     1
 90
       50
176
     1
290
     0
176
     1
 90
       50
176
     1
 62
   256
176
     0
 40
1.0
176
     0
 90
        2
176
     1
  1
strokes_ogs.tif
176
     1
290
     0
176
     1
 40
1.0
176
     1
 40
1.0
176
     1
  0
DICTIONARYVAR
  5
113
102
{ACAD_REACTORS
330
112
102
}
330
112
100
DictionaryVariables
280
     0
  1
1:1
  0
DICTIONARYVAR
  5
11B
102
{ACAD_REACTORS
330
112
102
}
330
112
100
DictionaryVariables
280
     0
  1
3.500000
  0
DICTIONARYVAR
  5
11C
102
{ACAD_REACTORS
330
112
102
}
330
112
100
DictionaryVariables
280
     0
  1
acadiso.lin
  0
DICTIONARYVAR
  5
118
102
{ACAD_REACTORS
330
112
102
}
330
112
100
DictionaryVariables
280
     0
  1
Standard
  0
DICTIONARYVAR
  5
117
102
{ACAD_REACTORS
330
112
102
}
330
112
100
DictionaryVariables
280
     0
  1
Standard
  0
DICTIONARY
  5
114
330
5A
100
AcDbDictionary
280
     1
281
     1
  3
ACAD_ROUNDTRIP_2008_TABLESTYLE_CELLSTYLEMAP
360
115
  0
CELLSTYLEMAP
  5
115
102
{ACAD_REACTORS
330
114
102
}
330
114
100
AcDbCellStyleMap
 90
        3
300
CELLSTYLE
  1
TABLEFORMAT_BEGIN
 90
        5
170
     1
 91
        0
 92
    32768
 62
   257
 93
        1
300
CONTENTFORMAT
  1
CONTENTFORMAT_BEGIN
 90
        0
 91
        0
 92
        4
 93
        0
300

 40
0.0
140
1.0
 94
        5
 62
     0
340
11
144
6.0
309
CONTENTFORMAT_END
171
     1
301
MARGIN
  1
CELLMARGIN_BEGIN
 40
1.5
 40
1.5
 40
1.5
 40
1.5
 40
1.5
 40
1.5
309
CELLMARGIN_END
 94
        6
 95
        1
302
GRIDFORMAT
  1
GRIDFORMAT_BEGIN
 90
        0
 91
        1
 62
     0
 92
       -2
340
14
 93
        0
 40
0.045
309
GRIDFORMAT_END
 95
        2
302
GRIDFORMAT
  1
GRIDFORMAT_BEGIN
 90
        0
 91
        1
 62
     0
 92
       -2
340
14
 93
        0
 40
0.045
309
GRIDFORMAT_END
 95
        4
302
GRIDFORMAT
  1
GRIDFORMAT_BEGIN
 90
        0
 91
        1
 62
     0
 92
       -2
340
14
 93
        0
 40
0.045
309
GRIDFORMAT_END
 95
        8
302
GRIDFORMAT
  1
GRIDFORMAT_BEGIN
 90
        0
 91
        1
 62
     0
 92
       -2
340
14
 93
        0
 40
0.045
309
GRIDFORMAT_END
 95
       16
302
GRIDFORMAT
  1
GRIDFORMAT_BEGIN
 90
        0
 91
        1
 62
     0
 92
       -2
340
14
 93
        0
 40
0.045
309
GRIDFORMAT_END
 95
       32
302
GRIDFORMAT
  1
GRIDFORMAT_BEGIN
 90
        0
 91
        1
 62
     0
 92
       -2
340
14
 93
        0
 40
0.045
309
GRIDFORMAT_END
309
TABLEFORMAT_END
  1
CELLSTYLE_BEGIN
 90
        1
 91
        1
300
_TITLE
309
CELLSTYLE_END
300
CELLSTYLE
  1
TABLEFORMAT_BEGIN
 90
        5
170
     1
 91
        0
 92
        0
 62
   257
 93
        1
300
CONTENTFORMAT
  1
CONTENTFORMAT_BEGIN
 90
        0
 91
        0
 92
        4
 93
        0
300

 40
0.0
140
1.0
 94
        5
 62
     0
340
11
144
4.5
309
CONTENTFORMAT_END
171
     1
301
MARGIN
  1
CELLMARGIN_BEGIN
 40
1.5
 40
1.5
 40
1.5
 40
1.5
 40
1.5
 40
1.5
309
CELLMARGIN_END
 94
        6
 95
        1
302
GRIDFORMAT
  1
GRIDFORMAT_BEGIN
 90
        0
 91
        1
 62
     0
 92
       -2
340
14
 93
        0
 40
0.045
309
GRIDFORMAT_END
 95
        2
302
GRIDFORMAT
  1
GRIDFORMAT_BEGIN
 90
        0
 91
        1
 62
     0
 92
       -2
340
14
 93
        0
 40
0.045
309
GRIDFORMAT_END
 95
        4
302
GRIDFORMAT
  1
GRIDFORMAT_BEGIN
 90
        0
 91
        1
 62
     0
 92
       -2
340
14
 93
        0
 40
0.045
309
GRIDFORMAT_END
 95
        8
302
GRIDFORMAT
  1
GRIDFORMAT_BEGIN
 90
        0
 91
        1
 62
     0
 92
       -2
340
14
 93
        0
 40
0.045
309
GRIDFORMAT_END
 95
       16
302
GRIDFORMAT
  1
GRIDFORMAT_BEGIN
 90
        0
 91
        1
 62
     0
 92
       -2
340
14
 93
        0
 40
0.045
309
GRIDFORMAT_END
 95
       32
302
GRIDFORMAT
  1
GRIDFORMAT_BEGIN
 90
        0
 91
        1
 62
     0
 92
       -2
340
14
 93
        0
 40
0.045
309
GRIDFORMAT_END
309
TABLEFORMAT_END
  1
CELLSTYLE_BEGIN
 90
        2
 91
        1
300
_HEADER
309
CELLSTYLE_END
300
CELLSTYLE
  1
TABLEFORMAT_BEGIN
 90
        5
170
     1
 91
        0
 92
        0
 62
   257
 93
        1
300
CONTENTFORMAT
  1
CONTENTFORMAT_BEGIN
 90
        0
 91
        0
 92
        4
 93
        0
300

 40
0.0
140
1.0
 94
        2
 62
     0
340
11
144
4.5
309
CONTENTFORMAT_END
171
     1
301
MARGIN
  1
CELLMARGIN_BEGIN
 40
1.5
 40
1.5
 40
1.5
 40
1.5
 40
1.5
 40
1.5
309
CELLMARGIN_END
 94
        6
 95
        1
302
GRIDFORMAT
  1
GRIDFORMAT_BEGIN
 90
        0
 91
        1
 62
     0
 92
       -2
340
14
 93
        0
 40
0.045
309
GRIDFORMAT_END
 95
        2
302
GRIDFORMAT
  1
GRIDFORMAT_BEGIN
 90
        0
 91
        1
 62
     0
 92
       -2
340
14
 93
        0
 40
0.045
309
GRIDFORMAT_END
 95
        4
302
GRIDFORMAT
  1
GRIDFORMAT_BEGIN
 90
        0
 91
        1
 62
     0
 92
       -2
340
14
 93
        0
 40
0.045
309
GRIDFORMAT_END
 95
        8
302
GRIDFORMAT
  1
GRIDFORMAT_BEGIN
 90
        0
 91
        1
 62
     0
 92
       -2
340
14
 93
        0
 40
0.045
309
GRIDFORMAT_END
 95
       16
302
GRIDFORMAT
  1
GRIDFORMAT_BEGIN
 90
        0
 91
        1
 62
     0
 92
       -2
340
14
 93
        0
 40
0.045
309
GRIDFORMAT_END
 95
       32
302
GRIDFORMAT
  1
GRIDFORMAT_BEGIN
 90
        0
 91
        1
 62
     0
 92
       -2
340
14
 93
        0
 40
0.045
309
GRIDFORMAT_END
309
TABLEFORMAT_END
  1
CELLSTYLE_BEGIN
 90
        3
 91
        2
300
_DATA
309
CELLSTYLE_END
  0
ENDSEC
  0
EOF
